date,spot_close,fut_close,volume,next_day_pred,next_month_pred,ffb_price,oer,production
2005-05-02 21:00:00,1709.57,1433.0,2057.0,1422.0,1377.0,42.83302110141619,19.68,1253581.0
2005-05-03 21:00:00,1709.57,1411.0,4684.0,1422.0,1377.0,42.83302110141619,19.68,1253581.0
2005-05-04 21:00:00,1709.57,1413.0,3817.0,1422.0,1377.0,42.83302110141619,19.68,1253581.0
2005-05-05 21:00:00,1709.57,1416.0,2442.0,1422.0,1377.0,42.83302110141619,19.68,1253581.0
2005-05-06 21:00:00,1709.57,1419.25,2614.25,1416.5,1377.5,42.83302110141619,19.68,1253581.0
2005-05-07 21:00:00,1709.57,1422.5,2786.5,1411.0,1378.0,42.83302110141619,19.68,1253581.0
2005-05-08 21:00:00,1709.57,1425.75,2958.75,1399.5,1415.5,42.83302110141619,19.68,1253581.0
2005-05-09 21:00:00,1709.57,1429.0,3131.0,1388.0,1453.0,42.83302110141619,19.68,1253581.0
2005-05-10 21:00:00,1709.57,1405.0,6371.0,1466.0,1417.0,42.83302110141619,19.68,1253581.0
2005-05-11 21:00:00,1709.57,1414.0,2346.0,1439.5,1419.0,42.83302110141619,19.68,1253581.0
2005-05-12 21:00:00,1709.57,1407.0,1575.0,1413.0,1421.0,42.83302110141619,19.68,1253581.0
2005-05-13 21:00:00,1709.57,1400.75,2442.25,1412.04,1420.92,42.83302110141619,19.68,1253581.0
2005-05-14 21:00:00,1709.57,1394.5,3309.5,1411.08,1420.84,42.83302110141619,19.68,1253581.0
2005-05-15 21:00:00,1709.57,1388.25,4176.75,1410.12,1420.76,42.83302110141619,19.68,1253581.0
2005-05-16 21:00:00,1709.57,1382.0,5044.0,1409.16,1420.68,42.83302110141619,19.68,1253581.0
2005-05-17 21:00:00,1709.57,1392.0,3907.0,1408.2,1420.6,42.83302110141619,19.68,1253581.0
2005-05-18 21:00:00,1709.57,1393.0,3362.0,1407.24,1420.52,42.83302110141619,19.68,1253581.0
2005-05-19 21:00:00,1709.57,1384.0,2624.0,1406.28,1420.44,42.83302110141619,19.68,1253581.0
2005-05-20 21:00:00,1709.57,1385.25,2554.5,1405.32,1420.36,42.83302110141619,19.68,1253581.0
2005-05-21 21:00:00,1709.57,1386.5,2485.0,1404.36,1420.28,42.83302110141619,19.68,1253581.0
2005-05-22 21:00:00,1709.57,1387.75,2415.5,1403.4,1420.2,42.83302110141619,19.68,1253581.0
2005-05-23 21:00:00,1709.57,1389.0,2346.0,1402.44,1420.12,42.83302110141619,19.68,1253581.0
2005-05-24 21:00:00,1709.57,1392.0,2398.0,1401.48,1420.04,42.83302110141619,19.68,1253581.0
2005-05-25 21:00:00,1709.57,1402.0,3302.0,1400.52,1419.96,42.83302110141619,19.68,1253581.0
2005-05-26 21:00:00,1709.57,1417.0,3961.0,1399.56,1419.88,42.83302110141619,19.68,1253581.0
2005-05-27 21:00:00,1709.57,1415.75,3832.0,1398.6,1419.8,42.83302110141619,19.68,1253581.0
2005-05-28 21:00:00,1709.57,1414.5,3703.0,1397.64,1419.72,42.83302110141619,19.68,1253581.0
2005-05-29 21:00:00,1709.57,1413.25,3574.0,1396.68,1419.64,42.83302110141619,19.68,1253581.0
2005-05-30 21:00:00,1709.57,1412.0,3445.0,1395.72,1419.56,42.83302110141619,19.68,1253581.0
2005-05-31 21:00:00,1709.57,1393.0,2884.0,1394.76,1419.48,42.83302110141619,19.68,1253581.0
2005-06-01 21:00:00,1709.57,1390.0,3179.0,1393.8,1419.4,42.83302110141619,19.68,1253581.0
2005-06-02 21:00:00,1709.57,1391.0,2296.0,1392.84,1419.32,42.83302110141619,19.68,1253581.0
2005-06-03 21:00:00,1709.57,1390.5,2308.25,1391.88,1419.24,42.83302110141619,19.68,1253581.0
2005-06-04 21:00:00,1709.57,1390.0,2320.5,1390.92,1419.16,42.83302110141619,19.68,1253581.0
2005-06-05 21:00:00,1709.57,1389.5,2332.75,1389.96,1419.08,42.83302110141619,19.68,1253581.0
2005-06-06 21:00:00,1709.57,1389.0,2345.0,1389.0,1419.0,42.83302110141619,19.68,1253581.0
2005-06-07 21:00:00,1709.57,1389.0,1478.0,1417.0,1377.0,42.83302110141619,19.68,1253581.0
2005-06-08 21:00:00,1709.57,1362.0,5785.0,1399.0,1415.0,42.83302110141619,19.68,1253581.0
2005-06-09 21:00:00,1709.57,1373.0,4021.0,1381.0,1453.0,42.83302110141619,19.68,1253581.0
2005-06-10 21:00:00,1709.57,1374.75,3462.25,1466.0,1418.0,42.83302110141619,19.68,1253581.0
2005-06-11 21:00:00,1709.57,1376.5,2903.5,1438.0,1421.5,42.83302110141619,19.68,1253581.0
2005-06-12 21:00:00,1709.57,1378.25,2344.75,1410.0,1425.0,42.83302110141619,19.68,1253581.0
2005-06-13 21:00:00,1709.57,1380.0,1786.0,1408.0,1424.7083333333333,42.83302110141619,19.68,1253581.0
2005-06-14 21:00:00,1709.57,1377.0,2446.0,1406.0,1424.4166666666667,42.83302110141619,19.68,1253581.0
2005-06-15 21:00:00,1709.57,1395.0,3400.0,1404.0,1424.125,42.83302110141619,19.68,1253581.0
2005-06-16 21:00:00,1709.57,1409.0,3913.0,1402.0,1423.8333333333333,42.83302110141619,19.68,1253581.0
2005-06-17 21:00:00,1709.57,1412.25,3806.25,1400.0,1423.5416666666667,42.83302110141619,19.68,1253581.0
2005-06-18 21:00:00,1709.57,1415.5,3699.5,1398.0,1423.25,42.83302110141619,19.68,1253581.0
2005-06-19 21:00:00,1709.57,1418.75,3592.75,1396.0,1422.9583333333333,42.83302110141619,19.68,1253581.0
2005-06-20 21:00:00,1709.57,1422.0,3486.0,1394.0,1422.6666666666667,42.83302110141619,19.68,1253581.0
2005-06-21 21:00:00,1709.57,1433.0,3948.0,1392.0,1422.375,42.83302110141619,19.68,1253581.0
2005-06-22 21:00:00,1709.57,1436.0,3091.0,1390.0,1422.0833333333333,42.83302110141619,19.68,1253581.0
2005-06-23 21:00:00,1709.57,1440.0,2032.0,1388.0,1421.7916666666667,42.83302110141619,19.68,1253581.0
2005-06-24 21:00:00,1709.57,1432.25,2818.75,1386.0,1421.5,42.83302110141619,19.68,1253581.0
2005-06-25 21:00:00,1709.57,1424.5,3605.5,1384.0,1421.2083333333333,42.83302110141619,19.68,1253581.0
2005-06-26 21:00:00,1709.57,1416.75,4392.25,1382.0,1420.9166666666667,42.83302110141619,19.68,1253581.0
2005-06-27 21:00:00,1709.57,1409.0,5179.0,1380.0,1420.625,42.83302110141619,19.68,1253581.0
2005-06-28 21:00:00,1709.57,1422.0,2536.0,1378.0,1420.3333333333333,42.83302110141619,19.68,1253581.0
2005-06-29 21:00:00,1709.57,1408.0,3014.0,1376.0,1420.0416666666667,42.83302110141619,19.68,1253581.0
2005-06-30 21:00:00,1709.57,1412.0,2508.0,1374.0,1419.75,42.83302110141619,19.68,1253581.0
2005-07-01 21:00:00,1709.57,1418.0,2800.75,1372.0,1419.4583333333333,42.83302110141619,19.68,1253581.0
2005-07-02 21:00:00,1709.57,1424.0,3093.5,1370.0,1419.1666666666667,42.83302110141619,19.68,1253581.0
2005-07-03 21:00:00,1709.57,1430.0,3386.25,1368.0,1418.875,42.83302110141619,19.68,1253581.0
2005-07-04 21:00:00,1709.57,1436.0,3679.0,1366.0,1418.5833333333333,42.83302110141619,19.68,1253581.0
2005-07-05 21:00:00,1709.57,1429.0,3169.0,1364.0,1418.2916666666667,42.83302110141619,19.68,1253581.0
2005-07-06 21:00:00,1709.57,1411.0,3210.0,1362.0,1418.0,42.83302110141619,19.68,1253581.0
2005-07-07 21:00:00,1709.57,1417.0,1628.0,1420.0,1377.0,42.83302110141619,19.68,1253581.0
2005-07-08 21:00:00,1709.57,1418.5,1572.5,1402.0,1413.5,42.83302110141619,19.68,1253581.0
2005-07-09 21:00:00,1709.57,1420.0,1517.0,1384.0,1450.0,42.83302110141619,19.68,1253581.0
2005-07-10 21:00:00,1709.57,1421.5,1461.5,1405.5,1422.5,42.83302110141619,19.68,1253581.0
2005-07-11 21:00:00,1709.57,1423.0,1406.0,1427.0,1395.0,42.83302110141619,19.68,1253581.0
2005-07-12 21:00:00,1709.57,1420.0,1224.0,1411.0,1435.0,42.83302110141619,19.68,1253581.0
2005-07-13 21:00:00,1709.57,1419.0,1800.0,1409.48,1434.04,42.83302110141619,19.68,1253581.0
2005-07-14 21:00:00,1709.57,1418.0,648.0,1407.96,1433.08,42.83302110141619,19.68,1253581.0
2005-07-15 21:00:00,1709.57,1416.25,855.5,1406.44,1432.12,42.83302110141619,19.68,1253581.0
2005-07-16 21:00:00,1709.57,1414.5,1063.0,1404.92,1431.16,42.83302110141619,19.68,1253581.0
2005-07-17 21:00:00,1709.57,1412.75,1270.5,1403.4,1430.2,42.83302110141619,19.68,1253581.0
2005-07-18 21:00:00,1709.57,1411.0,1478.0,1401.88,1429.24,42.83302110141619,19.68,1253581.0
2005-07-19 21:00:00,1709.57,1411.0,2426.0,1400.36,1428.28,42.83302110141619,19.68,1253581.0
2005-07-20 21:00:00,1709.57,1408.0,1129.0,1398.84,1427.32,42.83302110141619,19.68,1253581.0
2005-07-21 21:00:00,1709.57,1382.0,5788.0,1397.32,1426.36,42.83302110141619,19.68,1253581.0
2005-07-22 21:00:00,1709.57,1377.75,4989.25,1395.8,1425.4,42.83302110141619,19.68,1253581.0
2005-07-23 21:00:00,1709.57,1373.5,4190.5,1394.28,1424.44,42.83302110141619,19.68,1253581.0
2005-07-24 21:00:00,1709.57,1369.25,3391.75,1392.76,1423.48,42.83302110141619,19.68,1253581.0
2005-07-25 21:00:00,1709.57,1365.0,2593.0,1391.24,1422.52,42.83302110141619,19.68,1253581.0
2005-07-26 21:00:00,1709.57,1363.0,2058.0,1389.72,1421.56,42.83302110141619,19.68,1253581.0
2005-07-27 21:00:00,1709.57,1378.0,1935.0,1388.2,1420.6,42.83302110141619,19.68,1253581.0
2005-07-28 21:00:00,1709.57,1377.0,1554.0,1386.68,1419.64,42.83302110141619,19.68,1253581.0
2005-07-29 21:00:00,1709.57,1371.75,1982.5,1385.16,1418.68,42.83302110141619,19.68,1253581.0
2005-07-30 21:00:00,1709.57,1366.5,2411.0,1383.64,1417.72,42.83302110141619,19.68,1253581.0
2005-07-31 21:00:00,1709.57,1361.25,2839.5,1382.12,1416.76,42.83302110141619,19.68,1253581.0
2005-08-01 21:00:00,1709.57,1356.0,3268.0,1380.6,1415.8,42.83302110141619,19.68,1253581.0
2005-08-02 21:00:00,1709.57,1366.0,1412.0,1379.08,1414.84,42.83302110141619,19.68,1253581.0
2005-08-03 21:00:00,1709.57,1352.0,3558.0,1377.56,1413.88,42.83302110141619,19.68,1253581.0
2005-08-04 21:00:00,1709.57,1344.0,1282.0,1376.04,1412.92,42.83302110141619,19.68,1253581.0
2005-08-05 21:00:00,1709.57,1345.25,1686.0,1374.52,1411.96,42.83302110141619,19.68,1253581.0
2005-08-06 21:00:00,1709.57,1346.5,2090.0,1373.0,1411.0,42.83302110141619,19.68,1253581.0
2005-08-07 21:00:00,1709.57,1347.75,2494.0,1365.0,1405.0,42.83302110141619,19.68,1253581.0
2005-08-08 21:00:00,1709.57,1349.0,2898.0,1357.0,1399.0,42.83302110141619,19.68,1253581.0
2005-08-09 21:00:00,1709.57,1357.0,2225.0,1377.0,1439.0,42.83302110141619,19.68,1253581.0
2005-08-10 21:00:00,1709.57,1367.0,2321.0,1406.0,1421.0,42.83302110141619,19.68,1253581.0
2005-08-11 21:00:00,1709.57,1378.0,1676.0,1435.0,1403.0,42.83302110141619,19.68,1253581.0
2005-08-12 21:00:00,1709.57,1377.75,1656.25,1415.0,1433.0,42.83302110141619,19.68,1253581.0
2005-08-13 21:00:00,1709.57,1377.5,1636.5,1414.5833333333333,1431.4166666666667,42.83302110141619,19.68,1253581.0
2005-08-14 21:00:00,1709.57,1377.25,1616.75,1414.1666666666667,1429.8333333333333,42.83302110141619,19.68,1253581.0
2005-08-15 21:00:00,1709.57,1377.0,1597.0,1413.75,1428.25,42.83302110141619,19.68,1253581.0
2005-08-16 21:00:00,1709.57,1377.0,533.0,1413.3333333333333,1426.6666666666667,42.83302110141619,19.68,1253581.0
2005-08-17 21:00:00,1709.57,1387.0,1936.0,1412.9166666666667,1425.0833333333333,42.83302110141619,19.68,1253581.0
2005-08-18 21:00:00,1709.57,1391.0,2597.0,1412.5,1423.5,42.83302110141619,19.68,1253581.0
2005-08-19 21:00:00,1709.57,1391.25,2325.0,1412.0833333333333,1421.9166666666667,42.83302110141619,19.68,1253581.0
2005-08-20 21:00:00,1709.57,1391.5,2053.0,1411.6666666666667,1420.3333333333333,42.83302110141619,19.68,1253581.0
2005-08-21 21:00:00,1709.57,1391.75,1781.0,1411.25,1418.75,42.83302110141619,19.68,1253581.0
2005-08-22 21:00:00,1709.57,1392.0,1509.0,1410.8333333333333,1417.1666666666667,42.83302110141619,19.68,1253581.0
2005-08-23 21:00:00,1709.57,1380.0,1889.0,1410.4166666666667,1415.5833333333333,42.83302110141619,19.68,1253581.0
2005-08-24 21:00:00,1709.57,1365.0,3656.0,1410.0,1414.0,42.83302110141619,19.68,1253581.0
2005-08-25 21:00:00,1709.57,1366.0,1319.0,1409.5833333333333,1412.4166666666667,42.83302110141619,19.68,1253581.0
2005-08-26 21:00:00,1709.57,1367.0,1790.75,1409.1666666666667,1410.8333333333333,42.83302110141619,19.68,1253581.0
2005-08-27 21:00:00,1709.57,1368.0,2262.5,1408.75,1409.25,42.83302110141619,19.68,1253581.0
2005-08-28 21:00:00,1709.57,1369.0,2734.25,1408.3333333333333,1407.6666666666667,42.83302110141619,19.68,1253581.0
2005-08-29 21:00:00,1709.57,1370.0,3206.0,1407.9166666666667,1406.0833333333333,42.83302110141619,19.68,1253581.0
2005-08-30 21:00:00,1709.57,1373.5,2633.5,1407.5,1404.5,42.83302110141619,19.68,1253581.0
2005-08-31 21:00:00,1709.57,1377.0,2061.0,1407.0833333333333,1402.9166666666667,42.83302110141619,19.68,1253581.0
2005-09-01 21:00:00,1709.57,1386.0,2135.0,1406.6666666666667,1401.3333333333333,42.83302110141619,19.68,1253581.0
2005-09-02 21:00:00,1709.57,1385.25,1883.5,1406.25,1399.75,42.83302110141619,19.68,1253581.0
2005-09-03 21:00:00,1709.57,1384.5,1632.0,1405.8333333333333,1398.1666666666667,42.83302110141619,19.68,1253581.0
2005-09-04 21:00:00,1709.57,1383.75,1380.5,1405.4166666666667,1396.5833333333333,42.83302110141619,19.68,1253581.0
2005-09-05 21:00:00,1709.57,1383.0,1129.0,1405.0,1395.0,42.83302110141619,19.68,1253581.0
2005-09-06 21:00:00,1709.57,1388.0,1198.0,1380.0,1411.0,42.83302110141619,19.68,1253581.0
2005-09-07 21:00:00,1709.57,1381.0,1175.0,1373.5,1418.5,42.83302110141619,19.68,1253581.0
2005-09-08 21:00:00,1709.57,1384.0,2066.0,1367.0,1426.0,42.83302110141619,19.68,1253581.0
2005-09-09 21:00:00,1709.57,1384.75,2173.5,1390.0,1420.3333333333333,42.83302110141619,19.68,1253581.0
2005-09-10 21:00:00,1709.57,1385.5,2281.0,1413.0,1414.6666666666667,42.83302110141619,19.68,1253581.0
2005-09-11 21:00:00,1709.57,1386.25,2388.5,1436.0,1409.0,42.83302110141619,19.68,1253581.0
2005-09-12 21:00:00,1709.57,1387.0,2496.0,1435.0833333333333,1409.0,42.83302110141619,19.68,1253581.0
2005-09-13 21:00:00,1709.57,1390.0,1896.0,1434.1666666666667,1409.0,42.83302110141619,19.68,1253581.0
2005-09-14 21:00:00,1709.57,1385.0,2416.0,1433.25,1409.0,42.83302110141619,19.68,1253581.0
2005-09-15 21:00:00,1709.57,1399.0,3617.0,1432.3333333333333,1409.0,42.83302110141619,19.68,1253581.0
2005-09-16 21:00:00,1709.57,1405.75,3697.5,1431.4166666666667,1409.0,42.83302110141619,19.68,1253581.0
2005-09-17 21:00:00,1709.57,1412.5,3778.0,1430.5,1409.0,42.83302110141619,19.68,1253581.0
2005-09-18 21:00:00,1709.57,1419.25,3858.5,1429.5833333333333,1409.0,42.83302110141619,19.68,1253581.0
2005-09-19 21:00:00,1709.57,1426.0,3939.0,1428.6666666666667,1409.0,42.83302110141619,19.68,1253581.0
2005-09-20 21:00:00,1709.57,1424.0,4237.0,1427.75,1409.0,42.83302110141619,19.68,1253581.0
2005-09-21 21:00:00,1709.57,1432.0,3228.0,1426.8333333333333,1409.0,42.83302110141619,19.68,1253581.0
2005-09-22 21:00:00,1709.57,1428.0,2609.0,1425.9166666666667,1409.0,42.83302110141619,19.68,1253581.0
2005-09-23 21:00:00,1709.57,1435.5,2976.75,1425.0,1409.0,42.83302110141619,19.68,1253581.0
2005-09-24 21:00:00,1709.57,1443.0,3344.5,1424.0833333333333,1409.0,42.83302110141619,19.68,1253581.0
2005-09-25 21:00:00,1709.57,1450.5,3712.25,1423.1666666666667,1409.0,42.83302110141619,19.68,1253581.0
2005-09-26 21:00:00,1709.57,1458.0,4080.0,1422.25,1409.0,42.83302110141619,19.68,1253581.0
2005-09-27 21:00:00,1709.57,1442.0,3705.0,1421.3333333333333,1409.0,42.83302110141619,19.68,1253581.0
2005-09-28 21:00:00,1709.57,1448.0,2492.0,1420.4166666666667,1409.0,42.83302110141619,19.68,1253581.0
2005-09-29 21:00:00,1709.57,1460.0,3096.0,1419.5,1409.0,42.83302110141619,19.68,1253581.0
2005-09-30 21:00:00,1709.57,1461.25,3282.75,1418.5833333333333,1409.0,42.83302110141619,19.68,1253581.0
2005-10-01 21:00:00,1711.324193548387,1462.5,3469.5,1417.6666666666667,1409.0,42.83302110141619,19.68,1253581.0
2005-10-02 21:00:00,1713.078387096774,1463.75,3656.25,1416.75,1409.0,42.83302110141619,19.68,1253581.0
2005-10-03 21:00:00,1714.8325806451612,1465.0,3843.0,1415.8333333333333,1409.0,42.83302110141619,19.68,1253581.0
2005-10-04 21:00:00,1716.5867741935483,1467.0,4201.0,1414.9166666666667,1409.0,42.83302110141619,19.68,1253581.0
2005-10-05 21:00:00,1718.3409677419354,1482.0,2749.0,1414.0,1409.0,42.83302110141619,19.68,1253581.0
2005-10-06 21:00:00,1720.0951612903225,1466.0,2731.0,1402.0,1414.0,42.83302110141619,19.68,1253581.0
2005-10-07 21:00:00,1721.8493548387096,1464.5,2639.0,1390.0,1419.0,42.83302110141619,19.68,1253581.0
2005-10-08 21:00:00,1723.603548387097,1463.0,2547.0,1378.0,1424.0,42.83302110141619,19.68,1253581.0
2005-10-09 21:00:00,1725.3577419354838,1461.5,2455.0,1414.5,1413.5,42.83302110141619,19.68,1253581.0
2005-10-10 21:00:00,1727.1119354838709,1460.0,2363.0,1451.0,1403.0,42.83302110141619,19.68,1253581.0
2005-10-11 21:00:00,1728.866129032258,1451.0,2256.0,1429.0,1410.0,42.83302110141619,19.68,1253581.0
2005-10-12 21:00:00,1730.620322580645,1453.0,3537.0,1428.12,1410.48,42.83302110141619,19.68,1253581.0
2005-10-13 21:00:00,1732.374516129032,1453.0,3647.0,1427.24,1410.96,42.83302110141619,19.68,1253581.0
2005-10-14 21:00:00,1734.1287096774192,1452.25,3432.75,1426.36,1411.44,42.83302110141619,19.68,1253581.0
2005-10-15 21:00:00,1735.8829032258063,1451.5,3218.5,1425.48,1411.92,42.83302110141619,19.68,1253581.0
2005-10-16 21:00:00,1737.6370967741937,1450.75,3004.25,1424.6,1412.4,42.83302110141619,19.68,1253581.0
2005-10-17 21:00:00,1739.3912903225807,1450.0,2790.0,1423.72,1412.88,42.83302110141619,19.68,1253581.0
2005-10-18 21:00:00,1741.1454838709678,1439.0,3741.0,1422.84,1413.36,42.83302110141619,19.68,1253581.0
2005-10-19 21:00:00,1742.899677419355,1434.0,3932.0,1421.96,1413.84,42.83302110141619,19.68,1253581.0
2005-10-20 21:00:00,1744.653870967742,1418.0,3538.0,1421.08,1414.32,42.83302110141619,19.68,1253581.0
2005-10-21 21:00:00,1746.4080645161291,1418.75,3341.75,1420.2,1414.8,42.83302110141619,19.68,1253581.0
2005-10-22 21:00:00,1748.1622580645162,1419.5,3145.5,1419.32,1415.28,42.83302110141619,19.68,1253581.0
2005-10-23 21:00:00,1749.9164516129033,1420.25,2949.25,1418.44,1415.76,42.83302110141619,19.68,1253581.0
2005-10-24 21:00:00,1751.6706451612904,1421.0,2753.0,1417.56,1416.24,42.83302110141619,19.68,1253581.0
2005-10-25 21:00:00,1753.4248387096775,1418.0,865.0,1416.68,1416.72,42.83302110141619,19.68,1253581.0
2005-10-26 21:00:00,1755.1790322580646,1435.0,4202.0,1415.8,1417.2,42.83302110141619,19.68,1253581.0
2005-10-27 21:00:00,1756.9332258064517,1431.0,812.0,1414.92,1417.68,42.83302110141619,19.68,1253581.0
2005-10-28 21:00:00,1758.6874193548388,1432.8,897.2,1414.04,1418.16,42.83302110141619,19.68,1253581.0
2005-10-29 21:00:00,1760.441612903226,1434.6,982.4,1413.16,1418.64,42.83302110141619,19.68,1253581.0
2005-10-30 21:00:00,1762.195806451613,1436.4,1067.6,1412.28,1419.12,42.83302110141619,19.68,1253581.0
2005-10-31 21:00:00,1763.95,1438.2,1152.8,1411.4,1419.6,42.83302110141619,19.68,1253581.0
2005-11-01 21:00:00,1763.9436666666668,1440.0,1238.0,1410.52,1420.08,42.83302110141619,19.68,1253581.0
2005-11-02 21:00:00,1763.9373333333333,1438.8333333333333,1333.0,1409.64,1420.56,42.83302110141619,19.68,1253581.0
2005-11-03 21:00:00,1763.931,1437.6666666666667,1428.0,1408.76,1421.04,42.83302110141619,19.68,1253581.0
2005-11-04 21:00:00,1763.9246666666668,1436.5,1523.0,1407.88,1421.52,42.83302110141619,19.68,1253581.0
2005-11-05 21:00:00,1763.9183333333333,1435.3333333333333,1618.0,1407.0,1422.0,42.83302110141619,19.68,1253581.0
2005-11-06 21:00:00,1763.912,1434.1666666666667,1713.0,1413.5,1404.5,42.83302110141619,19.68,1253581.0
2005-11-07 21:00:00,1763.9056666666668,1433.0,1808.0,1420.0,1387.0,42.83302110141619,19.68,1253581.0
2005-11-08 21:00:00,1763.8993333333333,1427.0,1980.0,1383.0,1432.0,42.83302110141619,19.68,1253581.0
2005-11-09 21:00:00,1763.893,1435.0,3146.0,1418.0,1423.0,42.83302110141619,19.68,1253581.0
2005-11-10 21:00:00,1763.8866666666668,1436.0,822.0,1453.0,1414.0,42.83302110141619,19.68,1253581.0
2005-11-11 21:00:00,1763.8803333333333,1432.5,1220.75,1450.88,1414.76,42.83302110141619,19.68,1253581.0
2005-11-12 21:00:00,1763.874,1429.0,1619.5,1448.76,1415.52,42.83302110141619,19.68,1253581.0
2005-11-13 21:00:00,1763.8676666666668,1425.5,2018.25,1446.64,1416.28,42.83302110141619,19.68,1253581.0
2005-11-14 21:00:00,1763.8613333333333,1422.0,2417.0,1444.52,1417.04,42.83302110141619,19.68,1253581.0
2005-11-15 21:00:00,1763.855,1415.0,2764.0,1442.4,1417.8,42.83302110141619,19.68,1253581.0
2005-11-16 21:00:00,1763.8486666666668,1417.0,3131.0,1440.28,1418.56,42.83302110141619,19.68,1253581.0
2005-11-17 21:00:00,1763.8423333333333,1418.0,2685.0,1438.16,1419.32,42.83302110141619,19.68,1253581.0
2005-11-18 21:00:00,1763.836,1414.25,2512.25,1436.04,1420.08,42.83302110141619,19.68,1253581.0
2005-11-19 21:00:00,1763.8296666666668,1410.5,2339.5,1433.92,1420.84,42.83302110141619,19.68,1253581.0
2005-11-20 21:00:00,1763.8233333333333,1406.75,2166.75,1431.8,1421.6,42.83302110141619,19.68,1253581.0
2005-11-21 21:00:00,1763.817,1403.0,1994.0,1429.68,1422.36,42.83302110141619,19.68,1253581.0
2005-11-22 21:00:00,1763.8106666666667,1414.0,2356.0,1427.56,1423.12,42.83302110141619,19.68,1253581.0
2005-11-23 21:00:00,1763.8043333333333,1412.0,1281.0,1425.44,1423.88,42.83302110141619,19.68,1253581.0
2005-11-24 21:00:00,1763.798,1419.0,2477.0,1423.32,1424.64,42.83302110141619,19.68,1253581.0
2005-11-25 21:00:00,1763.7916666666667,1413.25,2553.5,1421.2,1425.4,42.83302110141619,19.68,1253581.0
2005-11-26 21:00:00,1763.7853333333333,1407.5,2630.0,1419.08,1426.16,42.83302110141619,19.68,1253581.0
2005-11-27 21:00:00,1763.779,1401.75,2706.5,1416.96,1426.92,42.83302110141619,19.68,1253581.0
2005-11-28 21:00:00,1763.7726666666667,1396.0,2783.0,1414.84,1427.68,42.83302110141619,19.68,1253581.0
2005-11-29 21:00:00,1763.7663333333333,1391.0,2610.0,1412.72,1428.44,42.83302110141619,19.68,1253581.0
2005-11-30 21:00:00,1763.76,1387.0,2480.0,1410.6,1429.2,42.83302110141619,19.68,1253581.0
2005-12-01 21:00:00,1762.5351612903223,1397.0,2805.0,1408.48,1429.96,42.83302110141619,19.68,1253581.0
2005-12-02 21:00:00,1761.310322580645,1401.0,2975.5,1406.36,1430.72,42.83302110141619,19.68,1253581.0
2005-12-03 21:00:00,1760.0854838709677,1405.0,3146.0,1404.24,1431.48,42.83302110141619,19.68,1253581.0
2005-12-04 21:00:00,1758.8606451612902,1409.0,3316.5,1402.12,1432.24,42.83302110141619,19.68,1253581.0
2005-12-05 21:00:00,1757.6358064516128,1413.0,3487.0,1400.0,1433.0,42.83302110141619,19.68,1253581.0
2005-12-06 21:00:00,1756.4109677419356,1413.0,2746.0,1409.5,1412.0,42.83302110141619,19.68,1253581.0
2005-12-07 21:00:00,1755.186129032258,1410.0,2651.0,1419.0,1391.0,42.83302110141619,19.68,1253581.0
2005-12-08 21:00:00,1753.961290322581,1411.0,2372.0,1404.5,1412.5,42.83302110141619,19.68,1253581.0
2005-12-09 21:00:00,1752.7364516129032,1410.0,2181.5,1390.0,1434.0,42.83302110141619,19.68,1253581.0
2005-12-10 21:00:00,1751.5116129032258,1409.0,1991.0,1453.0,1412.0,42.83302110141619,19.68,1253581.0
2005-12-11 21:00:00,1750.2867741935484,1408.0,1800.5,1425.0,1425.0,42.83302110141619,19.68,1253581.0
2005-12-12 21:00:00,1749.061935483871,1407.0,1610.0,1397.0,1438.0,42.83302110141619,19.68,1253581.0
2005-12-13 21:00:00,1747.8370967741937,1397.0,2365.0,1401.3636363636363,1438.3636363636363,42.83302110141619,19.68,1253581.0
2005-12-14 21:00:00,1746.612258064516,1395.0,2271.0,1405.7272727272727,1438.7272727272727,42.83302110141619,19.68,1253581.0
2005-12-15 21:00:00,1745.3874193548386,1403.0,99.0,1410.090909090909,1439.090909090909,42.83302110141619,19.68,1253581.0
2005-12-16 21:00:00,1744.1625806451614,1404.5,109.5,1414.4545454545455,1439.4545454545455,42.83302110141619,19.68,1253581.0
2005-12-17 21:00:00,1742.937741935484,1406.0,120.0,1418.8181818181818,1439.8181818181818,42.83302110141619,19.68,1253581.0
2005-12-18 21:00:00,1741.7129032258065,1407.5,130.5,1423.1818181818182,1440.1818181818182,42.83302110141619,19.68,1253581.0
2005-12-19 21:00:00,1740.488064516129,1409.0,141.0,1427.5454545454545,1440.5454545454545,42.83302110141619,19.68,1253581.0
2005-12-20 21:00:00,1739.2632258064516,1410.0,205.0,1431.909090909091,1440.909090909091,42.83302110141619,19.68,1253581.0
2005-12-21 21:00:00,1738.0383870967742,1414.0,500.0,1436.2727272727273,1441.2727272727273,42.83302110141619,19.68,1253581.0
2005-12-22 21:00:00,1736.8135483870967,1418.0,565.0,1440.6363636363637,1441.6363636363637,42.83302110141619,19.68,1253581.0
2005-12-23 21:00:00,1735.5887096774193,1418.0,450.5,1445.0,1442.0,42.83302110141619,19.68,1253581.0
2005-12-24 21:00:00,1734.3638709677418,1418.0,336.0,1449.3636363636363,1442.3636363636363,42.83302110141619,19.68,1253581.0
2005-12-25 21:00:00,1733.1390322580644,1418.0,221.5,1453.7272727272727,1442.7272727272727,42.83302110141619,19.68,1253581.0
2005-12-26 21:00:00,1731.9141935483872,1418.0,107.0,1458.090909090909,1443.090909090909,42.83302110141619,19.68,1253581.0
2005-12-27 21:00:00,1730.6893548387095,1414.0,238.0,1462.4545454545455,1443.4545454545455,42.83302110141619,19.68,1253581.0
2005-12-28 21:00:00,1729.4645161290323,1417.0,360.0,1466.8181818181818,1443.8181818181818,42.83302110141619,19.68,1253581.0
2005-12-29 21:00:00,1728.2396774193548,1418.0,1118.0,1471.1818181818182,1444.1818181818182,42.83302110141619,19.68,1253581.0
2005-12-30 21:00:00,1727.0148387096774,1421.75,1105.75,1475.5454545454545,1444.5454545454545,42.83302110141619,19.68,1253581.0
2005-12-31 21:00:00,1725.79,1425.5,1093.5,1479.909090909091,1444.909090909091,42.83302110141619,19.68,1253581.0
2006-01-01 21:00:00,1725.6664516129033,1429.25,1081.25,1484.2727272727273,1445.2727272727273,42.83302110141619,19.68,1253581.0
2006-01-02 21:00:00,1725.5429032258064,1433.0,1069.0,1488.6363636363635,1445.6363636363637,42.83302110141619,19.68,1253581.0
2006-01-03 21:00:00,1725.4193548387098,1441.0,912.0,1493.0,1446.0,42.83302110141619,19.68,1253581.0
2006-01-04 21:00:00,1725.2958064516129,1434.0,797.0,1475.5,1451.0,42.83302110141619,19.68,1253581.0
2006-01-05 21:00:00,1725.1722580645162,1437.0,901.0,1458.0,1456.0,42.83302110141619,19.68,1253581.0
2006-01-06 21:00:00,1725.0487096774193,1433.6,1086.8,1447.0,1491.0,42.83302110141619,19.68,1253581.0
2006-01-07 21:00:00,1724.9251612903226,1430.2,1272.6,1544.0,1514.5,42.83302110141619,19.68,1253581.0
2006-01-08 21:00:00,1724.8016129032258,1426.8,1458.4,1641.0,1538.0,42.83302110141619,19.68,1253581.0
2006-01-09 21:00:00,1724.678064516129,1423.4,1644.2,1658.3333333333333,1661.3333333333333,42.83302110141619,19.68,1253581.0
2006-01-10 21:00:00,1724.5545161290322,1420.0,1830.0,1675.6666666666667,1784.6666666666667,42.83302110141619,19.68,1253581.0
2006-01-11 21:00:00,1724.4309677419355,1421.0,2337.0,1693.0,1908.0,42.83302110141619,19.68,1253581.0
2006-01-12 21:00:00,1724.3074193548389,1425.0,1266.0,1681.0,1888.0,42.83302110141619,19.68,1253581.0
2006-01-13 21:00:00,1724.183870967742,1427.5,1046.0,1669.0,1868.0,42.83302110141619,19.68,1253581.0
2006-01-14 21:00:00,1724.060322580645,1430.0,826.0,1657.0,1848.0,42.83302110141619,19.68,1253581.0
2006-01-15 21:00:00,1723.9367741935484,1432.5,606.0,1645.0,1828.0,42.83302110141619,19.68,1253581.0
2006-01-16 21:00:00,1723.8132258064516,1435.0,386.0,1633.0,1808.0,42.83302110141619,19.68,1253581.0
2006-01-17 21:00:00,1723.689677419355,1433.0,166.0,1621.0,1788.0,42.83302110141619,19.68,1253581.0
2006-01-18 21:00:00,1723.566129032258,1438.0,460.0,1609.0,1768.0,42.83302110141619,19.68,1253581.0
2006-01-19 21:00:00,1723.4425806451611,1439.0,421.0,1597.0,1748.0,42.83302110141619,19.68,1253581.0
2006-01-20 21:00:00,1723.3190322580645,1438.25,484.25,1585.0,1728.0,42.83302110141619,19.68,1253581.0
2006-01-21 21:00:00,1723.1954838709678,1437.5,547.5,1573.0,1708.0,42.83302110141619,19.68,1253581.0
2006-01-22 21:00:00,1723.071935483871,1436.75,610.75,1561.0,1688.0,42.83302110141619,19.68,1253581.0
2006-01-23 21:00:00,1722.9483870967742,1436.0,674.0,1549.0,1668.0,42.83302110141619,19.68,1253581.0
2006-01-24 21:00:00,1722.8248387096774,1439.0,491.0,1537.0,1648.0,42.83302110141619,19.68,1253581.0
2006-01-25 21:00:00,1722.7012903225807,1443.0,332.0,1525.0,1628.0,42.83302110141619,19.68,1253581.0
2006-01-26 21:00:00,1722.5777419354838,1448.0,420.0,1513.0,1608.0,42.83302110141619,19.68,1253581.0
2006-01-27 21:00:00,1722.4541935483871,1447.5714285714287,527.0,1501.0,1588.0,42.83302110141619,19.68,1253581.0
2006-01-28 21:00:00,1722.3306451612902,1447.142857142857,634.0,1489.0,1568.0,42.83302110141619,19.68,1253581.0
2006-01-29 21:00:00,1722.2070967741936,1446.7142857142858,741.0,1477.0,1548.0,42.83302110141619,19.68,1253581.0
2006-01-30 21:00:00,1722.0835483870967,1446.2857142857142,848.0,1465.0,1528.0,42.83302110141619,19.68,1253581.0
2006-01-31 21:00:00,1721.96,1445.857142857143,955.0,1453.0,1508.0,42.83302110141619,19.68,1253581.0
2006-02-01 21:00:00,1723.5117857142857,1445.4285714285713,1062.0,1441.0,1488.0,42.83302110141619,19.68,1253581.0
2006-02-02 21:00:00,1725.0635714285715,1445.0,1169.0,1455.0,1448.0,42.83302110141619,19.68,1253581.0
2006-02-03 21:00:00,1726.6153571428572,1447.5,1060.75,1480.0,1460.0,42.83302110141619,19.68,1253581.0
2006-02-04 21:00:00,1728.1671428571428,1450.0,952.5,1467.0,1459.5,42.83302110141619,19.68,1253581.0
2006-02-05 21:00:00,1729.7189285714287,1452.5,844.25,1454.0,1459.0,42.83302110141619,19.68,1253581.0
2006-02-06 21:00:00,1731.2707142857143,1455.0,736.0,1506.3333333333333,1481.6666666666667,42.83302110141619,19.68,1253581.0
2006-02-07 21:00:00,1732.8225,1450.0,464.0,1558.6666666666667,1504.3333333333333,42.83302110141619,19.68,1253581.0
2006-02-08 21:00:00,1734.374285714286,1465.0,1392.0,1611.0,1527.0,42.83302110141619,19.68,1253581.0
2006-02-09 21:00:00,1735.9260714285715,1470.0,948.0,1567.0,1601.0,42.83302110141619,19.68,1253581.0
2006-02-10 21:00:00,1737.4778571428571,1472.75,1059.25,1523.0,1675.0,42.83302110141619,19.68,1253581.0
2006-02-11 21:00:00,1739.029642857143,1475.5,1170.5,1708.0,1901.0,42.83302110141619,19.68,1253581.0
2006-02-12 21:00:00,1740.581428571429,1478.25,1281.75,1692.7777777777778,1878.2222222222222,42.83302110141619,19.68,1253581.0
2006-02-13 21:00:00,1742.1332142857143,1481.0,1393.0,1677.5555555555557,1855.4444444444443,42.83302110141619,19.68,1253581.0
2006-02-14 21:00:00,1743.685,1488.0,1722.0,1662.3333333333333,1832.6666666666667,42.83302110141619,19.68,1253581.0
2006-02-15 21:00:00,1745.2367857142858,1491.0,421.0,1647.111111111111,1809.888888888889,42.83302110141619,19.68,1253581.0
2006-02-16 21:00:00,1746.7885714285717,1491.0,1626.0,1631.888888888889,1787.111111111111,42.83302110141619,19.68,1253581.0
2006-02-17 21:00:00,1748.340357142857,1487.5,1586.25,1616.6666666666667,1764.3333333333333,42.83302110141619,19.68,1253581.0
2006-02-18 21:00:00,1749.892142857143,1484.0,1546.5,1601.4444444444443,1741.5555555555557,42.83302110141619,19.68,1253581.0
2006-02-19 21:00:00,1751.4439285714286,1480.5,1506.75,1586.2222222222222,1718.7777777777778,42.83302110141619,19.68,1253581.0
2006-02-20 21:00:00,1752.9957142857145,1477.0,1467.0,1571.0,1696.0,42.83302110141619,19.68,1253581.0
2006-02-21 21:00:00,1754.5475,1475.0,657.0,1555.7777777777778,1673.2222222222222,42.83302110141619,19.68,1253581.0
2006-02-22 21:00:00,1756.0992857142858,1472.0,190.0,1540.5555555555557,1650.4444444444443,42.83302110141619,19.68,1253581.0
2006-02-23 21:00:00,1757.6510714285714,1496.0,342.0,1525.3333333333333,1627.6666666666665,42.83302110141619,19.68,1253581.0
2006-02-24 21:00:00,1759.2028571428573,1500.0,732.75,1510.111111111111,1604.888888888889,42.83302110141619,19.68,1253581.0
2006-02-25 21:00:00,1760.754642857143,1504.0,1123.5,1494.888888888889,1582.111111111111,42.83302110141619,19.68,1253581.0
2006-02-26 21:00:00,1762.3064285714286,1508.0,1514.25,1479.6666666666667,1559.3333333333333,42.83302110141619,19.68,1253581.0
2006-02-27 21:00:00,1763.8582142857144,1512.0,1905.0,1464.4444444444443,1536.5555555555557,42.83302110141619,19.68,1253581.0
2006-02-28 21:00:00,1765.41,1508.0,1698.0,1449.2222222222222,1513.7777777777778,42.83302110141619,19.68,1253581.0
2006-03-01 21:00:00,1764.9329032258065,1495.0,865.0,1434.0,1491.0,42.83302110141619,19.68,1253581.0
2006-03-02 21:00:00,1764.455806451613,1493.0,716.0,1426.3333333333333,1476.6666666666667,42.83302110141619,19.68,1253581.0
2006-03-03 21:00:00,1763.9787096774194,1489.0,875.5,1418.6666666666667,1462.3333333333333,42.83302110141619,19.68,1253581.0
2006-03-04 21:00:00,1763.5016129032258,1485.0,1035.0,1411.0,1448.0,42.83302110141619,19.68,1253581.0
2006-03-05 21:00:00,1763.0245161290322,1481.0,1194.5,1453.0,1452.0,42.83302110141619,19.68,1253581.0
2006-03-06 21:00:00,1762.547419354839,1477.0,1354.0,1470.0,1553.5,42.83302110141619,19.68,1253581.0
2006-03-07 21:00:00,1762.070322580645,1475.0,968.0,1487.0,1655.0,42.83302110141619,19.68,1253581.0
2006-03-08 21:00:00,1761.5932258064518,1471.0,1489.0,1618.0,1537.0,42.83302110141619,19.68,1253581.0
2006-03-09 21:00:00,1761.1161290322582,1463.0,2164.0,1577.5,1613.0,42.83302110141619,19.68,1253581.0
2006-03-10 21:00:00,1760.6390322580646,1459.75,1909.75,1537.0,1689.0,42.83302110141619,19.68,1253581.0
2006-03-11 21:00:00,1760.161935483871,1456.5,1655.5,1532.4545454545455,1680.0,42.83302110141619,19.68,1253581.0
2006-03-12 21:00:00,1759.6848387096777,1453.25,1401.25,1527.909090909091,1671.0,42.83302110141619,19.68,1253581.0
2006-03-13 21:00:00,1759.207741935484,1450.0,1147.0,1523.3636363636363,1662.0,42.83302110141619,19.68,1253581.0
2006-03-14 21:00:00,1758.7306451612903,1448.0,1450.0,1518.8181818181818,1653.0,42.83302110141619,19.68,1253581.0
2006-03-15 21:00:00,1758.2535483870968,1456.0,1441.0,1514.2727272727273,1644.0,42.83302110141619,19.68,1253581.0
2006-03-16 21:00:00,1757.7764516129032,1455.0,1997.0,1509.7272727272727,1635.0,42.83302110141619,19.68,1253581.0
2006-03-17 21:00:00,1757.2993548387096,1451.5,2082.75,1505.1818181818182,1626.0,42.83302110141619,19.68,1253581.0
2006-03-18 21:00:00,1756.822258064516,1448.0,2168.5,1500.6363636363637,1617.0,42.83302110141619,19.68,1253581.0
2006-03-19 21:00:00,1756.3451612903225,1444.5,2254.25,1496.090909090909,1608.0,42.83302110141619,19.68,1253581.0
2006-03-20 21:00:00,1755.868064516129,1441.0,2340.0,1491.5454545454545,1599.0,42.83302110141619,19.68,1253581.0
2006-03-21 21:00:00,1755.3909677419354,1447.0,2229.0,1487.0,1590.0,42.83302110141619,19.68,1253581.0
2006-03-22 21:00:00,1754.9138709677418,1451.0,1950.0,1482.4545454545455,1581.0,42.83302110141619,19.68,1253581.0
2006-03-23 21:00:00,1754.4367741935482,1452.0,2481.0,1477.909090909091,1572.0,42.83302110141619,19.68,1253581.0
2006-03-24 21:00:00,1753.9596774193549,1451.0,2242.0,1473.3636363636363,1563.0,42.83302110141619,19.68,1253581.0
2006-03-25 21:00:00,1753.4825806451613,1450.0,2003.0,1468.8181818181818,1554.0,42.83302110141619,19.68,1253581.0
2006-03-26 21:00:00,1753.0054838709675,1449.0,1764.0,1464.2727272727273,1545.0,42.83302110141619,19.68,1253581.0
2006-03-27 21:00:00,1752.5283870967742,1448.0,1525.0,1459.7272727272727,1536.0,42.83302110141619,19.68,1253581.0
2006-03-28 21:00:00,1752.0512903225806,1442.0,1789.0,1455.1818181818182,1527.0,42.83302110141619,19.68,1253581.0
2006-03-29 21:00:00,1751.574193548387,1434.0,3539.0,1450.6363636363635,1518.0,42.83302110141619,19.68,1253581.0
2006-03-30 21:00:00,1751.0970967741937,1437.0,2055.0,1446.090909090909,1509.0,42.83302110141619,19.68,1253581.0
2006-03-31 21:00:00,1750.62,1434.5,2169.75,1441.5454545454545,1500.0,42.83302110141619,19.68,1253581.0
2006-04-01 21:00:00,1750.371,1432.0,2284.5,1437.0,1491.0,42.83302110141619,19.68,1253581.0
2006-04-02 21:00:00,1750.1219999999998,1429.5,2399.25,1429.0,1482.3333333333333,42.83302110141619,19.68,1253581.0
2006-04-03 21:00:00,1749.8729999999998,1427.0,2514.0,1421.0,1473.6666666666667,42.83302110141619,19.68,1253581.0
2006-04-04 21:00:00,1749.624,1411.0,3981.0,1413.0,1465.0,42.83302110141619,19.68,1253581.0
2006-04-05 21:00:00,1749.375,1413.0,2401.0,1457.0,1451.0,42.83302110141619,19.68,1253581.0
2006-04-06 21:00:00,1749.126,1422.0,2870.0,1477.5,1555.0,42.83302110141619,19.68,1253581.0
2006-04-07 21:00:00,1748.877,1429.6,3015.2,1498.0,1659.0,42.83302110141619,19.68,1253581.0
2006-04-08 21:00:00,1748.628,1437.2,3160.4,1530.0,1609.5,42.83302110141619,19.68,1253581.0
2006-04-09 21:00:00,1748.379,1444.8,3305.6,1562.0,1560.0,42.83302110141619,19.68,1253581.0
2006-04-10 21:00:00,1748.13,1452.4,3450.8,1542.0,1746.0,42.83302110141619,19.68,1253581.0
2006-04-11 21:00:00,1747.881,1460.0,3596.0,1697.5,1817.5,42.83302110141619,19.68,1253581.0
2006-04-12 21:00:00,1747.632,1452.0,1867.0,1853.0,1889.0,42.83302110141619,19.68,1253581.0
2006-04-13 21:00:00,1747.383,1450.0,3614.0,1830.6315789473683,1867.3157894736842,42.83302110141619,19.68,1253581.0
2006-04-14 21:00:00,1747.134,1454.5,3421.0,1808.2631578947369,1845.6315789473683,42.83302110141619,19.68,1253581.0
2006-04-15 21:00:00,1746.885,1459.0,3228.0,1785.8947368421052,1823.9473684210527,42.83302110141619,19.68,1253581.0
2006-04-16 21:00:00,1746.636,1463.5,3035.0,1763.5263157894738,1802.2631578947369,42.83302110141619,19.68,1253581.0
2006-04-17 21:00:00,1746.387,1468.0,2842.0,1741.157894736842,1780.578947368421,42.83302110141619,19.68,1253581.0
2006-04-18 21:00:00,1746.138,1471.0,3011.0,1718.7894736842104,1758.8947368421052,42.83302110141619,19.68,1253581.0
2006-04-19 21:00:00,1745.889,1479.0,3022.0,1696.421052631579,1737.2105263157894,42.83302110141619,19.68,1253581.0
2006-04-20 21:00:00,1745.64,1471.0,2679.0,1674.0526315789473,1715.5263157894738,42.83302110141619,19.68,1253581.0
2006-04-21 21:00:00,1745.391,1473.75,3037.5,1651.6842105263158,1693.842105263158,42.83302110141619,19.68,1253581.0
2006-04-22 21:00:00,1745.142,1476.5,3396.0,1629.3157894736842,1672.157894736842,42.83302110141619,19.68,1253581.0
2006-04-23 21:00:00,1744.893,1479.25,3754.5,1606.9473684210527,1650.4736842105262,42.83302110141619,19.68,1253581.0
2006-04-24 21:00:00,1744.644,1482.0,4113.0,1584.578947368421,1628.7894736842104,42.83302110141619,19.68,1253581.0
2006-04-25 21:00:00,1744.395,1473.0,4336.0,1562.2105263157896,1607.1052631578948,42.83302110141619,19.68,1253581.0
2006-04-26 21:00:00,1744.146,1473.0,3877.0,1539.842105263158,1585.421052631579,42.83302110141619,19.68,1253581.0
2006-04-27 21:00:00,1743.8970000000002,1481.0,4813.0,1517.4736842105262,1563.7368421052631,42.83302110141619,19.68,1253581.0
2006-04-28 21:00:00,1743.648,1477.0,4764.75,1495.1052631578948,1542.0526315789473,42.83302110141619,19.68,1253581.0
2006-04-29 21:00:00,1743.399,1473.0,4716.5,1472.7368421052631,1520.3684210526317,42.83302110141619,19.68,1253581.0
2006-04-30 21:00:00,1743.15,1469.0,4668.25,1450.3684210526317,1498.6842105263158,42.83302110141619,19.68,1253581.0
2006-05-01 21:00:00,1743.333548387097,1465.0,4620.0,1428.0,1477.0,42.83302110141619,19.68,1253581.0
2006-05-02 21:00:00,1743.5170967741935,1458.0,6027.0,1426.0,1472.3333333333333,42.83302110141619,19.68,1253581.0
2006-05-03 21:00:00,1743.7006451612904,1454.0,4243.0,1424.0,1467.6666666666667,42.83302110141619,19.68,1253581.0
2006-05-04 21:00:00,1743.8841935483872,1453.0,3821.0,1422.0,1463.0,42.83302110141619,19.68,1253581.0
2006-05-05 21:00:00,1744.067741935484,1452.25,3819.25,1436.5,1477.0,42.83302110141619,19.68,1253581.0
2006-05-06 21:00:00,1744.2512903225806,1451.5,3817.5,1451.0,1491.0,42.83302110141619,19.68,1253581.0
2006-05-07 21:00:00,1744.4348387096777,1450.75,3815.75,1512.0,1642.0,42.83302110141619,19.68,1253581.0
2006-05-08 21:00:00,1744.6183870967743,1450.0,3814.0,1541.0,1609.0,42.83302110141619,19.68,1253581.0
2006-05-09 21:00:00,1744.801935483871,1446.0,2564.0,1570.0,1576.0,42.83302110141619,19.68,1253581.0
2006-05-10 21:00:00,1744.9854838709678,1448.0,3923.0,1554.0,1757.0,42.83302110141619,19.68,1253581.0
2006-05-11 21:00:00,1745.1690322580646,1451.4,3967.6,1702.0,1852.0,42.83302110141619,19.68,1253581.0
2006-05-12 21:00:00,1745.3525806451614,1454.8,4012.2,1850.0,1947.0,42.83302110141619,19.68,1253581.0
2006-05-13 21:00:00,1745.536129032258,1458.2,4056.8,1830.952380952381,1923.6190476190477,42.83302110141619,19.68,1253581.0
2006-05-14 21:00:00,1745.7196774193549,1461.6,4101.4,1811.904761904762,1900.2380952380952,42.83302110141619,19.68,1253581.0
2006-05-15 21:00:00,1745.9032258064517,1465.0,4146.0,1792.857142857143,1876.857142857143,42.83302110141619,19.68,1253581.0
2006-05-16 21:00:00,1746.0867741935483,1463.0,3455.0,1773.8095238095239,1853.4761904761904,42.83302110141619,19.68,1253581.0
2006-05-17 21:00:00,1746.2703225806451,1458.0,2257.0,1754.7619047619048,1830.095238095238,42.83302110141619,19.68,1253581.0
2006-05-18 21:00:00,1746.453870967742,1452.0,3624.0,1735.7142857142858,1806.7142857142858,42.83302110141619,19.68,1253581.0
2006-05-19 21:00:00,1746.6374193548386,1449.25,3460.75,1716.6666666666667,1783.3333333333333,42.83302110141619,19.68,1253581.0
2006-05-20 21:00:00,1746.8209677419354,1446.5,3297.5,1697.6190476190477,1759.952380952381,42.83302110141619,19.68,1253581.0
2006-05-21 21:00:00,1747.0045161290325,1443.75,3134.25,1678.5714285714287,1736.5714285714287,42.83302110141619,19.68,1253581.0
2006-05-22 21:00:00,1747.188064516129,1441.0,2971.0,1659.5238095238096,1713.1904761904761,42.83302110141619,19.68,1253581.0
2006-05-23 21:00:00,1747.3716129032257,1438.0,3409.0,1640.4761904761904,1689.8095238095239,42.83302110141619,19.68,1253581.0
2006-05-24 21:00:00,1747.5551612903223,1441.0,3079.0,1621.4285714285716,1666.4285714285716,42.83302110141619,19.68,1253581.0
2006-05-25 21:00:00,1747.7387096774194,1446.0,4361.0,1602.3809523809523,1643.047619047619,42.83302110141619,19.68,1253581.0
2006-05-26 21:00:00,1747.922258064516,1444.25,3740.75,1583.3333333333333,1619.6666666666667,42.83302110141619,19.68,1253581.0
2006-05-27 21:00:00,1748.1058064516128,1442.5,3120.5,1564.2857142857142,1596.2857142857142,42.83302110141619,19.68,1253581.0
2006-05-28 21:00:00,1748.2893548387096,1440.75,2500.25,1545.2380952380952,1572.904761904762,42.83302110141619,19.68,1253581.0
2006-05-29 21:00:00,1748.4729032258065,1439.0,1880.0,1526.1904761904761,1549.5238095238096,42.83302110141619,19.68,1253581.0
2006-05-30 21:00:00,1748.656451612903,1444.0,5894.0,1507.142857142857,1526.142857142857,42.83302110141619,19.68,1253581.0
2006-05-31 21:00:00,1748.84,1439.0,3387.0,1488.095238095238,1502.7619047619048,42.83302110141619,19.68,1253581.0
2006-06-01 21:00:00,1748.957666666667,1438.0,1796.0,1469.047619047619,1479.3809523809523,42.83302110141619,19.68,1253581.0
2006-06-02 21:00:00,1749.0753333333332,1440.5,1781.75,1450.0,1456.0,42.83302110141619,19.68,1253581.0
2006-06-03 21:00:00,1749.193,1443.0,1767.5,1475.0,1452.0,42.83302110141619,19.68,1253581.0
2006-06-04 21:00:00,1749.3106666666663,1445.5,1753.25,1446.0,1458.0,42.83302110141619,19.68,1253581.0
2006-06-05 21:00:00,1749.4283333333333,1448.0,1739.0,1453.0,1478.0,42.83302110141619,19.68,1253581.0
2006-06-06 21:00:00,1749.5459999999998,1451.0,1385.0,1460.0,1498.0,42.83302110141619,19.68,1253581.0
2006-06-07 21:00:00,1749.6636666666666,1460.0,3402.0,1509.0,1627.0,42.83302110141619,19.68,1253581.0
2006-06-08 21:00:00,1749.7813333333334,1456.0,988.0,1531.0,1612.5,42.83302110141619,19.68,1253581.0
2006-06-09 21:00:00,1749.899,1456.75,1785.75,1553.0,1598.0,42.83302110141619,19.68,1253581.0
2006-06-10 21:00:00,1750.0166666666669,1457.5,2583.5,1613.5,1726.5,42.83302110141619,19.68,1253581.0
2006-06-11 21:00:00,1750.1343333333332,1458.25,3381.25,1674.0,1855.0,42.83302110141619,19.68,1253581.0
2006-06-12 21:00:00,1750.252,1459.0,4179.0,1865.0,1903.0,42.83302110141619,19.68,1253581.0
2006-06-13 21:00:00,1750.3696666666665,1452.0,2689.0,1845.0,1880.6,42.83302110141619,19.68,1253581.0
2006-06-14 21:00:00,1750.4873333333333,1451.0,1928.0,1825.0,1858.2,42.83302110141619,19.68,1253581.0
2006-06-15 21:00:00,1750.605,1464.0,907.0,1805.0,1835.8,42.83302110141619,19.68,1253581.0
2006-06-16 21:00:00,1750.7226666666666,1460.75,1386.25,1785.0,1813.4,42.83302110141619,19.68,1253581.0
2006-06-17 21:00:00,1750.840333333333,1457.5,1865.5,1765.0,1791.0,42.83302110141619,19.68,1253581.0
2006-06-18 21:00:00,1750.958,1454.25,2344.75,1745.0,1768.6,42.83302110141619,19.68,1253581.0
2006-06-19 21:00:00,1751.0756666666666,1451.0,2824.0,1725.0,1746.2,42.83302110141619,19.68,1253581.0
2006-06-20 21:00:00,1751.1933333333332,1458.0,2689.0,1705.0,1723.8,42.83302110141619,19.68,1253581.0
2006-06-21 21:00:00,1751.311,1463.0,3223.0,1685.0,1701.4,42.83302110141619,19.68,1253581.0
2006-06-22 21:00:00,1751.4286666666665,1468.0,4804.0,1665.0,1679.0,42.83302110141619,19.68,1253581.0
2006-06-23 21:00:00,1751.5463333333332,1466.75,3957.0,1645.0,1656.6,42.83302110141619,19.68,1253581.0
2006-06-24 21:00:00,1751.664,1465.5,3110.0,1625.0,1634.2,42.83302110141619,19.68,1253581.0
2006-06-25 21:00:00,1751.7816666666663,1464.25,2263.0,1605.0,1611.8,42.83302110141619,19.68,1253581.0
2006-06-26 21:00:00,1751.8993333333333,1463.0,1416.0,1585.0,1589.4,42.83302110141619,19.68,1253581.0
2006-06-27 21:00:00,1752.0169999999998,1467.0,2295.0,1565.0,1567.0,42.83302110141619,19.68,1253581.0
2006-06-28 21:00:00,1752.1346666666666,1477.0,4952.0,1545.0,1544.6,42.83302110141619,19.68,1253581.0
2006-06-29 21:00:00,1752.2523333333331,1491.0,6393.0,1525.0,1522.2,42.83302110141619,19.68,1253581.0
2006-06-30 21:00:00,1752.37,1490.5,5405.25,1505.0,1499.8,42.83302110141619,19.68,1253581.0
2006-07-01 21:00:00,1754.9251612903224,1490.0,4417.5,1485.0,1477.4,42.83302110141619,19.68,1253581.0
2006-07-02 21:00:00,1757.480322580645,1489.5,3429.75,1465.0,1455.0,42.83302110141619,19.68,1253581.0
2006-07-03 21:00:00,1760.0354838709677,1489.0,2442.0,1471.0,1450.0,42.83302110141619,19.68,1253581.0
2006-07-04 21:00:00,1762.5906451612902,1487.0,2598.0,1466.0,1485.0,42.83302110141619,19.68,1253581.0
2006-07-05 21:00:00,1765.1458064516128,1498.0,5063.0,1461.0,1520.0,42.83302110141619,19.68,1253581.0
2006-07-06 21:00:00,1767.7009677419353,1512.0,6471.0,1456.0,1555.0,42.83302110141619,19.68,1253581.0
2006-07-07 21:00:00,1770.256129032258,1512.25,6034.5,1566.5,1546.0,42.83302110141619,19.68,1253581.0
2006-07-08 21:00:00,1772.8112903225806,1512.5,5598.0,1677.0,1537.0,42.83302110141619,19.68,1253581.0
2006-07-09 21:00:00,1775.3664516129031,1512.75,5161.5,1539.0,1612.0,42.83302110141619,19.68,1253581.0
2006-07-10 21:00:00,1777.9216129032257,1513.0,4725.0,1613.0,1736.0,42.83302110141619,19.68,1253581.0
2006-07-11 21:00:00,1780.4767741935484,1491.0,4264.0,1687.0,1860.0,42.83302110141619,19.68,1253581.0
2006-07-12 21:00:00,1783.031935483871,1491.0,4092.0,1894.0,1905.0,42.83302110141619,19.68,1253581.0
2006-07-13 21:00:00,1785.5870967741937,1498.0,3433.0,1873.8095238095239,1882.904761904762,42.83302110141619,19.68,1253581.0
2006-07-14 21:00:00,1788.142258064516,1512.25,4007.0,1853.6190476190477,1860.8095238095239,42.83302110141619,19.68,1253581.0
2006-07-15 21:00:00,1790.6974193548383,1526.5,4581.0,1833.4285714285713,1838.7142857142858,42.83302110141619,19.68,1253581.0
2006-07-16 21:00:00,1793.2525806451613,1540.75,5155.0,1813.2380952380952,1816.6190476190477,42.83302110141619,19.68,1253581.0
2006-07-17 21:00:00,1795.8077419354838,1555.0,5729.0,1793.047619047619,1794.5238095238096,42.83302110141619,19.68,1253581.0
2006-07-18 21:00:00,1798.3629032258063,1540.0,6415.0,1772.857142857143,1772.4285714285716,42.83302110141619,19.68,1253581.0
2006-07-19 21:00:00,1800.9180645161289,1591.0,14448.0,1752.6666666666667,1750.3333333333333,42.83302110141619,19.68,1253581.0
2006-07-20 21:00:00,1803.473225806452,1580.0,7035.0,1732.4761904761904,1728.2380952380952,42.83302110141619,19.68,1253581.0
2006-07-21 21:00:00,1806.0283870967744,1579.0,6291.25,1712.2857142857142,1706.142857142857,42.83302110141619,19.68,1253581.0
2006-07-22 21:00:00,1808.5835483870967,1578.0,5547.5,1692.095238095238,1684.047619047619,42.83302110141619,19.68,1253581.0
2006-07-23 21:00:00,1811.1387096774192,1577.0,4803.75,1671.904761904762,1661.952380952381,42.83302110141619,19.68,1253581.0
2006-07-24 21:00:00,1813.6938709677415,1576.0,4060.0,1651.7142857142858,1639.857142857143,42.83302110141619,19.68,1253581.0
2006-07-25 21:00:00,1816.2490322580643,1565.0,6554.0,1631.5238095238096,1617.7619047619048,42.83302110141619,19.68,1253581.0
2006-07-26 21:00:00,1818.804193548387,1574.0,2943.0,1611.3333333333335,1595.6666666666667,42.83302110141619,19.68,1253581.0
2006-07-27 21:00:00,1821.3593548387096,1620.0,13923.0,1591.142857142857,1573.5714285714284,42.83302110141619,19.68,1253581.0
2006-07-28 21:00:00,1823.914516129032,1633.25,13075.75,1570.952380952381,1551.4761904761904,42.83302110141619,19.68,1253581.0
2006-07-29 21:00:00,1826.4696774193549,1646.5,12228.5,1550.7619047619048,1529.3809523809523,42.83302110141619,19.68,1253581.0
2006-07-30 21:00:00,1829.0248387096772,1659.75,11381.25,1530.5714285714284,1507.2857142857142,42.83302110141619,19.68,1253581.0
2006-07-31 21:00:00,1831.58,1673.0,10534.0,1510.3809523809523,1485.1904761904761,42.83302110141619,19.68,1253581.0
2006-08-01 21:00:00,1835.8316129032255,1643.0,9643.0,1490.1904761904761,1463.095238095238,42.83302110141619,19.68,1253581.0
2006-08-02 21:00:00,1840.0832258064515,1641.0,9796.0,1470.0,1441.0,42.83302110141619,19.68,1253581.0
2006-08-03 21:00:00,1844.3348387096771,1611.0,8401.0,1463.0,1468.0,42.83302110141619,19.68,1253581.0
2006-08-04 21:00:00,1848.5864516129031,1623.0,7812.25,1454.5,1466.0,42.83302110141619,19.68,1253581.0
2006-08-05 21:00:00,1852.838064516129,1635.0,7223.5,1446.0,1464.0,42.83302110141619,19.68,1253581.0
2006-08-06 21:00:00,1857.0896774193548,1647.0,6634.75,1467.0,1540.0,42.83302110141619,19.68,1253581.0
2006-08-07 21:00:00,1861.3412903225808,1659.0,6046.0,1561.0,1551.0,42.83302110141619,19.68,1253581.0
2006-08-08 21:00:00,1865.5929032258064,1677.0,7754.0,1655.0,1562.0,42.83302110141619,19.68,1253581.0
2006-08-09 21:00:00,1869.844516129032,1655.0,8403.0,1661.6666666666667,1659.6666666666667,42.83302110141619,19.68,1253581.0
2006-08-10 21:00:00,1874.096129032258,1659.0,7219.0,1668.3333333333333,1757.3333333333333,42.83302110141619,19.68,1253581.0
2006-08-11 21:00:00,1878.347741935484,1654.75,6509.25,1675.0,1855.0,42.83302110141619,19.68,1253581.0
2006-08-12 21:00:00,1882.5993548387096,1650.5,5799.5,1665.7727272727273,1836.4545454545455,42.83302110141619,19.68,1253581.0
2006-08-13 21:00:00,1886.8509677419356,1646.25,5089.75,1656.5454545454545,1817.909090909091,42.83302110141619,19.68,1253581.0
2006-08-14 21:00:00,1891.1025806451607,1642.0,4380.0,1647.3181818181818,1799.3636363636363,42.83302110141619,19.68,1253581.0
2006-08-15 21:00:00,1895.354193548387,1627.0,9355.0,1638.090909090909,1780.8181818181818,42.83302110141619,19.68,1253581.0
2006-08-16 21:00:00,1899.6058064516128,1586.0,12179.0,1628.8636363636363,1762.2727272727273,42.83302110141619,19.68,1253581.0
2006-08-17 21:00:00,1903.8574193548388,1592.0,6656.0,1619.6363636363637,1743.7272727272727,42.83302110141619,19.68,1253581.0
2006-08-18 21:00:00,1908.1090322580649,1593.5,6949.75,1610.409090909091,1725.1818181818182,42.83302110141619,19.68,1253581.0
2006-08-19 21:00:00,1912.3606451612904,1595.0,7243.5,1601.1818181818182,1706.6363636363635,42.83302110141619,19.68,1253581.0
2006-08-20 21:00:00,1916.6122580645165,1596.5,7537.25,1591.9545454545455,1688.090909090909,42.83302110141619,19.68,1253581.0
2006-08-21 21:00:00,1920.863870967742,1598.0,7831.0,1582.7272727272727,1669.5454545454545,42.83302110141619,19.68,1253581.0
2006-08-22 21:00:00,1925.115483870968,1615.0,7366.0,1573.5,1651.0,42.83302110141619,19.68,1253581.0
2006-08-23 21:00:00,1929.3670967741937,1611.0,3790.0,1564.2727272727273,1632.4545454545455,42.83302110141619,19.68,1253581.0
2006-08-24 21:00:00,1933.6187096774197,1599.0,4933.0,1555.0454545454545,1613.909090909091,42.83302110141619,19.68,1253581.0
2006-08-25 21:00:00,1937.8703225806453,1588.5,6018.75,1545.8181818181818,1595.3636363636365,42.83302110141619,19.68,1253581.0
2006-08-26 21:00:00,1942.121935483871,1578.0,7104.5,1536.590909090909,1576.8181818181818,42.83302110141619,19.68,1253581.0
2006-08-27 21:00:00,1946.373548387097,1567.5,8190.25,1527.3636363636365,1558.2727272727273,42.83302110141619,19.68,1253581.0
2006-08-28 21:00:00,1950.6251612903227,1557.0,9276.0,1518.1363636363637,1539.7272727272727,42.83302110141619,19.68,1253581.0
2006-08-29 21:00:00,1954.8767741935485,1578.0,5224.0,1508.909090909091,1521.181818181818,42.83302110141619,19.68,1253581.0
2006-08-30 21:00:00,1959.1283870967743,1584.0,5399.0,1499.6818181818182,1502.6363636363635,42.83302110141619,19.68,1253581.0
2006-08-31 21:00:00,1963.38,1590.0,5574.0,1490.4545454545455,1484.090909090909,42.83302110141619,19.68,1253581.0
2006-09-01 21:00:00,1960.5236666666667,1583.25,5287.25,1481.2272727272727,1465.5454545454545,42.83302110141619,19.68,1253581.0
2006-09-02 21:00:00,1957.667333333333,1576.5,5000.5,1472.0,1447.0,42.83302110141619,19.68,1253581.0
2006-09-03 21:00:00,1954.811,1569.75,4713.75,1452.0,1471.0,42.83302110141619,19.68,1253581.0
2006-09-04 21:00:00,1951.9546666666668,1563.0,4427.0,1450.0,1461.0,42.83302110141619,19.68,1253581.0
2006-09-05 21:00:00,1949.0983333333331,1562.0,4039.0,1448.0,1451.0,42.83302110141619,19.68,1253581.0
2006-09-06 21:00:00,1946.242,1570.0,4383.0,1518.3333333333333,1476.6666666666667,42.83302110141619,19.68,1253581.0
2006-09-07 21:00:00,1943.3856666666668,1553.0,7731.0,1588.6666666666667,1502.3333333333333,42.83302110141619,19.68,1253581.0
2006-09-08 21:00:00,1940.5293333333332,1549.25,6713.0,1659.0,1528.0,42.83302110141619,19.68,1253581.0
2006-09-09 21:00:00,1937.673,1545.5,5695.0,1606.0,1641.5,42.83302110141619,19.68,1253581.0
2006-09-10 21:00:00,1934.8166666666668,1541.75,4677.0,1553.0,1755.0,42.83302110141619,19.68,1253581.0
2006-09-11 21:00:00,1931.9603333333332,1538.0,3659.0,1694.0,1868.0,42.83302110141619,19.68,1253581.0
2006-09-12 21:00:00,1929.104,1527.0,4338.0,1680.35,1848.2,42.83302110141619,19.68,1253581.0
2006-09-13 21:00:00,1926.2476666666664,1537.0,4641.0,1666.7,1828.4,42.83302110141619,19.68,1253581.0
2006-09-14 21:00:00,1923.3913333333333,1537.0,1560.0,1653.05,1808.6,42.83302110141619,19.68,1253581.0
2006-09-15 21:00:00,1920.535,1543.25,1170.0,1639.4,1788.8,42.83302110141619,19.68,1253581.0
2006-09-16 21:00:00,1917.678666666667,1549.5,780.0,1625.75,1769.0,42.83302110141619,19.68,1253581.0
2006-09-17 21:00:00,1914.8223333333333,1555.75,390.0,1612.1,1749.2,42.83302110141619,19.68,1253581.0
2006-09-18 21:00:00,1911.966,1562.0,0.0,1598.45,1729.4,42.83302110141619,19.68,1253581.0
2006-09-19 21:00:00,1909.1096666666667,1528.0,0.0,1584.8,1709.6,42.83302110141619,19.68,1253581.0
2006-09-20 21:00:00,1906.253333333333,1535.0,0.0,1571.15,1689.8,42.83302110141619,19.68,1253581.0
2006-09-21 21:00:00,1903.397,1545.0,5526.0,1557.5,1670.0,42.83302110141619,19.68,1253581.0
2006-09-22 21:00:00,1900.5406666666668,1539.0,4144.5,1543.85,1650.2,42.83302110141619,19.68,1253581.0
2006-09-23 21:00:00,1897.6843333333331,1533.0,2763.0,1530.2,1630.4,42.83302110141619,19.68,1253581.0
2006-09-24 21:00:00,1894.828,1527.0,1381.5,1516.55,1610.6,42.83302110141619,19.68,1253581.0
2006-09-25 21:00:00,1891.9716666666668,1521.0,0.0,1502.9,1590.8,42.83302110141619,19.68,1253581.0
2006-09-26 21:00:00,1889.1153333333332,1540.0,0.0,1489.25,1571.0,42.83302110141619,19.68,1253581.0
2006-09-27 21:00:00,1886.259,1550.0,0.0,1475.6,1551.2,42.83302110141619,19.68,1253581.0
2006-09-28 21:00:00,1883.4026666666668,1559.0,0.0,1461.95,1531.4,42.83302110141619,19.68,1253581.0
2006-09-29 21:00:00,1880.5463333333332,1552.75,0.0,1448.3,1511.6,42.83302110141619,19.68,1253581.0
2006-09-30 21:00:00,1877.69,1546.5,0.0,1434.65,1491.8,42.83302110141619,19.68,1253581.0
2006-10-01 21:00:00,1878.1390322580648,1540.25,0.0,1421.0,1472.0,42.83302110141619,19.68,1253581.0
2006-10-02 21:00:00,1878.5880645161287,1534.0,0.0,1433.0,1468.5,42.83302110141619,19.68,1253581.0
2006-10-03 21:00:00,1879.0370967741933,1523.0,0.0,1445.0,1465.0,42.83302110141619,19.68,1253581.0
2006-10-04 21:00:00,1879.486129032258,1537.0,0.0,1457.0,1461.5,42.83302110141619,19.68,1253581.0
2006-10-05 21:00:00,1879.9351612903224,1542.0,0.0,1469.0,1458.0,42.83302110141619,19.68,1253581.0
2006-10-06 21:00:00,1880.3841935483872,1546.0,0.0,1480.0,1522.0,42.83302110141619,19.68,1253581.0
2006-10-07 21:00:00,1880.8332258064515,1550.0,0.0,1491.0,1586.0,42.83302110141619,19.68,1253581.0
2006-10-08 21:00:00,1881.282258064516,1554.0,0.0,1647.0,1535.0,42.83302110141619,19.68,1253581.0
2006-10-09 21:00:00,1881.731290322581,1558.0,0.0,1603.5,1699.5,42.83302110141619,19.68,1253581.0
2006-10-10 21:00:00,1882.1803225806448,1553.0,0.0,1560.0,1864.0,42.83302110141619,19.68,1253581.0
2006-10-11 21:00:00,1882.6293548387096,1560.0,0.0,1553.8636363636363,1847.2727272727273,42.83302110141619,19.68,1253581.0
2006-10-12 21:00:00,1883.078387096774,1576.0,0.0,1547.7272727272727,1830.5454545454545,42.83302110141619,19.68,1253581.0
2006-10-13 21:00:00,1883.527419354839,1581.5,0.0,1541.590909090909,1813.8181818181818,42.83302110141619,19.68,1253581.0
2006-10-14 21:00:00,1883.9764516129032,1587.0,0.0,1535.4545454545455,1797.090909090909,42.83302110141619,19.68,1253581.0
2006-10-15 21:00:00,1884.425483870968,1592.5,0.0,1529.3181818181818,1780.3636363636365,42.83302110141619,19.68,1253581.0
2006-10-16 21:00:00,1884.874516129032,1598.0,0.0,1523.1818181818182,1763.6363636363637,42.83302110141619,19.68,1253581.0
2006-10-17 21:00:00,1885.3235483870967,1612.0,0.0,1517.0454545454545,1746.909090909091,42.83302110141619,19.68,1253581.0
2006-10-18 21:00:00,1885.7725806451613,1610.0,0.0,1510.909090909091,1730.1818181818182,42.83302110141619,19.68,1253581.0
2006-10-19 21:00:00,1886.2216129032256,1623.0,5658.0,1504.7727272727273,1713.4545454545455,42.83302110141619,19.68,1253581.0
2006-10-20 21:00:00,1886.6706451612904,1627.5,4715.0,1498.6363636363637,1696.7272727272727,42.83302110141619,19.68,1253581.0
2006-10-21 21:00:00,1887.1196774193547,1632.0,3772.0,1492.5,1680.0,42.83302110141619,19.68,1253581.0
2006-10-22 21:00:00,1887.5687096774195,1636.5,2829.0,1486.3636363636363,1663.2727272727273,42.83302110141619,19.68,1253581.0
2006-10-23 21:00:00,1888.017741935484,1641.0,1886.0,1480.2272727272727,1646.5454545454545,42.83302110141619,19.68,1253581.0
2006-10-24 21:00:00,1888.4667741935484,1645.5,943.0,1474.090909090909,1629.8181818181818,42.83302110141619,19.68,1253581.0
2006-10-25 21:00:00,1888.9158064516128,1650.0,0.0,1467.9545454545455,1613.090909090909,42.83302110141619,19.68,1253581.0
2006-10-26 21:00:00,1889.364838709677,1680.0,0.0,1461.8181818181818,1596.3636363636365,42.83302110141619,19.68,1253581.0
2006-10-27 21:00:00,1889.8138709677417,1675.25,0.0,1455.6818181818182,1579.6363636363635,42.83302110141619,19.68,1253581.0
2006-10-28 21:00:00,1890.2629032258064,1670.5,0.0,1449.5454545454545,1562.909090909091,42.83302110141619,19.68,1253581.0
2006-10-29 21:00:00,1890.7119354838708,1665.75,0.0,1443.409090909091,1546.1818181818182,42.83302110141619,19.68,1253581.0
2006-10-30 21:00:00,1891.1609677419356,1661.0,0.0,1437.2727272727273,1529.4545454545455,42.83302110141619,19.68,1253581.0
2006-10-31 21:00:00,1891.61,1680.0,0.0,1431.1363636363635,1512.7272727272727,42.83302110141619,19.68,1253581.0
2006-11-01 21:00:00,1897.98,1724.0,0.0,1425.0,1496.0,42.83302110141619,19.68,1253581.0
2006-11-02 21:00:00,1904.35,1693.0,0.0,1434.0,1477.6666666666667,42.83302110141619,19.68,1253581.0
2006-11-03 21:00:00,1910.72,1689.75,0.0,1443.0,1459.3333333333333,42.83302110141619,19.68,1253581.0
2006-11-04 21:00:00,1917.09,1686.5,0.0,1452.0,1441.0,42.83302110141619,19.68,1253581.0
2006-11-05 21:00:00,1923.46,1683.25,0.0,1465.0,1491.3333333333333,42.83302110141619,19.68,1253581.0
2006-11-06 21:00:00,1929.83,1680.0,0.0,1478.0,1541.6666666666667,42.83302110141619,19.68,1253581.0
2006-11-07 21:00:00,1936.2,1674.0,0.0,1491.0,1592.0,42.83302110141619,19.68,1253581.0
2006-11-08 21:00:00,1942.57,1687.0,0.0,1509.0,1601.0,42.83302110141619,19.68,1253581.0
2006-11-09 21:00:00,1948.94,1675.0,0.0,1527.0,1610.0,42.83302110141619,19.68,1253581.0
2006-11-10 21:00:00,1955.31,1678.5,0.0,1576.0,1764.0,42.83302110141619,19.68,1253581.0
2006-11-11 21:00:00,1961.68,1682.0,0.0,1738.5,1819.5,42.83302110141619,19.68,1253581.0
2006-11-12 21:00:00,1968.05,1685.5,0.0,1901.0,1875.0,42.83302110141619,19.68,1253581.0
2006-11-13 21:00:00,1974.42,1689.0,0.0,1876.3157894736842,1855.8947368421052,42.83302110141619,19.68,1253581.0
2006-11-14 21:00:00,1980.79,1746.0,0.0,1851.6315789473683,1836.7894736842106,42.83302110141619,19.68,1253581.0
2006-11-15 21:00:00,1987.16,1757.0,0.0,1826.9473684210527,1817.6842105263158,42.83302110141619,19.68,1253581.0
2006-11-16 21:00:00,1993.53,1755.0,0.0,1802.2631578947369,1798.578947368421,42.83302110141619,19.68,1253581.0
2006-11-17 21:00:00,1999.9,1782.25,2801.25,1777.578947368421,1779.4736842105262,42.83302110141619,19.68,1253581.0
2006-11-18 21:00:00,2006.27,1809.5,5602.5,1752.8947368421052,1760.3684210526317,42.83302110141619,19.68,1253581.0
2006-11-19 21:00:00,2012.64,1836.75,8403.75,1728.2105263157894,1741.2631578947369,42.83302110141619,19.68,1253581.0
2006-11-20 21:00:00,2019.01,1864.0,11205.0,1703.5263157894738,1722.157894736842,42.83302110141619,19.68,1253581.0
2006-11-21 21:00:00,2025.38,1764.0,3213.0,1678.842105263158,1703.0526315789473,42.83302110141619,19.68,1253581.0
2006-11-22 21:00:00,2031.75,1764.0,5559.0,1654.157894736842,1683.9473684210527,42.83302110141619,19.68,1253581.0
2006-11-23 21:00:00,2038.12,1876.0,11039.0,1629.4736842105262,1664.842105263158,42.83302110141619,19.68,1253581.0
2006-11-24 21:00:00,2044.49,1887.0,10264.75,1604.7894736842104,1645.7368421052631,42.83302110141619,19.68,1253581.0
2006-11-25 21:00:00,2050.86,1898.0,9490.5,1580.1052631578948,1626.6315789473683,42.83302110141619,19.68,1253581.0
2006-11-26 21:00:00,2057.23,1909.0,8716.25,1555.421052631579,1607.5263157894738,42.83302110141619,19.68,1253581.0
2006-11-27 21:00:00,2063.6,1920.0,7942.0,1530.7368421052631,1588.421052631579,42.83302110141619,19.68,1253581.0
2006-11-28 21:00:00,2069.9700000000003,1879.0,5096.0,1506.0526315789473,1569.3157894736842,42.83302110141619,19.68,1253581.0
2006-11-29 21:00:00,2076.34,1930.0,4389.0,1481.3684210526317,1550.2105263157896,42.83302110141619,19.68,1253581.0
2006-11-30 21:00:00,2082.71,1900.0,6656.0,1456.6842105263158,1531.1052631578948,42.83302110141619,19.68,1253581.0
2006-12-01 21:00:00,2087.28870967742,1885.0,5916.75,1432.0,1512.0,42.83302110141619,19.68,1253581.0
2006-12-02 21:00:00,2091.8674193548386,1870.0,5177.5,1438.0,1487.3333333333333,42.83302110141619,19.68,1253581.0
2006-12-03 21:00:00,2096.446129032258,1855.0,4438.25,1444.0,1462.6666666666667,42.83302110141619,19.68,1253581.0
2006-12-04 21:00:00,2101.0248387096776,1840.0,3699.0,1450.0,1438.0,42.83302110141619,19.68,1253581.0
2006-12-05 21:00:00,2105.603548387097,1853.0,4015.0,1451.0,1514.5,42.83302110141619,19.68,1253581.0
2006-12-06 21:00:00,2110.182258064516,1850.0,3715.0,1452.0,1591.0,42.83302110141619,19.68,1253581.0
2006-12-07 21:00:00,2114.7609677419355,1865.0,3431.0,1498.0,1598.0,42.83302110141619,19.68,1253581.0
2006-12-08 21:00:00,2119.3396774193548,1875.75,4113.25,1517.5,1610.5,42.83302110141619,19.68,1253581.0
2006-12-09 21:00:00,2123.918387096774,1886.5,4795.5,1537.0,1623.0,42.83302110141619,19.68,1253581.0
2006-12-10 21:00:00,2128.497096774194,1897.25,5477.75,1590.0,1764.0,42.83302110141619,19.68,1253581.0
2006-12-11 21:00:00,2133.075806451613,1908.0,6160.0,1722.5,1827.5,42.83302110141619,19.68,1253581.0
2006-12-12 21:00:00,2137.6545161290323,1901.0,3360.0,1855.0,1891.0,42.83302110141619,19.68,1253581.0
2006-12-13 21:00:00,2142.233225806452,1855.0,2371.0,1859.6190476190477,1894.2857142857142,42.83302110141619,19.68,1253581.0
2006-12-14 21:00:00,2146.811935483871,1860.0,3905.0,1864.2380952380952,1897.5714285714287,42.83302110141619,19.68,1253581.0
2006-12-15 21:00:00,2151.39064516129,1858.75,3711.0,1868.857142857143,1900.857142857143,42.83302110141619,19.68,1253581.0
2006-12-16 21:00:00,2155.96935483871,1857.5,3517.0,1873.4761904761904,1904.142857142857,42.83302110141619,19.68,1253581.0
2006-12-17 21:00:00,2160.548064516129,1856.25,3323.0,1878.095238095238,1907.4285714285713,42.83302110141619,19.68,1253581.0
2006-12-18 21:00:00,2165.1267741935485,1855.0,3129.0,1882.7142857142858,1910.7142857142858,42.83302110141619,19.68,1253581.0
2006-12-19 21:00:00,2169.705483870968,1868.0,3012.0,1887.3333333333333,1914.0,42.83302110141619,19.68,1253581.0
2006-12-20 21:00:00,2174.284193548387,1882.0,2662.0,1891.952380952381,1917.2857142857142,42.83302110141619,19.68,1253581.0
2006-12-21 21:00:00,2178.8629032258063,1901.0,2700.0,1896.5714285714287,1920.5714285714287,42.83302110141619,19.68,1253581.0
2006-12-22 21:00:00,2183.441612903226,1924.5,4317.0,1901.1904761904761,1923.857142857143,42.83302110141619,19.68,1253581.0
2006-12-23 21:00:00,2188.0203225806454,1948.0,5934.0,1905.8095238095239,1927.142857142857,42.83302110141619,19.68,1253581.0
2006-12-24 21:00:00,2192.5990322580647,1971.5,7551.0,1910.4285714285713,1930.4285714285713,42.83302110141619,19.68,1253581.0
2006-12-25 21:00:00,2197.177741935484,1995.0,9168.0,1915.047619047619,1933.7142857142858,42.83302110141619,19.68,1253581.0
2006-12-26 21:00:00,2201.756451612903,1989.0,6612.0,1919.6666666666667,1937.0,42.83302110141619,19.68,1253581.0
2006-12-27 21:00:00,2206.3351612903225,2032.0,3877.0,1924.2857142857142,1940.2857142857142,42.83302110141619,19.68,1253581.0
2006-12-28 21:00:00,2210.913870967742,1995.0,6628.0,1928.904761904762,1943.5714285714287,42.83302110141619,19.68,1253581.0
2006-12-29 21:00:00,2215.492580645161,1988.4,6253.4,1933.5238095238096,1946.857142857143,42.83302110141619,19.68,1253581.0
2006-12-30 21:00:00,2220.071290322581,1981.8,5878.8,1938.142857142857,1950.142857142857,42.83302110141619,19.68,1253581.0
2006-12-31 21:00:00,2224.65,1975.2,5504.2,1942.7619047619048,1953.4285714285713,42.83302110141619,19.68,1253581.0
2007-01-01 21:00:00,2225.033870967742,1968.6,5129.6,1947.3809523809523,1956.7142857142858,42.83302110141619,19.68,1253581.0
2007-01-02 21:00:00,2225.417741935484,1962.0,4755.0,1952.0,1960.0,42.83302110141619,19.68,1253581.0
2007-01-03 21:00:00,2225.8016129032258,1919.0,5083.0,1923.0,2188.0,42.83302110141619,19.68,1253581.0
2007-01-04 21:00:00,2226.185483870968,1961.0,7217.0,2053.2,2254.4,42.83302110141619,19.68,1253581.0
2007-01-05 21:00:00,2226.56935483871,1942.0,7255.5,2183.4,2320.8,42.83302110141619,19.68,1253581.0
2007-01-06 21:00:00,2226.953225806452,1923.0,7294.0,2313.6,2387.2,42.83302110141619,19.68,1253581.0
2007-01-07 21:00:00,2227.337096774193,1904.0,7332.5,2443.8,2453.6,42.83302110141619,19.68,1253581.0
2007-01-08 21:00:00,2227.7209677419355,1885.0,7371.0,2574.0,2520.0,42.83302110141619,19.68,1253581.0
2007-01-09 21:00:00,2228.1048387096776,1881.0,10370.0,2559.5,2755.0,42.83302110141619,19.68,1253581.0
2007-01-10 21:00:00,2228.48870967742,1900.0,4096.0,2545.0,2990.0,42.83302110141619,19.68,1253581.0
2007-01-11 21:00:00,2228.8725806451616,1889.0,3720.0,2930.0,2920.0,42.83302110141619,19.68,1253581.0
2007-01-12 21:00:00,2229.256451612903,1903.5,3745.75,2881.8571428571427,2870.714285714286,42.83302110141619,19.68,1253581.0
2007-01-13 21:00:00,2229.6403225806453,1918.0,3771.5,2833.714285714286,2821.4285714285716,42.83302110141619,19.68,1253581.0
2007-01-14 21:00:00,2230.0241935483878,1932.5,3797.25,2785.5714285714284,2772.1428571428573,42.83302110141619,19.68,1253581.0
2007-01-15 21:00:00,2230.4080645161293,1947.0,3823.0,2737.4285714285716,2722.8571428571427,42.83302110141619,19.68,1253581.0
2007-01-16 21:00:00,2230.791935483871,1903.0,3316.0,2689.285714285714,2673.5714285714284,42.83302110141619,19.68,1253581.0
2007-01-17 21:00:00,2231.175806451613,1905.0,6998.0,2641.142857142857,2624.285714285714,42.83302110141619,19.68,1253581.0
2007-01-18 21:00:00,2231.559677419355,1875.0,5721.0,2593.0,2575.0,42.83302110141619,19.68,1253581.0
2007-01-19 21:00:00,2231.943548387097,1879.0,5843.75,2544.8571428571427,2525.714285714286,42.83302110141619,19.68,1253581.0
2007-01-20 21:00:00,2232.327419354838,1883.0,5966.5,2496.714285714286,2476.4285714285716,42.83302110141619,19.68,1253581.0
2007-01-21 21:00:00,2232.7112903225807,1887.0,6089.25,2448.5714285714284,2427.1428571428573,42.83302110141619,19.68,1253581.0
2007-01-22 21:00:00,2233.0951612903227,1891.0,6212.0,2400.4285714285716,2377.857142857143,42.83302110141619,19.68,1253581.0
2007-01-23 21:00:00,2233.4790322580648,1856.0,8659.0,2352.285714285714,2328.5714285714284,42.83302110141619,19.68,1253581.0
2007-01-24 21:00:00,2233.862903225807,1880.0,5651.0,2304.142857142857,2279.285714285714,42.83302110141619,19.68,1253581.0
2007-01-25 21:00:00,2234.2467741935484,1874.0,4619.0,2256.0,2230.0,42.83302110141619,19.68,1253581.0
2007-01-26 21:00:00,2234.6306451612904,1871.75,4149.75,2207.8571428571427,2180.714285714286,42.83302110141619,19.68,1253581.0
2007-01-27 21:00:00,2235.0145161290325,1869.5,3680.5,2159.714285714286,2131.4285714285716,42.83302110141619,19.68,1253581.0
2007-01-28 21:00:00,2235.3983870967745,1867.25,3211.25,2111.5714285714284,2082.142857142857,42.83302110141619,19.68,1253581.0
2007-01-29 21:00:00,2235.782258064516,1865.0,2742.0,2063.4285714285716,2032.857142857143,42.83302110141619,19.68,1253581.0
2007-01-30 21:00:00,2236.166129032258,1900.0,6564.0,2015.2857142857142,1983.5714285714284,42.83302110141619,19.68,1253581.0
2007-01-31 21:00:00,2236.55,1908.5,5857.0,1967.142857142857,1934.2857142857142,42.83302110141619,19.68,1253581.0
2007-02-01 21:00:00,2237.2382142857145,1917.0,5150.0,1919.0,1885.0,42.83302110141619,19.68,1253581.0
2007-02-02 21:00:00,2237.926428571429,1917.0,5406.0,1984.3333333333333,2038.6666666666667,42.83302110141619,19.68,1253581.0
2007-02-03 21:00:00,2238.614642857143,1917.0,5662.0,2049.6666666666665,2192.3333333333335,42.83302110141619,19.68,1253581.0
2007-02-04 21:00:00,2239.302857142857,1917.0,5918.0,2115.0,2346.0,42.83302110141619,19.68,1253581.0
2007-02-05 21:00:00,2239.991071428572,1917.0,6174.0,2288.0,2433.0,42.83302110141619,19.68,1253581.0
2007-02-06 21:00:00,2240.679285714286,1921.0,5699.0,2383.5,2484.0,42.83302110141619,19.68,1253581.0
2007-02-07 21:00:00,2241.3675000000003,1891.0,5536.0,2479.0,2535.0,42.83302110141619,19.68,1253581.0
2007-02-08 21:00:00,2242.0557142857147,1917.0,2737.0,2480.0,2540.0,42.83302110141619,19.68,1253581.0
2007-02-09 21:00:00,2242.743928571429,1909.0,3685.5,2539.5,2732.0,42.83302110141619,19.68,1253581.0
2007-02-10 21:00:00,2243.432142857143,1901.0,4634.0,2599.0,2924.0,42.83302110141619,19.68,1253581.0
2007-02-11 21:00:00,2244.1203571428573,1893.0,5582.5,2565.4210526315787,2870.4736842105262,42.83302110141619,19.68,1253581.0
2007-02-12 21:00:00,2244.808571428572,1885.0,6531.0,2531.842105263158,2816.9473684210525,42.83302110141619,19.68,1253581.0
2007-02-13 21:00:00,2245.496785714286,1907.0,3303.0,2498.2631578947367,2763.421052631579,42.83302110141619,19.68,1253581.0
2007-02-14 21:00:00,2246.1850000000004,1928.0,4885.0,2464.684210526316,2709.8947368421054,42.83302110141619,19.68,1253581.0
2007-02-15 21:00:00,2246.8732142857143,1941.0,2328.0,2431.1052631578946,2656.3684210526317,42.83302110141619,19.68,1253581.0
2007-02-16 21:00:00,2247.5614285714287,1937.8,2554.8,2397.5263157894738,2602.842105263158,42.83302110141619,19.68,1253581.0
2007-02-17 21:00:00,2248.249642857143,1934.6,2781.6,2363.9473684210525,2549.315789473684,42.83302110141619,19.68,1253581.0
2007-02-18 21:00:00,2248.9378571428574,1931.4,3008.4,2330.3684210526317,2495.7894736842104,42.83302110141619,19.68,1253581.0
2007-02-19 21:00:00,2249.626071428572,1928.2,3235.2,2296.7894736842104,2442.2631578947367,42.83302110141619,19.68,1253581.0
2007-02-20 21:00:00,2250.3142857142857,1925.0,3462.0,2263.2105263157896,2388.7368421052633,42.83302110141619,19.68,1253581.0
2007-02-21 21:00:00,2251.0025,1944.0,4174.0,2229.6315789473683,2335.2105263157896,42.83302110141619,19.68,1253581.0
2007-02-22 21:00:00,2251.6907142857144,1951.0,4152.0,2196.0526315789475,2281.684210526316,42.83302110141619,19.68,1253581.0
2007-02-23 21:00:00,2252.378928571429,1951.0,4444.25,2162.4736842105262,2228.157894736842,42.83302110141619,19.68,1253581.0
2007-02-24 21:00:00,2253.067142857143,1951.0,4736.5,2128.894736842105,2174.6315789473683,42.83302110141619,19.68,1253581.0
2007-02-25 21:00:00,2253.755357142857,1951.0,5028.75,2095.315789473684,2121.1052631578946,42.83302110141619,19.68,1253581.0
2007-02-26 21:00:00,2254.4435714285714,1951.0,5321.0,2061.7368421052633,2067.578947368421,42.83302110141619,19.68,1253581.0
2007-02-27 21:00:00,2255.131785714286,1960.0,5591.0,2028.157894736842,2014.0526315789475,42.83302110141619,19.68,1253581.0
2007-02-28 21:00:00,2255.82,1950.0,3817.0,1994.578947368421,1960.5263157894738,42.83302110141619,19.68,1253581.0
2007-03-01 21:00:00,2257.512258064516,1940.0,3134.0,1961.0,1907.0,42.83302110141619,19.68,1253581.0
2007-03-02 21:00:00,2259.2045161290325,1940.75,2841.5,2004.0,2045.6666666666667,42.83302110141619,19.68,1253581.0
2007-03-03 21:00:00,2260.8967741935485,1941.5,2549.0,2047.0,2184.3333333333335,42.83302110141619,19.68,1253581.0
2007-03-04 21:00:00,2262.589032258065,1942.25,2256.5,2090.0,2323.0,42.83302110141619,19.68,1253581.0
2007-03-05 21:00:00,2264.281290322581,1943.0,1964.0,2245.0,2350.0,42.83302110141619,19.68,1253581.0
2007-03-06 21:00:00,2265.973548387097,1933.0,1849.0,2363.5,2432.5,42.83302110141619,19.68,1253581.0
2007-03-07 21:00:00,2267.665806451613,1963.0,5106.0,2482.0,2515.0,42.83302110141619,19.68,1253581.0
2007-03-08 21:00:00,2269.358064516129,1963.0,3215.0,2488.5,2597.5,42.83302110141619,19.68,1253581.0
2007-03-09 21:00:00,2271.050322580645,1966.5,2767.25,2495.0,2680.0,42.83302110141619,19.68,1253581.0
2007-03-10 21:00:00,2272.742580645161,1970.0,2319.5,2570.0,2934.0,42.83302110141619,19.68,1253581.0
2007-03-11 21:00:00,2274.434838709677,1973.5,1871.75,2740.0,3142.0,42.83302110141619,19.68,1253581.0
2007-03-12 21:00:00,2276.127096774194,1977.0,1424.0,2910.0,3350.0,42.83302110141619,19.68,1253581.0
2007-03-13 21:00:00,2277.81935483871,1944.0,2444.0,2858.7,3278.9,42.83302110141619,19.68,1253581.0
2007-03-14 21:00:00,2279.511612903226,1960.0,2602.0,2807.4,3207.8,42.83302110141619,19.68,1253581.0
2007-03-15 21:00:00,2281.203870967742,1947.0,1168.0,2756.1,3136.7,42.83302110141619,19.68,1253581.0
2007-03-16 21:00:00,2282.896129032258,1954.5,2720.5,2704.8,3065.6,42.83302110141619,19.68,1253581.0
2007-03-17 21:00:00,2284.5883870967746,1962.0,4273.0,2653.5,2994.5,42.83302110141619,19.68,1253581.0
2007-03-18 21:00:00,2286.2806451612905,1969.5,5825.5,2602.2,2923.4,42.83302110141619,19.68,1253581.0
2007-03-19 21:00:00,2287.9729032258065,1977.0,7378.0,2550.9,2852.3,42.83302110141619,19.68,1253581.0
2007-03-20 21:00:00,2289.665161290323,1975.0,4190.0,2499.6,2781.2,42.83302110141619,19.68,1253581.0
2007-03-21 21:00:00,2291.357419354839,1971.0,3000.0,2448.3,2710.1,42.83302110141619,19.68,1253581.0
2007-03-22 21:00:00,2293.0496774193552,2010.0,9001.0,2397.0,2639.0,42.83302110141619,19.68,1253581.0
2007-03-23 21:00:00,2294.741935483871,2008.25,7310.5,2345.7,2567.9,42.83302110141619,19.68,1253581.0
2007-03-24 21:00:00,2296.434193548387,2006.5,5620.0,2294.4,2496.8,42.83302110141619,19.68,1253581.0
2007-03-25 21:00:00,2298.126451612904,2004.75,3929.5,2243.1,2425.7,42.83302110141619,19.68,1253581.0
2007-03-26 21:00:00,2299.8187096774195,2003.0,2239.0,2191.8,2354.6000000000004,42.83302110141619,19.68,1253581.0
2007-03-27 21:00:00,2301.5109677419355,2048.0,5832.0,2140.5,2283.5,42.83302110141619,19.68,1253581.0
2007-03-28 21:00:00,2303.203225806452,2045.0,3192.0,2089.2,2212.4,42.83302110141619,19.68,1253581.0
2007-03-29 21:00:00,2304.895483870968,2070.0,5076.0,2037.9,2141.3,42.83302110141619,19.68,1253581.0
2007-03-30 21:00:00,2306.587741935484,2074.0,5701.25,1986.6,2070.2,42.83302110141619,19.68,1253581.0
2007-03-31 21:00:00,2308.28,2078.0,6326.5,1935.3000000000002,1999.1000000000001,42.83302110141619,19.68,1253581.0
2007-04-01 21:00:00,2316.5600000000004,2082.0,6951.75,1884.0,1928.0,42.83302110141619,19.68,1253581.0
2007-04-02 21:00:00,2324.84,2086.0,7577.0,1959.0,2063.0,42.83302110141619,19.68,1253581.0
2007-04-03 21:00:00,2333.1200000000003,2115.0,3528.0,2034.0,2198.0,42.83302110141619,19.68,1253581.0
2007-04-04 21:00:00,2341.4,2090.0,6209.0,2109.0,2333.0,42.83302110141619,19.68,1253581.0
2007-04-05 21:00:00,2349.6800000000003,2109.0,3081.0,2364.5,2474.0,42.83302110141619,19.68,1253581.0
2007-04-06 21:00:00,2357.96,2120.0,3963.5,2620.0,2615.0,42.83302110141619,19.68,1253581.0
2007-04-07 21:00:00,2366.24,2131.0,4846.0,2520.0,2497.0,42.83302110141619,19.68,1253581.0
2007-04-08 21:00:00,2374.52,2142.0,5728.5,2495.0,2614.0,42.83302110141619,19.68,1253581.0
2007-04-09 21:00:00,2382.8,2153.0,6611.0,2470.0,2731.0,42.83302110141619,19.68,1253581.0
2007-04-10 21:00:00,2391.08,2188.0,7205.0,2542.0,2942.0,42.83302110141619,19.68,1253581.0
2007-04-11 21:00:00,2399.36,2175.0,9152.0,2696.0,3102.5,42.83302110141619,19.68,1253581.0
2007-04-12 21:00:00,2407.64,2219.0,8426.0,2850.0,3263.0,42.83302110141619,19.68,1253581.0
2007-04-13 21:00:00,2415.92,2215.0,8556.0,2803.55,3197.2,42.83302110141619,19.68,1253581.0
2007-04-14 21:00:00,2424.2,2211.0,8686.0,2757.1,3131.4,42.83302110141619,19.68,1253581.0
2007-04-15 21:00:00,2432.48,2207.0,8816.0,2710.65,3065.6,42.83302110141619,19.68,1253581.0
2007-04-16 21:00:00,2440.76,2203.0,8946.0,2664.2,2999.8,42.83302110141619,19.68,1253581.0
2007-04-17 21:00:00,2449.04,2160.0,11127.0,2617.75,2934.0,42.83302110141619,19.68,1253581.0
2007-04-18 21:00:00,2457.32,2230.0,11658.0,2571.3,2868.2,42.83302110141619,19.68,1253581.0
2007-04-19 21:00:00,2465.6,2179.0,11229.0,2524.85,2802.4,42.83302110141619,19.68,1253581.0
2007-04-20 21:00:00,2473.88,2179.75,9593.25,2478.4,2736.6,42.83302110141619,19.68,1253581.0
2007-04-21 21:00:00,2482.16,2180.5,7957.5,2431.95,2670.8,42.83302110141619,19.68,1253581.0
2007-04-22 21:00:00,2490.44,2181.25,6321.75,2385.5,2605.0,42.83302110141619,19.68,1253581.0
2007-04-23 21:00:00,2498.72,2182.0,4686.0,2339.05,2539.2,42.83302110141619,19.68,1253581.0
2007-04-24 21:00:00,2507.0,2157.0,6382.0,2292.6,2473.4,42.83302110141619,19.68,1253581.0
2007-04-25 21:00:00,2515.28,2181.0,4967.0,2246.15,2407.6,42.83302110141619,19.68,1253581.0
2007-04-26 21:00:00,2523.56,2205.0,3552.0,2199.7,2341.8,42.83302110141619,19.68,1253581.0
2007-04-27 21:00:00,2531.84,2220.6666666666665,4971.166666666667,2153.25,2276.0,42.83302110141619,19.68,1253581.0
2007-04-28 21:00:00,2540.12,2236.3333333333335,6390.333333333334,2106.8,2210.2,42.83302110141619,19.68,1253581.0
2007-04-29 21:00:00,2548.4,2252.0,7809.5,2060.35,2144.4,42.83302110141619,19.68,1253581.0
2007-04-30 21:00:00,2556.68,2267.6666666666665,9228.666666666668,2013.9,2078.6000000000004,42.83302110141619,19.68,1253581.0
2007-05-01 21:00:00,2563.7648387096774,2283.3333333333335,10647.833333333334,1967.4499999999998,2012.8,42.83302110141619,19.68,1253581.0
2007-05-02 21:00:00,2570.8496774193545,2299.0,12067.0,1921.0,1947.0,42.83302110141619,19.68,1253581.0
2007-05-03 21:00:00,2577.934516129032,2288.0,5441.0,1933.0,2175.0,42.83302110141619,19.68,1253581.0
2007-05-04 21:00:00,2585.0193548387097,2275.5,5647.5,2132.0,2370.0,42.83302110141619,19.68,1253581.0
2007-05-05 21:00:00,2592.104193548387,2263.0,5854.0,2388.5,2496.5,42.83302110141619,19.68,1253581.0
2007-05-06 21:00:00,2599.1890322580643,2250.5,6060.5,2645.0,2623.0,42.83302110141619,19.68,1253581.0
2007-05-07 21:00:00,2606.273870967742,2238.0,6267.0,2509.0,2484.0,42.83302110141619,19.68,1253581.0
2007-05-08 21:00:00,2613.358709677419,2289.0,7805.0,2490.0,2624.5,42.83302110141619,19.68,1253581.0
2007-05-09 21:00:00,2620.4435483870966,2320.0,10220.0,2471.0,2765.0,42.83302110141619,19.68,1253581.0
2007-05-10 21:00:00,2627.528387096774,2325.0,11913.0,2735.5,2845.5,42.83302110141619,19.68,1253581.0
2007-05-11 21:00:00,2634.6132258064517,2330.25,11466.75,3000.0,2926.0,42.83302110141619,19.68,1253581.0
2007-05-12 21:00:00,2641.698064516129,2335.5,11020.5,2870.0,3360.0,42.83302110141619,19.68,1253581.0
2007-05-13 21:00:00,2648.7829032258064,2340.75,10574.25,2823.3809523809523,3294.1428571428573,42.83302110141619,19.68,1253581.0
2007-05-14 21:00:00,2655.8677419354835,2346.0,10128.0,2776.7619047619046,3228.285714285714,42.83302110141619,19.68,1253581.0
2007-05-15 21:00:00,2662.952580645161,2323.0,8779.0,2730.1428571428573,3162.4285714285716,42.83302110141619,19.68,1253581.0
2007-05-16 21:00:00,2670.0374193548387,2333.0,6652.0,2683.5238095238096,3096.5714285714284,42.83302110141619,19.68,1253581.0
2007-05-17 21:00:00,2677.122258064516,2370.0,6084.0,2636.904761904762,3030.714285714286,42.83302110141619,19.68,1253581.0
2007-05-18 21:00:00,2684.2070967741934,2371.25,5615.25,2590.285714285714,2964.8571428571427,42.83302110141619,19.68,1253581.0
2007-05-19 21:00:00,2691.291935483871,2372.5,5146.5,2543.6666666666665,2899.0,42.83302110141619,19.68,1253581.0
2007-05-20 21:00:00,2698.3767741935485,2373.75,4677.75,2497.0476190476193,2833.142857142857,42.83302110141619,19.68,1253581.0
2007-05-21 21:00:00,2705.4616129032256,2375.0,4209.0,2450.4285714285716,2767.285714285714,42.83302110141619,19.68,1253581.0
2007-05-22 21:00:00,2712.546451612903,2389.0,4327.0,2403.809523809524,2701.4285714285716,42.83302110141619,19.68,1253581.0
2007-05-23 21:00:00,2719.6312903225808,2445.0,6933.0,2357.190476190476,2635.5714285714284,42.83302110141619,19.68,1253581.0
2007-05-24 21:00:00,2726.716129032258,2498.0,7711.0,2310.5714285714284,2569.714285714286,42.83302110141619,19.68,1253581.0
2007-05-25 21:00:00,2733.8009677419354,2508.0,8124.25,2263.9523809523807,2503.8571428571427,42.83302110141619,19.68,1253581.0
2007-05-26 21:00:00,2740.885806451613,2518.0,8537.5,2217.333333333333,2438.0,42.83302110141619,19.68,1253581.0
2007-05-27 21:00:00,2747.97064516129,2528.0,8950.75,2170.714285714286,2372.142857142857,42.83302110141619,19.68,1253581.0
2007-05-28 21:00:00,2755.055483870968,2538.0,9364.0,2124.095238095238,2306.285714285714,42.83302110141619,19.68,1253581.0
2007-05-29 21:00:00,2762.1403225806453,2500.0,11838.0,2077.4761904761904,2240.4285714285716,42.83302110141619,19.68,1253581.0
2007-05-30 21:00:00,2769.2251612903224,2581.0,7482.0,2030.857142857143,2174.5714285714284,42.83302110141619,19.68,1253581.0
2007-05-31 21:00:00,2776.31,2562.0,6380.0,1984.2380952380952,2108.7142857142853,42.83302110141619,19.68,1253581.0
2007-06-01 21:00:00,2779.4463333333333,2596.75,6313.0,1937.6190476190477,2042.8571428571427,42.83302110141619,19.68,1253581.0
2007-06-02 21:00:00,2782.5826666666667,2631.5,6246.0,1891.0,1977.0,42.83302110141619,19.68,1253581.0
2007-06-03 21:00:00,2785.719,2666.25,6179.0,1963.0,2219.0,42.83302110141619,19.68,1253581.0
2007-06-04 21:00:00,2788.8553333333334,2701.0,6112.0,2132.3333333333335,2318.3333333333335,42.83302110141619,19.68,1253581.0
2007-06-05 21:00:00,2791.991666666667,2620.0,11486.0,2301.6666666666665,2417.6666666666665,42.83302110141619,19.68,1253581.0
2007-06-06 21:00:00,2795.128,2645.0,10887.0,2471.0,2517.0,42.83302110141619,19.68,1253581.0
2007-06-07 21:00:00,2798.264333333333,2471.0,14208.0,2485.5,2554.5,42.83302110141619,19.68,1253581.0
2007-06-08 21:00:00,2801.4006666666664,2461.5,14488.25,2500.0,2592.0,42.83302110141619,19.68,1253581.0
2007-06-09 21:00:00,2804.537,2452.0,14768.5,2500.0,2714.0,42.83302110141619,19.68,1253581.0
2007-06-10 21:00:00,2807.673333333333,2442.5,15048.75,2745.0,2832.0,42.83302110141619,19.68,1253581.0
2007-06-11 21:00:00,2810.8096666666665,2433.0,15329.0,2990.0,2950.0,42.83302110141619,19.68,1253581.0
2007-06-12 21:00:00,2813.946,2350.0,21192.0,2868.0,3316.0,42.83302110141619,19.68,1253581.0
2007-06-13 21:00:00,2817.0823333333333,2368.0,9509.0,2820.45,3248.95,42.83302110141619,19.68,1253581.0
2007-06-14 21:00:00,2820.218666666666,2425.0,8326.0,2772.9,3181.9,42.83302110141619,19.68,1253581.0
2007-06-15 21:00:00,2823.355,2427.75,7884.25,2725.35,3114.85,42.83302110141619,19.68,1253581.0
2007-06-16 21:00:00,2826.4913333333334,2430.5,7442.5,2677.8,3047.8,42.83302110141619,19.68,1253581.0
2007-06-17 21:00:00,2829.6276666666668,2433.25,7000.75,2630.25,2980.75,42.83302110141619,19.68,1253581.0
2007-06-18 21:00:00,2832.764,2436.0,6559.0,2582.7,2913.7,42.83302110141619,19.68,1253581.0
2007-06-19 21:00:00,2835.900333333333,2377.0,6597.0,2535.15,2846.65,42.83302110141619,19.68,1253581.0
2007-06-20 21:00:00,2839.036666666667,2388.0,7940.0,2487.6,2779.6,42.83302110141619,19.68,1253581.0
2007-06-21 21:00:00,2842.173,2380.0,3970.0,2440.05,2712.55,42.83302110141619,19.68,1253581.0
2007-06-22 21:00:00,2845.3093333333336,2372.0,4494.0,2392.5,2645.5,42.83302110141619,19.68,1253581.0
2007-06-23 21:00:00,2848.4456666666665,2364.0,5018.0,2344.95,2578.45,42.83302110141619,19.68,1253581.0
2007-06-24 21:00:00,2851.582,2356.0,5542.0,2297.4,2511.4,42.83302110141619,19.68,1253581.0
2007-06-25 21:00:00,2854.718333333333,2348.0,6066.0,2249.85,2444.35,42.83302110141619,19.68,1253581.0
2007-06-26 21:00:00,2857.8546666666666,2334.0,5456.0,2202.3,2377.3,42.83302110141619,19.68,1253581.0
2007-06-27 21:00:00,2860.991,2383.0,6956.0,2154.75,2310.25,42.83302110141619,19.68,1253581.0
2007-06-28 21:00:00,2864.1273333333334,2427.0,4768.0,2107.2,2243.2,42.83302110141619,19.68,1253581.0
2007-06-29 21:00:00,2867.2636666666667,2449.0,5634.0,2059.65,2176.15,42.83302110141619,19.68,1253581.0
2007-06-30 21:00:00,2870.4,2471.0,6500.0,2012.1,2109.1000000000004,42.83302110141619,19.68,1253581.0
2007-07-01 21:00:00,2872.686129032258,2493.0,7366.0,1964.5500000000002,2042.05,42.83302110141619,19.68,1253581.0
2007-07-02 21:00:00,2874.972258064516,2515.0,8232.0,1917.0,1975.0,42.83302110141619,19.68,1253581.0
2007-07-03 21:00:00,2877.258387096774,2479.0,6092.0,1963.0,2203.0,42.83302110141619,19.68,1253581.0
2007-07-04 21:00:00,2879.544516129032,2482.0,3201.0,2126.0,2285.5,42.83302110141619,19.68,1253581.0
2007-07-05 21:00:00,2881.8306451612902,2520.0,6403.0,2289.0,2368.0,42.83302110141619,19.68,1253581.0
2007-07-06 21:00:00,2884.1167741935483,2522.5,7266.0,2320.0,2528.0,42.83302110141619,19.68,1253581.0
2007-07-07 21:00:00,2886.4029032258063,2525.0,8129.0,2427.5,2568.5,42.83302110141619,19.68,1253581.0
2007-07-08 21:00:00,2888.689032258065,2527.5,8992.0,2535.0,2609.0,42.83302110141619,19.68,1253581.0
2007-07-09 21:00:00,2890.975161290323,2530.0,9855.0,2507.75,2581.1666666666665,42.83302110141619,19.68,1253581.0
2007-07-10 21:00:00,2893.261290322581,2584.0,7099.0,2480.5,2553.3333333333335,42.83302110141619,19.68,1253581.0
2007-07-11 21:00:00,2895.547419354839,2615.0,7335.0,2453.25,2525.5,42.83302110141619,19.68,1253581.0
2007-07-12 21:00:00,2897.833548387097,2623.0,6958.0,2426.0,2497.6666666666665,42.83302110141619,19.68,1253581.0
2007-07-13 21:00:00,2900.119677419355,2596.5,6832.5,2398.75,2469.8333333333335,42.83302110141619,19.68,1253581.0
2007-07-14 21:00:00,2902.405806451613,2570.0,6707.0,2371.5,2442.0,42.83302110141619,19.68,1253581.0
2007-07-15 21:00:00,2904.691935483871,2543.5,6581.5,2344.25,2414.1666666666665,42.83302110141619,19.68,1253581.0
2007-07-16 21:00:00,2906.978064516129,2517.0,6456.0,2317.0,2386.3333333333335,42.83302110141619,19.68,1253581.0
2007-07-17 21:00:00,2909.264193548387,2528.0,5503.0,2289.75,2358.5,42.83302110141619,19.68,1253581.0
2007-07-18 21:00:00,2911.550322580645,2485.0,5778.0,2262.5,2330.6666666666665,42.83302110141619,19.68,1253581.0
2007-07-19 21:00:00,2913.836451612903,2506.0,5316.0,2235.25,2302.8333333333335,42.83302110141619,19.68,1253581.0
2007-07-20 21:00:00,2916.122580645161,2510.75,5686.5,2208.0,2275.0,42.83302110141619,19.68,1253581.0
2007-07-21 21:00:00,2918.408709677419,2515.5,6057.0,2180.75,2247.1666666666665,42.83302110141619,19.68,1253581.0
2007-07-22 21:00:00,2920.694838709677,2520.25,6427.5,2153.5,2219.3333333333335,42.83302110141619,19.68,1253581.0
2007-07-23 21:00:00,2922.9809677419357,2525.0,6798.0,2126.25,2191.5,42.83302110141619,19.68,1253581.0
2007-07-24 21:00:00,2925.2670967741938,2521.0,5384.0,2099.0,2163.6666666666665,42.83302110141619,19.68,1253581.0
2007-07-25 21:00:00,2927.553225806452,2568.0,5402.0,2071.75,2135.8333333333335,42.83302110141619,19.68,1253581.0
2007-07-26 21:00:00,2929.83935483871,2583.0,4053.0,2044.5,2108.0,42.83302110141619,19.68,1253581.0
2007-07-27 21:00:00,2932.125483870968,2589.25,4400.0,2017.25,2080.166666666667,42.83302110141619,19.68,1253581.0
2007-07-28 21:00:00,2934.411612903226,2595.5,4747.0,1990.0,2052.3333333333335,42.83302110141619,19.68,1253581.0
2007-07-29 21:00:00,2936.697741935484,2601.75,5094.0,1962.75,2024.5,42.83302110141619,19.68,1253581.0
2007-07-30 21:00:00,2938.983870967742,2608.0,5441.0,1935.5,1996.6666666666667,42.83302110141619,19.68,1253581.0
2007-07-31 21:00:00,2941.27,2585.0,5905.0,1908.25,1968.8333333333335,42.83302110141619,19.68,1253581.0
2007-08-01 21:00:00,2939.765483870968,2602.0,5606.0,1881.0,1941.0,42.83302110141619,19.68,1253581.0
2007-08-02 21:00:00,2938.2609677419355,2574.0,2800.0,1890.0,1971.0,42.83302110141619,19.68,1253581.0
2007-08-03 21:00:00,2936.756451612903,2550.0,5363.75,1972.0,2160.0,42.83302110141619,19.68,1253581.0
2007-08-04 21:00:00,2935.251935483871,2526.0,7927.5,2146.0,2292.5,42.83302110141619,19.68,1253581.0
2007-08-05 21:00:00,2933.7474193548387,2502.0,10491.25,2320.0,2425.0,42.83302110141619,19.68,1253581.0
2007-08-06 21:00:00,2932.2429032258065,2478.0,13055.0,2385.0,2473.6666666666665,42.83302110141619,19.68,1253581.0
2007-08-07 21:00:00,2930.738387096774,2500.0,6062.0,2450.0,2522.3333333333335,42.83302110141619,19.68,1253581.0
2007-08-08 21:00:00,2929.233870967742,2535.0,6709.0,2515.0,2571.0,42.83302110141619,19.68,1253581.0
2007-08-09 21:00:00,2927.7293548387097,2515.0,4758.0,2580.0,2737.5,42.83302110141619,19.68,1253581.0
2007-08-10 21:00:00,2926.224838709677,2510.5,4850.75,2645.0,2904.0,42.83302110141619,19.68,1253581.0
2007-08-11 21:00:00,2924.720322580645,2506.0,4943.5,2919.0,2962.0,42.83302110141619,19.68,1253581.0
2007-08-12 21:00:00,2923.215806451613,2501.5,5036.25,2870.4761904761904,2912.6190476190477,42.83302110141619,19.68,1253581.0
2007-08-13 21:00:00,2921.7112903225807,2497.0,5129.0,2821.9523809523807,2863.2380952380954,42.83302110141619,19.68,1253581.0
2007-08-14 21:00:00,2920.2067741935484,2484.0,5314.0,2773.4285714285716,2813.8571428571427,42.83302110141619,19.68,1253581.0
2007-08-15 21:00:00,2918.702258064516,2389.0,7466.0,2724.904761904762,2764.4761904761904,42.83302110141619,19.68,1253581.0
2007-08-16 21:00:00,2917.197741935484,2378.0,10356.0,2676.3809523809523,2715.095238095238,42.83302110141619,19.68,1253581.0
2007-08-17 21:00:00,2915.693225806452,2382.5,8806.25,2627.8571428571427,2665.714285714286,42.83302110141619,19.68,1253581.0
2007-08-18 21:00:00,2914.1887096774194,2387.0,7256.5,2579.3333333333335,2616.3333333333335,42.83302110141619,19.68,1253581.0
2007-08-19 21:00:00,2912.684193548387,2391.5,5706.75,2530.809523809524,2566.9523809523807,42.83302110141619,19.68,1253581.0
2007-08-20 21:00:00,2911.179677419355,2396.0,4157.0,2482.285714285714,2517.5714285714284,42.83302110141619,19.68,1253581.0
2007-08-21 21:00:00,2909.675161290322,2425.0,7211.0,2433.7619047619046,2468.190476190476,42.83302110141619,19.68,1253581.0
2007-08-22 21:00:00,2908.1706451612904,2430.0,4770.0,2385.2380952380954,2418.809523809524,42.83302110141619,19.68,1253581.0
2007-08-23 21:00:00,2906.666129032258,2430.0,4832.0,2336.714285714286,2369.4285714285716,42.83302110141619,19.68,1253581.0
2007-08-24 21:00:00,2905.161612903226,2425.5,4527.75,2288.190476190476,2320.0476190476193,42.83302110141619,19.68,1253581.0
2007-08-25 21:00:00,2903.6570967741936,2421.0,4223.5,2239.6666666666665,2270.666666666667,42.83302110141619,19.68,1253581.0
2007-08-26 21:00:00,2902.1525806451614,2416.5,3919.25,2191.142857142857,2221.285714285714,42.83302110141619,19.68,1253581.0
2007-08-27 21:00:00,2900.648064516129,2412.0,3615.0,2142.6190476190477,2171.904761904762,42.83302110141619,19.68,1253581.0
2007-08-28 21:00:00,2899.143548387097,2378.0,4860.0,2094.095238095238,2122.5238095238096,42.83302110141619,19.68,1253581.0
2007-08-29 21:00:00,2897.6390322580646,2420.0,4284.0,2045.5714285714284,2073.142857142857,42.83302110141619,19.68,1253581.0
2007-08-30 21:00:00,2896.1345161290324,2427.8,4780.6,1997.047619047619,2023.7619047619048,42.83302110141619,19.68,1253581.0
2007-08-31 21:00:00,2894.63,2435.6,5277.2,1948.5238095238096,1974.3809523809523,42.83302110141619,19.68,1253581.0
2007-09-01 21:00:00,2896.7253333333333,2443.4,5773.8,1900.0,1925.0,42.83302110141619,19.68,1253581.0
2007-09-02 21:00:00,2898.820666666667,2451.2,6270.4,1996.0,2075.0,42.83302110141619,19.68,1253581.0
2007-09-03 21:00:00,2900.916,2459.0,6767.0,2092.0,2225.0,42.83302110141619,19.68,1253581.0
2007-09-04 21:00:00,2903.0113333333334,2495.0,5814.0,2188.0,2375.0,42.83302110141619,19.68,1253581.0
2007-09-05 21:00:00,2905.1066666666666,2470.0,3470.0,2325.0,2436.0,42.83302110141619,19.68,1253581.0
2007-09-06 21:00:00,2907.202,2471.0,2504.0,2454.5,2412.5,42.83302110141619,19.68,1253581.0
2007-09-07 21:00:00,2909.2973333333334,2478.25,3002.75,2584.0,2389.0,42.83302110141619,19.68,1253581.0
2007-09-08 21:00:00,2911.392666666666,2485.5,3501.5,2530.0,2569.0,42.83302110141619,19.68,1253581.0
2007-09-09 21:00:00,2913.488,2492.75,4000.25,2605.0,2749.5,42.83302110141619,19.68,1253581.0
2007-09-10 21:00:00,2915.583333333333,2500.0,4499.0,2680.0,2930.0,42.83302110141619,19.68,1253581.0
2007-09-11 21:00:00,2917.6786666666667,2520.0,4051.0,2642.3333333333335,2883.0476190476193,42.83302110141619,19.68,1253581.0
2007-09-12 21:00:00,2919.774,2540.0,6171.0,2604.6666666666665,2836.095238095238,42.83302110141619,19.68,1253581.0
2007-09-13 21:00:00,2921.869333333333,2592.0,4565.0,2567.0,2789.1428571428573,42.83302110141619,19.68,1253581.0
2007-09-14 21:00:00,2923.9646666666667,2596.25,4655.5,2529.3333333333335,2742.190476190476,42.83302110141619,19.68,1253581.0
2007-09-15 21:00:00,2926.06,2600.5,4746.0,2491.6666666666665,2695.2380952380954,42.83302110141619,19.68,1253581.0
2007-09-16 21:00:00,2928.155333333333,2604.75,4836.5,2454.0,2648.285714285714,42.83302110141619,19.68,1253581.0
2007-09-17 21:00:00,2930.250666666667,2609.0,4927.0,2416.3333333333335,2601.3333333333335,42.83302110141619,19.68,1253581.0
2007-09-18 21:00:00,2932.346,2571.0,6382.0,2378.6666666666665,2554.3809523809523,42.83302110141619,19.68,1253581.0
2007-09-19 21:00:00,2934.441333333333,2569.0,3701.0,2341.0,2507.4285714285716,42.83302110141619,19.68,1253581.0
2007-09-20 21:00:00,2936.5366666666664,2606.0,6688.0,2303.3333333333335,2460.4761904761904,42.83302110141619,19.68,1253581.0
2007-09-21 21:00:00,2938.632,2618.25,6242.5,2265.6666666666665,2413.5238095238096,42.83302110141619,19.68,1253581.0
2007-09-22 21:00:00,2940.7273333333333,2630.5,5797.0,2228.0,2366.5714285714284,42.83302110141619,19.68,1253581.0
2007-09-23 21:00:00,2942.8226666666665,2642.75,5351.5,2190.3333333333335,2319.6190476190477,42.83302110141619,19.68,1253581.0
2007-09-24 21:00:00,2944.918,2655.0,4906.0,2152.666666666667,2272.666666666667,42.83302110141619,19.68,1253581.0
2007-09-25 21:00:00,2947.0133333333333,2612.0,5999.0,2115.0,2225.714285714286,42.83302110141619,19.68,1253581.0
2007-09-26 21:00:00,2949.1086666666665,2605.0,8610.0,2077.3333333333335,2178.7619047619046,42.83302110141619,19.68,1253581.0
2007-09-27 21:00:00,2951.204,2644.0,6224.0,2039.6666666666667,2131.809523809524,42.83302110141619,19.68,1253581.0
2007-09-28 21:00:00,2953.299333333333,2625.25,6293.75,2002.0,2084.857142857143,42.83302110141619,19.68,1253581.0
2007-09-29 21:00:00,2955.3946666666666,2606.5,6363.5,1964.3333333333335,2037.904761904762,42.83302110141619,19.68,1253581.0
2007-09-30 21:00:00,2957.49,2587.75,6433.25,1926.6666666666667,1990.952380952381,42.83302110141619,19.68,1253581.0
2007-10-01 21:00:00,2963.027741935484,2569.0,6503.0,1889.0,1944.0,42.83302110141619,19.68,1253581.0
2007-10-02 21:00:00,2968.5654838709675,2545.0,4514.0,1984.3333333333333,2092.3333333333335,42.83302110141619,19.68,1253581.0
2007-10-03 21:00:00,2974.1032258064515,2599.0,3774.0,2079.6666666666665,2240.6666666666665,42.83302110141619,19.68,1253581.0
2007-10-04 21:00:00,2979.640967741935,2570.0,7779.0,2175.0,2389.0,42.83302110141619,19.68,1253581.0
2007-10-05 21:00:00,2985.178709677419,2575.5,7544.25,2389.0,2377.0,42.83302110141619,19.68,1253581.0
2007-10-06 21:00:00,2990.716451612903,2581.0,7309.5,2502.0,2377.5,42.83302110141619,19.68,1253581.0
2007-10-07 21:00:00,2996.254193548387,2586.5,7074.75,2615.0,2378.0,42.83302110141619,19.68,1253581.0
2007-10-08 21:00:00,3001.791935483871,2592.0,6840.0,2567.5,2556.5,42.83302110141619,19.68,1253581.0
2007-10-09 21:00:00,3007.3296774193545,2645.0,7497.0,2520.0,2735.0,42.83302110141619,19.68,1253581.0
2007-10-10 21:00:00,3012.8674193548386,2680.0,5980.0,2731.0,2970.0,42.83302110141619,19.68,1253581.0
2007-10-11 21:00:00,3018.405161290322,2731.0,6031.0,2804.0,3042.5,42.83302110141619,19.68,1253581.0
2007-10-12 21:00:00,3023.9429032258063,2739.5,6544.5,2877.0,3115.0,42.83302110141619,19.68,1253581.0
2007-10-13 21:00:00,3029.4806451612903,2748.0,7058.0,2829.9,3056.8,42.83302110141619,19.68,1253581.0
2007-10-14 21:00:00,3035.018387096774,2756.5,7571.5,2782.8,2998.6,42.83302110141619,19.68,1253581.0
2007-10-15 21:00:00,3040.556129032258,2765.0,8085.0,2735.7,2940.4,42.83302110141619,19.68,1253581.0
2007-10-16 21:00:00,3046.0938709677416,2714.0,8517.0,2688.6,2882.2,42.83302110141619,19.68,1253581.0
2007-10-17 21:00:00,3051.6316129032257,2735.0,8101.0,2641.5,2824.0,42.83302110141619,19.68,1253581.0
2007-10-18 21:00:00,3057.1693548387093,2765.0,7021.0,2594.4,2765.8,42.83302110141619,19.68,1253581.0
2007-10-19 21:00:00,3062.7070967741934,2749.75,7264.5,2547.3,2707.6,42.83302110141619,19.68,1253581.0
2007-10-20 21:00:00,3068.2448387096774,2734.5,7508.0,2500.2,2649.4,42.83302110141619,19.68,1253581.0
2007-10-21 21:00:00,3073.782580645161,2719.25,7751.5,2453.1,2591.2,42.83302110141619,19.68,1253581.0
2007-10-22 21:00:00,3079.320322580645,2704.0,7995.0,2406.0,2533.0,42.83302110141619,19.68,1253581.0
2007-10-23 21:00:00,3084.8580645161287,2713.0,5431.0,2358.9,2474.8,42.83302110141619,19.68,1253581.0
2007-10-24 21:00:00,3090.3958064516128,2707.0,6545.0,2311.8,2416.6,42.83302110141619,19.68,1253581.0
2007-10-25 21:00:00,3095.9335483870964,2800.0,12106.0,2264.7,2358.4,42.83302110141619,19.68,1253581.0
2007-10-26 21:00:00,3101.4712903225804,2815.5,10745.75,2217.6,2300.2,42.83302110141619,19.68,1253581.0
2007-10-27 21:00:00,3107.0090322580645,2831.0,9385.5,2170.5,2242.0,42.83302110141619,19.68,1253581.0
2007-10-28 21:00:00,3112.546774193548,2846.5,8025.25,2123.4,2183.8,42.83302110141619,19.68,1253581.0
2007-10-29 21:00:00,3118.084516129032,2862.0,6665.0,2076.3,2125.6,42.83302110141619,19.68,1253581.0
2007-10-30 21:00:00,3123.622258064516,2880.0,7966.0,2029.1999999999998,2067.3999999999996,42.83302110141619,19.68,1253581.0
2007-10-31 21:00:00,3129.16,2930.0,7187.0,1982.1,2009.2,42.83302110141619,19.68,1253581.0
2007-11-01 21:00:00,3136.6113333333333,2917.0,6408.0,1935.0,1951.0,42.83302110141619,19.68,1253581.0
2007-11-02 21:00:00,3144.0626666666667,2927.75,5931.75,2029.6666666666667,2115.6666666666665,42.83302110141619,19.68,1253581.0
2007-11-03 21:00:00,3151.514,2938.5,5455.5,2124.3333333333335,2280.3333333333335,42.83302110141619,19.68,1253581.0
2007-11-04 21:00:00,3158.965333333333,2949.25,4979.25,2219.0,2445.0,42.83302110141619,19.68,1253581.0
2007-11-05 21:00:00,3166.4166666666665,2960.0,4503.0,2284.5,2465.0,42.83302110141619,19.68,1253581.0
2007-11-06 21:00:00,3173.868,3000.0,8576.0,2350.0,2485.0,42.83302110141619,19.68,1253581.0
2007-11-07 21:00:00,3181.3193333333334,2995.0,6264.5,2623.0,2396.0,42.83302110141619,19.68,1253581.0
2007-11-08 21:00:00,3188.7706666666663,2990.0,3953.0,2581.5,2580.5,42.83302110141619,19.68,1253581.0
2007-11-09 21:00:00,3196.222,2973.5,5437.0,2540.0,2765.0,42.83302110141619,19.68,1253581.0
2007-11-10 21:00:00,3203.673333333333,2957.0,6921.0,2765.0,2992.0,42.83302110141619,19.68,1253581.0
2007-11-11 21:00:00,3211.1246666666666,2940.5,8405.0,2842.5,3053.5,42.83302110141619,19.68,1253581.0
2007-11-12 21:00:00,3218.576,2924.0,9889.0,2920.0,3115.0,42.83302110141619,19.68,1253581.0
2007-11-13 21:00:00,3226.027333333333,2934.0,4605.0,2869.35,3059.75,42.83302110141619,19.68,1253581.0
2007-11-14 21:00:00,3233.4786666666664,2942.0,4892.0,2818.7,3004.5,42.83302110141619,19.68,1253581.0
2007-11-15 21:00:00,3240.93,2904.0,7415.0,2768.05,2949.25,42.83302110141619,19.68,1253581.0
2007-11-16 21:00:00,3248.3813333333333,2910.5,7292.75,2717.4,2894.0,42.83302110141619,19.68,1253581.0
2007-11-17 21:00:00,3255.8326666666667,2917.0,7170.5,2666.75,2838.75,42.83302110141619,19.68,1253581.0
2007-11-18 21:00:00,3263.284,2923.5,7048.25,2616.1,2783.5,42.83302110141619,19.68,1253581.0
2007-11-19 21:00:00,3270.735333333333,2930.0,6926.0,2565.45,2728.25,42.83302110141619,19.68,1253581.0
2007-11-20 21:00:00,3278.1866666666665,2970.0,4723.0,2514.8,2673.0,42.83302110141619,19.68,1253581.0
2007-11-21 21:00:00,3285.638,2992.0,4518.0,2464.15,2617.75,42.83302110141619,19.68,1253581.0
2007-11-22 21:00:00,3293.0893333333333,3044.0,6115.0,2413.5,2562.5,42.83302110141619,19.68,1253581.0
2007-11-23 21:00:00,3300.5406666666663,3029.25,6020.0,2362.85,2507.25,42.83302110141619,19.68,1253581.0
2007-11-24 21:00:00,3307.992,3014.5,5925.0,2312.2,2452.0,42.83302110141619,19.68,1253581.0
2007-11-25 21:00:00,3315.443333333333,2999.75,5830.0,2261.55,2396.75,42.83302110141619,19.68,1253581.0
2007-11-26 21:00:00,3322.8946666666666,2985.0,5735.0,2210.9,2341.5,42.83302110141619,19.68,1253581.0
2007-11-27 21:00:00,3330.346,2933.0,7359.0,2160.25,2286.25,42.83302110141619,19.68,1253581.0
2007-11-28 21:00:00,3337.797333333333,2990.0,6960.0,2109.6,2231.0,42.83302110141619,19.68,1253581.0
2007-11-29 21:00:00,3345.2486666666664,2930.0,7582.0,2058.95,2175.75,42.83302110141619,19.68,1253581.0
2007-11-30 21:00:00,3352.7,2919.75,7045.5,2008.3000000000002,2120.5,42.83302110141619,19.68,1253581.0
2007-12-01 21:00:00,3352.3416129032257,2909.5,6509.0,1957.65,2065.25,42.83302110141619,19.68,1253581.0
2007-12-02 21:00:00,3351.983225806452,2899.25,5972.5,1907.0,2010.0,42.83302110141619,19.68,1253581.0
2007-12-03 21:00:00,3351.624838709677,2889.0,5436.0,1944.0,2230.0,42.83302110141619,19.68,1253581.0
2007-12-04 21:00:00,3351.266451612903,2910.0,7517.0,2250.0,2498.0,42.83302110141619,19.68,1253581.0
2007-12-05 21:00:00,3350.908064516129,2850.0,6829.0,2309.0,2502.0,42.83302110141619,19.68,1253581.0
2007-12-06 21:00:00,3350.549677419355,2870.0,6100.0,2368.0,2506.0,42.83302110141619,19.68,1253581.0
2007-12-07 21:00:00,3350.1912903225807,2872.5,5643.0,2540.0,2425.0,42.83302110141619,19.68,1253581.0
2007-12-08 21:00:00,3349.832903225806,2875.0,5186.0,2566.0,2564.5,42.83302110141619,19.68,1253581.0
2007-12-09 21:00:00,3349.474516129032,2877.5,4729.0,2592.0,2704.0,42.83302110141619,19.68,1253581.0
2007-12-10 21:00:00,3349.116129032258,2880.0,4272.0,2763.0,2848.0,42.83302110141619,19.68,1253581.0
2007-12-11 21:00:00,3348.757741935484,2877.0,2954.0,2934.0,2992.0,42.83302110141619,19.68,1253581.0
2007-12-12 21:00:00,3348.3993548387098,2920.0,6099.0,2926.0,3211.0,42.83302110141619,19.68,1253581.0
2007-12-13 21:00:00,3348.040967741935,2926.0,2102.0,2936.45,3224.65,42.83302110141619,19.68,1253581.0
2007-12-14 21:00:00,3347.682580645161,2932.0,2351.0,2946.9,3238.3,42.83302110141619,19.68,1253581.0
2007-12-15 21:00:00,3347.324193548387,2938.0,2600.0,2957.35,3251.95,42.83302110141619,19.68,1253581.0
2007-12-16 21:00:00,3346.965806451613,2944.0,2849.0,2967.8,3265.6,42.83302110141619,19.68,1253581.0
2007-12-17 21:00:00,3346.607419354839,2950.0,3098.0,2978.25,3279.25,42.83302110141619,19.68,1253581.0
2007-12-18 21:00:00,3346.2490322580647,2962.0,4042.0,2988.7,3292.9,42.83302110141619,19.68,1253581.0
2007-12-19 21:00:00,3345.89064516129,2977.0,3171.0,2999.15,3306.55,42.83302110141619,19.68,1253581.0
2007-12-20 21:00:00,3345.532258064516,2992.0,2300.0,3009.6,3320.2,42.83302110141619,19.68,1253581.0
2007-12-21 21:00:00,3345.173870967742,3009.6,2861.4,3020.05,3333.85,42.83302110141619,19.68,1253581.0
2007-12-22 21:00:00,3344.815483870968,3027.2,3422.8,3030.5,3347.5,42.83302110141619,19.68,1253581.0
2007-12-23 21:00:00,3344.457096774194,3044.8,3984.2,3040.95,3361.15,42.83302110141619,19.68,1253581.0
2007-12-24 21:00:00,3344.0987096774197,3062.4,4545.6,3051.4,3374.8,42.83302110141619,19.68,1253581.0
2007-12-25 21:00:00,3343.740322580645,3080.0,5107.0,3061.85,3388.45,42.83302110141619,19.68,1253581.0
2007-12-26 21:00:00,3343.381935483871,3097.0,7410.0,3072.3,3402.1,42.83302110141619,19.68,1253581.0
2007-12-27 21:00:00,3343.023548387097,3125.0,3990.0,3082.75,3415.75,42.83302110141619,19.68,1253581.0
2007-12-28 21:00:00,3342.665161290323,3116.4,4267.6,3093.2,3429.4,42.83302110141619,19.68,1253581.0
2007-12-29 21:00:00,3342.3067741935483,3107.8,4545.2,3103.65,3443.05,42.83302110141619,19.68,1253581.0
2007-12-30 21:00:00,3341.9483870967742,3099.2,4822.8,3114.1,3456.7,42.83302110141619,19.68,1253581.0
2007-12-31 21:00:00,3341.59,3090.6,5100.4,3124.55,3470.35,42.83302110141619,19.68,1253581.0
2008-01-01 21:00:00,3352.0887096774195,3082.0,5378.0,3135.0,3484.0,42.83302110141619,19.68,1253581.0
2008-01-02 21:00:00,3362.587419354839,3135.0,7495.0,3186.6666666666665,3500.0,42.83302110141619,19.68,1253581.0
2008-01-03 21:00:00,3373.086129032258,3120.0,7690.0,3238.3333333333335,3516.0,42.83302110141619,19.68,1253581.0
2008-01-04 21:00:00,3383.5848387096776,3130.25,7019.25,3290.0,3532.0,42.83302110141619,19.68,1253581.0
2008-01-05 21:00:00,3394.083548387097,3140.5,6348.5,3390.0,3606.0,42.83302110141619,19.68,1253581.0
2008-01-06 21:00:00,3404.5822580645163,3150.75,5677.75,3512.5,3192.5,42.83302110141619,19.68,1253581.0
2008-01-07 21:00:00,3415.080967741936,3161.0,5007.0,3635.0,2779.0,42.83302110141619,19.68,1253581.0
2008-01-08 21:00:00,3425.579677419355,3201.0,6198.0,3043.0,2314.5,42.83302110141619,19.68,1253581.0
2008-01-09 21:00:00,3436.0783870967743,3240.5,7606.5,2451.0,1850.0,42.83302110141619,19.68,1253581.0
2008-01-10 21:00:00,3446.5770967741937,3280.0,9015.0,2146.0,1861.3333333333333,42.83302110141619,19.68,1253581.0
2008-01-11 21:00:00,3457.075806451613,3297.5,9779.0,1841.0,1872.6666666666667,42.83302110141619,19.68,1253581.0
2008-01-12 21:00:00,3467.5745161290324,3315.0,10543.0,1536.0,1884.0,42.83302110141619,19.68,1253581.0
2008-01-13 21:00:00,3478.073225806452,3332.5,11307.0,1615.2,1971.05,42.83302110141619,19.68,1253581.0
2008-01-14 21:00:00,3488.571935483871,3350.0,12071.0,1694.4,2058.1,42.83302110141619,19.68,1253581.0
2008-01-15 21:00:00,3499.0706451612905,3263.0,10633.0,1773.6,2145.15,42.83302110141619,19.68,1253581.0
2008-01-16 21:00:00,3509.56935483871,3360.0,13059.0,1852.8,2232.2,42.83302110141619,19.68,1253581.0
2008-01-17 21:00:00,3520.068064516129,3316.0,10933.0,1932.0,2319.25,42.83302110141619,19.68,1253581.0
2008-01-18 21:00:00,3530.566774193549,3265.75,11960.25,2011.2,2406.3,42.83302110141619,19.68,1253581.0
2008-01-19 21:00:00,3541.065483870968,3215.5,12987.5,2090.4,2493.35,42.83302110141619,19.68,1253581.0
2008-01-20 21:00:00,3551.5641935483877,3165.25,14014.75,2169.6,2580.4,42.83302110141619,19.68,1253581.0
2008-01-21 21:00:00,3562.0629032258066,3115.0,15042.0,2248.8,2667.45,42.83302110141619,19.68,1253581.0
2008-01-22 21:00:00,3572.561612903226,3115.0,0.0,2328.0,2754.5,42.83302110141619,19.68,1253581.0
2008-01-23 21:00:00,3583.0603225806453,3211.0,20767.0,2407.2,2841.55,42.83302110141619,19.68,1253581.0
2008-01-24 21:00:00,3593.5590322580647,3255.0,10500.0,2486.4,2928.6,42.83302110141619,19.68,1253581.0
2008-01-25 21:00:00,3604.057741935484,3241.25,9519.25,2565.6000000000004,3015.6499999999996,42.83302110141619,19.68,1253581.0
2008-01-26 21:00:00,3614.556451612904,3227.5,8538.5,2644.8,3102.7,42.83302110141619,19.68,1253581.0
2008-01-27 21:00:00,3625.0551612903223,3213.75,7557.75,2724.0,3189.75,42.83302110141619,19.68,1253581.0
2008-01-28 21:00:00,3635.553870967742,3200.0,6577.0,2803.2,3276.8,42.83302110141619,19.68,1253581.0
2008-01-29 21:00:00,3646.0525806451615,3224.0,5939.0,2882.4,3363.85,42.83302110141619,19.68,1253581.0
2008-01-30 21:00:00,3656.551290322581,3232.0,4675.0,2961.6000000000004,3450.8999999999996,42.83302110141619,19.68,1253581.0
2008-01-31 21:00:00,3667.05,3255.4,5507.8,3040.8,3537.95,42.83302110141619,19.68,1253581.0
2008-02-01 21:00:00,3681.5603448275865,3278.8,6340.6,3120.0,3625.0,42.83302110141619,19.68,1253581.0
2008-02-02 21:00:00,3696.070689655173,3302.2,7173.4,3179.0,3602.6666666666665,42.83302110141619,19.68,1253581.0
2008-02-03 21:00:00,3710.581034482759,3325.6,8006.2,3238.0,3580.3333333333335,42.83302110141619,19.68,1253581.0
2008-02-04 21:00:00,3725.091379310345,3349.0,8839.0,3297.0,3558.0,42.83302110141619,19.68,1253581.0
2008-02-05 21:00:00,3739.6017241379313,3385.0,3083.0,3368.5,3534.5,42.83302110141619,19.68,1253581.0
2008-02-06 21:00:00,3754.112068965517,3383.3333333333335,3576.0,3440.0,3511.0,42.83302110141619,19.68,1253581.0
2008-02-07 21:00:00,3768.622413793104,3381.6666666666665,4069.0,3630.0,2561.0,42.83302110141619,19.68,1253581.0
2008-02-08 21:00:00,3783.13275862069,3380.0,4562.0,3070.0,2152.0,42.83302110141619,19.68,1253581.0
2008-02-09 21:00:00,3797.643103448276,3378.3333333333335,5055.0,2510.0,1743.0,42.83302110141619,19.68,1253581.0
2008-02-10 21:00:00,3812.153448275862,3376.6666666666665,5548.0,1820.0,1480.0,42.83302110141619,19.68,1253581.0
2008-02-11 21:00:00,3826.663793103448,3375.0,6041.0,1641.0,1643.0,42.83302110141619,19.68,1253581.0
2008-02-12 21:00:00,3841.1741379310342,3360.0,5227.0,1462.0,1806.0,42.83302110141619,19.68,1253581.0
2008-02-13 21:00:00,3855.684482758621,3451.0,7283.0,1557.888888888889,1907.0,42.83302110141619,19.68,1253581.0
2008-02-14 21:00:00,3870.194827586207,3484.0,8625.0,1653.7777777777778,2008.0,42.83302110141619,19.68,1253581.0
2008-02-15 21:00:00,3884.705172413793,3519.25,9334.5,1749.6666666666665,2109.0,42.83302110141619,19.68,1253581.0
2008-02-16 21:00:00,3899.21551724138,3554.5,10044.0,1845.5555555555557,2210.0,42.83302110141619,19.68,1253581.0
2008-02-17 21:00:00,3913.725862068965,3589.75,10753.5,1941.4444444444443,2311.0,42.83302110141619,19.68,1253581.0
2008-02-18 21:00:00,3928.236206896552,3625.0,11463.0,2037.3333333333333,2412.0,42.83302110141619,19.68,1253581.0
2008-02-19 21:00:00,3942.746551724138,3624.0,11133.0,2133.222222222222,2513.0,42.83302110141619,19.68,1253581.0
2008-02-20 21:00:00,3957.256896551724,3702.0,7467.0,2229.1111111111113,2614.0,42.83302110141619,19.68,1253581.0
2008-02-21 21:00:00,3971.7672413793102,3698.0,4920.0,2325.0,2715.0,42.83302110141619,19.68,1253581.0
2008-02-22 21:00:00,3986.277586206897,3721.5,5340.25,2420.8888888888887,2816.0,42.83302110141619,19.68,1253581.0
2008-02-23 21:00:00,4000.787931034483,3745.0,5760.5,2516.777777777778,2917.0,42.83302110141619,19.68,1253581.0
2008-02-24 21:00:00,4015.2982758620687,3768.5,6180.75,2612.6666666666665,3018.0,42.83302110141619,19.68,1253581.0
2008-02-25 21:00:00,4029.808620689655,3792.0,6601.0,2708.5555555555557,3119.0,42.83302110141619,19.68,1253581.0
2008-02-26 21:00:00,4044.3189655172414,3864.0,6898.0,2804.4444444444443,3220.0,42.83302110141619,19.68,1253581.0
2008-02-27 21:00:00,4058.829310344828,3850.0,5816.0,2900.333333333333,3321.0,42.83302110141619,19.68,1253581.0
2008-02-28 21:00:00,4073.3396551724136,4005.0,7057.0,2996.222222222222,3422.0,42.83302110141619,19.68,1253581.0
2008-02-29 21:00:00,4087.85,4028.5,9753.25,3092.1111111111113,3523.0,42.83302110141619,19.68,1253581.0
2008-03-01 21:00:00,4097.56,4052.0,12449.5,3188.0,3624.0,42.83302110141619,19.68,1253581.0
2008-03-02 21:00:00,4107.27,4075.5,15145.75,3641.5,3539.0,42.83302110141619,19.68,1253581.0
2008-03-03 21:00:00,4116.98,4099.0,17842.0,4095.0,3454.0,42.83302110141619,19.68,1253581.0
2008-03-04 21:00:00,4126.69,4095.0,13027.0,3382.0,3521.0,42.83302110141619,19.68,1253581.0
2008-03-05 21:00:00,4136.4,4003.0,14931.0,3455.0,3548.0,42.83302110141619,19.68,1253581.0
2008-03-06 21:00:00,4146.11,3710.0,16291.0,3528.0,3575.0,42.83302110141619,19.68,1253581.0
2008-03-07 21:00:00,4155.82,3742.0,14154.0,3512.0,2548.0,42.83302110141619,19.68,1253581.0
2008-03-08 21:00:00,4165.53,3774.0,12017.0,2991.0,2099.5,42.83302110141619,19.68,1253581.0
2008-03-09 21:00:00,4175.24,3806.0,9880.0,2470.0,1651.0,42.83302110141619,19.68,1253581.0
2008-03-10 21:00:00,4184.95,3838.0,7743.0,2055.0,1616.0,42.83302110141619,19.68,1253581.0
2008-03-11 21:00:00,4194.66,3765.0,8259.0,1640.0,1581.0,42.83302110141619,19.68,1253581.0
2008-03-12 21:00:00,4204.37,3798.0,8657.0,1499.0,1833.0,42.83302110141619,19.68,1253581.0
2008-03-13 21:00:00,4214.08,3686.0,12136.0,1588.8095238095239,1910.0,42.83302110141619,19.68,1253581.0
2008-03-14 21:00:00,4223.79,3627.0,12378.5,1678.6190476190477,1987.0,42.83302110141619,19.68,1253581.0
2008-03-15 21:00:00,4233.5,3568.0,12621.0,1768.4285714285716,2064.0,42.83302110141619,19.68,1253581.0
2008-03-16 21:00:00,4243.21,3509.0,12863.5,1858.2380952380952,2141.0,42.83302110141619,19.68,1253581.0
2008-03-17 21:00:00,4252.92,3450.0,13106.0,1948.047619047619,2218.0,42.83302110141619,19.68,1253581.0
2008-03-18 21:00:00,4262.63,3330.0,11761.0,2037.857142857143,2295.0,42.83302110141619,19.68,1253581.0
2008-03-19 21:00:00,4272.34,3330.0,10146.5,2127.6666666666665,2372.0,42.83302110141619,19.68,1253581.0
2008-03-20 21:00:00,4282.05,3330.0,8532.0,2217.4761904761904,2449.0,42.83302110141619,19.68,1253581.0
2008-03-21 21:00:00,4291.759999999999,3372.5,9470.25,2307.285714285714,2526.0,42.83302110141619,19.68,1253581.0
2008-03-22 21:00:00,4301.469999999999,3415.0,10408.5,2397.095238095238,2603.0,42.83302110141619,19.68,1253581.0
2008-03-23 21:00:00,4311.179999999999,3457.5,11346.75,2486.904761904762,2680.0,42.83302110141619,19.68,1253581.0
2008-03-24 21:00:00,4320.889999999999,3500.0,12285.0,2576.714285714286,2757.0,42.83302110141619,19.68,1253581.0
2008-03-25 21:00:00,4330.599999999999,3700.0,13861.0,2666.5238095238096,2834.0,42.83302110141619,19.68,1253581.0
2008-03-26 21:00:00,4340.31,3640.0,7062.0,2756.333333333333,2911.0,42.83302110141619,19.68,1253581.0
2008-03-27 21:00:00,4350.02,3550.0,3968.0,2846.142857142857,2988.0,42.83302110141619,19.68,1253581.0
2008-03-28 21:00:00,4359.73,3457.25,7453.5,2935.9523809523807,3065.0,42.83302110141619,19.68,1253581.0
2008-03-29 21:00:00,4369.44,3364.5,10939.0,3025.7619047619046,3142.0,42.83302110141619,19.68,1253581.0
2008-03-30 21:00:00,4379.15,3271.75,14424.5,3115.5714285714284,3219.0,42.83302110141619,19.68,1253581.0
2008-03-31 21:00:00,4388.86,3179.0,17910.0,3205.3809523809523,3296.0,42.83302110141619,19.68,1253581.0
2008-04-01 21:00:00,4381.710333333333,3170.0,7537.0,3295.190476190476,3373.0,42.83302110141619,19.68,1253581.0
2008-04-02 21:00:00,4374.560666666666,3290.0,10293.0,3385.0,3450.0,42.83302110141619,19.68,1253581.0
2008-04-03 21:00:00,4367.411,3297.0,2698.0,4003.0,3690.0,42.83302110141619,19.68,1253581.0
2008-04-04 21:00:00,4360.261333333333,3316.5,3530.0,3868.6666666666665,3643.3333333333335,42.83302110141619,19.68,1253581.0
2008-04-05 21:00:00,4353.111666666667,3336.0,4362.0,3734.3333333333335,3596.6666666666665,42.83302110141619,19.68,1253581.0
2008-04-06 21:00:00,4345.962,3355.5,5194.0,3600.0,3550.0,42.83302110141619,19.68,1253581.0
2008-04-07 21:00:00,4338.812333333333,3375.0,6026.0,3195.0,2929.5,42.83302110141619,19.68,1253581.0
2008-04-08 21:00:00,4331.662666666666,3325.0,5428.0,2790.0,2309.0,42.83302110141619,19.68,1253581.0
2008-04-09 21:00:00,4324.513,3455.0,7903.0,2469.0,1635.0,42.83302110141619,19.68,1253581.0
2008-04-10 21:00:00,4317.363333333333,3454.0,7069.0,2034.0,1590.0,42.83302110141619,19.68,1253581.0
2008-04-11 21:00:00,4310.2136666666665,3513.0,7097.0,1599.0,1545.0,42.83302110141619,19.68,1253581.0
2008-04-12 21:00:00,4303.063999999999,3572.0,7125.0,1595.0,1827.0,42.83302110141619,19.68,1253581.0
2008-04-13 21:00:00,4295.914333333333,3631.0,7153.0,1685.85,1902.15,42.83302110141619,19.68,1253581.0
2008-04-14 21:00:00,4288.764666666666,3690.0,7181.0,1776.7,1977.3,42.83302110141619,19.68,1253581.0
2008-04-15 21:00:00,4281.615,3674.0,7127.0,1867.55,2052.45,42.83302110141619,19.68,1253581.0
2008-04-16 21:00:00,4274.465333333334,3632.0,8387.0,1958.4,2127.6,42.83302110141619,19.68,1253581.0
2008-04-17 21:00:00,4267.315666666666,3553.0,8004.0,2049.25,2202.75,42.83302110141619,19.68,1253581.0
2008-04-18 21:00:00,4260.166,3524.75,7983.0,2140.1,2277.9,42.83302110141619,19.68,1253581.0
2008-04-19 21:00:00,4253.016333333333,3496.5,7962.0,2230.95,2353.05,42.83302110141619,19.68,1253581.0
2008-04-20 21:00:00,4245.866666666667,3468.25,7941.0,2321.8,2428.2,42.83302110141619,19.68,1253581.0
2008-04-21 21:00:00,4238.717,3440.0,7920.0,2412.65,2503.35,42.83302110141619,19.68,1253581.0
2008-04-22 21:00:00,4231.567333333333,3550.0,9866.0,2503.5,2578.5,42.83302110141619,19.68,1253581.0
2008-04-23 21:00:00,4224.417666666666,3460.0,8971.0,2594.35,2653.65,42.83302110141619,19.68,1253581.0
2008-04-24 21:00:00,4217.268,3419.0,4979.0,2685.2,2728.8,42.83302110141619,19.68,1253581.0
2008-04-25 21:00:00,4210.118333333333,3401.5,5465.0,2776.05,2803.95,42.83302110141619,19.68,1253581.0
2008-04-26 21:00:00,4202.968666666667,3384.0,5951.0,2866.8999999999996,2879.1000000000004,42.83302110141619,19.68,1253581.0
2008-04-27 21:00:00,4195.819,3366.5,6437.0,2957.75,2954.25,42.83302110141619,19.68,1253581.0
2008-04-28 21:00:00,4188.669333333333,3349.0,6923.0,3048.6,3029.4,42.83302110141619,19.68,1253581.0
2008-04-29 21:00:00,4181.519666666666,3395.0,5338.0,3139.45,3104.55,42.83302110141619,19.68,1253581.0
2008-04-30 21:00:00,4174.37,3368.0,3805.0,3230.3,3179.7,42.83302110141619,19.68,1253581.0
2008-05-01 21:00:00,4177.407096774194,3341.0,2272.0,3321.1499999999996,3254.8500000000004,42.83302110141619,19.68,1253581.0
2008-05-02 21:00:00,4180.444193548387,3352.5,2596.0,3412.0,3330.0,42.83302110141619,19.68,1253581.0
2008-05-03 21:00:00,4183.48129032258,3364.0,2920.0,3710.0,3674.0,42.83302110141619,19.68,1253581.0
2008-05-04 21:00:00,4186.518387096774,3375.5,3244.0,3532.5,3648.5,42.83302110141619,19.68,1253581.0
2008-05-05 21:00:00,4189.555483870968,3387.0,3568.0,3355.0,3623.0,42.83302110141619,19.68,1253581.0
2008-05-06 21:00:00,4192.592580645161,3355.0,4115.0,3660.0,3466.0,42.83302110141619,19.68,1253581.0
2008-05-07 21:00:00,4195.629677419355,3457.0,8381.0,3252.5,2923.0,42.83302110141619,19.68,1253581.0
2008-05-08 21:00:00,4198.666774193548,3495.0,2812.0,2845.0,2380.0,42.83302110141619,19.68,1253581.0
2008-05-09 21:00:00,4201.703870967742,3504.25,2796.5,2433.0,2113.3333333333335,42.83302110141619,19.68,1253581.0
2008-05-10 21:00:00,4204.740967741936,3513.5,2781.0,2021.0,1846.6666666666665,42.83302110141619,19.68,1253581.0
2008-05-11 21:00:00,4207.778064516129,3522.75,2765.5,1609.0,1580.0,42.83302110141619,19.68,1253581.0
2008-05-12 21:00:00,4210.815161290323,3532.0,2750.0,1698.391304347826,1669.2173913043478,42.83302110141619,19.68,1253581.0
2008-05-13 21:00:00,4213.852258064516,3558.0,4976.0,1787.7826086956522,1758.4347826086957,42.83302110141619,19.68,1253581.0
2008-05-14 21:00:00,4216.88935483871,3521.0,4309.0,1877.1739130434783,1847.6521739130435,42.83302110141619,19.68,1253581.0
2008-05-15 21:00:00,4219.926451612903,3570.0,3392.0,1966.5652173913045,1936.8695652173913,42.83302110141619,19.68,1253581.0
2008-05-16 21:00:00,4222.963548387097,3566.0,3038.25,2055.9565217391305,2026.086956521739,42.83302110141619,19.68,1253581.0
2008-05-17 21:00:00,4226.000645161291,3562.0,2684.5,2145.3478260869565,2115.304347826087,42.83302110141619,19.68,1253581.0
2008-05-18 21:00:00,4229.0377419354845,3558.0,2330.75,2234.7391304347825,2204.521739130435,42.83302110141619,19.68,1253581.0
2008-05-19 21:00:00,4232.074838709677,3554.0,1977.0,2324.130434782609,2293.7391304347825,42.83302110141619,19.68,1253581.0
2008-05-20 21:00:00,4235.111935483871,3557.0,3873.0,2413.521739130435,2382.9565217391305,42.83302110141619,19.68,1253581.0
2008-05-21 21:00:00,4238.149032258065,3606.0,5321.0,2502.913043478261,2472.173913043478,42.83302110141619,19.68,1253581.0
2008-05-22 21:00:00,4241.186129032259,3654.0,6208.0,2592.304347826087,2561.391304347826,42.83302110141619,19.68,1253581.0
2008-05-23 21:00:00,4244.223225806452,3673.0,5973.75,2681.695652173913,2650.608695652174,42.83302110141619,19.68,1253581.0
2008-05-24 21:00:00,4247.260322580645,3692.0,5739.5,2771.086956521739,2739.826086956522,42.83302110141619,19.68,1253581.0
2008-05-25 21:00:00,4250.297419354839,3711.0,5505.25,2860.478260869565,2829.0434782608695,42.83302110141619,19.68,1253581.0
2008-05-26 21:00:00,4253.334516129033,3730.0,5271.0,2949.8695652173915,2918.2608695652175,42.83302110141619,19.68,1253581.0
2008-05-27 21:00:00,4256.371612903226,3587.0,8034.0,3039.2608695652175,3007.478260869565,42.83302110141619,19.68,1253581.0
2008-05-28 21:00:00,4259.40870967742,3565.0,6204.0,3128.6521739130435,3096.695652173913,42.83302110141619,19.68,1253581.0
2008-05-29 21:00:00,4262.445806451613,3498.0,4866.0,3218.04347826087,3185.913043478261,42.83302110141619,19.68,1253581.0
2008-05-30 21:00:00,4265.482903225807,3506.0,4594.0,3307.434782608696,3275.130434782609,42.83302110141619,19.68,1253581.0
2008-05-31 21:00:00,4268.52,3514.0,4322.0,3396.826086956522,3364.3478260869565,42.83302110141619,19.68,1253581.0
2008-06-01 21:00:00,4266.6630000000005,3522.0,4050.0,3486.217391304348,3453.5652173913045,42.83302110141619,19.68,1253581.0
2008-06-02 21:00:00,4264.8060000000005,3530.0,3778.0,3575.608695652174,3542.782608695652,42.83302110141619,19.68,1253581.0
2008-06-03 21:00:00,4262.9490000000005,3440.0,5793.0,3665.0,3632.0,42.83302110141619,19.68,1253581.0
2008-06-04 21:00:00,4261.092000000001,3528.0,4911.0,3561.0,3661.0,42.83302110141619,19.68,1253581.0
2008-06-05 21:00:00,4259.235000000001,3600.0,4396.0,3457.0,3690.0,42.83302110141619,19.68,1253581.0
2008-06-06 21:00:00,4257.378000000001,3582.5,4508.5,3231.0,3166.6666666666665,42.83302110141619,19.68,1253581.0
2008-06-07 21:00:00,4255.521000000001,3565.0,4621.0,3005.0,2643.333333333333,42.83302110141619,19.68,1253581.0
2008-06-08 21:00:00,4253.664000000001,3547.5,4733.5,2779.0,2120.0,42.83302110141619,19.68,1253581.0
2008-06-09 21:00:00,4251.807000000001,3530.0,4846.0,2277.0,1787.5,42.83302110141619,19.68,1253581.0
2008-06-10 21:00:00,4249.950000000001,3606.0,6352.0,1775.0,1455.0,42.83302110141619,19.68,1253581.0
2008-06-11 21:00:00,4248.093000000001,3623.0,7780.0,1625.0,1545.0,42.83302110141619,19.68,1253581.0
2008-06-12 21:00:00,4246.236000000001,3690.0,6854.0,1703.8,1652.85,42.83302110141619,19.68,1253581.0
2008-06-13 21:00:00,4244.379000000001,3678.75,7650.75,1782.6,1760.7,42.83302110141619,19.68,1253581.0
2008-06-14 21:00:00,4242.522000000001,3667.5,8447.5,1861.4,1868.55,42.83302110141619,19.68,1253581.0
2008-06-15 21:00:00,4240.665000000001,3656.25,9244.25,1940.2,1976.4,42.83302110141619,19.68,1253581.0
2008-06-16 21:00:00,4238.808,3645.0,10041.0,2019.0,2084.25,42.83302110141619,19.68,1253581.0
2008-06-17 21:00:00,4236.951,3640.0,4966.0,2097.8,2192.1,42.83302110141619,19.68,1253581.0
2008-06-18 21:00:00,4235.094,3600.0,8333.0,2176.6,2299.95,42.83302110141619,19.68,1253581.0
2008-06-19 21:00:00,4233.237,3550.0,6493.0,2255.4,2407.8,42.83302110141619,19.68,1253581.0
2008-06-20 21:00:00,4231.38,3538.25,6160.5,2334.2,2515.65,42.83302110141619,19.68,1253581.0
2008-06-21 21:00:00,4229.523,3526.5,5828.0,2413.0,2623.5,42.83302110141619,19.68,1253581.0
2008-06-22 21:00:00,4227.666,3514.75,5495.5,2491.8,2731.35,42.83302110141619,19.68,1253581.0
2008-06-23 21:00:00,4225.809,3503.0,5163.0,2570.6,2839.2,42.83302110141619,19.68,1253581.0
2008-06-24 21:00:00,4223.952,3538.0,6109.0,2649.3999999999996,2947.05,42.83302110141619,19.68,1253581.0
2008-06-25 21:00:00,4222.095,3535.0,3187.0,2728.2,3054.8999999999996,42.83302110141619,19.68,1253581.0
2008-06-26 21:00:00,4220.238,3623.0,7576.0,2807.0,3162.75,42.83302110141619,19.68,1253581.0
2008-06-27 21:00:00,4218.381,3611.0,6828.0,2885.8,3270.6,42.83302110141619,19.68,1253581.0
2008-06-28 21:00:00,4216.524,3599.0,6080.0,2964.6,3378.45,42.83302110141619,19.68,1253581.0
2008-06-29 21:00:00,4214.667,3587.0,5332.0,3043.3999999999996,3486.3,42.83302110141619,19.68,1253581.0
2008-06-30 21:00:00,4212.81,3575.0,4584.0,3122.2,3594.15,42.83302110141619,19.68,1253581.0
2008-07-01 21:00:00,4204.130645161291,3616.0,4200.0,3201.0,3702.0,42.83302110141619,19.68,1253581.0
2008-07-02 21:00:00,4195.451290322581,3635.0,5604.0,3242.3333333333335,3658.0,42.83302110141619,19.68,1253581.0
2008-07-03 21:00:00,4186.771935483871,3630.0,3626.0,3283.6666666666665,3614.0,42.83302110141619,19.68,1253581.0
2008-07-04 21:00:00,4178.092580645161,3586.0,4529.75,3325.0,3570.0,42.83302110141619,19.68,1253581.0
2008-07-05 21:00:00,4169.413225806452,3542.0,5433.5,3495.0,3645.0,42.83302110141619,19.68,1253581.0
2008-07-06 21:00:00,4160.733870967742,3498.0,6337.25,3505.0,3132.5,42.83302110141619,19.68,1253581.0
2008-07-07 21:00:00,4152.054516129033,3454.0,7241.0,3515.0,2620.0,42.83302110141619,19.68,1253581.0
2008-07-08 21:00:00,4143.3751612903225,3515.0,6081.0,2671.0,2040.0,42.83302110141619,19.68,1253581.0
2008-07-09 21:00:00,4134.695806451613,3511.0,4625.0,2280.5,1738.0,42.83302110141619,19.68,1253581.0
2008-07-10 21:00:00,4126.016451612903,3575.0,6023.0,1890.0,1436.0,42.83302110141619,19.68,1253581.0
2008-07-11 21:00:00,4117.337096774194,3568.75,5711.5,1953.1818181818182,1538.8181818181818,42.83302110141619,19.68,1253581.0
2008-07-12 21:00:00,4108.657741935484,3562.5,5400.0,2016.3636363636363,1641.6363636363635,42.83302110141619,19.68,1253581.0
2008-07-13 21:00:00,4099.978387096774,3556.25,5088.5,2079.5454545454545,1744.4545454545455,42.83302110141619,19.68,1253581.0
2008-07-14 21:00:00,4091.299032258065,3550.0,4777.0,2142.7272727272725,1847.2727272727273,42.83302110141619,19.68,1253581.0
2008-07-15 21:00:00,4082.619677419355,3466.0,6754.0,2205.909090909091,1950.090909090909,42.83302110141619,19.68,1253581.0
2008-07-16 21:00:00,4073.940322580645,3435.0,7733.0,2269.090909090909,2052.909090909091,42.83302110141619,19.68,1253581.0
2008-07-17 21:00:00,4065.260967741936,3392.0,6442.0,2332.272727272727,2155.727272727273,42.83302110141619,19.68,1253581.0
2008-07-18 21:00:00,4056.581612903226,3357.0,6625.25,2395.4545454545455,2258.5454545454545,42.83302110141619,19.68,1253581.0
2008-07-19 21:00:00,4047.902258064517,3322.0,6808.5,2458.6363636363635,2361.363636363636,42.83302110141619,19.68,1253581.0
2008-07-20 21:00:00,4039.2229032258074,3287.0,6991.75,2521.818181818182,2464.181818181818,42.83302110141619,19.68,1253581.0
2008-07-21 21:00:00,4030.543548387097,3252.0,7175.0,2585.0,2567.0,42.83302110141619,19.68,1253581.0
2008-07-22 21:00:00,4021.864193548387,3027.0,13023.0,2648.181818181818,2669.818181818182,42.83302110141619,19.68,1253581.0
2008-07-23 21:00:00,4013.1848387096775,3113.0,7766.0,2711.3636363636365,2772.6363636363635,42.83302110141619,19.68,1253581.0
2008-07-24 21:00:00,4004.505483870968,3070.0,4070.0,2774.5454545454545,2875.4545454545455,42.83302110141619,19.68,1253581.0
2008-07-25 21:00:00,3995.826129032258,3044.75,6293.25,2837.727272727273,2978.272727272727,42.83302110141619,19.68,1253581.0
2008-07-26 21:00:00,3987.146774193549,3019.5,8516.5,2900.909090909091,3081.090909090909,42.83302110141619,19.68,1253581.0
2008-07-27 21:00:00,3978.467419354839,2994.25,10739.75,2964.090909090909,3183.909090909091,42.83302110141619,19.68,1253581.0
2008-07-28 21:00:00,3969.788064516129,2969.0,12963.0,3027.272727272727,3286.7272727272725,42.83302110141619,19.68,1253581.0
2008-07-29 21:00:00,3961.10870967742,2992.0,6113.0,3090.4545454545455,3389.5454545454545,42.83302110141619,19.68,1253581.0
2008-07-30 21:00:00,3952.4293548387095,3050.0,7645.0,3153.6363636363635,3492.363636363636,42.83302110141619,19.68,1253581.0
2008-07-31 21:00:00,3943.75,2950.0,6047.0,3216.818181818182,3595.181818181818,42.83302110141619,19.68,1253581.0
2008-08-01 21:00:00,3919.955483870968,2900.0,6412.5,3280.0,3698.0,42.83302110141619,19.68,1253581.0
2008-08-02 21:00:00,3896.160967741936,2850.0,6778.0,3338.3333333333335,3650.0,42.83302110141619,19.68,1253581.0
2008-08-03 21:00:00,3872.3664516129033,2800.0,7143.5,3396.6666666666665,3602.0,42.83302110141619,19.68,1253581.0
2008-08-04 21:00:00,3848.571935483871,2750.0,7509.0,3455.0,3554.0,42.83302110141619,19.68,1253581.0
2008-08-05 21:00:00,3824.7774193548394,2790.0,7027.0,3570.0,3640.0,42.83302110141619,19.68,1253581.0
2008-08-06 21:00:00,3800.9829032258062,2845.0,8934.0,3540.5,3046.5,42.83302110141619,19.68,1253581.0
2008-08-07 21:00:00,3777.188387096774,2779.0,7382.0,3511.0,2453.0,42.83302110141619,19.68,1253581.0
2008-08-08 21:00:00,3753.393870967742,2724.5,7520.25,2920.0,2052.5,42.83302110141619,19.68,1253581.0
2008-08-09 21:00:00,3729.5993548387096,2670.0,7658.5,2329.0,1652.0,42.83302110141619,19.68,1253581.0
2008-08-10 21:00:00,3705.804838709677,2615.5,7796.75,1773.0,1480.0,42.83302110141619,19.68,1253581.0
2008-08-11 21:00:00,3682.010322580645,2561.0,7935.0,1840.24,1563.08,42.83302110141619,19.68,1253581.0
2008-08-12 21:00:00,3658.215806451613,2548.0,9995.0,1907.48,1646.16,42.83302110141619,19.68,1253581.0
2008-08-13 21:00:00,3634.4212903225807,2620.0,9581.0,1974.72,1729.24,42.83302110141619,19.68,1253581.0
2008-08-14 21:00:00,3610.626774193549,2453.0,8798.0,2041.96,1812.32,42.83302110141619,19.68,1253581.0
2008-08-15 21:00:00,3586.8322580645163,2448.75,9059.25,2109.2,1895.4,42.83302110141619,19.68,1253581.0
2008-08-16 21:00:00,3563.037741935484,2444.5,9320.5,2176.44,1978.48,42.83302110141619,19.68,1253581.0
2008-08-17 21:00:00,3539.2432258064514,2440.25,9581.75,2243.68,2061.56,42.83302110141619,19.68,1253581.0
2008-08-18 21:00:00,3515.448709677419,2436.0,9843.0,2310.92,2144.64,42.83302110141619,19.68,1253581.0
2008-08-19 21:00:00,3491.654193548387,2591.0,8396.0,2378.16,2227.7200000000003,42.83302110141619,19.68,1253581.0
2008-08-20 21:00:00,3467.8596774193547,2653.0,7749.0,2445.4,2310.8,42.83302110141619,19.68,1253581.0
2008-08-21 21:00:00,3444.0651612903225,2715.0,11704.0,2512.64,2393.88,42.83302110141619,19.68,1253581.0
2008-08-22 21:00:00,3420.2706451612903,2638.5,10984.0,2579.88,2476.96,42.83302110141619,19.68,1253581.0
2008-08-23 21:00:00,3396.476129032258,2562.0,10264.0,2647.12,2560.04,42.83302110141619,19.68,1253581.0
2008-08-24 21:00:00,3372.681612903226,2485.5,9544.0,2714.3599999999997,2643.12,42.83302110141619,19.68,1253581.0
2008-08-25 21:00:00,3348.887096774193,2409.0,8824.0,2781.6,2726.2,42.83302110141619,19.68,1253581.0
2008-08-26 21:00:00,3325.092580645161,2502.0,8934.0,2848.84,2809.2799999999997,42.83302110141619,19.68,1253581.0
2008-08-27 21:00:00,3301.2980645161288,2470.0,9278.0,2916.08,2892.3599999999997,42.83302110141619,19.68,1253581.0
2008-08-28 21:00:00,3277.5035483870965,2620.0,8084.0,2983.3199999999997,2975.44,42.83302110141619,19.68,1253581.0
2008-08-29 21:00:00,3253.7090322580643,2586.0,8462.75,3050.56,3058.52,42.83302110141619,19.68,1253581.0
2008-08-30 21:00:00,3229.914516129032,2552.0,8841.5,3117.8,3141.6,42.83302110141619,19.68,1253581.0
2008-08-31 21:00:00,3206.12,2518.0,9220.25,3185.04,3224.6800000000003,42.83302110141619,19.68,1253581.0
2008-09-01 21:00:00,3194.011,2484.0,9599.0,3252.2799999999997,3307.76,42.83302110141619,19.68,1253581.0
2008-09-02 21:00:00,3181.902,2451.0,10602.0,3319.52,3390.84,42.83302110141619,19.68,1253581.0
2008-09-03 21:00:00,3169.793,2510.0,6567.0,3386.7599999999998,3473.92,42.83302110141619,19.68,1253581.0
2008-09-04 21:00:00,3157.684,2470.0,9973.0,3454.0,3557.0,42.83302110141619,19.68,1253581.0
2008-09-05 21:00:00,3145.575,2441.0,10266.75,3530.0,3496.0,42.83302110141619,19.68,1253581.0
2008-09-06 21:00:00,3133.466,2412.0,10560.5,3606.0,3435.0,42.83302110141619,19.68,1253581.0
2008-09-07 21:00:00,3121.357,2383.0,10854.25,3575.0,2436.0,42.83302110141619,19.68,1253581.0
2008-09-08 21:00:00,3109.248,2354.0,11148.0,2942.0,2000.5,42.83302110141619,19.68,1253581.0
2008-09-09 21:00:00,3097.139,2329.0,7992.0,2309.0,1565.0,42.83302110141619,19.68,1253581.0
2008-09-10 21:00:00,3085.03,2309.0,4875.0,1835.0,1468.0,42.83302110141619,19.68,1253581.0
2008-09-11 21:00:00,3072.921,2380.0,9337.0,1739.5,1638.5,42.83302110141619,19.68,1253581.0
2008-09-12 21:00:00,3060.812,2315.0,9359.75,1644.0,1809.0,42.83302110141619,19.68,1253581.0
2008-09-13 21:00:00,3048.703,2250.0,9382.5,1737.157894736842,1913.3684210526317,42.83302110141619,19.68,1253581.0
2008-09-14 21:00:00,3036.594,2185.0,9405.25,1830.3157894736842,2017.7368421052631,42.83302110141619,19.68,1253581.0
2008-09-15 21:00:00,3024.485,2120.0,9428.0,1923.4736842105262,2122.1052631578946,42.83302110141619,19.68,1253581.0
2008-09-16 21:00:00,3012.376,2040.0,10951.0,2016.6315789473683,2226.4736842105262,42.83302110141619,19.68,1253581.0
2008-09-17 21:00:00,3000.267,2185.0,10031.0,2109.7894736842104,2330.842105263158,42.83302110141619,19.68,1253581.0
2008-09-18 21:00:00,2988.158,2259.0,8042.0,2202.9473684210525,2435.2105263157896,42.83302110141619,19.68,1253581.0
2008-09-19 21:00:00,2976.049,2270.5,9036.0,2296.105263157895,2539.578947368421,42.83302110141619,19.68,1253581.0
2008-09-20 21:00:00,2963.94,2282.0,10030.0,2389.2631578947367,2643.9473684210525,42.83302110141619,19.68,1253581.0
2008-09-21 21:00:00,2951.831,2293.5,11024.0,2482.421052631579,2748.315789473684,42.83302110141619,19.68,1253581.0
2008-09-22 21:00:00,2939.722,2305.0,12018.0,2575.578947368421,2852.684210526316,42.83302110141619,19.68,1253581.0
2008-09-23 21:00:00,2927.613,2318.0,6845.0,2668.7368421052633,2957.0526315789475,42.83302110141619,19.68,1253581.0
2008-09-24 21:00:00,2915.504,2280.0,12765.0,2761.8947368421054,3061.421052631579,42.83302110141619,19.68,1253581.0
2008-09-25 21:00:00,2903.395,2313.0,6835.0,2855.0526315789475,3165.7894736842104,42.83302110141619,19.68,1253581.0
2008-09-26 21:00:00,2891.286,2257.25,8035.75,2948.2105263157896,3270.157894736842,42.83302110141619,19.68,1253581.0
2008-09-27 21:00:00,2879.177,2201.5,9236.5,3041.3684210526317,3374.5263157894733,42.83302110141619,19.68,1253581.0
2008-09-28 21:00:00,2867.068,2145.75,10437.25,3134.5263157894738,3478.894736842105,42.83302110141619,19.68,1253581.0
2008-09-29 21:00:00,2854.959,2090.0,11638.0,3227.684210526316,3583.2631578947367,42.83302110141619,19.68,1253581.0
2008-09-30 21:00:00,2842.85,2060.0,10671.666666666666,3320.842105263158,3687.6315789473683,42.83302110141619,19.68,1253581.0
2008-10-01 21:00:00,2823.4654838709675,2030.0,9705.333333333334,3414.0,3792.0,42.83302110141619,19.68,1253581.0
2008-10-02 21:00:00,2804.080967741935,2000.0,8739.0,3589.5,3672.5,42.83302110141619,19.68,1253581.0
2008-10-03 21:00:00,2784.6964516129037,1962.5,9203.75,3765.0,3553.0,42.83302110141619,19.68,1253581.0
2008-10-04 21:00:00,2765.311935483871,1925.0,9668.5,3595.0,3606.0,42.83302110141619,19.68,1253581.0
2008-10-05 21:00:00,2745.9274193548385,1887.5,10133.25,3609.0,3499.0,42.83302110141619,19.68,1253581.0
2008-10-06 21:00:00,2726.542903225806,1850.0,10598.0,3623.0,3392.0,42.83302110141619,19.68,1253581.0
2008-10-07 21:00:00,2707.1583870967743,1775.0,8973.0,3524.0,2591.0,42.83302110141619,19.68,1253581.0
2008-10-08 21:00:00,2687.773870967742,1890.0,10711.0,2952.0,2070.5,42.83302110141619,19.68,1253581.0
2008-10-09 21:00:00,2668.3893548387096,1773.0,7394.0,2380.0,1550.0,42.83302110141619,19.68,1253581.0
2008-10-10 21:00:00,2649.004838709677,1792.25,7763.75,1959.5,1543.0,42.83302110141619,19.68,1253581.0
2008-10-11 21:00:00,2629.620322580645,1811.5,8133.5,1539.0,1536.0,42.83302110141619,19.68,1253581.0
2008-10-12 21:00:00,2610.235806451613,1830.75,8503.25,1581.0,1870.0,42.83302110141619,19.68,1253581.0
2008-10-13 21:00:00,2590.851290322581,1850.0,8873.0,1665.7142857142858,1939.5238095238096,42.83302110141619,19.68,1253581.0
2008-10-14 21:00:00,2571.466774193548,1743.0,6918.0,1750.4285714285713,2009.047619047619,42.83302110141619,19.68,1253581.0
2008-10-15 21:00:00,2552.082258064516,1651.0,10829.0,1835.142857142857,2078.5714285714284,42.83302110141619,19.68,1253581.0
2008-10-16 21:00:00,2532.697741935484,1635.0,7411.0,1919.857142857143,2148.095238095238,42.83302110141619,19.68,1253581.0
2008-10-17 21:00:00,2513.313225806452,1639.25,7155.75,2004.5714285714284,2217.6190476190477,42.83302110141619,19.68,1253581.0
2008-10-18 21:00:00,2493.928709677419,1643.5,6900.5,2089.285714285714,2287.142857142857,42.83302110141619,19.68,1253581.0
2008-10-19 21:00:00,2474.544193548387,1647.75,6645.25,2174.0,2356.6666666666665,42.83302110141619,19.68,1253581.0
2008-10-20 21:00:00,2455.159677419355,1652.0,6390.0,2258.714285714286,2426.190476190476,42.83302110141619,19.68,1253581.0
2008-10-21 21:00:00,2435.7751612903226,1565.0,9126.0,2343.4285714285716,2495.714285714286,42.83302110141619,19.68,1253581.0
2008-10-22 21:00:00,2416.39064516129,1550.0,9501.0,2428.142857142857,2565.2380952380954,42.83302110141619,19.68,1253581.0
2008-10-23 21:00:00,2397.006129032258,1390.0,7962.0,2512.8571428571427,2634.7619047619046,42.83302110141619,19.68,1253581.0
2008-10-24 21:00:00,2377.621612903225,1399.0,7669.2,2597.5714285714284,2704.285714285714,42.83302110141619,19.68,1253581.0
2008-10-25 21:00:00,2358.2370967741936,1408.0,7376.4,2682.285714285714,2773.809523809524,42.83302110141619,19.68,1253581.0
2008-10-26 21:00:00,2338.852580645161,1417.0,7083.6,2767.0,2843.333333333333,42.83302110141619,19.68,1253581.0
2008-10-27 21:00:00,2319.468064516129,1426.0,6790.8,2851.7142857142853,2912.8571428571427,42.83302110141619,19.68,1253581.0
2008-10-28 21:00:00,2300.0835483870965,1435.0,6498.0,2936.4285714285716,2982.3809523809523,42.83302110141619,19.68,1253581.0
2008-10-29 21:00:00,2280.699032258064,1560.0,10710.0,3021.142857142857,3051.904761904762,42.83302110141619,19.68,1253581.0
2008-10-30 21:00:00,2261.314516129032,1515.0,7887.0,3105.8571428571427,3121.4285714285716,42.83302110141619,19.68,1253581.0
2008-10-31 21:00:00,2241.93,1530.75,7539.0,3190.5714285714284,3190.9523809523807,42.83302110141619,19.68,1253581.0
2008-11-01 21:00:00,2236.6976666666665,1546.5,7191.0,3275.285714285714,3260.4761904761904,42.83302110141619,19.68,1253581.0
2008-11-02 21:00:00,2231.465333333333,1562.25,6843.0,3360.0,3330.0,42.83302110141619,19.68,1253581.0
2008-11-03 21:00:00,2226.233,1578.0,6495.0,3798.0,3440.0,42.83302110141619,19.68,1253581.0
2008-11-04 21:00:00,2221.0006666666663,1640.0,11165.0,3762.0,3377.3333333333335,42.83302110141619,19.68,1253581.0
2008-11-05 21:00:00,2215.768333333333,1599.0,5707.0,3726.0,3314.6666666666665,42.83302110141619,19.68,1253581.0
2008-11-06 21:00:00,2210.536,1609.0,5460.0,3690.0,3252.0,42.83302110141619,19.68,1253581.0
2008-11-07 21:00:00,2205.3036666666667,1603.25,5223.5,3119.0,2718.5,42.83302110141619,19.68,1253581.0
2008-11-08 21:00:00,2200.0713333333333,1597.5,4987.0,2548.0,2185.0,42.83302110141619,19.68,1253581.0
2008-11-09 21:00:00,2194.839,1591.75,4750.5,2240.0,1390.0,42.83302110141619,19.68,1253581.0
2008-11-10 21:00:00,2189.6066666666666,1586.0,4514.0,1860.0,1460.0,42.83302110141619,19.68,1253581.0
2008-11-11 21:00:00,2184.374333333333,1539.0,5024.0,1480.0,1530.0,42.83302110141619,19.68,1253581.0
2008-11-12 21:00:00,2179.142,1480.0,6597.0,1576.0,1830.0,42.83302110141619,19.68,1253581.0
2008-11-13 21:00:00,2173.9096666666665,1455.0,5247.0,1669.75,1913.5,42.83302110141619,19.68,1253581.0
2008-11-14 21:00:00,2168.677333333333,1450.25,5494.75,1763.5,1997.0,42.83302110141619,19.68,1253581.0
2008-11-15 21:00:00,2163.445,1445.5,5742.5,1857.25,2080.5,42.83302110141619,19.68,1253581.0
2008-11-16 21:00:00,2158.212666666667,1440.75,5990.25,1951.0,2164.0,42.83302110141619,19.68,1253581.0
2008-11-17 21:00:00,2152.9803333333334,1436.0,6238.0,2044.75,2247.5,42.83302110141619,19.68,1253581.0
2008-11-18 21:00:00,2147.748,1480.0,8735.0,2138.5,2331.0,42.83302110141619,19.68,1253581.0
2008-11-19 21:00:00,2142.5156666666667,1468.0,6566.0,2232.25,2414.5,42.83302110141619,19.68,1253581.0
2008-11-20 21:00:00,2137.2833333333333,1460.0,7721.0,2326.0,2498.0,42.83302110141619,19.68,1253581.0
2008-11-21 21:00:00,2132.051,1475.0,7126.25,2419.75,2581.5,42.83302110141619,19.68,1253581.0
2008-11-22 21:00:00,2126.8186666666666,1490.0,6531.5,2513.5,2665.0,42.83302110141619,19.68,1253581.0
2008-11-23 21:00:00,2121.586333333333,1505.0,5936.75,2607.25,2748.5,42.83302110141619,19.68,1253581.0
2008-11-24 21:00:00,2116.354,1520.0,5342.0,2701.0,2832.0,42.83302110141619,19.68,1253581.0
2008-11-25 21:00:00,2111.121666666667,1598.0,7896.0,2794.75,2915.5,42.83302110141619,19.68,1253581.0
2008-11-26 21:00:00,2105.889333333333,1660.0,5860.0,2888.5,2999.0,42.83302110141619,19.68,1253581.0
2008-11-27 21:00:00,2100.657,1632.0,6365.0,2982.25,3082.5,42.83302110141619,19.68,1253581.0
2008-11-28 21:00:00,2095.424666666667,1624.75,6173.25,3076.0,3166.0,42.83302110141619,19.68,1253581.0
2008-11-29 21:00:00,2090.1923333333334,1617.5,5981.5,3169.75,3249.5,42.83302110141619,19.68,1253581.0
2008-11-30 21:00:00,2084.96,1610.25,5789.75,3263.5,3333.0,42.83302110141619,19.68,1253581.0
2008-12-01 21:00:00,2085.052580645161,1603.0,5598.0,3357.25,3416.5,42.83302110141619,19.68,1253581.0
2008-12-02 21:00:00,2085.1451612903224,1536.0,6243.0,3451.0,3500.0,42.83302110141619,19.68,1253581.0
2008-12-03 21:00:00,2085.237741935484,1462.0,5457.0,3686.0,3550.0,42.83302110141619,19.68,1253581.0
2008-12-04 21:00:00,2085.3303225806453,1499.0,7829.0,3622.0,3575.0,42.83302110141619,19.68,1253581.0
2008-12-05 21:00:00,2085.4229032258063,1518.2,7355.2,3558.0,3600.0,42.83302110141619,19.68,1253581.0
2008-12-06 21:00:00,2085.515483870968,1537.4,6881.4,3645.0,3027.0,42.83302110141619,19.68,1253581.0
2008-12-07 21:00:00,2085.608064516129,1556.6,6407.6,3132.5,2643.0,42.83302110141619,19.68,1253581.0
2008-12-08 21:00:00,2085.70064516129,1575.8,5933.8,2620.0,2259.0,42.83302110141619,19.68,1253581.0
2008-12-09 21:00:00,2085.793225806452,1595.0,5460.0,2231.6666666666665,2025.6666666666667,42.83302110141619,19.68,1253581.0
2008-12-10 21:00:00,2085.885806451613,1644.0,5325.0,1843.3333333333335,1792.3333333333333,42.83302110141619,19.68,1253581.0
2008-12-11 21:00:00,2085.978387096774,1581.0,4517.0,1455.0,1559.0,42.83302110141619,19.68,1253581.0
2008-12-12 21:00:00,2086.0709677419354,1572.0,4969.5,1473.1904761904761,1576.5714285714287,42.83302110141619,19.68,1253581.0
2008-12-13 21:00:00,2086.163548387097,1563.0,5422.0,1491.3809523809523,1594.142857142857,42.83302110141619,19.68,1253581.0
2008-12-14 21:00:00,2086.256129032258,1554.0,5874.5,1509.5714285714287,1611.7142857142858,42.83302110141619,19.68,1253581.0
2008-12-15 21:00:00,2086.3487096774197,1545.0,6327.0,1527.7619047619048,1629.2857142857142,42.83302110141619,19.68,1253581.0
2008-12-16 21:00:00,2086.4412903225807,1580.0,4063.0,1545.952380952381,1646.857142857143,42.83302110141619,19.68,1253581.0
2008-12-17 21:00:00,2086.533870967742,1545.0,4903.0,1564.142857142857,1664.4285714285716,42.83302110141619,19.68,1253581.0
2008-12-18 21:00:00,2086.626451612903,1536.0,4628.0,1582.3333333333333,1682.0,42.83302110141619,19.68,1253581.0
2008-12-19 21:00:00,2086.7190322580645,1534.5,4520.5,1600.5238095238096,1699.5714285714287,42.83302110141619,19.68,1253581.0
2008-12-20 21:00:00,2086.811612903226,1533.0,4413.0,1618.7142857142858,1717.142857142857,42.83302110141619,19.68,1253581.0
2008-12-21 21:00:00,2086.904193548387,1531.5,4305.5,1636.904761904762,1734.7142857142858,42.83302110141619,19.68,1253581.0
2008-12-22 21:00:00,2086.9967741935484,1530.0,4198.0,1655.095238095238,1752.2857142857142,42.83302110141619,19.68,1253581.0
2008-12-23 21:00:00,2087.08935483871,1559.0,2074.0,1673.2857142857142,1769.857142857143,42.83302110141619,19.68,1253581.0
2008-12-24 21:00:00,2087.181935483871,1574.5,3162.5,1691.4761904761904,1787.4285714285716,42.83302110141619,19.68,1253581.0
2008-12-25 21:00:00,2087.274516129032,1590.0,4251.0,1709.6666666666667,1805.0,42.83302110141619,19.68,1253581.0
2008-12-26 21:00:00,2087.3670967741937,1610.25,4840.5,1727.857142857143,1822.5714285714287,42.83302110141619,19.68,1253581.0
2008-12-27 21:00:00,2087.459677419354,1630.5,5430.0,1746.047619047619,1840.142857142857,42.83302110141619,19.68,1253581.0
2008-12-28 21:00:00,2087.552258064516,1650.75,6019.5,1764.2380952380952,1857.7142857142858,42.83302110141619,19.68,1253581.0
2008-12-29 21:00:00,2087.644838709677,1671.0,6609.0,1782.4285714285716,1875.2857142857142,42.83302110141619,19.68,1253581.0
2008-12-30 21:00:00,2087.7374193548385,1695.0,5601.0,1800.6190476190477,1892.857142857143,42.83302110141619,19.68,1253581.0
2008-12-31 21:00:00,2087.83,1717.5,5491.5,1818.8095238095239,1910.4285714285716,42.83302110141619,19.68,1253581.0
2009-01-01 21:00:00,2096.238387096774,1740.0,5382.0,1837.0,1928.0,42.83302110141619,19.68,1253581.0
2009-01-02 21:00:00,2104.6467741935485,1800.0,6829.0,1946.3333333333333,2180.0,42.83302110141619,19.68,1253581.0
2009-01-03 21:00:00,2113.0551612903223,1860.0,8276.0,2055.6666666666665,2432.0,42.83302110141619,19.68,1253581.0
2009-01-04 21:00:00,2121.4635483870966,1920.0,9723.0,2165.0,2684.0,42.83302110141619,19.68,1253581.0
2009-01-05 21:00:00,2129.871935483871,1980.0,11170.0,2370.0,2365.5,42.83302110141619,19.68,1253581.0
2009-01-06 21:00:00,2138.280322580645,1985.0,17145.0,2575.0,2047.0,42.83302110141619,19.68,1253581.0
2009-01-07 21:00:00,2146.6887096774194,1865.0,10563.0,2175.0,2465.0,42.83302110141619,19.68,1253581.0
2009-01-08 21:00:00,2155.097096774193,1920.0,8059.0,2196.5,2311.0,42.83302110141619,19.68,1253581.0
2009-01-09 21:00:00,2163.5054838709675,1897.5,9113.75,2218.0,2157.0,42.83302110141619,19.68,1253581.0
2009-01-10 21:00:00,2171.913870967742,1875.0,10168.5,2042.0,2235.0,42.83302110141619,19.68,1253581.0
2009-01-11 21:00:00,2180.322258064516,1852.5,11223.25,2260.0,2382.5,42.83302110141619,19.68,1253581.0
2009-01-12 21:00:00,2188.7306451612903,1830.0,12278.0,2478.0,2530.0,42.83302110141619,19.68,1253581.0
2009-01-13 21:00:00,2197.139032258064,1884.0,4439.0,2447.8571428571427,2500.9523809523807,42.83302110141619,19.68,1253581.0
2009-01-14 21:00:00,2205.5474193548384,1806.0,5098.0,2417.714285714286,2471.904761904762,42.83302110141619,19.68,1253581.0
2009-01-15 21:00:00,2213.9558064516127,1833.0,7133.0,2387.5714285714284,2442.8571428571427,42.83302110141619,19.68,1253581.0
2009-01-16 21:00:00,2222.364193548387,1831.5,7289.75,2357.4285714285716,2413.809523809524,42.83302110141619,19.68,1253581.0
2009-01-17 21:00:00,2230.7725806451613,1830.0,7446.5,2327.285714285714,2384.7619047619046,42.83302110141619,19.68,1253581.0
2009-01-18 21:00:00,2239.180967741935,1828.5,7603.25,2297.1428571428573,2355.714285714286,42.83302110141619,19.68,1253581.0
2009-01-19 21:00:00,2247.5893548387094,1827.0,7760.0,2267.0,2326.6666666666665,42.83302110141619,19.68,1253581.0
2009-01-20 21:00:00,2255.997741935484,1809.0,7747.0,2236.8571428571427,2297.6190476190477,42.83302110141619,19.68,1253581.0
2009-01-21 21:00:00,2264.406129032258,1870.0,8028.0,2206.714285714286,2268.5714285714284,42.83302110141619,19.68,1253581.0
2009-01-22 21:00:00,2272.814516129032,1830.0,5861.0,2176.5714285714284,2239.5238095238096,42.83302110141619,19.68,1253581.0
2009-01-23 21:00:00,2281.2229032258065,1820.4,5668.0,2146.4285714285716,2210.4761904761904,42.83302110141619,19.68,1253581.0
2009-01-24 21:00:00,2289.6312903225803,1810.8,5475.0,2116.285714285714,2181.4285714285716,42.83302110141619,19.68,1253581.0
2009-01-25 21:00:00,2298.0396774193546,1801.2,5282.0,2086.1428571428573,2152.3809523809523,42.83302110141619,19.68,1253581.0
2009-01-26 21:00:00,2306.448064516129,1791.6,5089.0,2056.0,2123.3333333333335,42.83302110141619,19.68,1253581.0
2009-01-27 21:00:00,2314.856451612903,1782.0,4896.0,2025.857142857143,2094.285714285714,42.83302110141619,19.68,1253581.0
2009-01-28 21:00:00,2323.2648387096774,1745.0,4472.0,1995.7142857142858,2065.2380952380954,42.83302110141619,19.68,1253581.0
2009-01-29 21:00:00,2331.6732258064512,1779.0,10077.0,1965.5714285714284,2036.1904761904761,42.83302110141619,19.68,1253581.0
2009-01-30 21:00:00,2340.081612903225,1781.25,8743.75,1935.4285714285716,2007.142857142857,42.83302110141619,19.68,1253581.0
2009-01-31 21:00:00,2348.49,1783.5,7410.5,1905.2857142857142,1978.095238095238,42.83302110141619,19.68,1253581.0
2009-02-01 21:00:00,2349.8175,1785.75,6077.25,1875.142857142857,1949.047619047619,42.83302110141619,19.68,1253581.0
2009-02-02 21:00:00,2351.145,1788.0,4744.0,1845.0,1920.0,42.83302110141619,19.68,1253581.0
2009-02-03 21:00:00,2352.4725,1845.0,6696.0,1902.0,2299.0,42.83302110141619,19.68,1253581.0
2009-02-04 21:00:00,2353.8,1879.0,6904.0,2145.0,2665.0,42.83302110141619,19.68,1253581.0
2009-02-05 21:00:00,2355.1275,1880.0,7728.0,2357.0,2337.5,42.83302110141619,19.68,1253581.0
2009-02-06 21:00:00,2356.455,1902.25,8251.75,2569.0,2010.0,42.83302110141619,19.68,1253581.0
2009-02-07 21:00:00,2357.7825,1924.5,8775.5,2129.0,2460.0,42.83302110141619,19.68,1253581.0
2009-02-08 21:00:00,2359.11,1946.75,9299.25,2163.0,2310.0,42.83302110141619,19.68,1253581.0
2009-02-09 21:00:00,2360.4375,1969.0,9823.0,2197.0,2160.0,42.83302110141619,19.68,1253581.0
2009-02-10 21:00:00,2361.765,1925.0,11714.0,2228.5,2345.0,42.83302110141619,19.68,1253581.0
2009-02-11 21:00:00,2363.0925,1928.0,5867.0,2260.0,2530.0,42.83302110141619,19.68,1253581.0
2009-02-12 21:00:00,2364.42,1995.0,8516.0,2562.0,2490.0,42.83302110141619,19.68,1253581.0
2009-02-13 21:00:00,2365.7475,1970.0,8945.75,2524.0555555555557,2461.222222222222,42.83302110141619,19.68,1253581.0
2009-02-14 21:00:00,2367.075,1945.0,9375.5,2486.1111111111113,2432.4444444444443,42.83302110141619,19.68,1253581.0
2009-02-15 21:00:00,2368.4025,1920.0,9805.25,2448.1666666666665,2403.6666666666665,42.83302110141619,19.68,1253581.0
2009-02-16 21:00:00,2369.73,1895.0,10235.0,2410.222222222222,2374.8888888888887,42.83302110141619,19.68,1253581.0
2009-02-17 21:00:00,2371.0575,1875.0,8105.0,2372.277777777778,2346.1111111111113,42.83302110141619,19.68,1253581.0
2009-02-18 21:00:00,2372.385,1860.0,13026.0,2334.3333333333335,2317.3333333333335,42.83302110141619,19.68,1253581.0
2009-02-19 21:00:00,2373.7125,1835.0,6788.0,2296.3888888888887,2288.5555555555557,42.83302110141619,19.68,1253581.0
2009-02-20 21:00:00,2375.04,1844.0,7286.5,2258.4444444444443,2259.777777777778,42.83302110141619,19.68,1253581.0
2009-02-21 21:00:00,2376.3675,1853.0,7785.0,2220.5,2231.0,42.83302110141619,19.68,1253581.0
2009-02-22 21:00:00,2377.695,1862.0,8283.5,2182.5555555555557,2202.222222222222,42.83302110141619,19.68,1253581.0
2009-02-23 21:00:00,2379.0225,1871.0,8782.0,2144.6111111111113,2173.4444444444443,42.83302110141619,19.68,1253581.0
2009-02-24 21:00:00,2380.35,1894.0,7076.0,2106.6666666666665,2144.6666666666665,42.83302110141619,19.68,1253581.0
2009-02-25 21:00:00,2381.6775,1890.0,5513.0,2068.722222222222,2115.8888888888887,42.83302110141619,19.68,1253581.0
2009-02-26 21:00:00,2383.005,1895.0,7230.0,2030.7777777777778,2087.1111111111113,42.83302110141619,19.68,1253581.0
2009-02-27 21:00:00,2384.3325,1885.0,8054.75,1992.8333333333335,2058.3333333333335,42.83302110141619,19.68,1253581.0
2009-02-28 21:00:00,2385.66,1875.0,8879.5,1954.888888888889,2029.5555555555557,42.83302110141619,19.68,1253581.0
2009-03-01 21:00:00,2386.958387096774,1865.0,9704.25,1916.9444444444443,2000.7777777777778,42.83302110141619,19.68,1253581.0
2009-03-02 21:00:00,2388.256774193548,1855.0,10529.0,1879.0,1972.0,42.83302110141619,19.68,1253581.0
2009-03-03 21:00:00,2389.5551612903223,1902.0,9654.0,1906.0,2485.0,42.83302110141619,19.68,1253581.0
2009-03-04 21:00:00,2390.8535483870965,1906.0,6220.0,2110.6666666666665,2335.3333333333335,42.83302110141619,19.68,1253581.0
2009-03-05 21:00:00,2392.1519354838706,1940.0,6954.0,2315.3333333333335,2185.6666666666665,42.83302110141619,19.68,1253581.0
2009-03-06 21:00:00,2393.450322580645,1953.75,6991.5,2520.0,2036.0,42.83302110141619,19.68,1253581.0
2009-03-07 21:00:00,2394.74870967742,1967.5,7029.0,2427.5,2110.0,42.83302110141619,19.68,1253581.0
2009-03-08 21:00:00,2396.047096774193,1981.25,7066.5,2335.0,2184.0,42.83302110141619,19.68,1253581.0
2009-03-09 21:00:00,2397.345483870968,1995.0,7104.0,2130.0,2110.0,42.83302110141619,19.68,1253581.0
2009-03-10 21:00:00,2398.643870967742,1980.0,7427.0,2188.5,2317.5,42.83302110141619,19.68,1253581.0
2009-03-11 21:00:00,2399.942258064516,1920.0,8392.0,2247.0,2525.0,42.83302110141619,19.68,1253581.0
2009-03-12 21:00:00,2401.24064516129,1972.0,9797.0,2559.0,2483.0,42.83302110141619,19.68,1253581.0
2009-03-13 21:00:00,2402.5390322580643,1959.5,8975.75,2526.6666666666665,2456.285714285714,42.83302110141619,19.68,1253581.0
2009-03-14 21:00:00,2403.8374193548384,1947.0,8154.5,2494.3333333333335,2429.5714285714284,42.83302110141619,19.68,1253581.0
2009-03-15 21:00:00,2405.135806451613,1934.5,7333.25,2462.0,2402.8571428571427,42.83302110141619,19.68,1253581.0
2009-03-16 21:00:00,2406.434193548387,1922.0,6512.0,2429.6666666666665,2376.1428571428573,42.83302110141619,19.68,1253581.0
2009-03-17 21:00:00,2407.7325806451613,1905.0,5753.0,2397.3333333333335,2349.4285714285716,42.83302110141619,19.68,1253581.0
2009-03-18 21:00:00,2409.0309677419355,1911.0,12018.0,2365.0,2322.714285714286,42.83302110141619,19.68,1253581.0
2009-03-19 21:00:00,2410.3293548387096,1985.0,14599.0,2332.6666666666665,2296.0,42.83302110141619,19.68,1253581.0
2009-03-20 21:00:00,2411.627741935484,1983.75,12578.5,2300.3333333333335,2269.285714285714,42.83302110141619,19.68,1253581.0
2009-03-21 21:00:00,2412.926129032258,1982.5,10558.0,2268.0,2242.5714285714284,42.83302110141619,19.68,1253581.0
2009-03-22 21:00:00,2414.224516129032,1981.25,8537.5,2235.6666666666665,2215.8571428571427,42.83302110141619,19.68,1253581.0
2009-03-23 21:00:00,2415.522903225806,1980.0,6517.0,2203.3333333333335,2189.142857142857,42.83302110141619,19.68,1253581.0
2009-03-24 21:00:00,2416.8212903225804,1972.0,5763.0,2171.0,2162.4285714285716,42.83302110141619,19.68,1253581.0
2009-03-25 21:00:00,2418.1196774193545,2035.0,9115.0,2138.6666666666665,2135.714285714286,42.83302110141619,19.68,1253581.0
2009-03-26 21:00:00,2419.418064516129,1990.0,8264.0,2106.3333333333335,2109.0,42.83302110141619,19.68,1253581.0
2009-03-27 21:00:00,2420.7164516129037,1992.5,7510.75,2074.0,2082.285714285714,42.83302110141619,19.68,1253581.0
2009-03-28 21:00:00,2422.0148387096774,1995.0,6757.5,2041.6666666666665,2055.5714285714284,42.83302110141619,19.68,1253581.0
2009-03-29 21:00:00,2423.313225806452,1997.5,6004.25,2009.3333333333333,2028.857142857143,42.83302110141619,19.68,1253581.0
2009-03-30 21:00:00,2424.6116129032257,2000.0,5251.0,1977.0,2002.142857142857,42.83302110141619,19.68,1253581.0
2009-03-31 21:00:00,2425.91,2070.0,14116.0,1944.6666666666665,1975.4285714285713,42.83302110141619,19.68,1253581.0
2009-04-01 21:00:00,2441.2776666666664,2159.0,13846.0,1912.3333333333333,1948.7142857142858,42.83302110141619,19.68,1253581.0
2009-04-02 21:00:00,2456.6453333333334,2165.0,11613.0,1880.0,1922.0,42.83302110141619,19.68,1253581.0
2009-04-03 21:00:00,2472.013,2168.75,10946.25,1940.0,2459.0,42.83302110141619,19.68,1253581.0
2009-04-04 21:00:00,2487.3806666666665,2172.5,10279.5,2310.0,2472.0,42.83302110141619,19.68,1253581.0
2009-04-05 21:00:00,2502.748333333333,2176.25,9612.75,2680.0,2485.0,42.83302110141619,19.68,1253581.0
2009-04-06 21:00:00,2518.116,2180.0,8946.0,2460.0,2103.0,42.83302110141619,19.68,1253581.0
2009-04-07 21:00:00,2533.4836666666665,2165.0,7502.0,2392.5,2124.0,42.83302110141619,19.68,1253581.0
2009-04-08 21:00:00,2548.851333333333,2232.0,7460.5,2325.0,2145.0,42.83302110141619,19.68,1253581.0
2009-04-09 21:00:00,2564.219,2299.0,7419.0,2298.6666666666665,2292.0,42.83302110141619,19.68,1253581.0
2009-04-10 21:00:00,2579.5866666666666,2345.5,8437.0,2272.3333333333335,2439.0,42.83302110141619,19.68,1253581.0
2009-04-11 21:00:00,2594.954333333333,2392.0,9455.0,2246.0,2586.0,42.83302110141619,19.68,1253581.0
2009-04-12 21:00:00,2610.322,2438.5,10473.0,2232.95,2556.45,42.83302110141619,19.68,1253581.0
2009-04-13 21:00:00,2625.6896666666667,2485.0,11491.0,2219.9,2526.9,42.83302110141619,19.68,1253581.0
2009-04-14 21:00:00,2641.057333333333,2459.0,12436.0,2206.85,2497.35,42.83302110141619,19.68,1253581.0
2009-04-15 21:00:00,2656.425,2358.0,10403.0,2193.8,2467.8,42.83302110141619,19.68,1253581.0
2009-04-16 21:00:00,2671.7926666666667,2435.0,11054.0,2180.75,2438.25,42.83302110141619,19.68,1253581.0
2009-04-17 21:00:00,2687.1603333333333,2435.0,11111.5,2167.7,2408.7,42.83302110141619,19.68,1253581.0
2009-04-18 21:00:00,2702.528,2435.0,11169.0,2154.65,2379.15,42.83302110141619,19.68,1253581.0
2009-04-19 21:00:00,2717.895666666667,2435.0,11226.5,2141.6,2349.6,42.83302110141619,19.68,1253581.0
2009-04-20 21:00:00,2733.2633333333333,2435.0,11284.0,2128.55,2320.05,42.83302110141619,19.68,1253581.0
2009-04-21 21:00:00,2748.631,2475.0,11396.0,2115.5,2290.5,42.83302110141619,19.68,1253581.0
2009-04-22 21:00:00,2763.998666666667,2580.0,19855.0,2102.45,2260.95,42.83302110141619,19.68,1253581.0
2009-04-23 21:00:00,2779.3663333333334,2585.0,13981.0,2089.4,2231.4,42.83302110141619,19.68,1253581.0
2009-04-24 21:00:00,2794.734,2552.75,13366.5,2076.35,2201.85,42.83302110141619,19.68,1253581.0
2009-04-25 21:00:00,2810.1016666666665,2520.5,12752.0,2063.3,2172.3,42.83302110141619,19.68,1253581.0
2009-04-26 21:00:00,2825.469333333333,2488.25,12137.5,2050.25,2142.75,42.83302110141619,19.68,1253581.0
2009-04-27 21:00:00,2840.837,2456.0,11523.0,2037.2,2113.2,42.83302110141619,19.68,1253581.0
2009-04-28 21:00:00,2856.2046666666665,2480.0,13014.0,2024.15,2083.65,42.83302110141619,19.68,1253581.0
2009-04-29 21:00:00,2871.572333333333,2595.0,15587.0,2011.1,2054.1,42.83302110141619,19.68,1253581.0
2009-04-30 21:00:00,2886.94,2601.0,15517.2,1998.05,2024.55,42.83302110141619,19.68,1253581.0
2009-05-01 21:00:00,2892.963870967742,2607.0,15447.4,1985.0,1995.0,42.83302110141619,19.68,1253581.0
2009-05-02 21:00:00,2898.987741935484,2613.0,15377.6,1969.0,1905.0,42.83302110141619,19.68,1253581.0
2009-05-03 21:00:00,2905.011612903226,2619.0,15307.8,1995.0,2358.0,42.83302110141619,19.68,1253581.0
2009-05-04 21:00:00,2911.035483870968,2625.0,15238.0,2337.5,2411.5,42.83302110141619,19.68,1253581.0
2009-05-05 21:00:00,2917.0593548387096,2680.0,17413.0,2680.0,2465.0,42.83302110141619,19.68,1253581.0
2009-05-06 21:00:00,2923.0832258064515,2680.0,12422.0,2566.6666666666665,2343.3333333333335,42.83302110141619,19.68,1253581.0
2009-05-07 21:00:00,2929.107096774193,2685.0,10350.0,2453.3333333333335,2221.6666666666665,42.83302110141619,19.68,1253581.0
2009-05-08 21:00:00,2935.130967741936,2695.0,9856.0,2340.0,2100.0,42.83302110141619,19.68,1253581.0
2009-05-09 21:00:00,2941.1548387096773,2705.0,9362.0,2208.5,2172.5,42.83302110141619,19.68,1253581.0
2009-05-10 21:00:00,2947.178709677419,2715.0,8868.0,2077.0,2245.0,42.83302110141619,19.68,1253581.0
2009-05-11 21:00:00,2953.202580645161,2725.0,8374.0,2266.0,2620.0,42.83302110141619,19.68,1253581.0
2009-05-12 21:00:00,2959.226451612903,2789.0,11708.0,2246.904761904762,2585.4761904761904,42.83302110141619,19.68,1253581.0
2009-05-13 21:00:00,2965.250322580645,2684.0,10126.0,2227.809523809524,2550.9523809523807,42.83302110141619,19.68,1253581.0
2009-05-14 21:00:00,2971.274193548387,2665.0,8551.0,2208.714285714286,2516.4285714285716,42.83302110141619,19.68,1253581.0
2009-05-15 21:00:00,2977.2980645161288,2656.25,9214.25,2189.6190476190477,2481.904761904762,42.83302110141619,19.68,1253581.0
2009-05-16 21:00:00,2983.321935483871,2647.5,9877.5,2170.5238095238096,2447.3809523809523,42.83302110141619,19.68,1253581.0
2009-05-17 21:00:00,2989.345806451613,2638.75,10540.75,2151.4285714285716,2412.8571428571427,42.83302110141619,19.68,1253581.0
2009-05-18 21:00:00,2995.369677419355,2630.0,11204.0,2132.3333333333335,2378.3333333333335,42.83302110141619,19.68,1253581.0
2009-05-19 21:00:00,3001.393548387097,2602.0,17682.0,2113.2380952380954,2343.809523809524,42.83302110141619,19.68,1253581.0
2009-05-20 21:00:00,3007.417419354839,2499.0,14260.0,2094.1428571428573,2309.285714285714,42.83302110141619,19.68,1253581.0
2009-05-21 21:00:00,3013.4412903225807,2521.0,11942.0,2075.0476190476193,2274.7619047619046,42.83302110141619,19.68,1253581.0
2009-05-22 21:00:00,3019.4651612903226,2498.25,12449.25,2055.9523809523807,2240.2380952380954,42.83302110141619,19.68,1253581.0
2009-05-23 21:00:00,3025.4890322580645,2475.5,12956.5,2036.857142857143,2205.714285714286,42.83302110141619,19.68,1253581.0
2009-05-24 21:00:00,3031.5129032258064,2452.75,13463.75,2017.7619047619048,2171.190476190476,42.83302110141619,19.68,1253581.0
2009-05-25 21:00:00,3037.5367741935484,2430.0,13971.0,1998.6666666666667,2136.6666666666665,42.83302110141619,19.68,1253581.0
2009-05-26 21:00:00,3043.5606451612903,2505.0,13218.0,1979.5714285714284,2102.142857142857,42.83302110141619,19.68,1253581.0
2009-05-27 21:00:00,3049.584516129032,2505.0,9456.0,1960.4761904761904,2067.6190476190477,42.83302110141619,19.68,1253581.0
2009-05-28 21:00:00,3055.608387096774,2560.0,10326.0,1941.3809523809523,2033.095238095238,42.83302110141619,19.68,1253581.0
2009-05-29 21:00:00,3061.632258064516,2569.5,9419.25,1922.2857142857142,1998.5714285714284,42.83302110141619,19.68,1253581.0
2009-05-30 21:00:00,3067.656129032258,2579.0,8512.5,1903.1904761904761,1964.047619047619,42.83302110141619,19.68,1253581.0
2009-05-31 21:00:00,3073.68,2588.5,7605.75,1884.095238095238,1929.5238095238096,42.83302110141619,19.68,1253581.0
2009-06-01 21:00:00,3063.702333333333,2598.0,6699.0,1865.0,1895.0,42.83302110141619,19.68,1253581.0
2009-06-02 21:00:00,3053.7246666666665,2575.0,6908.0,1965.0,2140.0,42.83302110141619,19.68,1253581.0
2009-06-03 21:00:00,3043.747,2569.0,7837.0,2065.0,2385.0,42.83302110141619,19.68,1253581.0
2009-06-04 21:00:00,3033.769333333333,2520.0,10734.0,2165.0,2630.0,42.83302110141619,19.68,1253581.0
2009-06-05 21:00:00,3023.7916666666665,2506.25,10629.0,2685.0,2400.0,42.83302110141619,19.68,1253581.0
2009-06-06 21:00:00,3013.814,2492.5,10524.0,2343.5,2457.5,42.83302110141619,19.68,1253581.0
2009-06-07 21:00:00,3003.836333333333,2478.75,10419.0,2002.0,2515.0,42.83302110141619,19.68,1253581.0
2009-06-08 21:00:00,2993.8586666666665,2465.0,10314.0,2400.0,2181.0,42.83302110141619,19.68,1253581.0
2009-06-09 21:00:00,2983.881,2501.0,10855.0,2215.0,2225.0,42.83302110141619,19.68,1253581.0
2009-06-10 21:00:00,2973.903333333333,2485.0,9484.0,2030.0,2269.0,42.83302110141619,19.68,1253581.0
2009-06-11 21:00:00,2963.9256666666665,2465.0,9289.0,2024.7619047619048,2250.2380952380954,42.83302110141619,19.68,1253581.0
2009-06-12 21:00:00,2953.948,2448.75,9475.25,2019.5238095238096,2231.4761904761904,42.83302110141619,19.68,1253581.0
2009-06-13 21:00:00,2943.970333333333,2432.5,9661.5,2014.2857142857142,2212.714285714286,42.83302110141619,19.68,1253581.0
2009-06-14 21:00:00,2933.9926666666665,2416.25,9847.75,2009.047619047619,2193.9523809523807,42.83302110141619,19.68,1253581.0
2009-06-15 21:00:00,2924.015,2400.0,10034.0,2003.8095238095239,2175.190476190476,42.83302110141619,19.68,1253581.0
2009-06-16 21:00:00,2914.037333333333,2375.0,7789.0,1998.5714285714287,2156.4285714285716,42.83302110141619,19.68,1253581.0
2009-06-17 21:00:00,2904.0596666666665,2299.0,12584.0,1993.3333333333333,2137.6666666666665,42.83302110141619,19.68,1253581.0
2009-06-18 21:00:00,2894.082,2285.0,7569.0,1988.095238095238,2118.904761904762,42.83302110141619,19.68,1253581.0
2009-06-19 21:00:00,2884.104333333333,2285.25,9865.25,1982.857142857143,2100.1428571428573,42.83302110141619,19.68,1253581.0
2009-06-20 21:00:00,2874.1266666666666,2285.5,12161.5,1977.6190476190477,2081.3809523809523,42.83302110141619,19.68,1253581.0
2009-06-21 21:00:00,2864.149,2285.75,14457.75,1972.3809523809523,2062.6190476190477,42.83302110141619,19.68,1253581.0
2009-06-22 21:00:00,2854.171333333333,2286.0,16754.0,1967.142857142857,2043.857142857143,42.83302110141619,19.68,1253581.0
2009-06-23 21:00:00,2844.1936666666666,2250.0,8111.0,1961.904761904762,2025.095238095238,42.83302110141619,19.68,1253581.0
2009-06-24 21:00:00,2834.216,2336.0,7435.0,1956.6666666666667,2006.3333333333333,42.83302110141619,19.68,1253581.0
2009-06-25 21:00:00,2824.238333333333,2319.0,7698.0,1951.4285714285713,1987.5714285714284,42.83302110141619,19.68,1253581.0
2009-06-26 21:00:00,2814.2606666666666,2296.75,8266.25,1946.1904761904761,1968.8095238095239,42.83302110141619,19.68,1253581.0
2009-06-27 21:00:00,2804.283,2274.5,8834.5,1940.952380952381,1950.047619047619,42.83302110141619,19.68,1253581.0
2009-06-28 21:00:00,2794.305333333333,2252.25,9402.75,1935.7142857142858,1931.2857142857142,42.83302110141619,19.68,1253581.0
2009-06-29 21:00:00,2784.3276666666666,2230.0,9971.0,1930.4761904761904,1912.5238095238096,42.83302110141619,19.68,1253581.0
2009-06-30 21:00:00,2774.35,2259.0,8243.0,1925.2380952380952,1893.7619047619048,42.83302110141619,19.68,1253581.0
2009-07-01 21:00:00,2764.7648387096774,2175.0,10822.0,1920.0,1875.0,42.83302110141619,19.68,1253581.0
2009-07-02 21:00:00,2755.179677419355,2175.0,10915.0,2046.3333333333333,2117.3333333333335,42.83302110141619,19.68,1253581.0
2009-07-03 21:00:00,2745.5945161290324,2148.5,10885.5,2172.6666666666665,2359.6666666666665,42.83302110141619,19.68,1253581.0
2009-07-04 21:00:00,2736.009354838709,2122.0,10856.0,2299.0,2602.0,42.83302110141619,19.68,1253581.0
2009-07-05 21:00:00,2726.424193548387,2095.5,10826.5,2660.0,2375.0,42.83302110141619,19.68,1253581.0
2009-07-06 21:00:00,2716.8390322580644,2069.0,10797.0,2353.5,2408.0,42.83302110141619,19.68,1253581.0
2009-07-07 21:00:00,2707.253870967742,2002.0,9790.0,2047.0,2441.0,42.83302110141619,19.68,1253581.0
2009-07-08 21:00:00,2697.6687096774194,2047.0,7930.0,2113.0,2309.5,42.83302110141619,19.68,1253581.0
2009-07-09 21:00:00,2688.083548387097,2010.0,7908.0,2179.0,2178.0,42.83302110141619,19.68,1253581.0
2009-07-10 21:00:00,2678.498387096774,2016.5,7623.75,2085.0,2342.0,42.83302110141619,19.68,1253581.0
2009-07-11 21:00:00,2668.9132258064515,2023.0,7339.5,2305.5,2391.0,42.83302110141619,19.68,1253581.0
2009-07-12 21:00:00,2659.328064516129,2029.5,7055.25,2526.0,2440.0,42.83302110141619,19.68,1253581.0
2009-07-13 21:00:00,2649.7429032258065,2036.0,6771.0,2499.1,2411.0,42.83302110141619,19.68,1253581.0
2009-07-14 21:00:00,2640.157741935484,2103.0,8508.0,2472.2,2382.0,42.83302110141619,19.68,1253581.0
2009-07-15 21:00:00,2630.572580645161,2020.0,9215.0,2445.3,2353.0,42.83302110141619,19.68,1253581.0
2009-07-16 21:00:00,2620.9874193548385,2123.0,7437.0,2418.4,2324.0,42.83302110141619,19.68,1253581.0
2009-07-17 21:00:00,2611.402258064516,2128.0,7756.5,2391.5,2295.0,42.83302110141619,19.68,1253581.0
2009-07-18 21:00:00,2601.817096774193,2133.0,8076.0,2364.6,2266.0,42.83302110141619,19.68,1253581.0
2009-07-19 21:00:00,2592.231935483871,2138.0,8395.5,2337.7,2237.0,42.83302110141619,19.68,1253581.0
2009-07-20 21:00:00,2582.6467741935485,2143.0,8715.0,2310.8,2208.0,42.83302110141619,19.68,1253581.0
2009-07-21 21:00:00,2573.061612903226,2083.0,10878.0,2283.9,2179.0,42.83302110141619,19.68,1253581.0
2009-07-22 21:00:00,2563.476451612903,2100.0,8488.0,2257.0,2150.0,42.83302110141619,19.68,1253581.0
2009-07-23 21:00:00,2553.8912903225805,2122.0,7858.0,2230.1,2121.0,42.83302110141619,19.68,1253581.0
2009-07-24 21:00:00,2544.306129032258,2126.5,8564.0,2203.2,2092.0,42.83302110141619,19.68,1253581.0
2009-07-25 21:00:00,2534.7209677419355,2131.0,9270.0,2176.3,2063.0,42.83302110141619,19.68,1253581.0
2009-07-26 21:00:00,2525.135806451613,2135.5,9976.0,2149.4,2034.0,42.83302110141619,19.68,1253581.0
2009-07-27 21:00:00,2515.5506451612905,2140.0,10682.0,2122.5,2005.0,42.83302110141619,19.68,1253581.0
2009-07-28 21:00:00,2505.9654838709675,2113.0,9961.0,2095.6,1976.0,42.83302110141619,19.68,1253581.0
2009-07-29 21:00:00,2496.380322580645,2145.0,7581.0,2068.7,1947.0,42.83302110141619,19.68,1253581.0
2009-07-30 21:00:00,2486.7951612903225,2189.0,12690.0,2041.8,1918.0,42.83302110141619,19.68,1253581.0
2009-07-31 21:00:00,2477.21,2217.75,12318.5,2014.9,1889.0,42.83302110141619,19.68,1253581.0
2009-08-01 21:00:00,2481.9574193548387,2246.5,11947.0,1988.0,1860.0,42.83302110141619,19.68,1253581.0
2009-08-02 21:00:00,2486.704838709677,2275.25,11575.5,2090.6,1892.0,42.83302110141619,19.68,1253581.0
2009-08-03 21:00:00,2491.452258064516,2304.0,11204.0,2193.2,1924.0,42.83302110141619,19.68,1253581.0
2009-08-04 21:00:00,2496.199677419355,2335.0,10840.0,2295.8,1956.0,42.83302110141619,19.68,1253581.0
2009-08-05 21:00:00,2500.9470967741936,2325.0,11408.0,2398.4,1988.0,42.83302110141619,19.68,1253581.0
2009-08-06 21:00:00,2505.6945161290323,2340.0,7124.0,2501.0,2020.0,42.83302110141619,19.68,1253581.0
2009-08-07 21:00:00,2510.441935483871,2371.25,8781.5,2010.0,2375.0,42.83302110141619,19.68,1253581.0
2009-08-08 21:00:00,2515.1893548387097,2402.5,10439.0,2097.0,2277.5,42.83302110141619,19.68,1253581.0
2009-08-09 21:00:00,2519.9367741935484,2433.75,12096.5,2184.0,2180.0,42.83302110141619,19.68,1253581.0
2009-08-10 21:00:00,2524.684193548387,2465.0,13754.0,2147.0,2400.0,42.83302110141619,19.68,1253581.0
2009-08-11 21:00:00,2529.431612903226,2460.0,10309.0,2334.0,2447.5,42.83302110141619,19.68,1253581.0
2009-08-12 21:00:00,2534.1790322580646,2515.0,11399.0,2521.0,2495.0,42.83302110141619,19.68,1253581.0
2009-08-13 21:00:00,2538.9264516129037,2441.0,12274.0,2492.6190476190477,2467.190476190476,42.83302110141619,19.68,1253581.0
2009-08-14 21:00:00,2543.673870967742,2424.5,11368.5,2464.2380952380954,2439.3809523809523,42.83302110141619,19.68,1253581.0
2009-08-15 21:00:00,2548.4212903225807,2408.0,10463.0,2435.8571428571427,2411.5714285714284,42.83302110141619,19.68,1253581.0
2009-08-16 21:00:00,2553.1687096774194,2391.5,9557.5,2407.4761904761904,2383.7619047619046,42.83302110141619,19.68,1253581.0
2009-08-17 21:00:00,2557.916129032258,2375.0,8652.0,2379.095238095238,2355.9523809523807,42.83302110141619,19.68,1253581.0
2009-08-18 21:00:00,2562.663548387097,2299.0,20092.0,2350.714285714286,2328.1428571428573,42.83302110141619,19.68,1253581.0
2009-08-19 21:00:00,2567.410967741936,2301.0,14644.0,2322.3333333333335,2300.3333333333335,42.83302110141619,19.68,1253581.0
2009-08-20 21:00:00,2572.1583870967743,2345.0,13092.0,2293.9523809523807,2272.5238095238096,42.83302110141619,19.68,1253581.0
2009-08-21 21:00:00,2576.905806451613,2347.5,12301.75,2265.5714285714284,2244.714285714286,42.83302110141619,19.68,1253581.0
2009-08-22 21:00:00,2581.653225806452,2350.0,11511.5,2237.190476190476,2216.904761904762,42.83302110141619,19.68,1253581.0
2009-08-23 21:00:00,2586.4006451612904,2352.5,10721.25,2208.809523809524,2189.095238095238,42.83302110141619,19.68,1253581.0
2009-08-24 21:00:00,2591.148064516129,2355.0,9931.0,2180.4285714285716,2161.285714285714,42.83302110141619,19.68,1253581.0
2009-08-25 21:00:00,2595.895483870968,2357.0,9427.0,2152.0476190476193,2133.4761904761904,42.83302110141619,19.68,1253581.0
2009-08-26 21:00:00,2600.6429032258065,2346.0,7488.0,2123.6666666666665,2105.6666666666665,42.83302110141619,19.68,1253581.0
2009-08-27 21:00:00,2605.3903225806453,2370.0,7238.0,2095.285714285714,2077.8571428571427,42.83302110141619,19.68,1253581.0
2009-08-28 21:00:00,2610.137741935484,2353.25,7979.25,2066.904761904762,2050.0476190476193,42.83302110141619,19.68,1253581.0
2009-08-29 21:00:00,2614.8851612903227,2336.5,8720.5,2038.5238095238096,2022.2380952380952,42.83302110141619,19.68,1253581.0
2009-08-30 21:00:00,2619.6325806451614,2319.75,9461.75,2010.142857142857,1994.4285714285716,42.83302110141619,19.68,1253581.0
2009-08-31 21:00:00,2624.38,2303.0,10203.0,1981.7619047619048,1966.6190476190477,42.83302110141619,19.68,1253581.0
2009-09-01 21:00:00,2618.944,2245.0,11213.0,1953.3809523809523,1938.8095238095239,42.83302110141619,19.68,1253581.0
2009-09-02 21:00:00,2613.5080000000003,2218.0,7323.0,1925.0,1911.0,42.83302110141619,19.68,1253581.0
2009-09-03 21:00:00,2608.072,2197.0,7349.0,1980.0,2435.0,42.83302110141619,19.68,1253581.0
2009-09-04 21:00:00,2602.636,2200.25,7712.0,2335.0,2499.0,42.83302110141619,19.68,1253581.0
2009-09-05 21:00:00,2597.2000000000003,2203.5,8075.0,2410.0,2311.0,42.83302110141619,19.68,1253581.0
2009-09-06 21:00:00,2591.764,2206.75,8438.0,2485.0,2123.0,42.83302110141619,19.68,1253581.0
2009-09-07 21:00:00,2586.328,2210.0,8801.0,1990.0,2299.0,42.83302110141619,19.68,1253581.0
2009-09-08 21:00:00,2580.8920000000003,2179.0,10963.0,2067.5,2233.5,42.83302110141619,19.68,1253581.0
2009-09-09 21:00:00,2575.456,2184.0,12256.0,2145.0,2168.0,42.83302110141619,19.68,1253581.0
2009-09-10 21:00:00,2570.02,2145.0,8408.0,2190.0,2341.5,42.83302110141619,19.68,1253581.0
2009-09-11 21:00:00,2564.5840000000003,2133.75,8619.25,2235.0,2515.0,42.83302110141619,19.68,1253581.0
2009-09-12 21:00:00,2559.148,2122.5,8830.5,2530.0,2456.0,42.83302110141619,19.68,1253581.0
2009-09-13 21:00:00,2553.712,2111.25,9041.75,2499.9,2432.45,42.83302110141619,19.68,1253581.0
2009-09-14 21:00:00,2548.2760000000003,2100.0,9253.0,2469.8,2408.9,42.83302110141619,19.68,1253581.0
2009-09-15 21:00:00,2542.84,2181.0,13761.0,2439.7,2385.35,42.83302110141619,19.68,1253581.0
2009-09-16 21:00:00,2537.404,2182.0,6661.0,2409.6,2361.8,42.83302110141619,19.68,1253581.0
2009-09-17 21:00:00,2531.9680000000003,2190.0,7580.0,2379.5,2338.25,42.83302110141619,19.68,1253581.0
2009-09-18 21:00:00,2526.532,2181.2,7488.6,2349.4,2314.7,42.83302110141619,19.68,1253581.0
2009-09-19 21:00:00,2521.096,2172.4,7397.2,2319.3,2291.15,42.83302110141619,19.68,1253581.0
2009-09-20 21:00:00,2515.6600000000003,2163.6,7305.8,2289.2,2267.6,42.83302110141619,19.68,1253581.0
2009-09-21 21:00:00,2510.224,2154.8,7214.4,2259.1,2244.05,42.83302110141619,19.68,1253581.0
2009-09-22 21:00:00,2504.788,2146.0,7123.0,2229.0,2220.5,42.83302110141619,19.68,1253581.0
2009-09-23 21:00:00,2499.3520000000003,2115.0,12537.0,2198.9,2196.95,42.83302110141619,19.68,1253581.0
2009-09-24 21:00:00,2493.916,2186.0,7083.0,2168.8,2173.4,42.83302110141619,19.68,1253581.0
2009-09-25 21:00:00,2488.48,2165.75,7941.25,2138.7,2149.85,42.83302110141619,19.68,1253581.0
2009-09-26 21:00:00,2483.0440000000003,2145.5,8799.5,2108.6,2126.3,42.83302110141619,19.68,1253581.0
2009-09-27 21:00:00,2477.608,2125.25,9657.75,2078.5,2102.75,42.83302110141619,19.68,1253581.0
2009-09-28 21:00:00,2472.172,2105.0,10516.0,2048.4,2079.2,42.83302110141619,19.68,1253581.0
2009-09-29 21:00:00,2466.7360000000003,2103.0,8305.0,2018.3,2055.65,42.83302110141619,19.68,1253581.0
2009-09-30 21:00:00,2461.3,2115.0,3870.0,1988.1999999999998,2032.1,42.83302110141619,19.68,1253581.0
2009-10-01 21:00:00,2461.46935483871,2037.0,5744.0,1958.1,2008.55,42.83302110141619,19.68,1253581.0
2009-10-02 21:00:00,2461.63870967742,2043.25,7829.5,1928.0,1985.0,42.83302110141619,19.68,1253581.0
2009-10-03 21:00:00,2461.808064516129,2049.5,9915.0,1920.0,2435.0,42.83302110141619,19.68,1253581.0
2009-10-04 21:00:00,2461.9774193548387,2055.75,12000.5,2101.6666666666665,2337.6666666666665,42.83302110141619,19.68,1253581.0
2009-10-05 21:00:00,2462.1467741935485,2062.0,14086.0,2283.3333333333335,2240.3333333333335,42.83302110141619,19.68,1253581.0
2009-10-06 21:00:00,2462.3161290322582,2077.0,8157.0,2465.0,2143.0,42.83302110141619,19.68,1253581.0
2009-10-07 21:00:00,2462.485483870968,2030.0,10108.0,2462.5,2162.5,42.83302110141619,19.68,1253581.0
2009-10-08 21:00:00,2462.6548387096777,2085.0,9010.0,2460.0,2182.0,42.83302110141619,19.68,1253581.0
2009-10-09 21:00:00,2462.8241935483875,2103.0,10488.0,2070.0,2210.0,42.83302110141619,19.68,1253581.0
2009-10-10 21:00:00,2462.993548387097,2121.0,11966.0,2157.5,2355.0,42.83302110141619,19.68,1253581.0
2009-10-11 21:00:00,2463.1629032258065,2139.0,13444.0,2245.0,2500.0,42.83302110141619,19.68,1253581.0
2009-10-12 21:00:00,2463.3322580645163,2157.0,14922.0,2513.0,2410.0,42.83302110141619,19.68,1253581.0
2009-10-13 21:00:00,2463.501612903226,2160.0,9340.0,2488.3333333333335,2389.5238095238096,42.83302110141619,19.68,1253581.0
2009-10-14 21:00:00,2463.670967741936,2110.0,7272.0,2463.6666666666665,2369.0476190476193,42.83302110141619,19.68,1253581.0
2009-10-15 21:00:00,2463.840322580645,2178.0,12068.0,2439.0,2348.5714285714284,42.83302110141619,19.68,1253581.0
2009-10-16 21:00:00,2464.009677419355,2178.5,11428.75,2414.3333333333335,2328.095238095238,42.83302110141619,19.68,1253581.0
2009-10-17 21:00:00,2464.1790322580646,2179.0,10789.5,2389.6666666666665,2307.6190476190477,42.83302110141619,19.68,1253581.0
2009-10-18 21:00:00,2464.3483870967743,2179.5,10150.25,2365.0,2287.1428571428573,42.83302110141619,19.68,1253581.0
2009-10-19 21:00:00,2464.517741935484,2180.0,9511.0,2340.3333333333335,2266.6666666666665,42.83302110141619,19.68,1253581.0
2009-10-20 21:00:00,2464.687096774194,2168.0,9415.0,2315.6666666666665,2246.190476190476,42.83302110141619,19.68,1253581.0
2009-10-21 21:00:00,2464.856451612904,2210.0,11485.0,2291.0,2225.714285714286,42.83302110141619,19.68,1253581.0
2009-10-22 21:00:00,2465.025806451613,2238.0,10282.0,2266.3333333333335,2205.2380952380954,42.83302110141619,19.68,1253581.0
2009-10-23 21:00:00,2465.195161290322,2221.0,10354.0,2241.6666666666665,2184.7619047619046,42.83302110141619,19.68,1253581.0
2009-10-24 21:00:00,2465.3645161290324,2204.0,10426.0,2217.0,2164.285714285714,42.83302110141619,19.68,1253581.0
2009-10-25 21:00:00,2465.533870967742,2187.0,10498.0,2192.3333333333335,2143.809523809524,42.83302110141619,19.68,1253581.0
2009-10-26 21:00:00,2465.703225806452,2170.0,10570.0,2167.6666666666665,2123.3333333333335,42.83302110141619,19.68,1253581.0
2009-10-27 21:00:00,2465.8725806451616,2152.0,11634.0,2143.0,2102.857142857143,42.83302110141619,19.68,1253581.0
2009-10-28 21:00:00,2466.041935483871,2189.0,10250.0,2118.3333333333335,2082.3809523809523,42.83302110141619,19.68,1253581.0
2009-10-29 21:00:00,2466.2112903225807,2208.0,7464.0,2093.6666666666665,2061.904761904762,42.83302110141619,19.68,1253581.0
2009-10-30 21:00:00,2466.3806451612904,2203.5,7357.25,2069.0,2041.4285714285716,42.83302110141619,19.68,1253581.0
2009-10-31 21:00:00,2466.55,2199.0,7250.5,2044.3333333333333,2020.952380952381,42.83302110141619,19.68,1253581.0
2009-11-01 21:00:00,2470.574,2194.5,7143.75,2019.6666666666665,2000.4761904761904,42.83302110141619,19.68,1253581.0
2009-11-02 21:00:00,2474.598,2190.0,7037.0,1995.0,1980.0,42.83302110141619,19.68,1253581.0
2009-11-03 21:00:00,2478.6220000000003,2260.0,10758.0,1972.0,2475.0,42.83302110141619,19.68,1253581.0
2009-11-04 21:00:00,2482.646,2247.0,6629.0,2380.5,2387.0,42.83302110141619,19.68,1253581.0
2009-11-05 21:00:00,2486.67,2246.0,5838.0,2789.0,2299.0,42.83302110141619,19.68,1253581.0
2009-11-06 21:00:00,2490.694,2245.0,6221.5,2400.0,2083.0,42.83302110141619,19.68,1253581.0
2009-11-07 21:00:00,2494.7180000000003,2244.0,6605.0,2457.5,2136.5,42.83302110141619,19.68,1253581.0
2009-11-08 21:00:00,2498.742,2243.0,6988.5,2515.0,2190.0,42.83302110141619,19.68,1253581.0
2009-11-09 21:00:00,2502.766,2242.0,7372.0,2433.0,2311.3333333333335,42.83302110141619,19.68,1253581.0
2009-11-10 21:00:00,2506.79,2235.0,3349.0,2351.0,2432.6666666666665,42.83302110141619,19.68,1253581.0
2009-11-11 21:00:00,2510.8140000000003,2245.0,7795.0,2269.0,2554.0,42.83302110141619,19.68,1253581.0
2009-11-12 21:00:00,2514.838,2269.0,6466.0,2249.75,2518.05,42.83302110141619,19.68,1253581.0
2009-11-13 21:00:00,2518.862,2287.25,6949.5,2230.5,2482.1,42.83302110141619,19.68,1253581.0
2009-11-14 21:00:00,2522.886,2305.5,7433.0,2211.25,2446.15,42.83302110141619,19.68,1253581.0
2009-11-15 21:00:00,2526.91,2323.75,7916.5,2192.0,2410.2,42.83302110141619,19.68,1253581.0
2009-11-16 21:00:00,2530.934,2342.0,8400.0,2172.75,2374.25,42.83302110141619,19.68,1253581.0
2009-11-17 21:00:00,2534.958,2400.0,12307.0,2153.5,2338.3,42.83302110141619,19.68,1253581.0
2009-11-18 21:00:00,2538.982,2371.0,11840.0,2134.25,2302.35,42.83302110141619,19.68,1253581.0
2009-11-19 21:00:00,2543.006,2419.0,8744.0,2115.0,2266.4,42.83302110141619,19.68,1253581.0
2009-11-20 21:00:00,2547.03,2433.75,9075.25,2095.75,2230.45,42.83302110141619,19.68,1253581.0
2009-11-21 21:00:00,2551.054,2448.5,9406.5,2076.5,2194.5,42.83302110141619,19.68,1253581.0
2009-11-22 21:00:00,2555.078,2463.25,9737.75,2057.25,2158.55,42.83302110141619,19.68,1253581.0
2009-11-23 21:00:00,2559.102,2478.0,10069.0,2038.0,2122.6,42.83302110141619,19.68,1253581.0
2009-11-24 21:00:00,2563.126,2482.0,12995.0,2018.75,2086.65,42.83302110141619,19.68,1253581.0
2009-11-25 21:00:00,2567.15,2482.0,12620.0,1999.5,2050.7,42.83302110141619,19.68,1253581.0
2009-11-26 21:00:00,2571.174,2484.6,11615.4,1980.25,2014.75,42.83302110141619,19.68,1253581.0
2009-11-27 21:00:00,2575.198,2487.2,10610.8,1961.0,1978.8,42.83302110141619,19.68,1253581.0
2009-11-28 21:00:00,2579.222,2489.8,9606.2,1941.75,1942.85,42.83302110141619,19.68,1253581.0
2009-11-29 21:00:00,2583.246,2492.4,8601.6,1922.5,1906.9,42.83302110141619,19.68,1253581.0
2009-11-30 21:00:00,2587.27,2495.0,7597.0,1903.25,1870.9499999999998,42.83302110141619,19.68,1253581.0
2009-12-01 21:00:00,2594.253225806452,2489.0,6971.0,1884.0,1835.0,42.83302110141619,19.68,1253581.0
2009-12-02 21:00:00,2601.2364516129032,2478.0,4212.0,1922.0,1972.0,42.83302110141619,19.68,1253581.0
2009-12-03 21:00:00,2608.219677419355,2562.0,10412.0,1902.0,2580.0,42.83302110141619,19.68,1253581.0
2009-12-04 21:00:00,2615.2029032258065,2561.75,9900.25,2293.0,2432.5,42.83302110141619,19.68,1253581.0
2009-12-05 21:00:00,2622.186129032258,2561.5,9388.5,2684.0,2285.0,42.83302110141619,19.68,1253581.0
2009-12-06 21:00:00,2629.1693548387098,2561.25,8876.75,2603.0,2238.6666666666665,42.83302110141619,19.68,1253581.0
2009-12-07 21:00:00,2636.1525806451614,2561.0,8365.0,2522.0,2192.3333333333335,42.83302110141619,19.68,1253581.0
2009-12-08 21:00:00,2643.135806451613,2526.0,11455.0,2441.0,2146.0,42.83302110141619,19.68,1253581.0
2009-12-09 21:00:00,2650.1190322580646,2521.0,10406.0,2300.5,2258.5,42.83302110141619,19.68,1253581.0
2009-12-10 21:00:00,2657.1022580645163,2530.0,8210.0,2160.0,2371.0,42.83302110141619,19.68,1253581.0
2009-12-11 21:00:00,2664.085483870968,2528.75,7280.75,2336.0,2590.0,42.83302110141619,19.68,1253581.0
2009-12-12 21:00:00,2671.0687096774195,2527.5,6351.5,2343.3636363636365,2589.0454545454545,42.83302110141619,19.68,1253581.0
2009-12-13 21:00:00,2678.051935483871,2526.25,5422.25,2350.7272727272725,2588.090909090909,42.83302110141619,19.68,1253581.0
2009-12-14 21:00:00,2685.035161290323,2525.0,4493.0,2358.090909090909,2587.1363636363635,42.83302110141619,19.68,1253581.0
2009-12-15 21:00:00,2692.018387096774,2586.0,9100.0,2365.4545454545455,2586.181818181818,42.83302110141619,19.68,1253581.0
2009-12-16 21:00:00,2699.0016129032256,2620.0,7146.0,2372.818181818182,2585.2272727272725,42.83302110141619,19.68,1253581.0
2009-12-17 21:00:00,2705.984838709677,2599.0,6900.0,2380.181818181818,2584.2727272727275,42.83302110141619,19.68,1253581.0
2009-12-18 21:00:00,2712.968064516129,2578.0,6654.0,2387.5454545454545,2583.318181818182,42.83302110141619,19.68,1253581.0
2009-12-19 21:00:00,2719.9512903225805,2557.0,6408.0,2394.909090909091,2582.3636363636365,42.83302110141619,19.68,1253581.0
2009-12-20 21:00:00,2726.934516129032,2536.0,6162.0,2402.2727272727275,2581.409090909091,42.83302110141619,19.68,1253581.0
2009-12-21 21:00:00,2733.917741935484,2515.0,5916.0,2409.6363636363635,2580.4545454545455,42.83302110141619,19.68,1253581.0
2009-12-22 21:00:00,2740.900967741936,2500.0,6089.0,2417.0,2579.5,42.83302110141619,19.68,1253581.0
2009-12-23 21:00:00,2747.884193548387,2554.0,4306.0,2424.3636363636365,2578.5454545454545,42.83302110141619,19.68,1253581.0
2009-12-24 21:00:00,2754.8674193548386,2561.2,4426.6,2431.7272727272725,2577.590909090909,42.83302110141619,19.68,1253581.0
2009-12-25 21:00:00,2761.8506451612902,2568.4,4547.2,2439.090909090909,2576.6363636363635,42.83302110141619,19.68,1253581.0
2009-12-26 21:00:00,2768.833870967742,2575.6,4667.8,2446.4545454545455,2575.681818181818,42.83302110141619,19.68,1253581.0
2009-12-27 21:00:00,2775.817096774193,2582.8,4788.4,2453.818181818182,2574.7272727272725,42.83302110141619,19.68,1253581.0
2009-12-28 21:00:00,2782.800322580645,2590.0,4909.0,2461.181818181818,2573.7727272727275,42.83302110141619,19.68,1253581.0
2009-12-29 21:00:00,2789.7835483870967,2595.0,4265.0,2468.5454545454545,2572.818181818182,42.83302110141619,19.68,1253581.0
2009-12-30 21:00:00,2796.7667741935484,2663.0,7416.0,2475.909090909091,2571.8636363636365,42.83302110141619,19.68,1253581.0
2009-12-31 21:00:00,2803.75,2666.8,7463.0,2483.272727272727,2570.909090909091,42.83302110141619,19.68,1253581.0
2010-01-01 21:00:00,2803.7693548387097,2670.6,7510.0,2490.6363636363635,2569.9545454545455,42.83302110141619,19.68,1253581.0
2010-01-02 21:00:00,2803.78870967742,2674.4,7557.0,2498.0,2569.0,42.83302110141619,19.68,1253581.0
2010-01-03 21:00:00,2803.808064516129,2678.2,7604.0,2635.0,2500.0,42.83302110141619,19.68,1253581.0
2010-01-04 21:00:00,2803.827419354838,2682.0,7651.0,2530.0,2507.0,42.83302110141619,19.68,1253581.0
2010-01-05 21:00:00,2803.8467741935483,2702.0,8912.0,2493.0,2403.5,42.83302110141619,19.68,1253581.0
2010-01-06 21:00:00,2803.866129032258,2630.0,9429.0,2456.0,2300.0,42.83302110141619,19.68,1253581.0
2010-01-07 21:00:00,2803.885483870968,2626.0,11347.0,2290.0,2677.0,42.83302110141619,19.68,1253581.0
2010-01-08 21:00:00,2803.9048387096773,2608.5,10885.5,2430.0,2796.5,42.83302110141619,19.68,1253581.0
2010-01-09 21:00:00,2803.924193548387,2591.0,10424.0,2570.0,2916.0,42.83302110141619,19.68,1253581.0
2010-01-10 21:00:00,2803.9435483870966,2573.5,9962.5,2828.5,3298.0,42.83302110141619,19.68,1253581.0
2010-01-11 21:00:00,2803.9629032258063,2556.0,9501.0,3087.0,3680.0,42.83302110141619,19.68,1253581.0
2010-01-12 21:00:00,2803.982258064516,2510.0,12392.0,3516.0,3650.0,42.83302110141619,19.68,1253581.0
2010-01-13 21:00:00,2804.0016129032256,2530.0,13429.0,3468.095238095238,3599.7619047619046,42.83302110141619,19.68,1253581.0
2010-01-14 21:00:00,2804.0209677419352,2490.0,12428.0,3420.190476190476,3549.5238095238096,42.83302110141619,19.68,1253581.0
2010-01-15 21:00:00,2804.040322580645,2488.25,10150.25,3372.285714285714,3499.285714285714,42.83302110141619,19.68,1253581.0
2010-01-16 21:00:00,2804.059677419355,2486.5,7872.5,3324.3809523809523,3449.0476190476193,42.83302110141619,19.68,1253581.0
2010-01-17 21:00:00,2804.0790322580647,2484.75,5594.75,3276.4761904761904,3398.809523809524,42.83302110141619,19.68,1253581.0
2010-01-18 21:00:00,2804.0983870967743,2483.0,3317.0,3228.5714285714284,3348.5714285714284,42.83302110141619,19.68,1253581.0
2010-01-19 21:00:00,2804.117741935484,2440.0,4891.0,3180.6666666666665,3298.3333333333335,42.83302110141619,19.68,1253581.0
2010-01-20 21:00:00,2804.1370967741937,2495.0,3252.0,3132.7619047619046,3248.095238095238,42.83302110141619,19.68,1253581.0
2010-01-21 21:00:00,2804.1564516129038,2456.0,2127.0,3084.8571428571427,3197.8571428571427,42.83302110141619,19.68,1253581.0
2010-01-22 21:00:00,2804.175806451613,2444.5,2470.0,3036.9523809523807,3147.6190476190477,42.83302110141619,19.68,1253581.0
2010-01-23 21:00:00,2804.195161290322,2433.0,2813.0,2989.0476190476193,3097.3809523809523,42.83302110141619,19.68,1253581.0
2010-01-24 21:00:00,2804.2145161290323,2421.5,3156.0,2941.142857142857,3047.142857142857,42.83302110141619,19.68,1253581.0
2010-01-25 21:00:00,2804.233870967742,2410.0,3499.0,2893.2380952380954,2996.904761904762,42.83302110141619,19.68,1253581.0
2010-01-26 21:00:00,2804.253225806452,2429.0,1792.0,2845.3333333333335,2946.6666666666665,42.83302110141619,19.68,1253581.0
2010-01-27 21:00:00,2804.2725806451613,2440.0,1654.0,2797.4285714285716,2896.4285714285716,42.83302110141619,19.68,1253581.0
2010-01-28 21:00:00,2804.291935483871,2445.0,2023.0,2749.5238095238096,2846.190476190476,42.83302110141619,19.68,1253581.0
2010-01-29 21:00:00,2804.3112903225806,2446.75,3459.5,2701.6190476190477,2795.9523809523807,42.83302110141619,19.68,1253581.0
2010-01-30 21:00:00,2804.3306451612902,2448.5,4896.0,2653.714285714286,2745.714285714286,42.83302110141619,19.68,1253581.0
2010-01-31 21:00:00,2804.35,2450.25,6332.5,2605.809523809524,2695.4761904761904,42.83302110141619,19.68,1253581.0
2010-02-01 21:00:00,2805.445357142857,2452.0,7769.0,2557.904761904762,2645.2380952380954,42.83302110141619,19.68,1253581.0
2010-02-02 21:00:00,2806.5407142857143,2498.0,13357.0,2510.0,2595.0,42.83302110141619,19.68,1253581.0
2010-02-03 21:00:00,2807.6360714285715,2510.0,10318.0,2674.0,2594.0,42.83302110141619,19.68,1253581.0
2010-02-04 21:00:00,2808.7314285714283,2521.0,8990.0,2607.3333333333335,2513.6666666666665,42.83302110141619,19.68,1253581.0
2010-02-05 21:00:00,2809.826785714285,2531.0,8906.0,2540.6666666666665,2433.3333333333335,42.83302110141619,19.68,1253581.0
2010-02-06 21:00:00,2810.9221428571427,2541.0,8822.0,2474.0,2353.0,42.83302110141619,19.68,1253581.0
2010-02-07 21:00:00,2812.0175,2551.0,8738.0,2532.0,2498.5,42.83302110141619,19.68,1253581.0
2010-02-08 21:00:00,2813.112857142857,2561.0,8654.0,2590.0,2644.0,42.83302110141619,19.68,1253581.0
2010-02-09 21:00:00,2814.2082142857143,2563.0,6306.0,2620.0,2930.0,42.83302110141619,19.68,1253581.0
2010-02-10 21:00:00,2815.303571428572,2580.0,6505.0,2905.5,3299.5,42.83302110141619,19.68,1253581.0
2010-02-11 21:00:00,2816.3989285714283,2579.0,4477.0,3191.0,3669.0,42.83302110141619,19.68,1253581.0
2010-02-12 21:00:00,2817.494285714285,2588.8,4863.4,3610.0,3694.0,42.83302110141619,19.68,1253581.0
2010-02-13 21:00:00,2818.5896428571427,2598.6,5249.8,3549.5,3629.6111111111113,42.83302110141619,19.68,1253581.0
2010-02-14 21:00:00,2819.685,2608.4,5636.2,3489.0,3565.222222222222,42.83302110141619,19.68,1253581.0
2010-02-15 21:00:00,2820.780357142857,2618.2,6022.6,3428.5,3500.8333333333335,42.83302110141619,19.68,1253581.0
2010-02-16 21:00:00,2821.8757142857144,2628.0,6409.0,3368.0,3436.4444444444443,42.83302110141619,19.68,1253581.0
2010-02-17 21:00:00,2822.971071428572,2600.0,4721.0,3307.5,3372.0555555555557,42.83302110141619,19.68,1253581.0
2010-02-18 21:00:00,2824.0664285714283,2596.0,6480.0,3247.0,3307.6666666666665,42.83302110141619,19.68,1253581.0
2010-02-19 21:00:00,2825.161785714285,2605.75,7287.0,3186.5,3243.277777777778,42.83302110141619,19.68,1253581.0
2010-02-20 21:00:00,2826.2571428571428,2615.5,8094.0,3126.0,3178.8888888888887,42.83302110141619,19.68,1253581.0
2010-02-21 21:00:00,2827.3525,2625.25,8901.0,3065.5,3114.5,42.83302110141619,19.68,1253581.0
2010-02-22 21:00:00,2828.447857142857,2635.0,9708.0,3005.0,3050.1111111111113,42.83302110141619,19.68,1253581.0
2010-02-23 21:00:00,2829.5432142857144,2590.0,7177.0,2944.5,2985.722222222222,42.83302110141619,19.68,1253581.0
2010-02-24 21:00:00,2830.638571428572,2595.0,9577.0,2884.0,2921.3333333333335,42.83302110141619,19.68,1253581.0
2010-02-25 21:00:00,2831.7339285714284,2598.4,9092.6,2823.5,2856.9444444444443,42.83302110141619,19.68,1253581.0
2010-02-26 21:00:00,2832.8292857142856,2601.8,8608.2,2763.0,2792.5555555555557,42.83302110141619,19.68,1253581.0
2010-02-27 21:00:00,2833.9246428571428,2605.2,8123.8,2702.5,2728.166666666667,42.83302110141619,19.68,1253581.0
2010-02-28 21:00:00,2835.02,2608.6,7639.4,2642.0,2663.777777777778,42.83302110141619,19.68,1253581.0
2010-03-01 21:00:00,2836.128064516129,2612.0,7155.0,2581.5,2599.3888888888887,42.83302110141619,19.68,1253581.0
2010-03-02 21:00:00,2837.236129032258,2635.0,4799.0,2521.0,2535.0,42.83302110141619,19.68,1253581.0
2010-03-03 21:00:00,2838.344193548387,2674.0,9634.0,2670.0,2531.0,42.83302110141619,19.68,1253581.0
2010-03-04 21:00:00,2839.452258064516,2670.0,9147.0,2600.0,2458.5,42.83302110141619,19.68,1253581.0
2010-03-05 21:00:00,2840.5603225806453,2665.0,8538.75,2530.0,2386.0,42.83302110141619,19.68,1253581.0
2010-03-06 21:00:00,2841.668387096774,2660.0,7930.5,2449.0,2381.0,42.83302110141619,19.68,1253581.0
2010-03-07 21:00:00,2842.776451612903,2655.0,7322.25,2534.0,2512.0,42.83302110141619,19.68,1253581.0
2010-03-08 21:00:00,2843.8845161290324,2650.0,6714.0,2619.0,2643.0,42.83302110141619,19.68,1253581.0
2010-03-09 21:00:00,2844.992580645161,2685.0,7410.0,2837.0,2956.3333333333335,42.83302110141619,19.68,1253581.0
2010-03-10 21:00:00,2846.1006451612902,2660.0,10826.0,3055.0,3269.6666666666665,42.83302110141619,19.68,1253581.0
2010-03-11 21:00:00,2847.2087096774194,2649.0,10149.0,3273.0,3583.0,42.83302110141619,19.68,1253581.0
2010-03-12 21:00:00,2848.316774193549,2629.0,10459.25,3245.809523809524,3535.2380952380954,42.83302110141619,19.68,1253581.0
2010-03-13 21:00:00,2849.4248387096773,2609.0,10769.5,3218.6190476190477,3487.4761904761904,42.83302110141619,19.68,1253581.0
2010-03-14 21:00:00,2850.5329032258064,2589.0,11079.75,3191.4285714285716,3439.714285714286,42.83302110141619,19.68,1253581.0
2010-03-15 21:00:00,2851.640967741936,2569.0,11390.0,3164.2380952380954,3391.9523809523807,42.83302110141619,19.68,1253581.0
2010-03-16 21:00:00,2852.7490322580643,2595.0,8890.0,3137.0476190476193,3344.190476190476,42.83302110141619,19.68,1253581.0
2010-03-17 21:00:00,2853.857096774193,2535.0,11885.0,3109.8571428571427,3296.4285714285716,42.83302110141619,19.68,1253581.0
2010-03-18 21:00:00,2854.9651612903226,2577.0,8911.0,3082.6666666666665,3248.6666666666665,42.83302110141619,19.68,1253581.0
2010-03-19 21:00:00,2856.073225806452,2580.5,8427.75,3055.4761904761904,3200.904761904762,42.83302110141619,19.68,1253581.0
2010-03-20 21:00:00,2857.1812903225805,2584.0,7944.5,3028.285714285714,3153.1428571428573,42.83302110141619,19.68,1253581.0
2010-03-21 21:00:00,2858.2893548387096,2587.5,7461.25,3001.095238095238,3105.3809523809523,42.83302110141619,19.68,1253581.0
2010-03-22 21:00:00,2859.397419354839,2591.0,6978.0,2973.904761904762,3057.6190476190477,42.83302110141619,19.68,1253581.0
2010-03-23 21:00:00,2860.5054838709675,2560.0,9675.0,2946.714285714286,3009.857142857143,42.83302110141619,19.68,1253581.0
2010-03-24 21:00:00,2861.6135483870967,2575.0,7328.0,2919.5238095238096,2962.095238095238,42.83302110141619,19.68,1253581.0
2010-03-25 21:00:00,2862.721612903226,2534.0,9524.0,2892.3333333333335,2914.3333333333335,42.83302110141619,19.68,1253581.0
2010-03-26 21:00:00,2863.8296774193545,2536.75,10177.75,2865.1428571428573,2866.5714285714284,42.83302110141619,19.68,1253581.0
2010-03-27 21:00:00,2864.937741935484,2539.5,10831.5,2837.9523809523807,2818.809523809524,42.83302110141619,19.68,1253581.0
2010-03-28 21:00:00,2866.045806451613,2542.25,11485.25,2810.7619047619046,2771.0476190476193,42.83302110141619,19.68,1253581.0
2010-03-29 21:00:00,2867.153870967742,2545.0,12139.0,2783.5714285714284,2723.285714285714,42.83302110141619,19.68,1253581.0
2010-03-30 21:00:00,2868.2619354838707,2556.0,9959.0,2756.3809523809523,2675.5238095238096,42.83302110141619,19.68,1253581.0
2010-03-31 21:00:00,2869.37,2543.0,12361.0,2729.190476190476,2627.7619047619046,42.83302110141619,19.68,1253581.0
2010-04-01 21:00:00,2865.9263333333333,2559.0,4092.0,2702.0,2580.0,42.83302110141619,19.68,1253581.0
2010-04-02 21:00:00,2862.482666666667,2549.25,5993.25,2550.0,2577.0,42.83302110141619,19.68,1253581.0
2010-04-03 21:00:00,2859.039,2539.5,7894.5,2709.0,2528.0,42.83302110141619,19.68,1253581.0
2010-04-04 21:00:00,2855.595333333333,2529.75,9795.75,2616.0,2459.5,42.83302110141619,19.68,1253581.0
2010-04-05 21:00:00,2852.151666666666,2520.0,11697.0,2523.0,2391.0,42.83302110141619,19.68,1253581.0
2010-04-06 21:00:00,2848.708,2539.0,7458.0,2569.0,2465.6666666666665,42.83302110141619,19.68,1253581.0
2010-04-07 21:00:00,2845.264333333333,2500.0,11188.0,2615.0,2540.3333333333335,42.83302110141619,19.68,1253581.0
2010-04-08 21:00:00,2841.8206666666665,2594.0,9405.0,2661.0,2615.0,42.83302110141619,19.68,1253581.0
2010-04-09 21:00:00,2838.377,2578.25,8811.75,2695.5,2984.0,42.83302110141619,19.68,1253581.0
2010-04-10 21:00:00,2834.9333333333334,2562.5,8218.5,2730.0,3353.0,42.83302110141619,19.68,1253581.0
2010-04-11 21:00:00,2831.4896666666664,2546.75,7625.25,2725.2380952380954,3316.1428571428573,42.83302110141619,19.68,1253581.0
2010-04-12 21:00:00,2828.046,2531.0,7032.0,2720.4761904761904,3279.285714285714,42.83302110141619,19.68,1253581.0
2010-04-13 21:00:00,2824.6023333333333,2528.0,6849.0,2715.714285714286,3242.4285714285716,42.83302110141619,19.68,1253581.0
2010-04-14 21:00:00,2821.1586666666667,2520.0,5569.0,2710.9523809523807,3205.5714285714284,42.83302110141619,19.68,1253581.0
2010-04-15 21:00:00,2817.715,2518.0,4764.0,2706.190476190476,3168.714285714286,42.83302110141619,19.68,1253581.0
2010-04-16 21:00:00,2814.271333333333,2513.0,6060.25,2701.4285714285716,3131.857142857143,42.83302110141619,19.68,1253581.0
2010-04-17 21:00:00,2810.8276666666666,2508.0,7356.5,2696.6666666666665,3095.0,42.83302110141619,19.68,1253581.0
2010-04-18 21:00:00,2807.384,2503.0,8652.75,2691.904761904762,3058.1428571428573,42.83302110141619,19.68,1253581.0
2010-04-19 21:00:00,2803.940333333333,2498.0,9949.0,2687.1428571428573,3021.285714285714,42.83302110141619,19.68,1253581.0
2010-04-20 21:00:00,2800.4966666666664,2471.0,8058.0,2682.3809523809523,2984.4285714285716,42.83302110141619,19.68,1253581.0
2010-04-21 21:00:00,2797.053,2490.0,6999.0,2677.6190476190477,2947.5714285714284,42.83302110141619,19.68,1253581.0
2010-04-22 21:00:00,2793.6093333333333,2540.0,8392.0,2672.8571428571427,2910.714285714286,42.83302110141619,19.68,1253581.0
2010-04-23 21:00:00,2790.1656666666668,2542.5,8830.0,2668.095238095238,2873.857142857143,42.83302110141619,19.68,1253581.0
2010-04-24 21:00:00,2786.722,2545.0,9268.0,2663.3333333333335,2837.0,42.83302110141619,19.68,1253581.0
2010-04-25 21:00:00,2783.278333333333,2547.5,9706.0,2658.5714285714284,2800.1428571428573,42.83302110141619,19.68,1253581.0
2010-04-26 21:00:00,2779.834666666666,2550.0,10144.0,2653.809523809524,2763.285714285714,42.83302110141619,19.68,1253581.0
2010-04-27 21:00:00,2776.391,2547.0,7244.0,2649.0476190476193,2726.4285714285716,42.83302110141619,19.68,1253581.0
2010-04-28 21:00:00,2772.947333333333,2531.0,9160.0,2644.285714285714,2689.5714285714284,42.83302110141619,19.68,1253581.0
2010-04-29 21:00:00,2769.5036666666665,2558.0,5627.0,2639.5238095238096,2652.714285714286,42.83302110141619,19.68,1253581.0
2010-04-30 21:00:00,2766.06,2547.25,5802.75,2634.7619047619046,2615.857142857143,42.83302110141619,19.68,1253581.0
2010-05-01 21:00:00,2766.678064516129,2536.5,5978.5,2630.0,2579.0,42.83302110141619,19.68,1253581.0
2010-05-02 21:00:00,2767.296129032258,2525.75,6154.25,2599.6666666666665,2543.3333333333335,42.83302110141619,19.68,1253581.0
2010-05-03 21:00:00,2767.914193548387,2515.0,6330.0,2569.3333333333335,2507.6666666666665,42.83302110141619,19.68,1253581.0
2010-05-04 21:00:00,2768.532258064516,2530.0,12945.0,2539.0,2472.0,42.83302110141619,19.68,1253581.0
2010-05-05 21:00:00,2769.150322580645,2523.0,14033.0,2519.0,2380.0,42.83302110141619,19.68,1253581.0
2010-05-06 21:00:00,2769.768387096774,2519.0,9974.0,2394.5,2526.5,42.83302110141619,19.68,1253581.0
2010-05-07 21:00:00,2770.386451612904,2515.5,9365.25,2270.0,2673.0,42.83302110141619,19.68,1253581.0
2010-05-08 21:00:00,2771.0045161290323,2512.0,8756.5,2730.0,2627.0,42.83302110141619,19.68,1253581.0
2010-05-09 21:00:00,2771.622580645161,2508.5,8147.75,2758.0,2946.0,42.83302110141619,19.68,1253581.0
2010-05-10 21:00:00,2772.24064516129,2505.0,7539.0,2786.0,3265.0,42.83302110141619,19.68,1253581.0
2010-05-11 21:00:00,2772.858709677419,2507.0,4519.0,2778.7272727272725,3236.0454545454545,42.83302110141619,19.68,1253581.0
2010-05-12 21:00:00,2773.4767741935484,2472.0,7422.0,2771.4545454545455,3207.090909090909,42.83302110141619,19.68,1253581.0
2010-05-13 21:00:00,2774.0948387096773,2456.0,7671.0,2764.181818181818,3178.1363636363635,42.83302110141619,19.68,1253581.0
2010-05-14 21:00:00,2774.7129032258063,2453.25,6915.5,2756.909090909091,3149.181818181818,42.83302110141619,19.68,1253581.0
2010-05-15 21:00:00,2775.330967741935,2450.5,6160.0,2749.6363636363635,3120.227272727273,42.83302110141619,19.68,1253581.0
2010-05-16 21:00:00,2775.949032258065,2447.75,5404.5,2742.3636363636365,3091.2727272727275,42.83302110141619,19.68,1253581.0
2010-05-17 21:00:00,2776.567096774193,2445.0,4649.0,2735.090909090909,3062.318181818182,42.83302110141619,19.68,1253581.0
2010-05-18 21:00:00,2777.1851612903224,2435.0,7452.0,2727.818181818182,3033.3636363636365,42.83302110141619,19.68,1253581.0
2010-05-19 21:00:00,2777.803225806452,2476.0,11741.0,2720.5454545454545,3004.409090909091,42.83302110141619,19.68,1253581.0
2010-05-20 21:00:00,2778.4212903225807,2491.0,6619.0,2713.2727272727275,2975.4545454545455,42.83302110141619,19.68,1253581.0
2010-05-21 21:00:00,2779.0393548387096,2477.25,7310.0,2706.0,2946.5,42.83302110141619,19.68,1253581.0
2010-05-22 21:00:00,2779.6574193548386,2463.5,8001.0,2698.7272727272725,2917.5454545454545,42.83302110141619,19.68,1253581.0
2010-05-23 21:00:00,2780.2754838709675,2449.75,8692.0,2691.4545454545455,2888.590909090909,42.83302110141619,19.68,1253581.0
2010-05-24 21:00:00,2780.8935483870964,2436.0,9383.0,2684.181818181818,2859.6363636363635,42.83302110141619,19.68,1253581.0
2010-05-25 21:00:00,2781.511612903226,2452.0,8053.0,2676.909090909091,2830.681818181818,42.83302110141619,19.68,1253581.0
2010-05-26 21:00:00,2782.1296774193547,2457.0,7056.0,2669.6363636363635,2801.727272727273,42.83302110141619,19.68,1253581.0
2010-05-27 21:00:00,2782.747741935484,2457.6,6935.0,2662.3636363636365,2772.7727272727275,42.83302110141619,19.68,1253581.0
2010-05-28 21:00:00,2783.365806451613,2458.2,6814.0,2655.090909090909,2743.818181818182,42.83302110141619,19.68,1253581.0
2010-05-29 21:00:00,2783.983870967742,2458.8,6693.0,2647.818181818182,2714.8636363636365,42.83302110141619,19.68,1253581.0
2010-05-30 21:00:00,2784.601935483871,2459.4,6572.0,2640.5454545454545,2685.909090909091,42.83302110141619,19.68,1253581.0
2010-05-31 21:00:00,2785.22,2460.0,6451.0,2633.2727272727275,2656.9545454545455,42.83302110141619,19.68,1253581.0
2010-06-01 21:00:00,2782.2273333333333,2468.0,8738.0,2626.0,2628.0,42.83302110141619,19.68,1253581.0
2010-06-02 21:00:00,2779.2346666666663,2456.0,5832.0,2584.0,2570.6666666666665,42.83302110141619,19.68,1253581.0
2010-06-03 21:00:00,2776.242,2474.0,6491.0,2542.0,2513.3333333333335,42.83302110141619,19.68,1253581.0
2010-06-04 21:00:00,2773.249333333333,2463.5,7031.0,2500.0,2456.0,42.83302110141619,19.68,1253581.0
2010-06-05 21:00:00,2770.2566666666667,2453.0,7571.0,2529.0,2398.0,42.83302110141619,19.68,1253581.0
2010-06-06 21:00:00,2767.264,2442.5,8111.0,2409.0,2558.0,42.83302110141619,19.68,1253581.0
2010-06-07 21:00:00,2764.271333333333,2432.0,8651.0,2289.0,2718.0,42.83302110141619,19.68,1253581.0
2010-06-08 21:00:00,2761.2786666666666,2418.0,14247.0,2481.5,2818.5,42.83302110141619,19.68,1253581.0
2010-06-09 21:00:00,2758.286,2410.0,6285.0,2674.0,2919.0,42.83302110141619,19.68,1253581.0
2010-06-10 21:00:00,2755.293333333333,2386.0,11313.0,2760.0,3318.0,42.83302110141619,19.68,1253581.0
2010-06-11 21:00:00,2752.3006666666665,2387.25,10537.75,2751.6666666666665,3283.809523809524,42.83302110141619,19.68,1253581.0
2010-06-12 21:00:00,2749.308,2388.5,9762.5,2743.3333333333335,3249.6190476190477,42.83302110141619,19.68,1253581.0
2010-06-13 21:00:00,2746.315333333333,2389.75,8987.25,2735.0,3215.4285714285716,42.83302110141619,19.68,1253581.0
2010-06-14 21:00:00,2743.3226666666665,2391.0,8212.0,2726.6666666666665,3181.2380952380954,42.83302110141619,19.68,1253581.0
2010-06-15 21:00:00,2740.33,2380.0,8245.0,2718.3333333333335,3147.0476190476193,42.83302110141619,19.68,1253581.0
2010-06-16 21:00:00,2737.3373333333334,2398.0,7037.0,2710.0,3112.8571428571427,42.83302110141619,19.68,1253581.0
2010-06-17 21:00:00,2734.3446666666664,2400.0,6616.0,2701.6666666666665,3078.6666666666665,42.83302110141619,19.68,1253581.0
2010-06-18 21:00:00,2731.352,2394.25,6648.25,2693.3333333333335,3044.4761904761904,42.83302110141619,19.68,1253581.0
2010-06-19 21:00:00,2728.3593333333333,2388.5,6680.5,2685.0,3010.285714285714,42.83302110141619,19.68,1253581.0
2010-06-20 21:00:00,2725.366666666667,2382.75,6712.75,2676.6666666666665,2976.095238095238,42.83302110141619,19.68,1253581.0
2010-06-21 21:00:00,2722.374,2377.0,6745.0,2668.3333333333335,2941.904761904762,42.83302110141619,19.68,1253581.0
2010-06-22 21:00:00,2719.3813333333333,2384.0,7200.0,2660.0,2907.714285714286,42.83302110141619,19.68,1253581.0
2010-06-23 21:00:00,2716.3886666666667,2390.0,6559.0,2651.6666666666665,2873.5238095238096,42.83302110141619,19.68,1253581.0
2010-06-24 21:00:00,2713.396,2384.0,3914.0,2643.3333333333335,2839.3333333333335,42.83302110141619,19.68,1253581.0
2010-06-25 21:00:00,2710.403333333333,2379.5,5296.5,2635.0,2805.142857142857,42.83302110141619,19.68,1253581.0
2010-06-26 21:00:00,2707.4106666666667,2375.0,6679.0,2626.6666666666665,2770.9523809523807,42.83302110141619,19.68,1253581.0
2010-06-27 21:00:00,2704.418,2370.5,8061.5,2618.3333333333335,2736.7619047619046,42.83302110141619,19.68,1253581.0
2010-06-28 21:00:00,2701.4253333333336,2366.0,9444.0,2610.0,2702.5714285714284,42.83302110141619,19.68,1253581.0
2010-06-29 21:00:00,2698.4326666666666,2373.0,8134.0,2601.6666666666665,2668.3809523809523,42.83302110141619,19.68,1253581.0
2010-06-30 21:00:00,2695.44,2346.0,6981.0,2593.3333333333335,2634.190476190476,42.83302110141619,19.68,1253581.0
2010-07-01 21:00:00,2695.900967741936,2335.0,5350.0,2585.0,2600.0,42.83302110141619,19.68,1253581.0
2010-07-02 21:00:00,2696.361935483871,2326.5,6396.25,2588.0,2548.3333333333335,42.83302110141619,19.68,1253581.0
2010-07-03 21:00:00,2696.8229032258064,2318.0,7442.5,2591.0,2496.6666666666665,42.83302110141619,19.68,1253581.0
2010-07-04 21:00:00,2697.283870967742,2309.5,8488.75,2594.0,2445.0,42.83302110141619,19.68,1253581.0
2010-07-05 21:00:00,2697.7448387096774,2301.0,9535.0,2506.0,2442.0,42.83302110141619,19.68,1253581.0
2010-07-06 21:00:00,2698.205806451613,2270.0,8203.0,2418.0,2439.0,42.83302110141619,19.68,1253581.0
2010-07-07 21:00:00,2698.6667741935485,2289.0,8789.0,2300.0,2646.0,42.83302110141619,19.68,1253581.0
2010-07-08 21:00:00,2699.127741935484,2300.0,10406.0,2472.0,2815.0,42.83302110141619,19.68,1253581.0
2010-07-09 21:00:00,2699.5887096774195,2313.25,9585.5,2644.0,2984.0,42.83302110141619,19.68,1253581.0
2010-07-10 21:00:00,2700.049677419355,2326.5,8765.0,2925.0,3326.0,42.83302110141619,19.68,1253581.0
2010-07-11 21:00:00,2700.5106451612905,2339.75,7944.5,3261.5,3498.0,42.83302110141619,19.68,1253581.0
2010-07-12 21:00:00,2700.971612903226,2353.0,7124.0,3598.0,3670.0,42.83302110141619,19.68,1253581.0
2010-07-13 21:00:00,2701.432580645161,2381.0,6340.0,3548.714285714286,3618.6190476190477,42.83302110141619,19.68,1253581.0
2010-07-14 21:00:00,2701.893548387097,2439.0,15889.0,3499.4285714285716,3567.2380952380954,42.83302110141619,19.68,1253581.0
2010-07-15 21:00:00,2702.354516129032,2449.0,14269.0,3450.1428571428573,3515.8571428571427,42.83302110141619,19.68,1253581.0
2010-07-16 21:00:00,2702.815483870968,2442.75,13510.5,3400.8571428571427,3464.4761904761904,42.83302110141619,19.68,1253581.0
2010-07-17 21:00:00,2703.276451612903,2436.5,12752.0,3351.5714285714284,3413.095238095238,42.83302110141619,19.68,1253581.0
2010-07-18 21:00:00,2703.737419354839,2430.25,11993.5,3302.285714285714,3361.714285714286,42.83302110141619,19.68,1253581.0
2010-07-19 21:00:00,2704.1983870967742,2424.0,11235.0,3253.0,3310.3333333333335,42.83302110141619,19.68,1253581.0
2010-07-20 21:00:00,2704.659354838709,2457.0,10402.0,3203.714285714286,3258.9523809523807,42.83302110141619,19.68,1253581.0
2010-07-21 21:00:00,2705.1203225806453,2519.0,16528.0,3154.4285714285716,3207.5714285714284,42.83302110141619,19.68,1253581.0
2010-07-22 21:00:00,2705.581290322581,2498.0,9920.0,3105.1428571428573,3156.190476190476,42.83302110141619,19.68,1253581.0
2010-07-23 21:00:00,2706.0422580645163,2494.75,10035.25,3055.857142857143,3104.809523809524,42.83302110141619,19.68,1253581.0
2010-07-24 21:00:00,2706.503225806452,2491.5,10150.5,3006.5714285714284,3053.4285714285716,42.83302110141619,19.68,1253581.0
2010-07-25 21:00:00,2706.964193548387,2488.25,10265.75,2957.285714285714,3002.0476190476193,42.83302110141619,19.68,1253581.0
2010-07-26 21:00:00,2707.425161290322,2485.0,10381.0,2908.0,2950.666666666667,42.83302110141619,19.68,1253581.0
2010-07-27 21:00:00,2707.886129032258,2495.0,6515.0,2858.714285714286,2899.285714285714,42.83302110141619,19.68,1253581.0
2010-07-28 21:00:00,2708.3470967741937,2514.0,8017.0,2809.4285714285716,2847.904761904762,42.83302110141619,19.68,1253581.0
2010-07-29 21:00:00,2708.808064516129,2517.0,9231.0,2760.142857142857,2796.5238095238096,42.83302110141619,19.68,1253581.0
2010-07-30 21:00:00,2709.2690322580647,2528.25,9575.25,2710.857142857143,2745.142857142857,42.83302110141619,19.68,1253581.0
2010-07-31 21:00:00,2709.73,2539.5,9919.5,2661.5714285714284,2693.7619047619046,42.83302110141619,19.68,1253581.0
2010-08-01 21:00:00,2718.293870967742,2550.75,10263.75,2612.285714285714,2642.3809523809523,42.83302110141619,19.68,1253581.0
2010-08-02 21:00:00,2726.857741935484,2562.0,10608.0,2563.0,2591.0,42.83302110141619,19.68,1253581.0
2010-08-03 21:00:00,2735.4216129032257,2590.0,7218.0,2685.0,2520.0,42.83302110141619,19.68,1253581.0
2010-08-04 21:00:00,2743.985483870968,2619.0,10897.0,2535.0,2435.0,42.83302110141619,19.68,1253581.0
2010-08-05 21:00:00,2752.54935483871,2661.0,10188.0,2472.5,2442.0,42.83302110141619,19.68,1253581.0
2010-08-06 21:00:00,2761.113225806452,2663.25,10393.25,2410.0,2449.0,42.83302110141619,19.68,1253581.0
2010-08-07 21:00:00,2769.6770967741936,2665.5,10598.5,2340.0,2610.0,42.83302110141619,19.68,1253581.0
2010-08-08 21:00:00,2778.2409677419355,2667.75,10803.75,2508.0,2800.0,42.83302110141619,19.68,1253581.0
2010-08-09 21:00:00,2786.8048387096774,2670.0,11009.0,2676.0,2990.0,42.83302110141619,19.68,1253581.0
2010-08-10 21:00:00,2795.3687096774192,2677.0,7932.0,3034.5,3246.5,42.83302110141619,19.68,1253581.0
2010-08-11 21:00:00,2803.932580645161,2673.0,10891.0,3393.0,3503.0,42.83302110141619,19.68,1253581.0
2010-08-12 21:00:00,2812.4964516129035,2718.0,14241.0,3633.0,3732.0,42.83302110141619,19.68,1253581.0
2010-08-13 21:00:00,2821.0603225806453,2700.0,13795.5,3582.8571428571427,3676.190476190476,42.83302110141619,19.68,1253581.0
2010-08-14 21:00:00,2829.624193548387,2682.0,13350.0,3532.714285714286,3620.3809523809523,42.83302110141619,19.68,1253581.0
2010-08-15 21:00:00,2838.188064516129,2664.0,12904.5,3482.5714285714284,3564.5714285714284,42.83302110141619,19.68,1253581.0
2010-08-16 21:00:00,2846.751935483871,2646.0,12459.0,3432.4285714285716,3508.7619047619046,42.83302110141619,19.68,1253581.0
2010-08-17 21:00:00,2855.315806451613,2610.0,16776.0,3382.285714285714,3452.9523809523807,42.83302110141619,19.68,1253581.0
2010-08-18 21:00:00,2863.8796774193547,2595.0,13658.0,3332.142857142857,3397.142857142857,42.83302110141619,19.68,1253581.0
2010-08-19 21:00:00,2872.4435483870966,2544.0,11548.0,3282.0,3341.3333333333335,42.83302110141619,19.68,1253581.0
2010-08-20 21:00:00,2881.007419354839,2535.5,12969.75,3231.8571428571427,3285.5238095238096,42.83302110141619,19.68,1253581.0
2010-08-21 21:00:00,2889.571290322581,2527.0,14391.5,3181.714285714286,3229.714285714286,42.83302110141619,19.68,1253581.0
2010-08-22 21:00:00,2898.1351612903227,2518.5,15813.25,3131.5714285714284,3173.904761904762,42.83302110141619,19.68,1253581.0
2010-08-23 21:00:00,2906.699032258065,2510.0,17235.0,3081.4285714285716,3118.095238095238,42.83302110141619,19.68,1253581.0
2010-08-24 21:00:00,2915.2629032258064,2486.0,21506.0,3031.285714285714,3062.285714285714,42.83302110141619,19.68,1253581.0
2010-08-25 21:00:00,2923.8267741935483,2530.0,10622.0,2981.142857142857,3006.4761904761904,42.83302110141619,19.68,1253581.0
2010-08-26 21:00:00,2932.39064516129,2542.0,8616.0,2931.0,2950.6666666666665,42.83302110141619,19.68,1253581.0
2010-08-27 21:00:00,2940.954516129032,2540.6,9337.4,2880.8571428571427,2894.857142857143,42.83302110141619,19.68,1253581.0
2010-08-28 21:00:00,2949.5183870967744,2539.2,10058.8,2830.714285714286,2839.0476190476193,42.83302110141619,19.68,1253581.0
2010-08-29 21:00:00,2958.0822580645163,2537.8,10780.2,2780.5714285714284,2783.2380952380954,42.83302110141619,19.68,1253581.0
2010-08-30 21:00:00,2966.646129032258,2536.4,11501.6,2730.4285714285716,2727.4285714285716,42.83302110141619,19.68,1253581.0
2010-08-31 21:00:00,2975.21,2535.0,12223.0,2680.285714285714,2671.6190476190477,42.83302110141619,19.68,1253581.0
2010-09-01 21:00:00,2974.2703333333334,2542.0,10156.0,2630.142857142857,2615.809523809524,42.83302110141619,19.68,1253581.0
2010-09-02 21:00:00,2973.3306666666667,2570.0,6589.0,2580.0,2560.0,42.83302110141619,19.68,1253581.0
2010-09-03 21:00:00,2972.391,2584.5,7764.5,2660.0,2518.0,42.83302110141619,19.68,1253581.0
2010-09-04 21:00:00,2971.4513333333334,2599.0,8940.0,2568.6666666666665,2486.6666666666665,42.83302110141619,19.68,1253581.0
2010-09-05 21:00:00,2970.5116666666668,2613.5,10115.5,2477.3333333333335,2455.3333333333335,42.83302110141619,19.68,1253581.0
2010-09-06 21:00:00,2969.572,2628.0,11291.0,2386.0,2424.0,42.83302110141619,19.68,1253581.0
2010-09-07 21:00:00,2968.632333333333,2674.0,8530.0,2531.5,2549.0,42.83302110141619,19.68,1253581.0
2010-09-08 21:00:00,2967.692666666667,2644.0,4085.0,2677.0,2674.0,42.83302110141619,19.68,1253581.0
2010-09-09 21:00:00,2966.753,2643.8,4924.0,2916.6666666666665,2969.6666666666665,42.83302110141619,19.68,1253581.0
2010-09-10 21:00:00,2965.813333333333,2643.6,5763.0,3156.3333333333335,3265.3333333333335,42.83302110141619,19.68,1253581.0
2010-09-11 21:00:00,2964.873666666667,2643.4,6602.0,3396.0,3561.0,42.83302110141619,19.68,1253581.0
2010-09-12 21:00:00,2963.934,2643.2,7441.0,3722.0,3748.0,42.83302110141619,19.68,1253581.0
2010-09-13 21:00:00,2962.994333333333,2643.0,8280.0,3664.85,3689.35,42.83302110141619,19.68,1253581.0
2010-09-14 21:00:00,2962.054666666667,2615.0,8191.0,3607.7,3630.7,42.83302110141619,19.68,1253581.0
2010-09-15 21:00:00,2961.115,2621.0,9506.0,3550.55,3572.05,42.83302110141619,19.68,1253581.0
2010-09-16 21:00:00,2960.175333333333,2627.0,10821.0,3493.4,3513.4,42.83302110141619,19.68,1253581.0
2010-09-17 21:00:00,2959.2356666666665,2638.75,9903.75,3436.25,3454.75,42.83302110141619,19.68,1253581.0
2010-09-18 21:00:00,2958.296,2650.5,8986.5,3379.1,3396.1,42.83302110141619,19.68,1253581.0
2010-09-19 21:00:00,2957.356333333333,2662.25,8069.25,3321.95,3337.45,42.83302110141619,19.68,1253581.0
2010-09-20 21:00:00,2956.4166666666665,2674.0,7152.0,3264.8,3278.8,42.83302110141619,19.68,1253581.0
2010-09-21 21:00:00,2955.477,2673.0,8448.0,3207.65,3220.15,42.83302110141619,19.68,1253581.0
2010-09-22 21:00:00,2954.537333333333,2671.0,5381.0,3150.5,3161.5,42.83302110141619,19.68,1253581.0
2010-09-23 21:00:00,2953.5976666666666,2701.0,6772.0,3093.35,3102.85,42.83302110141619,19.68,1253581.0
2010-09-24 21:00:00,2952.658,2710.0,7292.75,3036.2,3044.2,42.83302110141619,19.68,1253581.0
2010-09-25 21:00:00,2951.718333333333,2719.0,7813.5,2979.05,2985.55,42.83302110141619,19.68,1253581.0
2010-09-26 21:00:00,2950.7786666666666,2728.0,8334.25,2921.9,2926.9,42.83302110141619,19.68,1253581.0
2010-09-27 21:00:00,2949.839,2737.0,8855.0,2864.75,2868.25,42.83302110141619,19.68,1253581.0
2010-09-28 21:00:00,2948.8993333333333,2698.0,12087.0,2807.6,2809.6,42.83302110141619,19.68,1253581.0
2010-09-29 21:00:00,2947.959666666666,2730.0,13775.0,2750.45,2750.95,42.83302110141619,19.68,1253581.0
2010-09-30 21:00:00,2947.02,2733.0,9003.0,2693.3,2692.3,42.83302110141619,19.68,1253581.0
2010-10-01 21:00:00,2954.5529032258064,2726.0,8645.5,2636.15,2633.65,42.83302110141619,19.68,1253581.0
2010-10-02 21:00:00,2962.085806451613,2719.0,8288.0,2579.0,2575.0,42.83302110141619,19.68,1253581.0
2010-10-03 21:00:00,2969.6187096774192,2712.0,7930.5,2649.0,2498.0,42.83302110141619,19.68,1253581.0
2010-10-04 21:00:00,2977.1516129032257,2705.0,7573.0,2578.0,2449.0,42.83302110141619,19.68,1253581.0
2010-10-05 21:00:00,2984.684516129032,2730.0,8884.0,2507.0,2400.0,42.83302110141619,19.68,1253581.0
2010-10-06 21:00:00,2992.2174193548385,2786.0,12895.0,2410.0,2457.0,42.83302110141619,19.68,1253581.0
2010-10-07 21:00:00,2999.750322580645,2760.0,10018.0,2541.5,2565.0,42.83302110141619,19.68,1253581.0
2010-10-08 21:00:00,3007.283225806452,2795.0,10162.25,2673.0,2673.0,42.83302110141619,19.68,1253581.0
2010-10-09 21:00:00,3014.8161290322582,2830.0,10306.5,2899.6666666666665,2988.6666666666665,42.83302110141619,19.68,1253581.0
2010-10-10 21:00:00,3022.3490322580647,2865.0,10450.75,3126.3333333333335,3304.3333333333335,42.83302110141619,19.68,1253581.0
2010-10-11 21:00:00,3029.881935483871,2900.0,10595.0,3353.0,3620.0,42.83302110141619,19.68,1253581.0
2010-10-12 21:00:00,3037.414838709677,2930.0,9453.0,3312.8571428571427,3571.2380952380954,42.83302110141619,19.68,1253581.0
2010-10-13 21:00:00,3044.947741935484,2916.0,13438.0,3272.714285714286,3522.4761904761904,42.83302110141619,19.68,1253581.0
2010-10-14 21:00:00,3052.4806451612903,2930.0,10118.0,3232.5714285714284,3473.714285714286,42.83302110141619,19.68,1253581.0
2010-10-15 21:00:00,3060.0135483870968,2927.25,10485.25,3192.4285714285716,3424.9523809523807,42.83302110141619,19.68,1253581.0
2010-10-16 21:00:00,3067.546451612903,2924.5,10852.5,3152.285714285714,3376.190476190476,42.83302110141619,19.68,1253581.0
2010-10-17 21:00:00,3075.0793548387096,2921.75,11219.75,3112.142857142857,3327.4285714285716,42.83302110141619,19.68,1253581.0
2010-10-18 21:00:00,3082.612258064516,2919.0,11587.0,3072.0,3278.6666666666665,42.83302110141619,19.68,1253581.0
2010-10-19 21:00:00,3090.1451612903224,2984.0,12108.0,3031.8571428571427,3229.904761904762,42.83302110141619,19.68,1253581.0
2010-10-20 21:00:00,3097.678064516129,2990.0,8911.0,2991.714285714286,3181.1428571428573,42.83302110141619,19.68,1253581.0
2010-10-21 21:00:00,3105.2109677419357,3005.0,9245.0,2951.5714285714284,3132.3809523809523,42.83302110141619,19.68,1253581.0
2010-10-22 21:00:00,3112.7438709677417,3017.0,8940.25,2911.4285714285716,3083.6190476190477,42.83302110141619,19.68,1253581.0
2010-10-23 21:00:00,3120.2767741935486,3029.0,8635.5,2871.285714285714,3034.857142857143,42.83302110141619,19.68,1253581.0
2010-10-24 21:00:00,3127.809677419355,3041.0,8330.75,2831.142857142857,2986.095238095238,42.83302110141619,19.68,1253581.0
2010-10-25 21:00:00,3135.342580645161,3053.0,8026.0,2791.0,2937.3333333333335,42.83302110141619,19.68,1253581.0
2010-10-26 21:00:00,3142.875483870968,3037.0,9659.0,2750.8571428571427,2888.5714285714284,42.83302110141619,19.68,1253581.0
2010-10-27 21:00:00,3150.4083870967743,3085.0,11369.0,2710.714285714286,2839.809523809524,42.83302110141619,19.68,1253581.0
2010-10-28 21:00:00,3157.9412903225807,3061.0,8584.0,2670.5714285714284,2791.0476190476193,42.83302110141619,19.68,1253581.0
2010-10-29 21:00:00,3165.474193548387,3068.25,8308.25,2630.4285714285716,2742.285714285714,42.83302110141619,19.68,1253581.0
2010-10-30 21:00:00,3173.007096774193,3075.5,8032.5,2590.285714285714,2693.5238095238096,42.83302110141619,19.68,1253581.0
2010-10-31 21:00:00,3180.54,3082.75,7756.75,2550.142857142857,2644.7619047619046,42.83302110141619,19.68,1253581.0
2010-11-01 21:00:00,3191.7826666666665,3090.0,7481.0,2510.0,2596.0,42.83302110141619,19.68,1253581.0
2010-11-02 21:00:00,3203.025333333333,3087.0,9076.0,2628.0,2534.0,42.83302110141619,19.68,1253581.0
2010-11-03 21:00:00,3214.268,3191.0,14281.0,2590.0,2471.0,42.83302110141619,19.68,1253581.0
2010-11-04 21:00:00,3225.5106666666666,3225.4,13678.8,2531.0,2424.0,42.83302110141619,19.68,1253581.0
2010-11-05 21:00:00,3236.753333333333,3259.8,13076.6,2472.0,2377.0,42.83302110141619,19.68,1253581.0
2010-11-06 21:00:00,3247.996,3294.2,12474.4,2554.0,2475.0,42.83302110141619,19.68,1253581.0
2010-11-07 21:00:00,3259.238666666666,3328.6,11872.2,2636.0,2573.0,42.83302110141619,19.68,1253581.0
2010-11-08 21:00:00,3270.481333333333,3363.0,11270.0,2718.0,2671.0,42.83302110141619,19.68,1253581.0
2010-11-09 21:00:00,3281.724,3393.0,14303.0,2824.0,2893.0,42.83302110141619,19.68,1253581.0
2010-11-10 21:00:00,3292.9666666666667,3396.0,18262.0,2930.0,3115.0,42.83302110141619,19.68,1253581.0
2010-11-11 21:00:00,3304.209333333333,3353.0,14216.0,3370.0,3658.0,42.83302110141619,19.68,1253581.0
2010-11-12 21:00:00,3315.452,3331.0,14810.25,3328.0,3606.85,42.83302110141619,19.68,1253581.0
2010-11-13 21:00:00,3326.6946666666668,3309.0,15404.5,3286.0,3555.7,42.83302110141619,19.68,1253581.0
2010-11-14 21:00:00,3337.9373333333333,3287.0,15998.75,3244.0,3504.55,42.83302110141619,19.68,1253581.0
2010-11-15 21:00:00,3349.1800000000003,3265.0,16593.0,3202.0,3453.4,42.83302110141619,19.68,1253581.0
2010-11-16 21:00:00,3360.422666666667,3291.5,20712.0,3160.0,3402.25,42.83302110141619,19.68,1253581.0
2010-11-17 21:00:00,3371.6653333333334,3318.0,24831.0,3118.0,3351.1,42.83302110141619,19.68,1253581.0
2010-11-18 21:00:00,3382.908,3326.0,13523.0,3076.0,3299.95,42.83302110141619,19.68,1253581.0
2010-11-19 21:00:00,3394.150666666667,3273.25,14927.25,3034.0,3248.8,42.83302110141619,19.68,1253581.0
2010-11-20 21:00:00,3405.393333333333,3220.5,16331.5,2992.0,3197.65,42.83302110141619,19.68,1253581.0
2010-11-21 21:00:00,3416.636,3167.75,17735.75,2950.0,3146.5,42.83302110141619,19.68,1253581.0
2010-11-22 21:00:00,3427.878666666667,3115.0,19140.0,2908.0,3095.35,42.83302110141619,19.68,1253581.0
2010-11-23 21:00:00,3439.121333333333,3168.0,13544.0,2866.0,3044.2,42.83302110141619,19.68,1253581.0
2010-11-24 21:00:00,3450.364,3276.0,12046.0,2824.0,2993.05,42.83302110141619,19.68,1253581.0
2010-11-25 21:00:00,3461.6066666666666,3274.0,8719.0,2782.0,2941.9,42.83302110141619,19.68,1253581.0
2010-11-26 21:00:00,3472.8493333333336,3308.5,10634.0,2740.0,2890.75,42.83302110141619,19.68,1253581.0
2010-11-27 21:00:00,3484.092,3343.0,12549.0,2698.0,2839.6,42.83302110141619,19.68,1253581.0
2010-11-28 21:00:00,3495.334666666666,3377.5,14464.0,2656.0,2788.45,42.83302110141619,19.68,1253581.0
2010-11-29 21:00:00,3506.5773333333336,3412.0,16379.0,2614.0,2737.3,42.83302110141619,19.68,1253581.0
2010-11-30 21:00:00,3517.82,3486.0,12333.0,2572.0,2686.15,42.83302110141619,19.68,1253581.0
2010-12-01 21:00:00,3528.9767741935484,3500.0,14577.0,2530.0,2635.0,42.83302110141619,19.68,1253581.0
2010-12-02 21:00:00,3540.133548387097,3516.0,8521.0,2529.3333333333335,2582.0,42.83302110141619,19.68,1253581.0
2010-12-03 21:00:00,3551.2903225806454,3531.6,9726.2,2528.6666666666665,2529.0,42.83302110141619,19.68,1253581.0
2010-12-04 21:00:00,3562.4470967741936,3547.2,10931.4,2528.0,2476.0,42.83302110141619,19.68,1253581.0
2010-12-05 21:00:00,3573.603870967742,3562.8,12136.6,2456.0,2384.0,42.83302110141619,19.68,1253581.0
2010-12-06 21:00:00,3584.7606451612905,3578.4,13341.8,2418.5,2489.5,42.83302110141619,19.68,1253581.0
2010-12-07 21:00:00,3595.917419354839,3594.0,14547.0,2381.0,2595.0,42.83302110141619,19.68,1253581.0
2010-12-08 21:00:00,3607.074193548387,3598.0,11572.0,2678.0,2701.0,42.83302110141619,19.68,1253581.0
2010-12-09 21:00:00,3618.230967741936,3633.0,13099.0,2797.0,2934.5,42.83302110141619,19.68,1253581.0
2010-12-10 21:00:00,3629.387741935484,3644.75,12352.5,2916.0,3168.0,42.83302110141619,19.68,1253581.0
2010-12-11 21:00:00,3640.544516129032,3656.5,11606.0,2944.5,3177.625,42.83302110141619,19.68,1253581.0
2010-12-12 21:00:00,3651.701290322581,3668.25,10859.5,2973.0,3187.25,42.83302110141619,19.68,1253581.0
2010-12-13 21:00:00,3662.858064516129,3680.0,10113.0,3001.5,3196.875,42.83302110141619,19.68,1253581.0
2010-12-14 21:00:00,3674.014838709677,3669.0,9728.0,3030.0,3206.5,42.83302110141619,19.68,1253581.0
2010-12-15 21:00:00,3685.1716129032257,3583.0,6600.0,3058.5,3216.125,42.83302110141619,19.68,1253581.0
2010-12-16 21:00:00,3696.3283870967743,3503.0,9206.0,3087.0,3225.75,42.83302110141619,19.68,1253581.0
2010-12-17 21:00:00,3707.4851612903226,3517.5,8961.0,3115.5,3235.375,42.83302110141619,19.68,1253581.0
2010-12-18 21:00:00,3718.641935483871,3532.0,8716.0,3144.0,3245.0,42.83302110141619,19.68,1253581.0
2010-12-19 21:00:00,3729.79870967742,3546.5,8471.0,3172.5,3254.625,42.83302110141619,19.68,1253581.0
2010-12-20 21:00:00,3740.955483870968,3561.0,8226.0,3201.0,3264.25,42.83302110141619,19.68,1253581.0
2010-12-21 21:00:00,3752.112258064516,3620.0,9135.0,3229.5,3273.875,42.83302110141619,19.68,1253581.0
2010-12-22 21:00:00,3763.269032258064,3658.0,9675.0,3258.0,3283.5,42.83302110141619,19.68,1253581.0
2010-12-23 21:00:00,3774.425806451613,3665.0,7801.0,3286.5,3293.125,42.83302110141619,19.68,1253581.0
2010-12-24 21:00:00,3785.582580645161,3693.25,7783.0,3315.0,3302.75,42.83302110141619,19.68,1253581.0
2010-12-25 21:00:00,3796.7393548387095,3721.5,7765.0,3343.5,3312.375,42.83302110141619,19.68,1253581.0
2010-12-26 21:00:00,3807.8961290322577,3749.75,7747.0,3372.0,3322.0,42.83302110141619,19.68,1253581.0
2010-12-27 21:00:00,3819.0529032258064,3778.0,7729.0,3400.5,3331.625,42.83302110141619,19.68,1253581.0
2010-12-28 21:00:00,3830.209677419354,3733.0,7176.0,3429.0,3341.25,42.83302110141619,19.68,1253581.0
2010-12-29 21:00:00,3841.366451612903,3788.0,9782.0,3457.5,3350.875,42.83302110141619,19.68,1253581.0
2010-12-30 21:00:00,3852.523225806452,3808.0,9276.2,3486.0,3360.5,42.83302110141619,19.68,1253581.0
2010-12-31 21:00:00,3863.68,3828.0,8770.4,3514.5,3370.125,42.83302110141619,19.68,1253581.0
2011-01-01 21:00:00,3867.767419354839,3848.0,8264.6,3543.0,3379.75,42.83302110141619,19.68,1253581.0
2011-01-02 21:00:00,3871.854838709677,3868.0,7758.8,3571.5,3389.375,42.83302110141619,19.68,1253581.0
2011-01-03 21:00:00,3875.942258064516,3888.0,7253.0,3600.0,3399.0,42.83302110141619,19.68,1253581.0
2011-01-04 21:00:00,3880.029677419355,3808.0,13911.0,3540.3333333333335,3277.3333333333335,42.83302110141619,19.68,1253581.0
2011-01-05 21:00:00,3884.117096774193,3864.0,12466.0,3480.6666666666665,3155.6666666666665,42.83302110141619,19.68,1253581.0
2011-01-06 21:00:00,3888.204516129032,3763.0,18466.0,3421.0,3034.0,42.83302110141619,19.68,1253581.0
2011-01-07 21:00:00,3892.291935483871,3748.0,16877.75,3278.5,3049.5,42.83302110141619,19.68,1253581.0
2011-01-08 21:00:00,3896.379354838709,3733.0,15289.5,3136.0,3065.0,42.83302110141619,19.68,1253581.0
2011-01-09 21:00:00,3900.466774193548,3718.0,13701.25,3018.0,2844.0,42.83302110141619,19.68,1253581.0
2011-01-10 21:00:00,3904.554193548387,3703.0,12113.0,2997.0,2964.0,42.83302110141619,19.68,1253581.0
2011-01-11 21:00:00,3908.6416129032255,3650.0,15394.0,2976.0,3084.0,42.83302110141619,19.68,1253581.0
2011-01-12 21:00:00,3912.729032258064,3694.0,15738.0,3122.0,3233.0,42.83302110141619,19.68,1253581.0
2011-01-13 21:00:00,3916.816451612903,3680.0,11427.0,3146.4545454545455,3239.3636363636365,42.83302110141619,19.68,1253581.0
2011-01-14 21:00:00,3920.9038709677416,3677.5,11393.5,3170.909090909091,3245.7272727272725,42.83302110141619,19.68,1253581.0
2011-01-15 21:00:00,3924.991290322581,3675.0,11360.0,3195.3636363636365,3252.090909090909,42.83302110141619,19.68,1253581.0
2011-01-16 21:00:00,3929.0787096774193,3672.5,11326.5,3219.818181818182,3258.4545454545455,42.83302110141619,19.68,1253581.0
2011-01-17 21:00:00,3933.166129032258,3670.0,11293.0,3244.2727272727275,3264.818181818182,42.83302110141619,19.68,1253581.0
2011-01-18 21:00:00,3937.253548387097,3732.0,13739.0,3268.7272727272725,3271.181818181818,42.83302110141619,19.68,1253581.0
2011-01-19 21:00:00,3941.340967741936,3740.0,13117.5,3293.181818181818,3277.5454545454545,42.83302110141619,19.68,1253581.0
2011-01-20 21:00:00,3945.4283870967743,3748.0,12496.0,3317.6363636363635,3283.909090909091,42.83302110141619,19.68,1253581.0
2011-01-21 21:00:00,3949.5158064516127,3736.75,13678.25,3342.090909090909,3290.2727272727275,42.83302110141619,19.68,1253581.0
2011-01-22 21:00:00,3953.603225806452,3725.5,14860.5,3366.5454545454545,3296.6363636363635,42.83302110141619,19.68,1253581.0
2011-01-23 21:00:00,3957.6906451612895,3714.25,16042.75,3391.0,3303.0,42.83302110141619,19.68,1253581.0
2011-01-24 21:00:00,3961.778064516129,3703.0,17225.0,3415.4545454545455,3309.3636363636365,42.83302110141619,19.68,1253581.0
2011-01-25 21:00:00,3965.865483870968,3670.0,13381.0,3439.909090909091,3315.7272727272725,42.83302110141619,19.68,1253581.0
2011-01-26 21:00:00,3969.9529032258074,3685.0,12174.0,3464.3636363636365,3322.090909090909,42.83302110141619,19.68,1253581.0
2011-01-27 21:00:00,3974.040322580645,3700.0,10900.0,3488.818181818182,3328.4545454545455,42.83302110141619,19.68,1253581.0
2011-01-28 21:00:00,3978.127741935484,3717.2727272727275,11219.90909090909,3513.272727272727,3334.818181818182,42.83302110141619,19.68,1253581.0
2011-01-29 21:00:00,3982.2151612903226,3734.5454545454545,11539.818181818182,3537.7272727272725,3341.181818181818,42.83302110141619,19.68,1253581.0
2011-01-30 21:00:00,3986.302580645161,3751.818181818182,11859.727272727272,3562.181818181818,3347.5454545454545,42.83302110141619,19.68,1253581.0
2011-01-31 21:00:00,3990.39,3769.090909090909,12179.636363636364,3586.6363636363635,3353.909090909091,42.83302110141619,19.68,1253581.0
2011-02-01 21:00:00,3992.1975,3786.3636363636365,12499.545454545454,3611.090909090909,3360.2727272727275,42.83302110141619,19.68,1253581.0
2011-02-02 21:00:00,3994.005,3803.6363636363635,12819.454545454546,3635.5454545454545,3366.6363636363635,42.83302110141619,19.68,1253581.0
2011-02-03 21:00:00,3995.8125,3820.909090909091,13139.363636363636,3660.0,3373.0,42.83302110141619,19.68,1253581.0
2011-02-04 21:00:00,3997.62,3838.181818181818,13459.272727272728,3462.5,3330.0,42.83302110141619,19.68,1253581.0
2011-02-05 21:00:00,3999.4275,3855.4545454545455,13779.181818181818,3265.0,3287.0,42.83302110141619,19.68,1253581.0
2011-02-06 21:00:00,4001.235,3872.727272727273,14099.09090909091,3388.0,3082.0,42.83302110141619,19.68,1253581.0
2011-02-07 21:00:00,4003.0425,3890.0,14419.0,3244.5,3080.0,42.83302110141619,19.68,1253581.0
2011-02-08 21:00:00,4004.85,3931.0,17850.0,3101.0,3078.0,42.83302110141619,19.68,1253581.0
2011-02-09 21:00:00,4006.6575,3926.0,21660.0,3071.6666666666665,3052.6666666666665,42.83302110141619,19.68,1253581.0
2011-02-10 21:00:00,4008.465,3955.0,11568.0,3042.3333333333335,3027.3333333333335,42.83302110141619,19.68,1253581.0
2011-02-11 21:00:00,4010.2725,3922.0,10446.2,3013.0,3002.0,42.83302110141619,19.68,1253581.0
2011-02-12 21:00:00,4012.08,3889.0,9324.4,3057.1666666666665,3041.9444444444443,42.83302110141619,19.68,1253581.0
2011-02-13 21:00:00,4013.8875,3856.0,8202.6,3101.3333333333335,3081.8888888888887,42.83302110141619,19.68,1253581.0
2011-02-14 21:00:00,4015.695,3823.0,7080.8,3145.5,3121.8333333333335,42.83302110141619,19.68,1253581.0
2011-02-15 21:00:00,4017.5025,3790.0,5959.0,3189.6666666666665,3161.777777777778,42.83302110141619,19.68,1253581.0
2011-02-16 21:00:00,4019.31,3721.0,20321.0,3233.8333333333335,3201.722222222222,42.83302110141619,19.68,1253581.0
2011-02-17 21:00:00,4021.1175,3683.0,17870.0,3278.0,3241.6666666666665,42.83302110141619,19.68,1253581.0
2011-02-18 21:00:00,4022.925,3679.5,17294.75,3322.1666666666665,3281.6111111111113,42.83302110141619,19.68,1253581.0
2011-02-19 21:00:00,4024.7325,3676.0,16719.5,3366.3333333333335,3321.5555555555557,42.83302110141619,19.68,1253581.0
2011-02-20 21:00:00,4026.54,3672.5,16144.25,3410.5,3361.5,42.83302110141619,19.68,1253581.0
2011-02-21 21:00:00,4028.3475,3669.0,15569.0,3454.6666666666665,3401.4444444444443,42.83302110141619,19.68,1253581.0
2011-02-22 21:00:00,4030.155,3514.0,19019.0,3498.8333333333335,3441.3888888888887,42.83302110141619,19.68,1253581.0
2011-02-23 21:00:00,4031.9625,3455.0,30454.0,3543.0,3481.3333333333335,42.83302110141619,19.68,1253581.0
2011-02-24 21:00:00,4033.77,3515.0,18449.0,3587.1666666666665,3521.277777777778,42.83302110141619,19.68,1253581.0
2011-02-25 21:00:00,4035.5775,3522.75,17578.25,3631.333333333333,3561.222222222222,42.83302110141619,19.68,1253581.0
2011-02-26 21:00:00,4037.385,3530.5,16707.5,3675.5,3601.1666666666665,42.83302110141619,19.68,1253581.0
2011-02-27 21:00:00,4039.1925,3538.25,15836.75,3719.6666666666665,3641.1111111111113,42.83302110141619,19.68,1253581.0
2011-02-28 21:00:00,4041.0,3546.0,14966.0,3763.833333333333,3681.0555555555557,42.83302110141619,19.68,1253581.0
2011-03-01 21:00:00,4032.2883870967744,3590.0,21861.0,3808.0,3721.0,42.83302110141619,19.68,1253581.0
2011-03-02 21:00:00,4023.576774193548,3600.0,16012.0,3751.5,3534.5,42.83302110141619,19.68,1253581.0
2011-03-03 21:00:00,4014.8651612903222,3660.0,11410.0,3695.0,3348.0,42.83302110141619,19.68,1253581.0
2011-03-04 21:00:00,4006.1535483870966,3641.0,12042.75,3462.0,3293.5,42.83302110141619,19.68,1253581.0
2011-03-05 21:00:00,3997.441935483871,3622.0,12675.5,3229.0,3239.0,42.83302110141619,19.68,1253581.0
2011-03-06 21:00:00,3988.730322580645,3603.0,13308.25,3169.6666666666665,3181.6666666666665,42.83302110141619,19.68,1253581.0
2011-03-07 21:00:00,3980.0187096774193,3584.0,13941.0,3110.3333333333335,3124.3333333333335,42.83302110141619,19.68,1253581.0
2011-03-08 21:00:00,3971.3070967741937,3585.0,9827.0,3051.0,3067.0,42.83302110141619,19.68,1253581.0
2011-03-09 21:00:00,3962.595483870968,3459.0,17290.0,2918.0,3101.0,42.83302110141619,19.68,1253581.0
2011-03-10 21:00:00,3953.883870967742,3364.0,21734.0,2785.0,3135.0,42.83302110141619,19.68,1253581.0
2011-03-11 21:00:00,3945.172258064516,3369.25,20950.75,3045.0,3052.0,42.83302110141619,19.68,1253581.0
2011-03-12 21:00:00,3936.4606451612894,3374.5,20167.5,3084.0,3082.0476190476193,42.83302110141619,19.68,1253581.0
2011-03-13 21:00:00,3927.7490322580647,3379.75,19384.25,3123.0,3112.095238095238,42.83302110141619,19.68,1253581.0
2011-03-14 21:00:00,3919.037419354839,3385.0,18601.0,3162.0,3142.1428571428573,42.83302110141619,19.68,1253581.0
2011-03-15 21:00:00,3910.325806451613,3347.0,25206.0,3201.0,3172.190476190476,42.83302110141619,19.68,1253581.0
2011-03-16 21:00:00,3901.614193548387,3338.0,12847.0,3240.0,3202.2380952380954,42.83302110141619,19.68,1253581.0
2011-03-17 21:00:00,3892.9025806451614,3446.0,10488.0,3279.0,3232.285714285714,42.83302110141619,19.68,1253581.0
2011-03-18 21:00:00,3884.1909677419353,3411.5,11975.0,3318.0,3262.3333333333335,42.83302110141619,19.68,1253581.0
2011-03-19 21:00:00,3875.4793548387097,3377.0,13462.0,3357.0,3292.3809523809523,42.83302110141619,19.68,1253581.0
2011-03-20 21:00:00,3866.767741935484,3342.5,14949.0,3396.0,3322.4285714285716,42.83302110141619,19.68,1253581.0
2011-03-21 21:00:00,3858.056129032258,3308.0,16436.0,3435.0,3352.4761904761904,42.83302110141619,19.68,1253581.0
2011-03-22 21:00:00,3849.344516129032,3306.0,16014.0,3474.0,3382.5238095238096,42.83302110141619,19.68,1253581.0
2011-03-23 21:00:00,3840.6329032258063,3270.0,26417.0,3513.0,3412.5714285714284,42.83302110141619,19.68,1253581.0
2011-03-24 21:00:00,3831.9212903225807,3261.0,20512.0,3552.0,3442.6190476190477,42.83302110141619,19.68,1253581.0
2011-03-25 21:00:00,3823.209677419355,3258.75,19994.5,3591.0,3472.6666666666665,42.83302110141619,19.68,1253581.0
2011-03-26 21:00:00,3814.498064516129,3256.5,19477.0,3630.0,3502.714285714286,42.83302110141619,19.68,1253581.0
2011-03-27 21:00:00,3805.786451612904,3254.25,18959.5,3669.0,3532.7619047619046,42.83302110141619,19.68,1253581.0
2011-03-28 21:00:00,3797.074838709677,3252.0,18442.0,3708.0,3562.809523809524,42.83302110141619,19.68,1253581.0
2011-03-29 21:00:00,3788.363225806452,3312.0,19561.0,3747.0,3592.857142857143,42.83302110141619,19.68,1253581.0
2011-03-30 21:00:00,3779.651612903226,3326.0,16826.0,3786.0,3622.904761904762,42.83302110141619,19.68,1253581.0
2011-03-31 21:00:00,3770.94,3340.0,13951.0,3825.0,3652.9523809523807,42.83302110141619,19.68,1253581.0
2011-04-01 21:00:00,3767.720333333333,3346.5,13231.25,3864.0,3683.0,42.83302110141619,19.68,1253581.0
2011-04-02 21:00:00,3764.500666666667,3353.0,12511.5,3701.3333333333335,3530.6666666666665,42.83302110141619,19.68,1253581.0
2011-04-03 21:00:00,3761.281,3359.5,11791.75,3538.6666666666665,3378.3333333333335,42.83302110141619,19.68,1253581.0
2011-04-04 21:00:00,3758.0613333333336,3366.0,11072.0,3376.0,3226.0,42.83302110141619,19.68,1253581.0
2011-04-05 21:00:00,3754.8416666666662,3376.0,14247.0,3195.0,3253.0,42.83302110141619,19.68,1253581.0
2011-04-06 21:00:00,3751.622,3328.0,15279.0,3112.0,3123.0,42.83302110141619,19.68,1253581.0
2011-04-07 21:00:00,3748.402333333333,3399.0,18809.0,3029.0,2993.0,42.83302110141619,19.68,1253581.0
2011-04-08 21:00:00,3745.1826666666666,3392.5,19480.75,2994.0,3066.0,42.83302110141619,19.68,1253581.0
2011-04-09 21:00:00,3741.963,3386.0,20152.5,2901.0,3121.0,42.83302110141619,19.68,1253581.0
2011-04-10 21:00:00,3738.743333333333,3379.5,20824.25,2808.0,3176.0,42.83302110141619,19.68,1253581.0
2011-04-11 21:00:00,3735.5236666666665,3373.0,21496.0,2853.4761904761904,3199.4761904761904,42.83302110141619,19.68,1253581.0
2011-04-12 21:00:00,3732.304,3348.0,13246.0,2898.9523809523807,3222.9523809523807,42.83302110141619,19.68,1253581.0
2011-04-13 21:00:00,3729.084333333333,3282.0,18949.0,2944.4285714285716,3246.4285714285716,42.83302110141619,19.68,1253581.0
2011-04-14 21:00:00,3725.864666666667,3236.0,14373.0,2989.904761904762,3269.904761904762,42.83302110141619,19.68,1253581.0
2011-04-15 21:00:00,3722.645,3240.75,13899.25,3035.3809523809523,3293.3809523809523,42.83302110141619,19.68,1253581.0
2011-04-16 21:00:00,3719.425333333333,3245.5,13425.5,3080.8571428571427,3316.8571428571427,42.83302110141619,19.68,1253581.0
2011-04-17 21:00:00,3716.2056666666663,3250.25,12951.75,3126.3333333333335,3340.3333333333335,42.83302110141619,19.68,1253581.0
2011-04-18 21:00:00,3712.986,3255.0,12478.0,3171.809523809524,3363.809523809524,42.83302110141619,19.68,1253581.0
2011-04-19 21:00:00,3709.7663333333335,3315.0,17607.0,3217.285714285714,3387.285714285714,42.83302110141619,19.68,1253581.0
2011-04-20 21:00:00,3706.5466666666666,3312.0,10477.0,3262.7619047619046,3410.7619047619046,42.83302110141619,19.68,1253581.0
2011-04-21 21:00:00,3703.327,3370.0,13829.0,3308.2380952380954,3434.2380952380954,42.83302110141619,19.68,1253581.0
2011-04-22 21:00:00,3700.107333333333,3360.0,12927.75,3353.714285714286,3457.714285714286,42.83302110141619,19.68,1253581.0
2011-04-23 21:00:00,3696.8876666666665,3350.0,12026.5,3399.190476190476,3481.190476190476,42.83302110141619,19.68,1253581.0
2011-04-24 21:00:00,3693.668,3340.0,11125.25,3444.6666666666665,3504.6666666666665,42.83302110141619,19.68,1253581.0
2011-04-25 21:00:00,3690.448333333333,3330.0,10224.0,3490.142857142857,3528.142857142857,42.83302110141619,19.68,1253581.0
2011-04-26 21:00:00,3687.2286666666655,3277.0,10969.0,3535.6190476190477,3551.6190476190477,42.83302110141619,19.68,1253581.0
2011-04-27 21:00:00,3684.009,3293.0,9393.0,3581.095238095238,3575.095238095238,42.83302110141619,19.68,1253581.0
2011-04-28 21:00:00,3680.789333333333,3270.0,13365.0,3626.5714285714284,3598.5714285714284,42.83302110141619,19.68,1253581.0
2011-04-29 21:00:00,3677.5696666666663,3270.25,11824.25,3672.0476190476193,3622.0476190476193,42.83302110141619,19.68,1253581.0
2011-04-30 21:00:00,3674.35,3270.5,10283.5,3717.5238095238096,3645.5238095238096,42.83302110141619,19.68,1253581.0
2011-05-01 21:00:00,3675.370967741936,3270.75,8742.75,3763.0,3669.0,42.83302110141619,19.68,1253581.0
2011-05-02 21:00:00,3676.391935483871,3271.0,7202.0,3618.0,3537.3333333333335,42.83302110141619,19.68,1253581.0
2011-05-03 21:00:00,3677.412903225807,3265.0,12013.0,3473.0,3405.6666666666665,42.83302110141619,19.68,1253581.0
2011-05-04 21:00:00,3678.4338709677418,3229.0,13441.0,3328.0,3274.0,42.83302110141619,19.68,1253581.0
2011-05-05 21:00:00,3679.4548387096775,3195.0,19131.0,3238.0,3268.0,42.83302110141619,19.68,1253581.0
2011-05-06 21:00:00,3680.4758064516127,3210.75,17191.5,3146.5,3141.5,42.83302110141619,19.68,1253581.0
2011-05-07 21:00:00,3681.496774193549,3226.5,15252.0,3055.0,3015.0,42.83302110141619,19.68,1253581.0
2011-05-08 21:00:00,3682.517741935484,3242.25,13312.5,3048.5,2960.5,42.83302110141619,19.68,1253581.0
2011-05-09 21:00:00,3683.5387096774193,3258.0,11373.0,3042.0,2906.0,42.83302110141619,19.68,1253581.0
2011-05-10 21:00:00,3684.5596774193546,3269.0,12155.0,2772.0,3241.0,42.83302110141619,19.68,1253581.0
2011-05-11 21:00:00,3685.58064516129,3226.0,13513.0,2945.5,3221.5,42.83302110141619,19.68,1253581.0
2011-05-12 21:00:00,3686.601612903226,3274.0,16236.0,3119.0,3202.0,42.83302110141619,19.68,1253581.0
2011-05-13 21:00:00,3687.622580645161,3278.6,15690.0,3149.55,3217.6,42.83302110141619,19.68,1253581.0
2011-05-14 21:00:00,3688.643548387097,3283.2,15144.0,3180.1,3233.2,42.83302110141619,19.68,1253581.0
2011-05-15 21:00:00,3689.664516129032,3287.8,14598.0,3210.65,3248.8,42.83302110141619,19.68,1253581.0
2011-05-16 21:00:00,3690.685483870968,3292.4,14052.0,3241.2,3264.4,42.83302110141619,19.68,1253581.0
2011-05-17 21:00:00,3691.706451612903,3297.0,13506.0,3271.75,3280.0,42.83302110141619,19.68,1253581.0
2011-05-18 21:00:00,3692.727419354839,3360.0,12037.0,3302.3,3295.6,42.83302110141619,19.68,1253581.0
2011-05-19 21:00:00,3693.748387096774,3390.0,12297.0,3332.85,3311.2,42.83302110141619,19.68,1253581.0
2011-05-20 21:00:00,3694.7693548387097,3387.5,11248.75,3363.4,3326.8,42.83302110141619,19.68,1253581.0
2011-05-21 21:00:00,3695.790322580645,3385.0,10200.5,3393.95,3342.4,42.83302110141619,19.68,1253581.0
2011-05-22 21:00:00,3696.8112903225806,3382.5,9152.25,3424.5,3358.0,42.83302110141619,19.68,1253581.0
2011-05-23 21:00:00,3697.832258064516,3380.0,8104.0,3455.05,3373.6,42.83302110141619,19.68,1253581.0
2011-05-24 21:00:00,3698.853225806452,3416.0,13639.0,3485.6,3389.2,42.83302110141619,19.68,1253581.0
2011-05-25 21:00:00,3699.874193548387,3416.0,10112.0,3516.15,3404.8,42.83302110141619,19.68,1253581.0
2011-05-26 21:00:00,3700.8951612903215,3438.0,13766.0,3546.7,3420.4,42.83302110141619,19.68,1253581.0
2011-05-27 21:00:00,3701.916129032258,3426.75,13808.25,3577.25,3436.0,42.83302110141619,19.68,1253581.0
2011-05-28 21:00:00,3702.9370967741934,3415.5,13850.5,3607.8,3451.6,42.83302110141619,19.68,1253581.0
2011-05-29 21:00:00,3703.958064516129,3404.25,13892.75,3638.35,3467.2,42.83302110141619,19.68,1253581.0
2011-05-30 21:00:00,3704.979032258064,3393.0,13935.0,3668.9,3482.8,42.83302110141619,19.68,1253581.0
2011-05-31 21:00:00,3706.0,3360.0,10047.0,3699.45,3498.4,42.83302110141619,19.68,1253581.0
2011-06-01 21:00:00,3702.887333333333,3403.0,11207.0,3730.0,3514.0,42.83302110141619,19.68,1253581.0
2011-06-02 21:00:00,3699.7746666666662,3421.0,13578.0,3619.6666666666665,3427.6666666666665,42.83302110141619,19.68,1253581.0
2011-06-03 21:00:00,3696.662,3404.25,13176.5,3509.3333333333335,3341.3333333333335,42.83302110141619,19.68,1253581.0
2011-06-04 21:00:00,3693.549333333333,3387.5,12775.0,3399.0,3255.0,42.83302110141619,19.68,1253581.0
2011-06-05 21:00:00,3690.4366666666665,3370.75,12373.5,3357.5,3199.5,42.83302110141619,19.68,1253581.0
2011-06-06 21:00:00,3687.324,3354.0,11972.0,3316.0,3144.0,42.83302110141619,19.68,1253581.0
2011-06-07 21:00:00,3684.211333333333,3316.0,11605.0,3077.0,3002.0,42.83302110141619,19.68,1253581.0
2011-06-08 21:00:00,3681.0986666666663,3287.0,15813.0,3051.0,2918.5,42.83302110141619,19.68,1253581.0
2011-06-09 21:00:00,3677.986,3239.0,15153.0,3025.0,2835.0,42.83302110141619,19.68,1253581.0
2011-06-10 21:00:00,3674.873333333333,3242.5,14555.75,2793.0,3212.0,42.83302110141619,19.68,1253581.0
2011-06-11 21:00:00,3671.7606666666666,3246.0,13958.5,2941.0,3181.5,42.83302110141619,19.68,1253581.0
2011-06-12 21:00:00,3668.648,3249.5,13361.25,3089.0,3151.0,42.83302110141619,19.68,1253581.0
2011-06-13 21:00:00,3665.535333333333,3253.0,12764.0,3131.1,3160.35,42.83302110141619,19.68,1253581.0
2011-06-14 21:00:00,3662.422666666667,3268.0,9685.0,3173.2,3169.7,42.83302110141619,19.68,1253581.0
2011-06-15 21:00:00,3659.31,3193.0,14822.0,3215.3,3179.05,42.83302110141619,19.68,1253581.0
2011-06-16 21:00:00,3656.197333333333,3198.0,18364.0,3257.4,3188.4,42.83302110141619,19.68,1253581.0
2011-06-17 21:00:00,3653.084666666666,3203.75,15967.5,3299.5,3197.75,42.83302110141619,19.68,1253581.0
2011-06-18 21:00:00,3649.972,3209.5,13571.0,3341.6,3207.1,42.83302110141619,19.68,1253581.0
2011-06-19 21:00:00,3646.859333333333,3215.25,11174.5,3383.7,3216.45,42.83302110141619,19.68,1253581.0
2011-06-20 21:00:00,3643.7466666666655,3221.0,8778.0,3425.8,3225.8,42.83302110141619,19.68,1253581.0
2011-06-21 21:00:00,3640.634,3178.0,15700.0,3467.9,3235.15,42.83302110141619,19.68,1253581.0
2011-06-22 21:00:00,3637.521333333333,3136.0,13659.0,3510.0,3244.5,42.83302110141619,19.68,1253581.0
2011-06-23 21:00:00,3634.4086666666662,3117.0,17790.0,3552.1,3253.85,42.83302110141619,19.68,1253581.0
2011-06-24 21:00:00,3631.296,3103.5,16395.25,3594.2,3263.2,42.83302110141619,19.68,1253581.0
2011-06-25 21:00:00,3628.183333333333,3090.0,15000.5,3636.3,3272.55,42.83302110141619,19.68,1253581.0
2011-06-26 21:00:00,3625.0706666666665,3076.5,13605.75,3678.4,3281.9,42.83302110141619,19.68,1253581.0
2011-06-27 21:00:00,3621.958,3063.0,12211.0,3720.5,3291.25,42.83302110141619,19.68,1253581.0
2011-06-28 21:00:00,3618.845333333333,3109.0,9220.0,3762.6,3300.6,42.83302110141619,19.68,1253581.0
2011-06-29 21:00:00,3615.732666666667,3072.0,13663.0,3804.7,3309.95,42.83302110141619,19.68,1253581.0
2011-06-30 21:00:00,3612.62,3036.0,14526.0,3846.8,3319.3,42.83302110141619,19.68,1253581.0
2011-07-01 21:00:00,3610.4090322580646,3037.0,14362.25,3888.9,3328.65,42.83302110141619,19.68,1253581.0
2011-07-02 21:00:00,3608.198064516129,3038.0,14198.5,3931.0,3338.0,42.83302110141619,19.68,1253581.0
2011-07-03 21:00:00,3605.9870967741936,3039.0,14034.75,3585.0,3282.0,42.83302110141619,19.68,1253581.0
2011-07-04 21:00:00,3603.776129032258,3040.0,13871.0,3417.0,3297.0,42.83302110141619,19.68,1253581.0
2011-07-05 21:00:00,3601.5651612903225,3029.0,13473.0,3352.0,3206.5,42.83302110141619,19.68,1253581.0
2011-07-06 21:00:00,3599.354193548387,3055.0,10052.0,3287.0,3116.0,42.83302110141619,19.68,1253581.0
2011-07-07 21:00:00,3597.1432258064515,3077.0,13964.0,3073.0,3033.0,42.83302110141619,19.68,1253581.0
2011-07-08 21:00:00,3594.932258064516,3066.25,13766.25,3061.5,2962.5,42.83302110141619,19.68,1253581.0
2011-07-09 21:00:00,3592.7212903225804,3055.5,13568.5,3050.0,2892.0,42.83302110141619,19.68,1253581.0
2011-07-10 21:00:00,3590.510322580645,3044.75,13370.75,3042.0,2931.5,42.83302110141619,19.68,1253581.0
2011-07-11 21:00:00,3588.2993548387094,3034.0,13173.0,3034.0,2971.0,42.83302110141619,19.68,1253581.0
2011-07-12 21:00:00,3586.088387096774,3082.0,10683.0,3084.0,3164.0,42.83302110141619,19.68,1253581.0
2011-07-13 21:00:00,3583.877419354839,3144.0,14898.0,3124.095238095238,3177.4285714285716,42.83302110141619,19.68,1253581.0
2011-07-14 21:00:00,3581.666451612903,3116.0,12137.0,3164.190476190476,3190.8571428571427,42.83302110141619,19.68,1253581.0
2011-07-15 21:00:00,3579.455483870968,3113.75,12396.75,3204.285714285714,3204.285714285714,42.83302110141619,19.68,1253581.0
2011-07-16 21:00:00,3577.244516129032,3111.5,12656.5,3244.3809523809523,3217.714285714286,42.83302110141619,19.68,1253581.0
2011-07-17 21:00:00,3575.0335483870967,3109.25,12916.25,3284.4761904761904,3231.1428571428573,42.83302110141619,19.68,1253581.0
2011-07-18 21:00:00,3572.822580645161,3107.0,13176.0,3324.5714285714284,3244.5714285714284,42.83302110141619,19.68,1253581.0
2011-07-19 21:00:00,3570.6116129032257,3153.0,19976.0,3364.6666666666665,3258.0,42.83302110141619,19.68,1253581.0
2011-07-20 21:00:00,3568.4006451612904,3130.0,12453.0,3404.7619047619046,3271.4285714285716,42.83302110141619,19.68,1253581.0
2011-07-21 21:00:00,3566.1896774193547,3140.0,9399.0,3444.8571428571427,3284.8571428571427,42.83302110141619,19.68,1253581.0
2011-07-22 21:00:00,3563.9787096774194,3134.75,9151.75,3484.9523809523807,3298.285714285714,42.83302110141619,19.68,1253581.0
2011-07-23 21:00:00,3561.767741935484,3129.5,8904.5,3525.0476190476193,3311.714285714286,42.83302110141619,19.68,1253581.0
2011-07-24 21:00:00,3559.5567741935483,3124.25,8657.25,3565.142857142857,3325.1428571428573,42.83302110141619,19.68,1253581.0
2011-07-25 21:00:00,3557.345806451613,3119.0,8410.0,3605.2380952380954,3338.5714285714284,42.83302110141619,19.68,1253581.0
2011-07-26 21:00:00,3555.1348387096773,3130.0,8253.0,3645.3333333333335,3352.0,42.83302110141619,19.68,1253581.0
2011-07-27 21:00:00,3552.923870967742,3116.0,10142.0,3685.4285714285716,3365.4285714285716,42.83302110141619,19.68,1253581.0
2011-07-28 21:00:00,3550.7129032258063,3096.0,11125.0,3725.5238095238096,3378.8571428571427,42.83302110141619,19.68,1253581.0
2011-07-29 21:00:00,3548.501935483871,3100.25,11147.0,3765.6190476190477,3392.285714285714,42.83302110141619,19.68,1253581.0
2011-07-30 21:00:00,3546.290967741935,3104.5,11169.0,3805.714285714286,3405.714285714286,42.83302110141619,19.68,1253581.0
2011-07-31 21:00:00,3544.08,3108.75,11191.0,3845.809523809524,3419.1428571428573,42.83302110141619,19.68,1253581.0
2011-08-01 21:00:00,3545.841935483871,3113.0,11213.0,3885.904761904762,3432.5714285714284,42.83302110141619,19.68,1253581.0
2011-08-02 21:00:00,3547.603870967742,3136.0,9607.0,3926.0,3446.0,42.83302110141619,19.68,1253581.0
2011-08-03 21:00:00,3549.365806451613,3101.0,10163.0,3459.0,3236.0,42.83302110141619,19.68,1253581.0
2011-08-04 21:00:00,3551.127741935484,3051.0,17939.0,3385.6666666666665,3193.0,42.83302110141619,19.68,1253581.0
2011-08-05 21:00:00,3552.889677419355,3018.25,18167.75,3312.3333333333335,3150.0,42.83302110141619,19.68,1253581.0
2011-08-06 21:00:00,3554.6516129032257,2985.5,18396.5,3239.0,3107.0,42.83302110141619,19.68,1253581.0
2011-08-07 21:00:00,3556.413548387097,2952.75,18625.25,3088.0,3058.0,42.83302110141619,19.68,1253581.0
2011-08-08 21:00:00,3558.175483870968,2920.0,18854.0,2937.0,3009.0,42.83302110141619,19.68,1253581.0
2011-08-09 21:00:00,3559.9374193548388,2937.0,12903.0,3071.0,2866.0,42.83302110141619,19.68,1253581.0
2011-08-10 21:00:00,3561.699354838709,2993.0,12541.0,3095.0,2925.0,42.83302110141619,19.68,1253581.0
2011-08-11 21:00:00,3563.4612903225807,3015.0,9934.0,3119.0,2984.0,42.83302110141619,19.68,1253581.0
2011-08-12 21:00:00,3565.2232258064514,3011.75,10750.5,2998.0,3180.0,42.83302110141619,19.68,1253581.0
2011-08-13 21:00:00,3566.9851612903226,3008.5,11567.0,3043.5714285714284,3186.095238095238,42.83302110141619,19.68,1253581.0
2011-08-14 21:00:00,3568.7470967741933,3005.25,12383.5,3089.1428571428573,3192.190476190476,42.83302110141619,19.68,1253581.0
2011-08-15 21:00:00,3570.5090322580645,3002.0,13200.0,3134.714285714286,3198.285714285714,42.83302110141619,19.68,1253581.0
2011-08-16 21:00:00,3572.2709677419352,3033.0,11344.0,3180.285714285714,3204.3809523809523,42.83302110141619,19.68,1253581.0
2011-08-17 21:00:00,3574.0329032258064,3026.0,11513.0,3225.8571428571427,3210.4761904761904,42.83302110141619,19.68,1253581.0
2011-08-18 21:00:00,3575.794838709677,3003.0,9358.0,3271.4285714285716,3216.5714285714284,42.83302110141619,19.68,1253581.0
2011-08-19 21:00:00,3577.5567741935483,3019.25,9572.75,3317.0,3222.6666666666665,42.83302110141619,19.68,1253581.0
2011-08-20 21:00:00,3579.318709677419,3035.5,9787.5,3362.5714285714284,3228.7619047619046,42.83302110141619,19.68,1253581.0
2011-08-21 21:00:00,3581.0806451612902,3051.75,10002.25,3408.142857142857,3234.8571428571427,42.83302110141619,19.68,1253581.0
2011-08-22 21:00:00,3582.842580645161,3068.0,10217.0,3453.714285714286,3240.9523809523807,42.83302110141619,19.68,1253581.0
2011-08-23 21:00:00,3584.604516129032,3036.0,11056.0,3499.285714285714,3247.0476190476193,42.83302110141619,19.68,1253581.0
2011-08-24 21:00:00,3586.366451612903,2994.0,11263.0,3544.857142857143,3253.1428571428573,42.83302110141619,19.68,1253581.0
2011-08-25 21:00:00,3588.128387096774,2975.0,10829.0,3590.4285714285716,3259.2380952380954,42.83302110141619,19.68,1253581.0
2011-08-26 21:00:00,3589.890322580645,2985.714285714286,10169.857142857143,3636.0,3265.3333333333335,42.83302110141619,19.68,1253581.0
2011-08-27 21:00:00,3591.652258064516,2996.4285714285716,9510.714285714286,3681.5714285714284,3271.4285714285716,42.83302110141619,19.68,1253581.0
2011-08-28 21:00:00,3593.4141935483867,3007.1428571428573,8851.57142857143,3727.142857142857,3277.5238095238096,42.83302110141619,19.68,1253581.0
2011-08-29 21:00:00,3595.176129032258,3017.8571428571427,8192.428571428572,3772.714285714286,3283.6190476190477,42.83302110141619,19.68,1253581.0
2011-08-30 21:00:00,3596.9380645161286,3028.5714285714284,7533.285714285715,3818.285714285714,3289.714285714286,42.83302110141619,19.68,1253581.0
2011-08-31 21:00:00,3598.7,3039.285714285714,6874.142857142857,3863.8571428571427,3295.809523809524,42.83302110141619,19.68,1253581.0
2011-09-01 21:00:00,3595.934333333333,3050.0,6215.0,3909.4285714285716,3301.904761904762,42.83302110141619,19.68,1253581.0
2011-09-02 21:00:00,3593.1686666666665,3033.75,7657.0,3955.0,3308.0,42.83302110141619,19.68,1253581.0
2011-09-03 21:00:00,3590.403,3017.5,9099.0,3364.0,3255.0,42.83302110141619,19.68,1253581.0
2011-09-04 21:00:00,3587.637333333333,3001.25,10541.0,3316.5,3224.0,42.83302110141619,19.68,1253581.0
2011-09-05 21:00:00,3584.8716666666664,2985.0,11983.0,3269.0,3193.0,42.83302110141619,19.68,1253581.0
2011-09-06 21:00:00,3582.106,3042.0,7971.0,3260.0,3153.0,42.83302110141619,19.68,1253581.0
2011-09-07 21:00:00,3579.340333333333,3025.0,11373.0,3126.5,3072.5,42.83302110141619,19.68,1253581.0
2011-09-08 21:00:00,3576.5746666666664,3050.0,7895.0,2993.0,2992.0,42.83302110141619,19.68,1253581.0
2011-09-09 21:00:00,3573.809,3042.25,8388.0,3040.3333333333335,3001.3333333333335,42.83302110141619,19.68,1253581.0
2011-09-10 21:00:00,3571.043333333333,3034.5,8881.0,3087.6666666666665,3010.6666666666665,42.83302110141619,19.68,1253581.0
2011-09-11 21:00:00,3568.2776666666664,3026.75,9374.0,3135.0,3020.0,42.83302110141619,19.68,1253581.0
2011-09-12 21:00:00,3565.512,3019.0,9867.0,3160.75,3041.75,42.83302110141619,19.68,1253581.0
2011-09-13 21:00:00,3562.746333333333,3065.0,13520.0,3186.5,3063.5,42.83302110141619,19.68,1253581.0
2011-09-14 21:00:00,3559.9806666666664,3078.0,12411.0,3212.25,3085.25,42.83302110141619,19.68,1253581.0
2011-09-15 21:00:00,3557.215,3075.8,11684.8,3238.0,3107.0,42.83302110141619,19.68,1253581.0
2011-09-16 21:00:00,3554.449333333333,3073.6,10958.6,3263.75,3128.75,42.83302110141619,19.68,1253581.0
2011-09-17 21:00:00,3551.683666666667,3071.4,10232.4,3289.5,3150.5,42.83302110141619,19.68,1253581.0
2011-09-18 21:00:00,3548.918,3069.2,9506.2,3315.25,3172.25,42.83302110141619,19.68,1253581.0
2011-09-19 21:00:00,3546.152333333333,3067.0,8780.0,3341.0,3194.0,42.83302110141619,19.68,1253581.0
2011-09-20 21:00:00,3543.3866666666668,3066.0,10688.0,3366.75,3215.75,42.83302110141619,19.68,1253581.0
2011-09-21 21:00:00,3540.621,3009.0,13266.0,3392.5,3237.5,42.83302110141619,19.68,1253581.0
2011-09-22 21:00:00,3537.8553333333334,2992.0,14550.0,3418.25,3259.25,42.83302110141619,19.68,1253581.0
2011-09-23 21:00:00,3535.0896666666667,2981.0,14460.25,3444.0,3281.0,42.83302110141619,19.68,1253581.0
2011-09-24 21:00:00,3532.324,2970.0,14370.5,3469.75,3302.75,42.83302110141619,19.68,1253581.0
2011-09-25 21:00:00,3529.5583333333334,2959.0,14280.75,3495.5,3324.5,42.83302110141619,19.68,1253581.0
2011-09-26 21:00:00,3526.7926666666667,2948.0,14191.0,3521.25,3346.25,42.83302110141619,19.68,1253581.0
2011-09-27 21:00:00,3524.027,2910.0,18649.0,3547.0,3368.0,42.83302110141619,19.68,1253581.0
2011-09-28 21:00:00,3521.2613333333334,2898.0,16115.0,3572.75,3389.75,42.83302110141619,19.68,1253581.0
2011-09-29 21:00:00,3518.4956666666667,2905.0,8204.0,3598.5,3411.5,42.83302110141619,19.68,1253581.0
2011-09-30 21:00:00,3515.73,2881.25,10188.75,3624.25,3433.25,42.83302110141619,19.68,1253581.0
2011-10-01 21:00:00,3508.1506451612904,2857.5,12173.5,3650.0,3455.0,42.83302110141619,19.68,1253581.0
2011-10-02 21:00:00,3500.571290322581,2833.75,14158.25,3933.0,3306.0,42.83302110141619,19.68,1253581.0
2011-10-03 21:00:00,3492.991935483871,2810.0,16143.0,3335.0,3315.0,42.83302110141619,19.68,1253581.0
2011-10-04 21:00:00,3485.412580645161,2785.0,15666.0,3280.5,3256.5,42.83302110141619,19.68,1253581.0
2011-10-05 21:00:00,3477.8332258064515,2808.0,18342.0,3226.0,3198.0,42.83302110141619,19.68,1253581.0
2011-10-06 21:00:00,3470.253870967742,2772.0,12133.0,3155.6666666666665,3114.6666666666665,42.83302110141619,19.68,1253581.0
2011-10-07 21:00:00,3462.6745161290323,2779.25,12290.0,3085.3333333333335,3031.3333333333335,42.83302110141619,19.68,1253581.0
2011-10-08 21:00:00,3455.0951612903227,2786.5,12447.0,3015.0,2948.0,42.83302110141619,19.68,1253581.0
2011-10-09 21:00:00,3447.515806451613,2793.75,12604.0,2939.5,3098.0,42.83302110141619,19.68,1253581.0
2011-10-10 21:00:00,3439.936451612903,2801.0,12761.0,2864.0,3248.0,42.83302110141619,19.68,1253581.0
2011-10-11 21:00:00,3432.357096774193,2864.0,13447.0,3195.0,3072.0,42.83302110141619,19.68,1253581.0
2011-10-12 21:00:00,3424.777741935484,2844.0,8095.0,3218.7619047619046,3093.095238095238,42.83302110141619,19.68,1253581.0
2011-10-13 21:00:00,3417.1983870967742,2906.0,10894.0,3242.5238095238096,3114.190476190476,42.83302110141619,19.68,1253581.0
2011-10-14 21:00:00,3409.6190322580646,2888.25,12095.25,3266.285714285714,3135.285714285714,42.83302110141619,19.68,1253581.0
2011-10-15 21:00:00,3402.039677419355,2870.5,13296.5,3290.0476190476193,3156.3809523809523,42.83302110141619,19.68,1253581.0
2011-10-16 21:00:00,3394.460322580645,2852.75,14497.75,3313.809523809524,3177.4761904761904,42.83302110141619,19.68,1253581.0
2011-10-17 21:00:00,3386.880967741936,2835.0,15699.0,3337.5714285714284,3198.5714285714284,42.83302110141619,19.68,1253581.0
2011-10-18 21:00:00,3379.3016129032258,2892.0,15246.0,3361.3333333333335,3219.6666666666665,42.83302110141619,19.68,1253581.0
2011-10-19 21:00:00,3371.722258064516,2866.0,16489.0,3385.095238095238,3240.7619047619046,42.83302110141619,19.68,1253581.0
2011-10-20 21:00:00,3364.1429032258065,2883.0,11887.0,3408.8571428571427,3261.8571428571427,42.83302110141619,19.68,1253581.0
2011-10-21 21:00:00,3356.563548387097,2900.0,12481.25,3432.6190476190477,3282.9523809523807,42.83302110141619,19.68,1253581.0
2011-10-22 21:00:00,3348.984193548388,2917.0,13075.5,3456.3809523809523,3304.0476190476193,42.83302110141619,19.68,1253581.0
2011-10-23 21:00:00,3341.4048387096773,2934.0,13669.75,3480.1428571428573,3325.1428571428573,42.83302110141619,19.68,1253581.0
2011-10-24 21:00:00,3333.825483870968,2951.0,14264.0,3503.904761904762,3346.2380952380954,42.83302110141619,19.68,1253581.0
2011-10-25 21:00:00,3326.246129032258,2965.5,13772.5,3527.6666666666665,3367.3333333333335,42.83302110141619,19.68,1253581.0
2011-10-26 21:00:00,3318.6667741935485,2980.0,13281.0,3551.4285714285716,3388.4285714285716,42.83302110141619,19.68,1253581.0
2011-10-27 21:00:00,3311.087419354839,2971.0,14173.0,3575.190476190476,3409.5238095238096,42.83302110141619,19.68,1253581.0
2011-10-28 21:00:00,3303.508064516129,2959.0,13229.75,3598.9523809523807,3430.6190476190477,42.83302110141619,19.68,1253581.0
2011-10-29 21:00:00,3295.928709677419,2947.0,12286.5,3622.714285714286,3451.714285714286,42.83302110141619,19.68,1253581.0
2011-10-30 21:00:00,3288.3493548387096,2935.0,11343.25,3646.4761904761904,3472.809523809524,42.83302110141619,19.68,1253581.0
2011-10-31 21:00:00,3280.77,2923.0,10400.0,3670.2380952380954,3493.904761904762,42.83302110141619,19.68,1253581.0
2011-11-01 21:00:00,3288.295333333333,2958.0,12369.0,3694.0,3515.0,42.83302110141619,19.68,1253581.0
2011-11-02 21:00:00,3295.8206666666665,2976.0,9386.0,3578.6666666666665,3463.3333333333335,42.83302110141619,19.68,1253581.0
2011-11-03 21:00:00,3303.346,3013.0,8706.0,3463.3333333333335,3411.6666666666665,42.83302110141619,19.68,1253581.0
2011-11-04 21:00:00,3310.871333333333,3021.0,9862.5,3348.0,3360.0,42.83302110141619,19.68,1253581.0
2011-11-05 21:00:00,3318.3966666666665,3029.0,11019.0,3274.0,3221.0,42.83302110141619,19.68,1253581.0
2011-11-06 21:00:00,3325.922,3037.0,12175.5,3178.0,3123.5,42.83302110141619,19.68,1253581.0
2011-11-07 21:00:00,3333.447333333333,3045.0,13332.0,3082.0,3026.0,42.83302110141619,19.68,1253581.0
2011-11-08 21:00:00,3340.9726666666666,3034.0,11907.0,3070.0,2910.0,42.83302110141619,19.68,1253581.0
2011-11-09 21:00:00,3348.498,3119.0,14647.0,2957.0,3042.5,42.83302110141619,19.68,1253581.0
2011-11-10 21:00:00,3356.023333333333,3135.0,15922.0,2844.0,3175.0,42.83302110141619,19.68,1253581.0
2011-11-11 21:00:00,3363.5486666666666,3145.25,16210.5,2883.809523809524,3192.6666666666665,42.83302110141619,19.68,1253581.0
2011-11-12 21:00:00,3371.074,3155.5,16499.0,2923.6190476190477,3210.3333333333335,42.83302110141619,19.68,1253581.0
2011-11-13 21:00:00,3378.5993333333336,3165.75,16787.5,2963.4285714285716,3228.0,42.83302110141619,19.68,1253581.0
2011-11-14 21:00:00,3386.1246666666666,3176.0,17076.0,3003.2380952380954,3245.6666666666665,42.83302110141619,19.68,1253581.0
2011-11-15 21:00:00,3393.65,3241.0,19326.0,3043.0476190476193,3263.3333333333335,42.83302110141619,19.68,1253581.0
2011-11-16 21:00:00,3401.1753333333336,3212.0,22387.0,3082.8571428571427,3281.0,42.83302110141619,19.68,1253581.0
2011-11-17 21:00:00,3408.7006666666666,3248.0,21790.0,3122.6666666666665,3298.6666666666665,42.83302110141619,19.68,1253581.0
2011-11-18 21:00:00,3416.226,3229.75,21102.75,3162.4761904761904,3316.3333333333335,42.83302110141619,19.68,1253581.0
2011-11-19 21:00:00,3423.7513333333336,3211.5,20415.5,3202.285714285714,3334.0,42.83302110141619,19.68,1253581.0
2011-11-20 21:00:00,3431.276666666666,3193.25,19728.25,3242.095238095238,3351.6666666666665,42.83302110141619,19.68,1253581.0
2011-11-21 21:00:00,3438.802,3175.0,19041.0,3281.904761904762,3369.3333333333335,42.83302110141619,19.68,1253581.0
2011-11-22 21:00:00,3446.3273333333336,3161.0,13736.0,3321.714285714286,3387.0,42.83302110141619,19.68,1253581.0
2011-11-23 21:00:00,3453.8526666666667,3108.0,16556.0,3361.5238095238096,3404.6666666666665,42.83302110141619,19.68,1253581.0
2011-11-24 21:00:00,3461.378,3069.0,11124.0,3401.3333333333335,3422.3333333333335,42.83302110141619,19.68,1253581.0
2011-11-25 21:00:00,3468.9033333333336,3067.25,11464.0,3441.142857142857,3440.0,42.83302110141619,19.68,1253581.0
2011-11-26 21:00:00,3476.4286666666667,3065.5,11804.0,3480.9523809523807,3457.6666666666665,42.83302110141619,19.68,1253581.0
2011-11-27 21:00:00,3483.954,3063.75,12144.0,3520.7619047619046,3475.3333333333335,42.83302110141619,19.68,1253581.0
2011-11-28 21:00:00,3491.4793333333337,3062.0,12484.0,3560.5714285714284,3493.0,42.83302110141619,19.68,1253581.0
2011-11-29 21:00:00,3499.0046666666667,3018.0,9934.0,3600.3809523809523,3510.6666666666665,42.83302110141619,19.68,1253581.0
2011-11-30 21:00:00,3506.53,3058.0,8767.0,3640.190476190476,3528.3333333333335,42.83302110141619,19.68,1253581.0
2011-12-01 21:00:00,3507.838064516129,3062.0,10795.0,3680.0,3546.0,42.83302110141619,19.68,1253581.0
2011-12-02 21:00:00,3509.146129032258,3067.75,10741.25,3547.3333333333335,3494.0,42.83302110141619,19.68,1253581.0
2011-12-03 21:00:00,3510.454193548387,3073.5,10687.5,3414.6666666666665,3442.0,42.83302110141619,19.68,1253581.0
2011-12-04 21:00:00,3511.762258064516,3079.25,10633.75,3282.0,3390.0,42.83302110141619,19.68,1253581.0
2011-12-05 21:00:00,3513.070322580645,3085.0,10580.0,3255.0,3178.0,42.83302110141619,19.68,1253581.0
2011-12-06 21:00:00,3514.3783870967745,3119.0,10154.0,3199.5,3090.5,42.83302110141619,19.68,1253581.0
2011-12-07 21:00:00,3515.6864516129035,3089.0,7989.0,3144.0,3003.0,42.83302110141619,19.68,1253581.0
2011-12-08 21:00:00,3516.9945161290325,3084.0,7959.0,3104.5,2943.0,42.83302110141619,19.68,1253581.0
2011-12-09 21:00:00,3518.302580645161,3063.5,8458.5,3065.0,2883.0,42.83302110141619,19.68,1253581.0
2011-12-10 21:00:00,3519.6106451612904,3043.0,8958.0,2906.0,3161.0,42.83302110141619,19.68,1253581.0
2011-12-11 21:00:00,3520.9187096774194,3022.5,9457.5,2979.0,3159.0,42.83302110141619,19.68,1253581.0
2011-12-12 21:00:00,3522.2267741935484,3002.0,9957.0,3052.0,3157.0,42.83302110141619,19.68,1253581.0
2011-12-13 21:00:00,3523.5348387096774,3052.0,13556.0,3053.5714285714284,3167.8571428571427,42.83302110141619,19.68,1253581.0
2011-12-14 21:00:00,3524.8429032258064,2971.0,16016.0,3055.1428571428573,3178.714285714286,42.83302110141619,19.68,1253581.0
2011-12-15 21:00:00,3526.150967741936,2984.0,11658.0,3056.714285714286,3189.5714285714284,42.83302110141619,19.68,1253581.0
2011-12-16 21:00:00,3527.459032258065,2993.0,11018.0,3058.285714285714,3200.4285714285716,42.83302110141619,19.68,1253581.0
2011-12-17 21:00:00,3528.7670967741938,3002.0,10378.0,3059.8571428571427,3211.285714285714,42.83302110141619,19.68,1253581.0
2011-12-18 21:00:00,3530.0751612903227,3011.0,9738.0,3061.4285714285716,3222.1428571428573,42.83302110141619,19.68,1253581.0
2011-12-19 21:00:00,3531.383225806452,3020.0,9098.0,3063.0,3233.0,42.83302110141619,19.68,1253581.0
2011-12-20 21:00:00,3532.6912903225807,3072.0,13242.0,3064.5714285714284,3243.8571428571427,42.83302110141619,19.68,1253581.0
2011-12-21 21:00:00,3533.9993548387097,3097.0,11174.0,3066.1428571428573,3254.714285714286,42.83302110141619,19.68,1253581.0
2011-12-22 21:00:00,3535.3074193548387,3170.0,10775.0,3067.714285714286,3265.5714285714284,42.83302110141619,19.68,1253581.0
2011-12-23 21:00:00,3536.615483870968,3167.25,9650.25,3069.285714285714,3276.4285714285716,42.83302110141619,19.68,1253581.0
2011-12-24 21:00:00,3537.9235483870966,3164.5,8525.5,3070.8571428571427,3287.285714285714,42.83302110141619,19.68,1253581.0
2011-12-25 21:00:00,3539.2316129032256,3161.75,7400.75,3072.4285714285716,3298.1428571428573,42.83302110141619,19.68,1253581.0
2011-12-26 21:00:00,3540.539677419355,3159.0,6276.0,3074.0,3309.0,42.83302110141619,19.68,1253581.0
2011-12-27 21:00:00,3541.847741935484,3185.0,11223.0,3075.5714285714284,3319.8571428571427,42.83302110141619,19.68,1253581.0
2011-12-28 21:00:00,3543.155806451613,3155.0,8394.0,3077.1428571428573,3330.714285714286,42.83302110141619,19.68,1253581.0
2011-12-29 21:00:00,3544.463870967742,3175.0,7766.0,3078.714285714286,3341.5714285714284,42.83302110141619,19.68,1253581.0
2011-12-30 21:00:00,3545.771935483871,3187.5,9070.25,3080.285714285714,3352.4285714285716,42.83302110141619,19.68,1253581.0
2011-12-31 21:00:00,3547.08,3200.0,10374.5,3081.8571428571427,3363.285714285714,42.83302110141619,19.68,1253581.0
2012-01-01 21:00:00,3545.4338709677418,3212.5,11678.75,3083.4285714285716,3374.1428571428573,42.83302110141619,19.68,1253581.0
2012-01-02 21:00:00,3543.787741935484,3225.0,12983.0,3085.0,3385.0,42.83302110141619,19.68,1253581.0
2012-01-03 21:00:00,3542.141612903226,3225.0,12407.0,3246.0,3559.0,42.83302110141619,19.68,1253581.0
2012-01-04 21:00:00,3540.495483870968,3190.0,11731.0,3311.5,3266.0,42.83302110141619,19.68,1253581.0
2012-01-05 21:00:00,3538.8493548387096,3211.0,10897.0,3377.0,2973.0,42.83302110141619,19.68,1253581.0
2012-01-06 21:00:00,3537.2032258064514,3212.0,10651.75,3224.0,2952.6666666666665,42.83302110141619,19.68,1253581.0
2012-01-07 21:00:00,3535.5570967741937,3213.0,10406.5,3071.0,2932.3333333333335,42.83302110141619,19.68,1253581.0
2012-01-08 21:00:00,3533.910967741936,3214.0,10161.25,2918.0,2912.0,42.83302110141619,19.68,1253581.0
2012-01-09 21:00:00,3532.2648387096774,3215.0,9916.0,2634.5,2614.0,42.83302110141619,19.68,1253581.0
2012-01-10 21:00:00,3530.6187096774192,3233.0,8303.0,2351.0,2316.0,42.83302110141619,19.68,1253581.0
2012-01-11 21:00:00,3528.972580645161,3202.0,9346.0,2411.0,2230.0,42.83302110141619,19.68,1253581.0
2012-01-12 21:00:00,3527.3264516129034,3151.0,14279.0,2449.7619047619046,2276.0476190476193,42.83302110141619,19.68,1253581.0
2012-01-13 21:00:00,3525.680322580645,3154.25,13953.0,2488.5238095238096,2322.095238095238,42.83302110141619,19.68,1253581.0
2012-01-14 21:00:00,3524.034193548387,3157.5,13627.0,2527.285714285714,2368.1428571428573,42.83302110141619,19.68,1253581.0
2012-01-15 21:00:00,3522.388064516129,3160.75,13301.0,2566.0476190476193,2414.190476190476,42.83302110141619,19.68,1253581.0
2012-01-16 21:00:00,3520.741935483871,3164.0,12975.0,2604.809523809524,2460.2380952380954,42.83302110141619,19.68,1253581.0
2012-01-17 21:00:00,3519.095806451613,3180.0,11807.0,2643.5714285714284,2506.285714285714,42.83302110141619,19.68,1253581.0
2012-01-18 21:00:00,3517.449677419355,3157.0,10501.0,2682.3333333333335,2552.3333333333335,42.83302110141619,19.68,1253581.0
2012-01-19 21:00:00,3515.8035483870967,3165.0,6559.0,2721.095238095238,2598.3809523809523,42.83302110141619,19.68,1253581.0
2012-01-20 21:00:00,3514.157419354839,3165.8,6093.8,2759.8571428571427,2644.4285714285716,42.83302110141619,19.68,1253581.0
2012-01-21 21:00:00,3512.511290322581,3166.6,5628.6,2798.6190476190477,2690.4761904761904,42.83302110141619,19.68,1253581.0
2012-01-22 21:00:00,3510.8651612903227,3167.4,5163.4,2837.3809523809523,2736.5238095238096,42.83302110141619,19.68,1253581.0
2012-01-23 21:00:00,3509.2190322580645,3168.2,4698.2,2876.142857142857,2782.5714285714284,42.83302110141619,19.68,1253581.0
2012-01-24 21:00:00,3507.5729032258064,3169.0,4233.0,2914.904761904762,2828.6190476190477,42.83302110141619,19.68,1253581.0
2012-01-25 21:00:00,3505.9267741935487,3131.0,8510.0,2953.6666666666665,2874.666666666667,42.83302110141619,19.68,1253581.0
2012-01-26 21:00:00,3504.2806451612905,3135.0,6430.0,2992.4285714285716,2920.714285714286,42.83302110141619,19.68,1253581.0
2012-01-27 21:00:00,3502.6345161290324,3120.75,7431.75,3031.190476190476,2966.7619047619046,42.83302110141619,19.68,1253581.0
2012-01-28 21:00:00,3500.988387096774,3106.5,8433.5,3069.9523809523807,3012.809523809524,42.83302110141619,19.68,1253581.0
2012-01-29 21:00:00,3499.3422580645165,3092.25,9435.25,3108.714285714286,3058.857142857143,42.83302110141619,19.68,1253581.0
2012-01-30 21:00:00,3497.6961290322583,3078.0,10437.0,3147.4761904761904,3104.904761904762,42.83302110141619,19.68,1253581.0
2012-01-31 21:00:00,3496.05,3067.0,12027.0,3186.2380952380954,3150.9523809523807,42.83302110141619,19.68,1253581.0
2012-02-01 21:00:00,3495.059310344828,3056.0,13617.0,3225.0,3197.0,42.83302110141619,19.68,1253581.0
2012-02-02 21:00:00,3494.0686206896557,3085.0,11368.0,3155.0,3403.0,42.83302110141619,19.68,1253581.0
2012-02-03 21:00:00,3493.077931034483,3099.0,11904.6,3356.0,3339.0,42.83302110141619,19.68,1253581.0
2012-02-04 21:00:00,3492.0872413793104,3113.0,12441.2,3557.0,3275.0,42.83302110141619,19.68,1253581.0
2012-02-05 21:00:00,3491.096551724138,3127.0,12977.8,3358.0,2965.0,42.83302110141619,19.68,1253581.0
2012-02-06 21:00:00,3490.105862068965,3141.0,13514.4,3240.0,2915.0,42.83302110141619,19.68,1253581.0
2012-02-07 21:00:00,3489.115172413793,3155.0,14051.0,3122.0,2865.0,42.83302110141619,19.68,1253581.0
2012-02-08 21:00:00,3488.124482758621,3148.0,12983.0,2918.0,2936.0,42.83302110141619,19.68,1253581.0
2012-02-09 21:00:00,3487.1337931034486,3131.0,11384.0,2635.0,2630.0,42.83302110141619,19.68,1253581.0
2012-02-10 21:00:00,3486.143103448276,3149.5,11025.0,2352.0,2324.0,42.83302110141619,19.68,1253581.0
2012-02-11 21:00:00,3485.152413793104,3168.0,10666.0,2393.9,2367.25,42.83302110141619,19.68,1253581.0
2012-02-12 21:00:00,3484.1617241379317,3186.5,10307.0,2435.8,2410.5,42.83302110141619,19.68,1253581.0
2012-02-13 21:00:00,3483.171034482759,3205.0,9948.0,2477.7,2453.75,42.83302110141619,19.68,1253581.0
2012-02-14 21:00:00,3482.1803448275864,3197.0,9981.0,2519.6,2497.0,42.83302110141619,19.68,1253581.0
2012-02-15 21:00:00,3481.189655172414,3189.0,12111.0,2561.5,2540.25,42.83302110141619,19.68,1253581.0
2012-02-16 21:00:00,3480.198965517241,3242.0,15655.0,2603.4,2583.5,42.83302110141619,19.68,1253581.0
2012-02-17 21:00:00,3479.208275862069,3248.5,15341.25,2645.3,2626.75,42.83302110141619,19.68,1253581.0
2012-02-18 21:00:00,3478.2175862068966,3255.0,15027.5,2687.2,2670.0,42.83302110141619,19.68,1253581.0
2012-02-19 21:00:00,3477.226896551724,3261.5,14713.75,2729.1,2713.25,42.83302110141619,19.68,1253581.0
2012-02-20 21:00:00,3476.236206896552,3268.0,14400.0,2771.0,2756.5,42.83302110141619,19.68,1253581.0
2012-02-21 21:00:00,3475.2455172413797,3250.0,14317.0,2812.9,2799.75,42.83302110141619,19.68,1253581.0
2012-02-22 21:00:00,3474.2548275862077,3272.0,11475.0,2854.8,2843.0,42.83302110141619,19.68,1253581.0
2012-02-23 21:00:00,3473.264137931035,3276.0,10522.0,2896.7,2886.25,42.83302110141619,19.68,1253581.0
2012-02-24 21:00:00,3472.2734482758624,3280.75,11346.75,2938.6,2929.5,42.83302110141619,19.68,1253581.0
2012-02-25 21:00:00,3471.28275862069,3285.5,12171.5,2980.5,2972.75,42.83302110141619,19.68,1253581.0
2012-02-26 21:00:00,3470.292068965517,3290.25,12996.25,3022.4,3016.0,42.83302110141619,19.68,1253581.0
2012-02-27 21:00:00,3469.301379310345,3295.0,13821.0,3064.3,3059.25,42.83302110141619,19.68,1253581.0
2012-02-28 21:00:00,3468.3106896551726,3270.0,12395.0,3106.2,3102.5,42.83302110141619,19.68,1253581.0
2012-02-29 21:00:00,3467.32,3285.0,12332.0,3148.1,3145.75,42.83302110141619,19.68,1253581.0
2012-03-01 21:00:00,3472.8587096774195,3259.0,9463.0,3190.0,3189.0,42.83302110141619,19.68,1253581.0
2012-03-02 21:00:00,3478.397419354839,3255.25,9092.0,3312.6666666666665,3201.0,42.83302110141619,19.68,1253581.0
2012-03-03 21:00:00,3483.936129032258,3251.5,8721.0,3435.3333333333335,3213.0,42.83302110141619,19.68,1253581.0
2012-03-04 21:00:00,3489.474838709677,3247.75,8350.0,3558.0,3225.0,42.83302110141619,19.68,1253581.0
2012-03-05 21:00:00,3495.0135483870968,3244.0,7979.0,3360.0,2948.0,42.83302110141619,19.68,1253581.0
2012-03-06 21:00:00,3500.552258064516,3266.0,12857.0,3262.0,2915.0,42.83302110141619,19.68,1253581.0
2012-03-07 21:00:00,3506.0909677419354,3303.0,11374.0,3164.0,2882.0,42.83302110141619,19.68,1253581.0
2012-03-08 21:00:00,3511.629677419355,3352.0,14922.0,3077.0,2702.5,42.83302110141619,19.68,1253581.0
2012-03-09 21:00:00,3517.1683870967745,3355.25,14116.25,2990.0,2523.0,42.83302110141619,19.68,1253581.0
2012-03-10 21:00:00,3522.707096774194,3358.5,13310.5,2415.0,2434.0,42.83302110141619,19.68,1253581.0
2012-03-11 21:00:00,3528.245806451613,3361.75,12504.75,2349.5,2410.5,42.83302110141619,19.68,1253581.0
2012-03-12 21:00:00,3533.7845161290325,3365.0,11699.0,2284.0,2387.0,42.83302110141619,19.68,1253581.0
2012-03-13 21:00:00,3539.323225806452,3385.0,12358.0,2330.35,2429.75,42.83302110141619,19.68,1253581.0
2012-03-14 21:00:00,3544.861935483871,3403.0,10681.0,2376.7,2472.5,42.83302110141619,19.68,1253581.0
2012-03-15 21:00:00,3550.4006451612904,3398.0,11351.0,2423.05,2515.25,42.83302110141619,19.68,1253581.0
2012-03-16 21:00:00,3555.9393548387097,3390.0,12419.0,2469.4,2558.0,42.83302110141619,19.68,1253581.0
2012-03-17 21:00:00,3561.478064516129,3382.0,13487.0,2515.75,2600.75,42.83302110141619,19.68,1253581.0
2012-03-18 21:00:00,3567.0167741935484,3374.0,14555.0,2562.1,2643.5,42.83302110141619,19.68,1253581.0
2012-03-19 21:00:00,3572.555483870968,3366.0,15623.0,2608.45,2686.25,42.83302110141619,19.68,1253581.0
2012-03-20 21:00:00,3578.094193548387,3368.0,13156.0,2654.8,2729.0,42.83302110141619,19.68,1253581.0
2012-03-21 21:00:00,3583.6329032258063,3342.0,15677.0,2701.15,2771.75,42.83302110141619,19.68,1253581.0
2012-03-22 21:00:00,3589.1716129032257,3426.0,18915.0,2747.5,2814.5,42.83302110141619,19.68,1253581.0
2012-03-23 21:00:00,3594.710322580645,3439.75,17142.5,2793.85,2857.25,42.83302110141619,19.68,1253581.0
2012-03-24 21:00:00,3600.2490322580647,3453.5,15370.0,2840.2,2900.0,42.83302110141619,19.68,1253581.0
2012-03-25 21:00:00,3605.787741935484,3467.25,13597.5,2886.55,2942.75,42.83302110141619,19.68,1253581.0
2012-03-26 21:00:00,3611.326451612904,3481.0,11825.0,2932.9,2985.5,42.83302110141619,19.68,1253581.0
2012-03-27 21:00:00,3616.8651612903222,3473.0,11503.0,2979.25,3028.25,42.83302110141619,19.68,1253581.0
2012-03-28 21:00:00,3622.403870967742,3456.0,11141.0,3025.6,3071.0,42.83302110141619,19.68,1253581.0
2012-03-29 21:00:00,3627.942580645161,3433.0,10581.0,3071.95,3113.75,42.83302110141619,19.68,1253581.0
2012-03-30 21:00:00,3633.4812903225807,3458.0,10935.0,3118.3,3156.5,42.83302110141619,19.68,1253581.0
2012-03-31 21:00:00,3639.02,3483.0,11289.0,3164.65,3199.25,42.83302110141619,19.68,1253581.0
2012-04-01 21:00:00,3643.6276666666663,3508.0,11643.0,3211.0,3242.0,42.83302110141619,19.68,1253581.0
2012-04-02 21:00:00,3648.2353333333335,3533.0,11997.0,3342.0,3189.6666666666665,42.83302110141619,19.68,1253581.0
2012-04-03 21:00:00,3652.843,3557.0,12126.0,3473.0,3137.3333333333335,42.83302110141619,19.68,1253581.0
2012-04-04 21:00:00,3657.4506666666666,3558.0,12127.0,3604.0,3085.0,42.83302110141619,19.68,1253581.0
2012-04-05 21:00:00,3662.058333333333,3604.0,10239.0,3303.5,3048.5,42.83302110141619,19.68,1253581.0
2012-04-06 21:00:00,3666.666,3606.25,10996.5,3003.0,3012.0,42.83302110141619,19.68,1253581.0
2012-04-07 21:00:00,3671.2736666666665,3608.5,11754.0,3130.0,2858.0,42.83302110141619,19.68,1253581.0
2012-04-08 21:00:00,3675.881333333333,3610.75,12511.5,3039.0,2679.0,42.83302110141619,19.68,1253581.0
2012-04-09 21:00:00,3680.489,3613.0,13269.0,2948.0,2500.0,42.83302110141619,19.68,1253581.0
2012-04-10 21:00:00,3685.096666666667,3586.0,13616.5,2368.0,2396.0,42.83302110141619,19.68,1253581.0
2012-04-11 21:00:00,3689.704333333333,3559.0,13964.0,2331.5,2382.0,42.83302110141619,19.68,1253581.0
2012-04-12 21:00:00,3694.312,3510.0,17305.0,2295.0,2368.0,42.83302110141619,19.68,1253581.0
2012-04-13 21:00:00,3698.919666666666,3508.25,17269.5,2343.4210526315787,2415.3684210526317,42.83302110141619,19.68,1253581.0
2012-04-14 21:00:00,3703.527333333333,3506.5,17234.0,2391.842105263158,2462.7368421052633,42.83302110141619,19.68,1253581.0
2012-04-15 21:00:00,3708.135,3504.75,17198.5,2440.2631578947367,2510.1052631578946,42.83302110141619,19.68,1253581.0
2012-04-16 21:00:00,3712.7426666666665,3503.0,17163.0,2488.684210526316,2557.4736842105262,42.83302110141619,19.68,1253581.0
2012-04-17 21:00:00,3717.350333333333,3479.0,16778.0,2537.1052631578946,2604.842105263158,42.83302110141619,19.68,1253581.0
2012-04-18 21:00:00,3721.958,3477.0,20985.0,2585.5263157894738,2652.2105263157896,42.83302110141619,19.68,1253581.0
2012-04-19 21:00:00,3726.565666666667,3500.0,14961.0,2633.9473684210525,2699.5789473684213,42.83302110141619,19.68,1253581.0
2012-04-20 21:00:00,3731.173333333333,3490.75,14175.0,2682.3684210526317,2746.9473684210525,42.83302110141619,19.68,1253581.0
2012-04-21 21:00:00,3735.781,3481.5,13389.0,2730.7894736842104,2794.315789473684,42.83302110141619,19.68,1253581.0
2012-04-22 21:00:00,3740.3886666666663,3472.25,12603.0,2779.2105263157896,2841.684210526316,42.83302110141619,19.68,1253581.0
2012-04-23 21:00:00,3744.9963333333335,3463.0,11817.0,2827.6315789473683,2889.0526315789475,42.83302110141619,19.68,1253581.0
2012-04-24 21:00:00,3749.604,3511.0,14161.0,2876.0526315789475,2936.421052631579,42.83302110141619,19.68,1253581.0
2012-04-25 21:00:00,3754.2116666666666,3500.0,17887.0,2924.4736842105262,2983.7894736842104,42.83302110141619,19.68,1253581.0
2012-04-26 21:00:00,3758.819333333333,3505.0,13645.0,2972.894736842105,3031.157894736842,42.83302110141619,19.68,1253581.0
2012-04-27 21:00:00,3763.427,3494.4,14109.0,3021.315789473684,3078.5263157894738,42.83302110141619,19.68,1253581.0
2012-04-28 21:00:00,3768.0346666666665,3483.8,14573.0,3069.7368421052633,3125.8947368421054,42.83302110141619,19.68,1253581.0
2012-04-29 21:00:00,3772.642333333333,3473.2,15037.0,3118.157894736842,3173.2631578947367,42.83302110141619,19.68,1253581.0
2012-04-30 21:00:00,3777.25,3462.6,15501.0,3166.578947368421,3220.6315789473683,42.83302110141619,19.68,1253581.0
2012-05-01 21:00:00,3767.7506451612894,3452.0,15965.0,3215.0,3268.0,42.83302110141619,19.68,1253581.0
2012-05-02 21:00:00,3758.2512903225806,3377.0,18038.0,3240.5,3389.0,42.83302110141619,19.68,1253581.0
2012-05-03 21:00:00,3748.751935483871,3358.0,19458.0,3266.0,3510.0,42.83302110141619,19.68,1253581.0
2012-05-04 21:00:00,3739.252580645161,3356.25,19501.75,3575.0,3095.0,42.83302110141619,19.68,1253581.0
2012-05-05 21:00:00,3729.753225806452,3354.5,19545.5,3274.5,3080.0,42.83302110141619,19.68,1253581.0
2012-05-06 21:00:00,3720.253870967742,3352.75,19589.25,2974.0,3065.0,42.83302110141619,19.68,1253581.0
2012-05-07 21:00:00,3710.754516129032,3351.0,19633.0,3153.0,2862.0,42.83302110141619,19.68,1253581.0
2012-05-08 21:00:00,3701.2551612903226,3335.0,13716.0,3040.0,2664.0,42.83302110141619,19.68,1253581.0
2012-05-09 21:00:00,3691.755806451613,3349.0,16349.0,2927.0,2466.0,42.83302110141619,19.68,1253581.0
2012-05-10 21:00:00,3682.256451612903,3275.0,18831.0,2662.0,2370.5,42.83302110141619,19.68,1253581.0
2012-05-11 21:00:00,3672.7570967741935,3262.5,19057.5,2397.0,2275.0,42.83302110141619,19.68,1253581.0
2012-05-12 21:00:00,3663.257741935484,3250.0,19284.0,2297.0,2398.0,42.83302110141619,19.68,1253581.0
2012-05-13 21:00:00,3653.758387096774,3237.5,19510.5,2342.7272727272725,2448.2272727272725,42.83302110141619,19.68,1253581.0
2012-05-14 21:00:00,3644.259032258065,3225.0,19737.0,2388.4545454545455,2498.4545454545455,42.83302110141619,19.68,1253581.0
2012-05-15 21:00:00,3634.759677419355,3085.0,35160.0,2434.181818181818,2548.681818181818,42.83302110141619,19.68,1253581.0
2012-05-16 21:00:00,3625.260322580645,3095.0,18537.0,2479.909090909091,2598.909090909091,42.83302110141619,19.68,1253581.0
2012-05-17 21:00:00,3615.760967741936,3096.0,23971.0,2525.6363636363635,2649.1363636363635,42.83302110141619,19.68,1253581.0
2012-05-18 21:00:00,3606.261612903226,3099.5,22279.75,2571.3636363636365,2699.3636363636365,42.83302110141619,19.68,1253581.0
2012-05-19 21:00:00,3596.762258064516,3103.0,20588.5,2617.090909090909,2749.590909090909,42.83302110141619,19.68,1253581.0
2012-05-20 21:00:00,3587.2629032258064,3106.5,18897.25,2662.818181818182,2799.818181818182,42.83302110141619,19.68,1253581.0
2012-05-21 21:00:00,3577.7635483870968,3110.0,17206.0,2708.5454545454545,2850.0454545454545,42.83302110141619,19.68,1253581.0
2012-05-22 21:00:00,3568.264193548387,3019.0,29997.0,2754.272727272727,2900.272727272727,42.83302110141619,19.68,1253581.0
2012-05-23 21:00:00,3558.7648387096774,3069.0,24186.0,2800.0,2950.5,42.83302110141619,19.68,1253581.0
2012-05-24 21:00:00,3549.265483870968,3130.0,21931.0,2845.727272727273,3000.727272727273,42.83302110141619,19.68,1253581.0
2012-05-25 21:00:00,3539.766129032258,3142.0,20370.5,2891.4545454545455,3050.9545454545455,42.83302110141619,19.68,1253581.0
2012-05-26 21:00:00,3530.2667741935484,3154.0,18810.0,2937.181818181818,3101.181818181818,42.83302110141619,19.68,1253581.0
2012-05-27 21:00:00,3520.7674193548387,3166.0,17249.5,2982.909090909091,3151.409090909091,42.83302110141619,19.68,1253581.0
2012-05-28 21:00:00,3511.268064516129,3178.0,15689.0,3028.6363636363635,3201.6363636363635,42.83302110141619,19.68,1253581.0
2012-05-29 21:00:00,3501.76870967742,3111.0,17601.0,3074.3636363636365,3251.8636363636365,42.83302110141619,19.68,1253581.0
2012-05-30 21:00:00,3492.2693548387097,3101.0,15104.0,3120.090909090909,3302.090909090909,42.83302110141619,19.68,1253581.0
2012-05-31 21:00:00,3482.77,3006.0,18957.0,3165.818181818182,3352.318181818182,42.83302110141619,19.68,1253581.0
2012-06-01 21:00:00,3475.5826666666667,2996.0,19201.5,3211.5454545454545,3402.5454545454545,42.83302110141619,19.68,1253581.0
2012-06-02 21:00:00,3468.3953333333334,2986.0,19446.0,3257.272727272727,3452.772727272727,42.83302110141619,19.68,1253581.0
2012-06-03 21:00:00,3461.208,2976.0,19690.5,3303.0,3503.0,42.83302110141619,19.68,1253581.0
2012-06-04 21:00:00,3454.020666666667,2966.0,19935.0,3193.0,3356.0,42.83302110141619,19.68,1253581.0
2012-06-05 21:00:00,3446.833333333333,3003.0,14634.0,3083.0,3209.0,42.83302110141619,19.68,1253581.0
2012-06-06 21:00:00,3439.646,2974.0,22967.0,2973.0,3062.0,42.83302110141619,19.68,1253581.0
2012-06-07 21:00:00,3432.458666666667,2973.0,19887.0,2918.0,2961.5,42.83302110141619,19.68,1253581.0
2012-06-08 21:00:00,3425.271333333333,2971.0,18680.5,2863.0,2861.0,42.83302110141619,19.68,1253581.0
2012-06-09 21:00:00,3418.084,2969.0,17474.0,2937.0,2471.0,42.83302110141619,19.68,1253581.0
2012-06-10 21:00:00,3410.8966666666665,2967.0,16267.5,2636.5,2406.5,42.83302110141619,19.68,1253581.0
2012-06-11 21:00:00,3403.709333333333,2965.0,15061.0,2336.0,2342.0,42.83302110141619,19.68,1253581.0
2012-06-12 21:00:00,3396.522,2948.0,12074.0,2313.0,2430.0,42.83302110141619,19.68,1253581.0
2012-06-13 21:00:00,3389.334666666666,2846.0,20079.0,2354.75,2478.4,42.83302110141619,19.68,1253581.0
2012-06-14 21:00:00,3382.1473333333333,2848.0,12194.0,2396.5,2526.8,42.83302110141619,19.68,1253581.0
2012-06-15 21:00:00,3374.96,2873.0,14732.0,2438.25,2575.2,42.83302110141619,19.68,1253581.0
2012-06-16 21:00:00,3367.7726666666667,2898.0,17270.0,2480.0,2623.6,42.83302110141619,19.68,1253581.0
2012-06-17 21:00:00,3360.585333333333,2923.0,19808.0,2521.75,2672.0,42.83302110141619,19.68,1253581.0
2012-06-18 21:00:00,3353.398,2948.0,22346.0,2563.5,2720.4,42.83302110141619,19.68,1253581.0
2012-06-19 21:00:00,3346.210666666667,3041.0,30644.0,2605.25,2768.8,42.83302110141619,19.68,1253581.0
2012-06-20 21:00:00,3339.023333333333,3000.0,23751.0,2647.0,2817.2,42.83302110141619,19.68,1253581.0
2012-06-21 21:00:00,3331.836,2953.0,16963.0,2688.75,2865.6,42.83302110141619,19.68,1253581.0
2012-06-22 21:00:00,3324.648666666667,2972.75,15698.25,2730.5,2914.0,42.83302110141619,19.68,1253581.0
2012-06-23 21:00:00,3317.4613333333336,2992.5,14433.5,2772.25,2962.4,42.83302110141619,19.68,1253581.0
2012-06-24 21:00:00,3310.274,3012.25,13168.75,2814.0,3010.8,42.83302110141619,19.68,1253581.0
2012-06-25 21:00:00,3303.0866666666666,3032.0,11904.0,2855.75,3059.2,42.83302110141619,19.68,1253581.0
2012-06-26 21:00:00,3295.8993333333333,3016.0,10138.0,2897.5,3107.6,42.83302110141619,19.68,1253581.0
2012-06-27 21:00:00,3288.712,2998.0,14219.0,2939.25,3156.0,42.83302110141619,19.68,1253581.0
2012-06-28 21:00:00,3281.5246666666667,3020.0,16425.0,2981.0,3204.4,42.83302110141619,19.68,1253581.0
2012-06-29 21:00:00,3274.3373333333334,3046.0,17560.5,3022.75,3252.8,42.83302110141619,19.68,1253581.0
2012-06-30 21:00:00,3267.15,3072.0,18696.0,3064.5,3301.2,42.83302110141619,19.68,1253581.0
2012-07-01 21:00:00,3269.3883870967743,3098.0,19831.5,3106.25,3349.6,42.83302110141619,19.68,1253581.0
2012-07-02 21:00:00,3271.6267741935485,3124.0,20967.0,3148.0,3398.0,42.83302110141619,19.68,1253581.0
2012-07-03 21:00:00,3273.8651612903227,3122.0,17296.0,3352.0,3479.0,42.83302110141619,19.68,1253581.0
2012-07-04 21:00:00,3276.103548387097,3164.0,23573.0,3343.5,3162.5,42.83302110141619,19.68,1253581.0
2012-07-05 21:00:00,3278.341935483871,3130.0,16011.0,3335.0,2846.0,42.83302110141619,19.68,1253581.0
2012-07-06 21:00:00,3280.5803225806453,3130.0,16056.75,2989.0,2993.0,42.83302110141619,19.68,1253581.0
2012-07-07 21:00:00,3282.8187096774195,3130.0,16102.5,2927.0,2926.0,42.83302110141619,19.68,1253581.0
2012-07-08 21:00:00,3285.0570967741937,3130.0,16148.25,2865.0,2859.0,42.83302110141619,19.68,1253581.0
2012-07-09 21:00:00,3287.295483870968,3130.0,16194.0,2682.0,2683.0,42.83302110141619,19.68,1253581.0
2012-07-10 21:00:00,3289.533870967742,3082.0,18974.0,2499.0,2507.0,42.83302110141619,19.68,1253581.0
2012-07-11 21:00:00,3291.7722580645163,3012.0,29854.0,2316.0,2331.0,42.83302110141619,19.68,1253581.0
2012-07-12 21:00:00,3294.0106451612905,3065.0,19692.0,2353.0454545454545,2378.0454545454545,42.83302110141619,19.68,1253581.0
2012-07-13 21:00:00,3296.2490322580647,3064.25,18547.75,2390.090909090909,2425.090909090909,42.83302110141619,19.68,1253581.0
2012-07-14 21:00:00,3298.487419354839,3063.5,17403.5,2427.1363636363635,2472.1363636363635,42.83302110141619,19.68,1253581.0
2012-07-15 21:00:00,3300.725806451613,3062.75,16259.25,2464.181818181818,2519.181818181818,42.83302110141619,19.68,1253581.0
2012-07-16 21:00:00,3302.964193548387,3062.0,15115.0,2501.227272727273,2566.227272727273,42.83302110141619,19.68,1253581.0
2012-07-17 21:00:00,3305.202580645161,2993.0,24933.0,2538.2727272727275,2613.272727272727,42.83302110141619,19.68,1253581.0
2012-07-18 21:00:00,3307.4409677419358,3045.0,19407.0,2575.318181818182,2660.318181818182,42.83302110141619,19.68,1253581.0
2012-07-19 21:00:00,3309.679354838709,3042.0,15569.0,2612.3636363636365,2707.3636363636365,42.83302110141619,19.68,1253581.0
2012-07-20 21:00:00,3311.917741935484,3013.0,17704.25,2649.409090909091,2754.409090909091,42.83302110141619,19.68,1253581.0
2012-07-21 21:00:00,3314.156129032258,2984.0,19839.5,2686.4545454545455,2801.4545454545455,42.83302110141619,19.68,1253581.0
2012-07-22 21:00:00,3316.394516129032,2955.0,21974.75,2723.5,2848.5,42.83302110141619,19.68,1253581.0
2012-07-23 21:00:00,3318.6329032258063,2926.0,24110.0,2760.5454545454545,2895.5454545454545,42.83302110141619,19.68,1253581.0
2012-07-24 21:00:00,3320.8712903225805,2951.0,25376.0,2797.590909090909,2942.590909090909,42.83302110141619,19.68,1253581.0
2012-07-25 21:00:00,3323.1096774193547,2882.0,16128.0,2834.6363636363635,2989.6363636363635,42.83302110141619,19.68,1253581.0
2012-07-26 21:00:00,3325.348064516129,2927.0,18672.0,2871.681818181818,3036.681818181818,42.83302110141619,19.68,1253581.0
2012-07-27 21:00:00,3327.586451612903,2940.25,18498.0,2908.727272727273,3083.727272727273,42.83302110141619,19.68,1253581.0
2012-07-28 21:00:00,3329.8248387096774,2953.5,18324.0,2945.772727272727,3130.772727272727,42.83302110141619,19.68,1253581.0
2012-07-29 21:00:00,3332.063225806452,2966.75,18150.0,2982.818181818182,3177.818181818182,42.83302110141619,19.68,1253581.0
2012-07-30 21:00:00,3334.3016129032258,2980.0,17976.0,3019.8636363636365,3224.8636363636365,42.83302110141619,19.68,1253581.0
2012-07-31 21:00:00,3336.54,2945.0,16613.0,3056.909090909091,3271.909090909091,42.83302110141619,19.68,1253581.0
2012-08-01 21:00:00,3331.713870967742,2946.0,15583.0,3093.9545454545455,3318.9545454545455,42.83302110141619,19.68,1253581.0
2012-08-02 21:00:00,3326.887741935484,2918.0,11349.0,3131.0,3366.0,42.83302110141619,19.68,1253581.0
2012-08-03 21:00:00,3322.061612903226,2915.25,12012.25,3317.0,3477.0,42.83302110141619,19.68,1253581.0
2012-08-04 21:00:00,3317.2354838709675,2912.5,12675.5,3333.0,3162.5,42.83302110141619,19.68,1253581.0
2012-08-05 21:00:00,3312.409354838709,2909.75,13338.75,3349.0,2848.0,42.83302110141619,19.68,1253581.0
2012-08-06 21:00:00,3307.5832258064515,2907.0,14002.0,3193.3333333333335,2838.6666666666665,42.83302110141619,19.68,1253581.0
2012-08-07 21:00:00,3302.757096774193,2863.0,15773.0,3037.6666666666665,2829.3333333333335,42.83302110141619,19.68,1253581.0
2012-08-08 21:00:00,3297.9309677419355,2865.0,14220.0,2882.0,2820.0,42.83302110141619,19.68,1253581.0
2012-08-09 21:00:00,3293.1048387096776,2882.0,15963.0,2669.5,2638.5,42.83302110141619,19.68,1253581.0
2012-08-10 21:00:00,3288.278709677419,2876.0,15809.0,2457.0,2457.0,42.83302110141619,19.68,1253581.0
2012-08-11 21:00:00,3283.452580645161,2870.0,15655.0,2324.0,2321.0,42.83302110141619,19.68,1253581.0
2012-08-12 21:00:00,3278.626451612903,2864.0,15501.0,2367.285714285714,2365.2380952380954,42.83302110141619,19.68,1253581.0
2012-08-13 21:00:00,3273.800322580645,2858.0,15347.0,2410.5714285714284,2409.4761904761904,42.83302110141619,19.68,1253581.0
2012-08-14 21:00:00,3268.974193548387,2862.0,14568.0,2453.8571428571427,2453.714285714286,42.83302110141619,19.68,1253581.0
2012-08-15 21:00:00,3264.148064516129,2942.0,15731.0,2497.1428571428573,2497.9523809523807,42.83302110141619,19.68,1253581.0
2012-08-16 21:00:00,3259.3219354838707,2962.0,18803.0,2540.4285714285716,2542.190476190476,42.83302110141619,19.68,1253581.0
2012-08-17 21:00:00,3254.4958064516127,2985.2,20074.2,2583.714285714286,2586.4285714285716,42.83302110141619,19.68,1253581.0
2012-08-18 21:00:00,3249.6696774193547,3008.4,21345.4,2627.0,2630.6666666666665,42.83302110141619,19.68,1253581.0
2012-08-19 21:00:00,3244.8435483870967,3031.6,22616.6,2670.285714285714,2674.904761904762,42.83302110141619,19.68,1253581.0
2012-08-20 21:00:00,3240.0174193548387,3054.8,23887.8,2713.5714285714284,2719.1428571428573,42.83302110141619,19.68,1253581.0
2012-08-21 21:00:00,3235.1912903225807,3078.0,25159.0,2756.8571428571427,2763.3809523809523,42.83302110141619,19.68,1253581.0
2012-08-22 21:00:00,3230.3651612903222,3061.0,20426.0,2800.142857142857,2807.6190476190477,42.83302110141619,19.68,1253581.0
2012-08-23 21:00:00,3225.5390322580643,3069.0,17449.0,2843.4285714285716,2851.857142857143,42.83302110141619,19.68,1253581.0
2012-08-24 21:00:00,3220.7129032258063,3059.0,17032.25,2886.714285714286,2896.095238095238,42.83302110141619,19.68,1253581.0
2012-08-25 21:00:00,3215.8867741935483,3049.0,16615.5,2930.0,2940.3333333333335,42.83302110141619,19.68,1253581.0
2012-08-26 21:00:00,3211.0606451612903,3039.0,16198.75,2973.285714285714,2984.5714285714284,42.83302110141619,19.68,1253581.0
2012-08-27 21:00:00,3206.2345161290323,3029.0,15782.0,3016.5714285714284,3028.809523809524,42.83302110141619,19.68,1253581.0
2012-08-28 21:00:00,3201.4083870967743,3000.0,24078.0,3059.857142857143,3073.0476190476193,42.83302110141619,19.68,1253581.0
2012-08-29 21:00:00,3196.582258064516,3019.0,21501.0,3103.142857142857,3117.285714285714,42.83302110141619,19.68,1253581.0
2012-08-30 21:00:00,3191.756129032258,3026.8,21762.0,3146.4285714285716,3161.5238095238096,42.83302110141619,19.68,1253581.0
2012-08-31 21:00:00,3186.93,3034.6,22023.0,3189.714285714286,3205.7619047619046,42.83302110141619,19.68,1253581.0
2012-09-01 21:00:00,3183.5296666666663,3042.4,22284.0,3233.0,3250.0,42.83302110141619,19.68,1253581.0
2012-09-02 21:00:00,3180.1293333333333,3050.2,22545.0,3168.0,3368.0,42.83302110141619,19.68,1253581.0
2012-09-03 21:00:00,3176.729,3058.0,22806.0,3363.5,3232.0,42.83302110141619,19.68,1253581.0
2012-09-04 21:00:00,3173.3286666666663,2990.0,16927.0,3559.0,3096.0,42.83302110141619,19.68,1253581.0
2012-09-05 21:00:00,3169.9283333333333,2948.0,23956.0,3275.0,2948.0,42.83302110141619,19.68,1253581.0
2012-09-06 21:00:00,3166.528,2927.0,21333.0,3178.5,2945.0,42.83302110141619,19.68,1253581.0
2012-09-07 21:00:00,3163.1276666666668,2925.0,21947.0,3082.0,2942.0,42.83302110141619,19.68,1253581.0
2012-09-08 21:00:00,3159.7273333333333,2923.0,22561.0,2871.0,2763.0,42.83302110141619,19.68,1253581.0
2012-09-09 21:00:00,3156.327,2921.0,23175.0,2697.0,2603.0,42.83302110141619,19.68,1253581.0
2012-09-10 21:00:00,3152.9266666666667,2919.0,23789.0,2523.0,2443.0,42.83302110141619,19.68,1253581.0
2012-09-11 21:00:00,3149.526333333333,2930.0,23968.0,2555.3333333333335,2482.4761904761904,42.83302110141619,19.68,1253581.0
2012-09-12 21:00:00,3146.126,2912.0,16201.0,2587.6666666666665,2521.9523809523807,42.83302110141619,19.68,1253581.0
2012-09-13 21:00:00,3142.7256666666667,2936.0,14938.0,2620.0,2561.4285714285716,42.83302110141619,19.68,1253581.0
2012-09-14 21:00:00,3139.325333333333,2917.25,18449.0,2652.3333333333335,2600.904761904762,42.83302110141619,19.68,1253581.0
2012-09-15 21:00:00,3135.925,2898.5,21960.0,2684.6666666666665,2640.3809523809523,42.83302110141619,19.68,1253581.0
2012-09-16 21:00:00,3132.5246666666667,2879.75,25471.0,2717.0,2679.8571428571427,42.83302110141619,19.68,1253581.0
2012-09-17 21:00:00,3129.124333333333,2861.0,28982.0,2749.3333333333335,2719.3333333333335,42.83302110141619,19.68,1253581.0
2012-09-18 21:00:00,3125.724,2859.0,23634.0,2781.6666666666665,2758.809523809524,42.83302110141619,19.68,1253581.0
2012-09-19 21:00:00,3122.3236666666667,2820.0,25650.0,2814.0,2798.285714285714,42.83302110141619,19.68,1253581.0
2012-09-20 21:00:00,3118.923333333333,2763.0,26427.0,2846.3333333333335,2837.7619047619046,42.83302110141619,19.68,1253581.0
2012-09-21 21:00:00,3115.523,2739.5,25170.0,2878.6666666666665,2877.2380952380954,42.83302110141619,19.68,1253581.0
2012-09-22 21:00:00,3112.122666666666,2716.0,23913.0,2911.0,2916.714285714286,42.83302110141619,19.68,1253581.0
2012-09-23 21:00:00,3108.722333333333,2692.5,22656.0,2943.3333333333335,2956.190476190476,42.83302110141619,19.68,1253581.0
2012-09-24 21:00:00,3105.322,2669.0,21399.0,2975.6666666666665,2995.6666666666665,42.83302110141619,19.68,1253581.0
2012-09-25 21:00:00,3101.9216666666666,2616.0,16758.0,3008.0,3035.142857142857,42.83302110141619,19.68,1253581.0
2012-09-26 21:00:00,3098.5213333333336,2607.0,20418.0,3040.3333333333335,3074.6190476190477,42.83302110141619,19.68,1253581.0
2012-09-27 21:00:00,3095.121,2546.0,19221.0,3072.666666666667,3114.095238095238,42.83302110141619,19.68,1253581.0
2012-09-28 21:00:00,3091.7206666666666,2473.25,21601.5,3105.0,3153.5714285714284,42.83302110141619,19.68,1253581.0
2012-09-29 21:00:00,3088.3203333333336,2400.5,23982.0,3137.3333333333335,3193.0476190476193,42.83302110141619,19.68,1253581.0
2012-09-30 21:00:00,3084.92,2327.75,26362.5,3169.666666666667,3232.5238095238096,42.83302110141619,19.68,1253581.0
2012-10-01 21:00:00,3072.796451612903,2255.0,28743.0,3202.0,3272.0,42.83302110141619,19.68,1253581.0
2012-10-02 21:00:00,3060.6729032258067,2351.0,26397.0,3189.0,3214.25,42.83302110141619,19.68,1253581.0
2012-10-03 21:00:00,3048.54935483871,2352.0,19851.0,3176.0,3156.5,42.83302110141619,19.68,1253581.0
2012-10-04 21:00:00,3036.425806451613,2415.0,24612.0,3163.0,3098.75,42.83302110141619,19.68,1253581.0
2012-10-05 21:00:00,3024.302258064516,2420.75,23074.5,3150.0,3041.0,42.83302110141619,19.68,1253581.0
2012-10-06 21:00:00,3012.17870967742,2426.5,21537.0,3081.0,3001.5,42.83302110141619,19.68,1253581.0
2012-10-07 21:00:00,3000.0551612903228,2432.25,19999.5,3012.0,2962.0,42.83302110141619,19.68,1253581.0
2012-10-08 21:00:00,2987.931612903226,2438.0,18462.0,2971.0,2729.0,42.83302110141619,19.68,1253581.0
2012-10-09 21:00:00,2975.808064516129,2457.0,25435.0,2930.0,2496.0,42.83302110141619,19.68,1253581.0
2012-10-10 21:00:00,2963.6845161290325,2523.0,22481.0,2500.0,2411.0,42.83302110141619,19.68,1253581.0
2012-10-11 21:00:00,2951.560967741936,2500.0,23562.0,2370.5,2395.0,42.83302110141619,19.68,1253581.0
2012-10-12 21:00:00,2939.4374193548388,2491.5,22355.25,2241.0,2379.0,42.83302110141619,19.68,1253581.0
2012-10-13 21:00:00,2927.313870967742,2483.0,21148.5,2286.5,2423.85,42.83302110141619,19.68,1253581.0
2012-10-14 21:00:00,2915.190322580645,2474.5,19941.75,2332.0,2468.7,42.83302110141619,19.68,1253581.0
2012-10-15 21:00:00,2903.066774193549,2466.0,18735.0,2377.5,2513.55,42.83302110141619,19.68,1253581.0
2012-10-16 21:00:00,2890.943225806452,2471.0,20423.0,2423.0,2558.4,42.83302110141619,19.68,1253581.0
2012-10-17 21:00:00,2878.819677419355,2496.0,16323.0,2468.5,2603.25,42.83302110141619,19.68,1253581.0
2012-10-18 21:00:00,2866.6961290322583,2501.0,16347.0,2514.0,2648.1,42.83302110141619,19.68,1253581.0
2012-10-19 21:00:00,2854.572580645161,2510.75,17160.5,2559.5,2692.95,42.83302110141619,19.68,1253581.0
2012-10-20 21:00:00,2842.449032258065,2520.5,17974.0,2605.0,2737.8,42.83302110141619,19.68,1253581.0
2012-10-21 21:00:00,2830.325483870968,2530.25,18787.5,2650.5,2782.65,42.83302110141619,19.68,1253581.0
2012-10-22 21:00:00,2818.2019354838712,2540.0,19601.0,2696.0,2827.5,42.83302110141619,19.68,1253581.0
2012-10-23 21:00:00,2806.0783870967743,2578.0,13027.0,2741.5,2872.35,42.83302110141619,19.68,1253581.0
2012-10-24 21:00:00,2793.954838709677,2603.0,21721.0,2787.0,2917.2,42.83302110141619,19.68,1253581.0
2012-10-25 21:00:00,2781.831290322581,2582.6,21616.6,2832.5,2962.05,42.83302110141619,19.68,1253581.0
2012-10-26 21:00:00,2769.707741935484,2562.2,21512.2,2878.0,3006.9,42.83302110141619,19.68,1253581.0
2012-10-27 21:00:00,2757.5841935483872,2541.8,21407.8,2923.5,3051.75,42.83302110141619,19.68,1253581.0
2012-10-28 21:00:00,2745.4606451612904,2521.4,21303.4,2969.0,3096.6,42.83302110141619,19.68,1253581.0
2012-10-29 21:00:00,2733.337096774194,2501.0,21199.0,3014.5,3141.45,42.83302110141619,19.68,1253581.0
2012-10-30 21:00:00,2721.213548387097,2496.0,15877.0,3060.0,3186.3,42.83302110141619,19.68,1253581.0
2012-10-31 21:00:00,2709.09,2537.0,17740.0,3105.5,3231.15,42.83302110141619,19.68,1253581.0
2012-11-01 21:00:00,2706.8050000000003,2496.0,14281.0,3151.0,3276.0,42.83302110141619,19.68,1253581.0
2012-11-02 21:00:00,2704.52,2465.0,15175.75,3270.6666666666665,3220.6666666666665,42.83302110141619,19.68,1253581.0
2012-11-03 21:00:00,2702.235,2434.0,16070.5,3390.3333333333335,3165.3333333333335,42.83302110141619,19.68,1253581.0
2012-11-04 21:00:00,2699.9500000000003,2403.0,16965.25,3510.0,3110.0,42.83302110141619,19.68,1253581.0
2012-11-05 21:00:00,2697.665,2372.0,17860.0,3229.0,3077.5,42.83302110141619,19.68,1253581.0
2012-11-06 21:00:00,2695.38,2397.0,21266.0,2948.0,3045.0,42.83302110141619,19.68,1253581.0
2012-11-07 21:00:00,2693.0950000000003,2336.0,17791.0,3065.0,3078.0,42.83302110141619,19.68,1253581.0
2012-11-08 21:00:00,2690.81,2316.0,16350.0,2988.5,2789.5,42.83302110141619,19.68,1253581.0
2012-11-09 21:00:00,2688.525,2339.6,16555.0,2912.0,2501.0,42.83302110141619,19.68,1253581.0
2012-11-10 21:00:00,2686.24,2363.2,16760.0,2433.0,2395.0,42.83302110141619,19.68,1253581.0
2012-11-11 21:00:00,2683.955,2386.8,16965.0,2331.5,2397.5,42.83302110141619,19.68,1253581.0
2012-11-12 21:00:00,2681.67,2410.4,17170.0,2230.0,2400.0,42.83302110141619,19.68,1253581.0
2012-11-13 21:00:00,2679.385,2434.0,17375.0,2277.157894736842,2447.1052631578946,42.83302110141619,19.68,1253581.0
2012-11-14 21:00:00,2677.1,2415.0,11992.5,2324.315789473684,2494.2105263157896,42.83302110141619,19.68,1253581.0
2012-11-15 21:00:00,2674.815,2396.0,6610.0,2371.4736842105262,2541.315789473684,42.83302110141619,19.68,1253581.0
2012-11-16 21:00:00,2672.53,2411.25,8957.5,2418.6315789473683,2588.421052631579,42.83302110141619,19.68,1253581.0
2012-11-17 21:00:00,2670.245,2426.5,11305.0,2465.7894736842104,2635.5263157894738,42.83302110141619,19.68,1253581.0
2012-11-18 21:00:00,2667.96,2441.75,13652.5,2512.9473684210525,2682.6315789473683,42.83302110141619,19.68,1253581.0
2012-11-19 21:00:00,2665.675,2457.0,16000.0,2560.1052631578946,2729.7368421052633,42.83302110141619,19.68,1253581.0
2012-11-20 21:00:00,2663.39,2443.0,14038.0,2607.2631578947367,2776.842105263158,42.83302110141619,19.68,1253581.0
2012-11-21 21:00:00,2661.105,2411.0,16451.0,2654.4210526315787,2823.9473684210525,42.83302110141619,19.68,1253581.0
2012-11-22 21:00:00,2658.82,2395.0,19260.0,2701.578947368421,2871.0526315789475,42.83302110141619,19.68,1253581.0
2012-11-23 21:00:00,2656.535,2398.75,18424.75,2748.7368421052633,2918.157894736842,42.83302110141619,19.68,1253581.0
2012-11-24 21:00:00,2654.25,2402.5,17589.5,2795.894736842105,2965.2631578947367,42.83302110141619,19.68,1253581.0
2012-11-25 21:00:00,2651.965,2406.25,16754.25,2843.0526315789475,3012.3684210526317,42.83302110141619,19.68,1253581.0
2012-11-26 21:00:00,2649.68,2410.0,15919.0,2890.2105263157896,3059.4736842105262,42.83302110141619,19.68,1253581.0
2012-11-27 21:00:00,2647.395,2394.0,14337.0,2937.3684210526317,3106.578947368421,42.83302110141619,19.68,1253581.0
2012-11-28 21:00:00,2645.11,2386.0,13587.0,2984.5263157894738,3153.684210526316,42.83302110141619,19.68,1253581.0
2012-11-29 21:00:00,2642.825,2370.0,10556.0,3031.684210526316,3200.789473684211,42.83302110141619,19.68,1253581.0
2012-11-30 21:00:00,2640.54,2351.0,12261.0,3078.842105263158,3247.8947368421054,42.83302110141619,19.68,1253581.0
2012-12-01 21:00:00,2638.500322580645,2332.0,13966.0,3126.0,3295.0,42.83302110141619,19.68,1253581.0
2012-12-02 21:00:00,2636.4606451612904,2313.0,15671.0,3255.5,3397.5,42.83302110141619,19.68,1253581.0
2012-12-03 21:00:00,2634.420967741936,2294.0,17376.0,3385.0,3500.0,42.83302110141619,19.68,1253581.0
2012-12-04 21:00:00,2632.3812903225808,2284.0,13458.0,3487.0,3019.0,42.83302110141619,19.68,1253581.0
2012-12-05 21:00:00,2630.3416129032257,2295.0,19416.0,3166.5,3030.5,42.83302110141619,19.68,1253581.0
2012-12-06 21:00:00,2628.301935483871,2297.0,17730.0,2846.0,3042.0,42.83302110141619,19.68,1253581.0
2012-12-07 21:00:00,2626.262258064516,2295.5,16459.25,3122.0,3061.0,42.83302110141619,19.68,1253581.0
2012-12-08 21:00:00,2624.222580645161,2294.0,15188.5,3029.0,2800.5,42.83302110141619,19.68,1253581.0
2012-12-09 21:00:00,2622.1829032258065,2292.5,13917.75,2936.0,2540.0,42.83302110141619,19.68,1253581.0
2012-12-10 21:00:00,2620.1432258064515,2291.0,12647.0,2715.6666666666665,2515.0,42.83302110141619,19.68,1253581.0
2012-12-11 21:00:00,2618.103548387097,2241.0,14271.0,2495.3333333333335,2490.0,42.83302110141619,19.68,1253581.0
2012-12-12 21:00:00,2616.063870967742,2230.0,12125.0,2275.0,2465.0,42.83302110141619,19.68,1253581.0
2012-12-13 21:00:00,2614.024193548387,2275.0,14355.0,2284.95,2466.5,42.83302110141619,19.68,1253581.0
2012-12-14 21:00:00,2611.9845161290323,2291.75,13489.25,2294.9,2468.0,42.83302110141619,19.68,1253581.0
2012-12-15 21:00:00,2609.944838709677,2308.5,12623.5,2304.85,2469.5,42.83302110141619,19.68,1253581.0
2012-12-16 21:00:00,2607.9051612903227,2325.25,11757.75,2314.8,2471.0,42.83302110141619,19.68,1253581.0
2012-12-17 21:00:00,2605.865483870968,2342.0,10892.0,2324.75,2472.5,42.83302110141619,19.68,1253581.0
2012-12-18 21:00:00,2603.825806451613,2331.0,10466.0,2334.7,2474.0,42.83302110141619,19.68,1253581.0
2012-12-19 21:00:00,2601.786129032258,2321.0,14670.0,2344.65,2475.5,42.83302110141619,19.68,1253581.0
2012-12-20 21:00:00,2599.746451612903,2408.0,16266.0,2354.6,2477.0,42.83302110141619,19.68,1253581.0
2012-12-21 21:00:00,2597.7067741935484,2412.4,14397.6,2364.55,2478.5,42.83302110141619,19.68,1253581.0
2012-12-22 21:00:00,2595.6670967741934,2416.8,12529.2,2374.5,2480.0,42.83302110141619,19.68,1253581.0
2012-12-23 21:00:00,2593.627419354839,2421.2,10660.8,2384.45,2481.5,42.83302110141619,19.68,1253581.0
2012-12-24 21:00:00,2591.587741935484,2425.6,8792.4,2394.4,2483.0,42.83302110141619,19.68,1253581.0
2012-12-25 21:00:00,2589.5480645161288,2430.0,6924.0,2404.35,2484.5,42.83302110141619,19.68,1253581.0
2012-12-26 21:00:00,2587.508387096774,2481.0,16605.0,2414.3,2486.0,42.83302110141619,19.68,1253581.0
2012-12-27 21:00:00,2585.468709677419,2497.0,14703.0,2424.25,2487.5,42.83302110141619,19.68,1253581.0
2012-12-28 21:00:00,2583.4290322580646,2497.8,15454.6,2434.2,2489.0,42.83302110141619,19.68,1253581.0
2012-12-29 21:00:00,2581.3893548387096,2498.6,16206.2,2444.15,2490.5,42.83302110141619,19.68,1253581.0
2012-12-30 21:00:00,2579.349677419355,2499.4,16957.8,2454.1,2492.0,42.83302110141619,19.68,1253581.0
2012-12-31 21:00:00,2577.31,2500.2,17709.4,2464.05,2493.5,42.83302110141619,19.68,1253581.0
2013-01-01 21:00:00,2580.9074193548386,2501.0,18461.0,2474.0,2495.0,42.83302110141619,19.68,1253581.0
2013-01-02 21:00:00,2584.504838709677,2474.0,20208.0,2448.0,2436.3333333333335,42.83302110141619,19.68,1253581.0
2013-01-03 21:00:00,2588.1022580645163,2467.0,15222.0,2422.0,2377.6666666666665,42.83302110141619,19.68,1253581.0
2013-01-04 21:00:00,2591.699677419355,2447.75,16058.25,2396.0,2319.0,42.83302110141619,19.68,1253581.0
2013-01-05 21:00:00,2595.297096774193,2428.5,16894.5,2252.0,2451.0,42.83302110141619,19.68,1253581.0
2013-01-06 21:00:00,2598.894516129032,2409.25,17730.75,2308.5,2374.0,42.83302110141619,19.68,1253581.0
2013-01-07 21:00:00,2602.4919354838707,2390.0,18567.0,2365.0,2297.0,42.83302110141619,19.68,1253581.0
2013-01-08 21:00:00,2606.08935483871,2412.0,17809.0,2240.0,2348.0,42.83302110141619,19.68,1253581.0
2013-01-09 21:00:00,2609.6867741935484,2387.0,23888.0,2271.0,2428.0,42.83302110141619,19.68,1253581.0
2013-01-10 21:00:00,2613.284193548387,2368.0,20542.0,2302.0,2508.0,42.83302110141619,19.68,1253581.0
2013-01-11 21:00:00,2616.8816129032257,2375.5,19188.75,2309.5,2506.8636363636365,42.83302110141619,19.68,1253581.0
2013-01-12 21:00:00,2620.4790322580643,2383.0,17835.5,2317.0,2505.7272727272725,42.83302110141619,19.68,1253581.0
2013-01-13 21:00:00,2624.0764516129034,2390.5,16482.25,2324.5,2504.590909090909,42.83302110141619,19.68,1253581.0
2013-01-14 21:00:00,2627.673870967742,2398.0,15129.0,2332.0,2503.4545454545455,42.83302110141619,19.68,1253581.0
2013-01-15 21:00:00,2631.2712903225806,2430.0,15882.0,2339.5,2502.318181818182,42.83302110141619,19.68,1253581.0
2013-01-16 21:00:00,2634.8687096774192,2379.0,22082.0,2347.0,2501.181818181818,42.83302110141619,19.68,1253581.0
2013-01-17 21:00:00,2638.466129032258,2400.0,21102.0,2354.5,2500.0454545454545,42.83302110141619,19.68,1253581.0
2013-01-18 21:00:00,2642.0635483870965,2416.25,19904.5,2362.0,2498.909090909091,42.83302110141619,19.68,1253581.0
2013-01-19 21:00:00,2645.660967741936,2432.5,18707.0,2369.5,2497.7727272727275,42.83302110141619,19.68,1253581.0
2013-01-20 21:00:00,2649.258387096774,2448.75,17509.5,2377.0,2496.6363636363635,42.83302110141619,19.68,1253581.0
2013-01-21 21:00:00,2652.855806451613,2465.0,16312.0,2384.5,2495.5,42.83302110141619,19.68,1253581.0
2013-01-22 21:00:00,2656.4532258064514,2481.0,20631.0,2392.0,2494.3636363636365,42.83302110141619,19.68,1253581.0
2013-01-23 21:00:00,2660.05064516129,2463.0,18675.0,2399.5,2493.2272727272725,42.83302110141619,19.68,1253581.0
2013-01-24 21:00:00,2663.648064516129,2445.0,16719.0,2407.0,2492.090909090909,42.83302110141619,19.68,1253581.0
2013-01-25 21:00:00,2667.245483870968,2452.5,16726.75,2414.5,2490.9545454545455,42.83302110141619,19.68,1253581.0
2013-01-26 21:00:00,2670.8429032258064,2460.0,16734.5,2422.0,2489.818181818182,42.83302110141619,19.68,1253581.0
2013-01-27 21:00:00,2674.440322580645,2467.5,16742.25,2429.5,2488.681818181818,42.83302110141619,19.68,1253581.0
2013-01-28 21:00:00,2678.037741935484,2475.0,16750.0,2437.0,2487.5454545454545,42.83302110141619,19.68,1253581.0
2013-01-29 21:00:00,2681.6351612903227,2510.0,14501.0,2444.5,2486.409090909091,42.83302110141619,19.68,1253581.0
2013-01-30 21:00:00,2685.2325806451613,2557.0,20952.0,2452.0,2485.2727272727275,42.83302110141619,19.68,1253581.0
2013-01-31 21:00:00,2688.83,2555.2,19490.6,2459.5,2484.1363636363635,42.83302110141619,19.68,1253581.0
2013-02-01 21:00:00,2694.5464285714284,2553.4,18029.2,2467.0,2483.0,42.83302110141619,19.68,1253581.0
2013-02-02 21:00:00,2700.262857142857,2551.6,16567.8,2442.0,2422.6666666666665,42.83302110141619,19.68,1253581.0
2013-02-03 21:00:00,2705.9792857142857,2549.8,15106.4,2417.0,2362.3333333333335,42.83302110141619,19.68,1253581.0
2013-02-04 21:00:00,2711.695714285714,2548.0,13645.0,2392.0,2302.0,42.83302110141619,19.68,1253581.0
2013-02-05 21:00:00,2717.412142857143,2547.0,11956.0,2250.0,2424.0,42.83302110141619,19.68,1253581.0
2013-02-06 21:00:00,2723.1285714285714,2551.0,16892.0,2310.5,2357.0,42.83302110141619,19.68,1253581.0
2013-02-07 21:00:00,2728.845,2560.0,9452.0,2371.0,2290.0,42.83302110141619,19.68,1253581.0
2013-02-08 21:00:00,2734.5614285714287,2549.0,9594.2,2384.5,2340.5,42.83302110141619,19.68,1253581.0
2013-02-09 21:00:00,2740.277857142857,2538.0,9736.4,2398.0,2391.0,42.83302110141619,19.68,1253581.0
2013-02-10 21:00:00,2745.994285714285,2527.0,9878.6,2305.0,2599.0,42.83302110141619,19.68,1253581.0
2013-02-11 21:00:00,2751.7107142857144,2516.0,10020.8,2480.5,2546.0,42.83302110141619,19.68,1253581.0
2013-02-12 21:00:00,2757.427142857143,2505.0,10163.0,2656.0,2493.0,42.83302110141619,19.68,1253581.0
2013-02-13 21:00:00,2763.1435714285712,2495.0,9594.0,2642.0,2497.294117647059,42.83302110141619,19.68,1253581.0
2013-02-14 21:00:00,2768.86,2483.0,12547.0,2628.0,2501.5882352941176,42.83302110141619,19.68,1253581.0
2013-02-15 21:00:00,2774.576428571429,2503.75,13570.0,2614.0,2505.8823529411766,42.83302110141619,19.68,1253581.0
2013-02-16 21:00:00,2780.292857142857,2524.5,14593.0,2600.0,2510.176470588235,42.83302110141619,19.68,1253581.0
2013-02-17 21:00:00,2786.0092857142854,2545.25,15616.0,2586.0,2514.470588235294,42.83302110141619,19.68,1253581.0
2013-02-18 21:00:00,2791.7257142857143,2566.0,16639.0,2572.0,2518.764705882353,42.83302110141619,19.68,1253581.0
2013-02-19 21:00:00,2797.4421428571427,2565.0,17489.0,2558.0,2523.0588235294117,42.83302110141619,19.68,1253581.0
2013-02-20 21:00:00,2803.158571428571,2536.0,11033.0,2544.0,2527.3529411764707,42.83302110141619,19.68,1253581.0
2013-02-21 21:00:00,2808.875,2534.0,12797.0,2530.0,2531.6470588235293,42.83302110141619,19.68,1253581.0
2013-02-22 21:00:00,2814.5914285714284,2505.25,14507.25,2516.0,2535.9411764705883,42.83302110141619,19.68,1253581.0
2013-02-23 21:00:00,2820.307857142857,2476.5,16217.5,2502.0,2540.235294117647,42.83302110141619,19.68,1253581.0
2013-02-24 21:00:00,2826.0242857142857,2447.75,17927.75,2488.0,2544.529411764706,42.83302110141619,19.68,1253581.0
2013-02-25 21:00:00,2831.740714285714,2419.0,19638.0,2474.0,2548.823529411765,42.83302110141619,19.68,1253581.0
2013-02-26 21:00:00,2837.4571428571426,2419.0,19397.0,2460.0,2553.1176470588234,42.83302110141619,19.68,1253581.0
2013-02-27 21:00:00,2843.1735714285714,2397.0,20677.0,2446.0,2557.4117647058824,42.83302110141619,19.68,1253581.0
2013-02-28 21:00:00,2848.89,2368.0,17564.0,2432.0,2561.705882352941,42.83302110141619,19.68,1253581.0
2013-03-01 21:00:00,2846.396451612903,2376.0,16202.5,2418.0,2566.0,42.83302110141619,19.68,1253581.0
2013-03-02 21:00:00,2843.9029032258063,2384.0,14841.0,2398.3333333333335,2476.3333333333335,42.83302110141619,19.68,1253581.0
2013-03-03 21:00:00,2841.409354838709,2392.0,13479.5,2378.6666666666665,2386.6666666666665,42.83302110141619,19.68,1253581.0
2013-03-04 21:00:00,2838.9158064516128,2400.0,12118.0,2359.0,2297.0,42.83302110141619,19.68,1253581.0
2013-03-05 21:00:00,2836.422258064516,2399.0,10949.0,2381.0,2334.5,42.83302110141619,19.68,1253581.0
2013-03-06 21:00:00,2833.928709677419,2433.0,16002.0,2403.0,2372.0,42.83302110141619,19.68,1253581.0
2013-03-07 21:00:00,2831.4351612903224,2448.0,15134.0,2385.0,2318.0,42.83302110141619,19.68,1253581.0
2013-03-08 21:00:00,2828.9416129032256,2438.75,15994.25,2398.5,2349.0,42.83302110141619,19.68,1253581.0
2013-03-09 21:00:00,2826.448064516129,2429.5,16854.5,2412.0,2380.0,42.83302110141619,19.68,1253581.0
2013-03-10 21:00:00,2823.954516129032,2420.25,17714.75,2318.0,2604.0,42.83302110141619,19.68,1253581.0
2013-03-11 21:00:00,2821.4609677419357,2411.0,18575.0,2479.5,2564.0,42.83302110141619,19.68,1253581.0
2013-03-12 21:00:00,2818.9674193548385,2397.0,14265.0,2641.0,2524.0,42.83302110141619,19.68,1253581.0
2013-03-13 21:00:00,2816.4738709677417,2364.0,15067.0,2636.5238095238096,2518.7619047619046,42.83302110141619,19.68,1253581.0
2013-03-14 21:00:00,2813.980322580645,2414.0,19077.0,2632.0476190476193,2513.5238095238096,42.83302110141619,19.68,1253581.0
2013-03-15 21:00:00,2811.486774193548,2414.25,18084.0,2627.5714285714284,2508.285714285714,42.83302110141619,19.68,1253581.0
2013-03-16 21:00:00,2808.993225806452,2414.5,17091.0,2623.095238095238,2503.0476190476193,42.83302110141619,19.68,1253581.0
2013-03-17 21:00:00,2806.499677419355,2414.75,16098.0,2618.6190476190477,2497.809523809524,42.83302110141619,19.68,1253581.0
2013-03-18 21:00:00,2804.0061290322583,2415.0,15105.0,2614.1428571428573,2492.5714285714284,42.83302110141619,19.68,1253581.0
2013-03-19 21:00:00,2801.512580645161,2442.0,18873.0,2609.6666666666665,2487.3333333333335,42.83302110141619,19.68,1253581.0
2013-03-20 21:00:00,2799.0190322580647,2456.0,17303.0,2605.190476190476,2482.095238095238,42.83302110141619,19.68,1253581.0
2013-03-21 21:00:00,2796.525483870968,2493.0,23188.0,2600.714285714286,2476.8571428571427,42.83302110141619,19.68,1253581.0
2013-03-22 21:00:00,2794.031935483871,2479.0,20761.25,2596.2380952380954,2471.6190476190477,42.83302110141619,19.68,1253581.0
2013-03-23 21:00:00,2791.5383870967744,2465.0,18334.5,2591.7619047619046,2466.3809523809523,42.83302110141619,19.68,1253581.0
2013-03-24 21:00:00,2789.0448387096776,2451.0,15907.75,2587.285714285714,2461.1428571428573,42.83302110141619,19.68,1253581.0
2013-03-25 21:00:00,2786.551290322581,2437.0,13481.0,2582.809523809524,2455.904761904762,42.83302110141619,19.68,1253581.0
2013-03-26 21:00:00,2784.057741935484,2448.0,17296.0,2578.3333333333335,2450.6666666666665,42.83302110141619,19.68,1253581.0
2013-03-27 21:00:00,2781.5641935483877,2412.0,21048.0,2573.8571428571427,2445.4285714285716,42.83302110141619,19.68,1253581.0
2013-03-28 21:00:00,2779.0706451612905,2378.0,10205.0,2569.3809523809523,2440.190476190476,42.83302110141619,19.68,1253581.0
2013-03-29 21:00:00,2776.5770967741937,2379.0,12422.5,2564.904761904762,2434.9523809523807,42.83302110141619,19.68,1253581.0
2013-03-30 21:00:00,2774.083548387097,2380.0,14640.0,2560.4285714285716,2429.714285714286,42.83302110141619,19.68,1253581.0
2013-03-31 21:00:00,2771.59,2381.0,16857.5,2555.9523809523807,2424.4761904761904,42.83302110141619,19.68,1253581.0
2013-04-01 21:00:00,2768.069,2382.0,19075.0,2551.4761904761904,2419.2380952380954,42.83302110141619,19.68,1253581.0
2013-04-02 21:00:00,2764.548,2396.0,13863.0,2547.0,2414.0,42.83302110141619,19.68,1253581.0
2013-04-03 21:00:00,2761.027,2392.0,12582.0,2399.0,2353.0,42.83302110141619,19.68,1253581.0
2013-04-04 21:00:00,2757.5060000000003,2359.0,14435.0,2400.0,2314.0,42.83302110141619,19.68,1253581.0
2013-04-05 21:00:00,2753.985,2368.0,14680.5,2417.5,2307.5,42.83302110141619,19.68,1253581.0
2013-04-06 21:00:00,2750.464,2377.0,14926.0,2435.0,2301.0,42.83302110141619,19.68,1253581.0
2013-04-07 21:00:00,2746.943,2386.0,15171.5,2376.0,2309.0,42.83302110141619,19.68,1253581.0
2013-04-08 21:00:00,2743.422,2395.0,15417.0,2410.0,2335.5,42.83302110141619,19.68,1253581.0
2013-04-09 21:00:00,2739.9010000000003,2371.0,18381.0,2444.0,2362.0,42.83302110141619,19.68,1253581.0
2013-04-10 21:00:00,2736.38,2353.0,15379.0,2519.3333333333335,2421.3333333333335,42.83302110141619,19.68,1253581.0
2013-04-11 21:00:00,2732.859,2345.0,14766.0,2594.6666666666665,2480.6666666666665,42.83302110141619,19.68,1253581.0
2013-04-12 21:00:00,2729.338,2334.0,16416.25,2670.0,2540.0,42.83302110141619,19.68,1253581.0
2013-04-13 21:00:00,2725.817,2323.0,18066.5,2664.05,2533.75,42.83302110141619,19.68,1253581.0
2013-04-14 21:00:00,2722.2960000000003,2312.0,19716.75,2658.1,2527.5,42.83302110141619,19.68,1253581.0
2013-04-15 21:00:00,2718.775,2301.0,21367.0,2652.15,2521.25,42.83302110141619,19.68,1253581.0
2013-04-16 21:00:00,2715.254,2275.0,21664.0,2646.2,2515.0,42.83302110141619,19.68,1253581.0
2013-04-17 21:00:00,2711.733,2307.0,18468.0,2640.25,2508.75,42.83302110141619,19.68,1253581.0
2013-04-18 21:00:00,2708.212,2296.0,15096.0,2634.3,2502.5,42.83302110141619,19.68,1253581.0
2013-04-19 21:00:00,2704.6910000000003,2290.25,15844.5,2628.35,2496.25,42.83302110141619,19.68,1253581.0
2013-04-20 21:00:00,2701.17,2284.5,16593.0,2622.4,2490.0,42.83302110141619,19.68,1253581.0
2013-04-21 21:00:00,2697.649,2278.75,17341.5,2616.45,2483.75,42.83302110141619,19.68,1253581.0
2013-04-22 21:00:00,2694.128,2273.0,18090.0,2610.5,2477.5,42.83302110141619,19.68,1253581.0
2013-04-23 21:00:00,2690.607,2289.0,13541.0,2604.55,2471.25,42.83302110141619,19.68,1253581.0
2013-04-24 21:00:00,2687.086,2309.0,12695.0,2598.6,2465.0,42.83302110141619,19.68,1253581.0
2013-04-25 21:00:00,2683.565,2316.0,13562.0,2592.65,2458.75,42.83302110141619,19.68,1253581.0
2013-04-26 21:00:00,2680.044,2308.5,13379.25,2586.7,2452.5,42.83302110141619,19.68,1253581.0
2013-04-27 21:00:00,2676.523,2301.0,13196.5,2580.75,2446.25,42.83302110141619,19.68,1253581.0
2013-04-28 21:00:00,2673.002,2293.5,13013.75,2574.8,2440.0,42.83302110141619,19.68,1253581.0
2013-04-29 21:00:00,2669.481,2286.0,12831.0,2568.85,2433.75,42.83302110141619,19.68,1253581.0
2013-04-30 21:00:00,2665.96,2273.5,13235.0,2562.9,2427.5,42.83302110141619,19.68,1253581.0
2013-05-01 21:00:00,2665.5529032258064,2261.0,13639.0,2556.95,2421.25,42.83302110141619,19.68,1253581.0
2013-05-02 21:00:00,2665.1458064516128,2252.0,15326.0,2551.0,2415.0,42.83302110141619,19.68,1253581.0
2013-05-03 21:00:00,2664.73870967742,2254.0,14137.0,2433.0,2345.0,42.83302110141619,19.68,1253581.0
2013-05-04 21:00:00,2664.331612903226,2256.0,12948.0,2441.0,2306.0,42.83302110141619,19.68,1253581.0
2013-05-05 21:00:00,2663.9245161290323,2258.0,11759.0,2449.0,2267.0,42.83302110141619,19.68,1253581.0
2013-05-06 21:00:00,2663.5174193548387,2260.0,10570.0,2457.0,2228.0,42.83302110141619,19.68,1253581.0
2013-05-07 21:00:00,2663.110322580645,2289.0,11557.0,2332.0,2291.5,42.83302110141619,19.68,1253581.0
2013-05-08 21:00:00,2662.703225806452,2287.0,10706.0,2207.0,2355.0,42.83302110141619,19.68,1253581.0
2013-05-09 21:00:00,2662.2961290322582,2319.0,14584.0,2399.0,2404.0,42.83302110141619,19.68,1253581.0
2013-05-10 21:00:00,2661.8890322580646,2314.75,14037.25,2471.5,2483.0,42.83302110141619,19.68,1253581.0
2013-05-11 21:00:00,2661.481935483871,2310.5,13490.5,2544.0,2562.0,42.83302110141619,19.68,1253581.0
2013-05-12 21:00:00,2661.0748387096774,2306.25,12943.75,2645.0,2587.0,42.83302110141619,19.68,1253581.0
2013-05-13 21:00:00,2660.667741935484,2302.0,12397.0,2640.9523809523807,2580.095238095238,42.83302110141619,19.68,1253581.0
2013-05-14 21:00:00,2660.2606451612905,2297.0,20490.0,2636.904761904762,2573.190476190476,42.83302110141619,19.68,1253581.0
2013-05-15 21:00:00,2659.853548387097,2314.0,18218.0,2632.8571428571427,2566.285714285714,42.83302110141619,19.68,1253581.0
2013-05-16 21:00:00,2659.4464516129037,2336.0,16739.0,2628.809523809524,2559.3809523809523,42.83302110141619,19.68,1253581.0
2013-05-17 21:00:00,2659.0393548387096,2335.75,17145.5,2624.7619047619046,2552.4761904761904,42.83302110141619,19.68,1253581.0
2013-05-18 21:00:00,2658.632258064516,2335.5,17552.0,2620.714285714286,2545.5714285714284,42.83302110141619,19.68,1253581.0
2013-05-19 21:00:00,2658.225161290323,2335.25,17958.5,2616.6666666666665,2538.6666666666665,42.83302110141619,19.68,1253581.0
2013-05-20 21:00:00,2657.818064516129,2335.0,18365.0,2612.6190476190477,2531.7619047619046,42.83302110141619,19.68,1253581.0
2013-05-21 21:00:00,2657.410967741936,2359.0,18886.0,2608.5714285714284,2524.8571428571427,42.83302110141619,19.68,1253581.0
2013-05-22 21:00:00,2657.003870967742,2371.0,17858.0,2604.5238095238096,2517.9523809523807,42.83302110141619,19.68,1253581.0
2013-05-23 21:00:00,2656.5967741935483,2374.4,16546.8,2600.4761904761904,2511.0476190476193,42.83302110141619,19.68,1253581.0
2013-05-24 21:00:00,2656.189677419355,2377.8,15235.6,2596.4285714285716,2504.1428571428573,42.83302110141619,19.68,1253581.0
2013-05-25 21:00:00,2655.782580645161,2381.2,13924.4,2592.3809523809523,2497.2380952380954,42.83302110141619,19.68,1253581.0
2013-05-26 21:00:00,2655.375483870968,2384.6,12613.2,2588.3333333333335,2490.3333333333335,42.83302110141619,19.68,1253581.0
2013-05-27 21:00:00,2654.968387096774,2388.0,11302.0,2584.285714285714,2483.4285714285716,42.83302110141619,19.68,1253581.0
2013-05-28 21:00:00,2654.5612903225806,2399.0,19442.0,2580.2380952380954,2476.5238095238096,42.83302110141619,19.68,1253581.0
2013-05-29 21:00:00,2654.1541935483874,2372.0,14034.0,2576.190476190476,2469.6190476190477,42.83302110141619,19.68,1253581.0
2013-05-30 21:00:00,2653.747096774194,2397.0,13540.0,2572.1428571428573,2462.714285714286,42.83302110141619,19.68,1253581.0
2013-05-31 21:00:00,2653.34,2391.5,13669.0,2568.095238095238,2455.809523809524,42.83302110141619,19.68,1253581.0
2013-06-01 21:00:00,2656.935,2386.0,13798.0,2564.0476190476193,2448.904761904762,42.83302110141619,19.68,1253581.0
2013-06-02 21:00:00,2660.53,2380.5,13927.0,2560.0,2442.0,42.83302110141619,19.68,1253581.0
2013-06-03 21:00:00,2664.125,2375.0,14056.0,2448.0,2301.0,42.83302110141619,19.68,1253581.0
2013-06-04 21:00:00,2667.7200000000003,2403.0,12061.0,2368.5,2370.0,42.83302110141619,19.68,1253581.0
2013-06-05 21:00:00,2671.315,2435.0,15053.0,2289.0,2439.0,42.83302110141619,19.68,1253581.0
2013-06-06 21:00:00,2674.9100000000003,2457.0,21786.0,2453.0,2250.0,42.83302110141619,19.68,1253581.0
2013-06-07 21:00:00,2678.505,2456.75,19479.5,2347.5,2302.5,42.83302110141619,19.68,1253581.0
2013-06-08 21:00:00,2682.1,2456.5,17173.0,2242.0,2355.0,42.83302110141619,19.68,1253581.0
2013-06-09 21:00:00,2685.695,2456.25,14866.5,2330.6666666666665,2428.6666666666665,42.83302110141619,19.68,1253581.0
2013-06-10 21:00:00,2689.29,2456.0,12560.0,2419.3333333333335,2502.3333333333335,42.83302110141619,19.68,1253581.0
2013-06-11 21:00:00,2692.885,2451.0,9555.0,2508.0,2576.0,42.83302110141619,19.68,1253581.0
2013-06-12 21:00:00,2696.48,2424.0,13181.0,2503.2,2575.45,42.83302110141619,19.68,1253581.0
2013-06-13 21:00:00,2700.0750000000003,2439.0,16654.0,2498.4,2574.9,42.83302110141619,19.68,1253581.0
2013-06-14 21:00:00,2703.67,2446.25,15988.25,2493.6,2574.35,42.83302110141619,19.68,1253581.0
2013-06-15 21:00:00,2707.265,2453.5,15322.5,2488.8,2573.8,42.83302110141619,19.68,1253581.0
2013-06-16 21:00:00,2710.86,2460.75,14656.75,2484.0,2573.25,42.83302110141619,19.68,1253581.0
2013-06-17 21:00:00,2714.455,2468.0,13991.0,2479.2,2572.7,42.83302110141619,19.68,1253581.0
2013-06-18 21:00:00,2718.05,2472.0,13866.0,2474.4,2572.15,42.83302110141619,19.68,1253581.0
2013-06-19 21:00:00,2721.645,2462.0,19032.0,2469.6,2571.6,42.83302110141619,19.68,1253581.0
2013-06-20 21:00:00,2725.24,2439.0,17208.0,2464.8,2571.05,42.83302110141619,19.68,1253581.0
2013-06-21 21:00:00,2728.835,2432.25,17628.5,2460.0,2570.5,42.83302110141619,19.68,1253581.0
2013-06-22 21:00:00,2732.4300000000003,2425.5,18049.0,2455.2,2569.95,42.83302110141619,19.68,1253581.0
2013-06-23 21:00:00,2736.025,2418.75,18469.5,2450.4,2569.4,42.83302110141619,19.68,1253581.0
2013-06-24 21:00:00,2739.62,2412.0,18890.0,2445.6,2568.85,42.83302110141619,19.68,1253581.0
2013-06-25 21:00:00,2743.215,2379.0,11224.0,2440.8,2568.3,42.83302110141619,19.68,1253581.0
2013-06-26 21:00:00,2746.81,2355.0,15854.0,2436.0,2567.75,42.83302110141619,19.68,1253581.0
2013-06-27 21:00:00,2750.405,2344.0,19649.0,2431.2,2567.2,42.83302110141619,19.68,1253581.0
2013-06-28 21:00:00,2754.0,2342.75,19453.0,2426.4,2566.65,42.83302110141619,19.68,1253581.0
2013-06-29 21:00:00,2757.5950000000003,2341.5,19257.0,2421.6,2566.1,42.83302110141619,19.68,1253581.0
2013-06-30 21:00:00,2761.19,2340.25,19061.0,2416.8,2565.55,42.83302110141619,19.68,1253581.0
2013-07-01 21:00:00,2757.2567741935486,2339.0,18865.0,2412.0,2565.0,42.83302110141619,19.68,1253581.0
2013-07-02 21:00:00,2753.3235483870967,2365.0,16338.0,2505.0,2456.0,42.83302110141619,19.68,1253581.0
2013-07-03 21:00:00,2749.3903225806453,2371.0,12917.0,2450.0,2275.0,42.83302110141619,19.68,1253581.0
2013-07-04 21:00:00,2745.457096774194,2385.0,19658.0,2368.5,2371.5,42.83302110141619,19.68,1253581.0
2013-07-05 21:00:00,2741.523870967742,2388.0,19120.75,2287.0,2468.0,42.83302110141619,19.68,1253581.0
2013-07-06 21:00:00,2737.5906451612905,2391.0,18583.5,2303.4,2492.2,42.83302110141619,19.68,1253581.0
2013-07-07 21:00:00,2733.657419354839,2394.0,18046.25,2319.8,2516.4,42.83302110141619,19.68,1253581.0
2013-07-08 21:00:00,2729.724193548387,2397.0,17509.0,2336.2,2540.6,42.83302110141619,19.68,1253581.0
2013-07-09 21:00:00,2725.790967741936,2377.0,17580.0,2352.6,2564.8,42.83302110141619,19.68,1253581.0
2013-07-10 21:00:00,2721.857741935484,2372.0,14073.0,2369.0,2589.0,42.83302110141619,19.68,1253581.0
2013-07-11 21:00:00,2717.9245161290323,2301.0,23549.0,2528.0,2552.0,42.83302110141619,19.68,1253581.0
2013-07-12 21:00:00,2713.991290322581,2282.75,21291.0,2521.285714285714,2551.2380952380954,42.83302110141619,19.68,1253581.0
2013-07-13 21:00:00,2710.058064516129,2264.5,19033.0,2514.5714285714284,2550.4761904761904,42.83302110141619,19.68,1253581.0
2013-07-14 21:00:00,2706.124838709677,2246.25,16775.0,2507.8571428571427,2549.714285714286,42.83302110141619,19.68,1253581.0
2013-07-15 21:00:00,2702.191612903226,2228.0,14517.0,2501.1428571428573,2548.9523809523807,42.83302110141619,19.68,1253581.0
2013-07-16 21:00:00,2698.258387096774,2250.0,18787.0,2494.4285714285716,2548.190476190476,42.83302110141619,19.68,1253581.0
2013-07-17 21:00:00,2694.3251612903227,2291.0,24136.0,2487.714285714286,2547.4285714285716,42.83302110141619,19.68,1253581.0
2013-07-18 21:00:00,2690.3919354838717,2257.0,14242.0,2481.0,2546.6666666666665,42.83302110141619,19.68,1253581.0
2013-07-19 21:00:00,2686.4587096774194,2257.25,14452.0,2474.285714285714,2545.904761904762,42.83302110141619,19.68,1253581.0
2013-07-20 21:00:00,2682.525483870968,2257.5,14662.0,2467.5714285714284,2545.1428571428573,42.83302110141619,19.68,1253581.0
2013-07-21 21:00:00,2678.5922580645165,2257.75,14872.0,2460.8571428571427,2544.3809523809523,42.83302110141619,19.68,1253581.0
2013-07-22 21:00:00,2674.6590322580646,2258.0,15082.0,2454.1428571428573,2543.6190476190477,42.83302110141619,19.68,1253581.0
2013-07-23 21:00:00,2670.725806451613,2222.0,17922.0,2447.4285714285716,2542.8571428571427,42.83302110141619,19.68,1253581.0
2013-07-24 21:00:00,2666.7925806451613,2170.0,23600.0,2440.714285714286,2542.095238095238,42.83302110141619,19.68,1253581.0
2013-07-25 21:00:00,2662.85935483871,2183.0,23528.0,2434.0,2541.3333333333335,42.83302110141619,19.68,1253581.0
2013-07-26 21:00:00,2658.9261290322584,2191.0,25380.75,2427.285714285714,2540.5714285714284,42.83302110141619,19.68,1253581.0
2013-07-27 21:00:00,2654.9929032258065,2199.0,27233.5,2420.5714285714284,2539.809523809524,42.83302110141619,19.68,1253581.0
2013-07-28 21:00:00,2651.059677419355,2207.0,29086.25,2413.8571428571427,2539.0476190476193,42.83302110141619,19.68,1253581.0
2013-07-29 21:00:00,2647.126451612904,2215.0,30939.0,2407.1428571428573,2538.285714285714,42.83302110141619,19.68,1253581.0
2013-07-30 21:00:00,2643.193225806452,2236.0,18439.0,2400.4285714285716,2537.5238095238096,42.83302110141619,19.68,1253581.0
2013-07-31 21:00:00,2639.26,2259.0,15943.0,2393.714285714286,2536.7619047619046,42.83302110141619,19.68,1253581.0
2013-08-01 21:00:00,2640.8522580645163,2258.0,16214.0,2387.0,2536.0,42.83302110141619,19.68,1253581.0
2013-08-02 21:00:00,2642.4445161290323,2254.5,14601.5,2381.6666666666665,2469.3333333333335,42.83302110141619,19.68,1253581.0
2013-08-03 21:00:00,2644.0367741935484,2251.0,12989.0,2376.3333333333335,2402.6666666666665,42.83302110141619,19.68,1253581.0
2013-08-04 21:00:00,2645.629032258065,2247.5,11376.5,2371.0,2336.0,42.83302110141619,19.68,1253581.0
2013-08-05 21:00:00,2647.221290322581,2244.0,9764.0,2319.0,2472.0,42.83302110141619,19.68,1253581.0
2013-08-06 21:00:00,2648.813548387097,2207.0,11052.0,2348.0,2400.5,42.83302110141619,19.68,1253581.0
2013-08-07 21:00:00,2650.405806451613,2222.0,12010.0,2377.0,2329.0,42.83302110141619,19.68,1253581.0
2013-08-08 21:00:00,2651.998064516129,2237.0,12968.0,2381.6666666666665,2423.6666666666665,42.83302110141619,19.68,1253581.0
2013-08-09 21:00:00,2653.590322580645,2252.0,13926.0,2386.3333333333335,2518.3333333333335,42.83302110141619,19.68,1253581.0
2013-08-10 21:00:00,2655.1825806451616,2267.0,14884.0,2391.0,2613.0,42.83302110141619,19.68,1253581.0
2013-08-11 21:00:00,2656.7748387096776,2282.0,15842.0,2389.9545454545455,2609.409090909091,42.83302110141619,19.68,1253581.0
2013-08-12 21:00:00,2658.3670967741937,2297.0,16800.0,2388.909090909091,2605.818181818182,42.83302110141619,19.68,1253581.0
2013-08-13 21:00:00,2659.9593548387097,2290.0,15581.0,2387.8636363636365,2602.2272727272725,42.83302110141619,19.68,1253581.0
2013-08-14 21:00:00,2661.5516129032258,2318.0,16358.0,2386.818181818182,2598.6363636363635,42.83302110141619,19.68,1253581.0
2013-08-15 21:00:00,2663.143870967742,2309.0,13015.0,2385.7727272727275,2595.0454545454545,42.83302110141619,19.68,1253581.0
2013-08-16 21:00:00,2664.7361290322583,2314.0,15496.0,2384.7272727272725,2591.4545454545455,42.83302110141619,19.68,1253581.0
2013-08-17 21:00:00,2666.3283870967743,2319.0,17977.0,2383.681818181818,2587.8636363636365,42.83302110141619,19.68,1253581.0
2013-08-18 21:00:00,2667.9206451612904,2324.0,20458.0,2382.6363636363635,2584.2727272727275,42.83302110141619,19.68,1253581.0
2013-08-19 21:00:00,2669.5129032258064,2329.0,22939.0,2381.590909090909,2580.681818181818,42.83302110141619,19.68,1253581.0
2013-08-20 21:00:00,2671.1051612903225,2335.0,16095.0,2380.5454545454545,2577.090909090909,42.83302110141619,19.68,1253581.0
2013-08-21 21:00:00,2672.6974193548385,2356.0,20817.0,2379.5,2573.5,42.83302110141619,19.68,1253581.0
2013-08-22 21:00:00,2674.289677419355,2367.0,17015.0,2378.4545454545455,2569.909090909091,42.83302110141619,19.68,1253581.0
2013-08-23 21:00:00,2675.881935483871,2388.25,18005.75,2377.409090909091,2566.318181818182,42.83302110141619,19.68,1253581.0
2013-08-24 21:00:00,2677.474193548387,2409.5,18996.5,2376.3636363636365,2562.7272727272725,42.83302110141619,19.68,1253581.0
2013-08-25 21:00:00,2679.066451612903,2430.75,19987.25,2375.318181818182,2559.1363636363635,42.83302110141619,19.68,1253581.0
2013-08-26 21:00:00,2680.658709677419,2452.0,20978.0,2374.2727272727275,2555.5454545454545,42.83302110141619,19.68,1253581.0
2013-08-27 21:00:00,2682.2509677419357,2481.0,23208.0,2373.2272727272725,2551.9545454545455,42.83302110141619,19.68,1253581.0
2013-08-28 21:00:00,2683.843225806452,2440.0,22917.0,2372.181818181818,2548.3636363636365,42.83302110141619,19.68,1253581.0
2013-08-29 21:00:00,2685.435483870968,2404.0,20494.0,2371.1363636363635,2544.7727272727275,42.83302110141619,19.68,1253581.0
2013-08-30 21:00:00,2687.027741935484,2407.25,19407.75,2370.090909090909,2541.181818181818,42.83302110141619,19.68,1253581.0
2013-08-31 21:00:00,2688.62,2410.5,18321.5,2369.0454545454545,2537.590909090909,42.83302110141619,19.68,1253581.0
2013-09-01 21:00:00,2688.4553333333333,2413.75,17235.25,2368.0,2534.0,42.83302110141619,19.68,1253581.0
2013-09-02 21:00:00,2688.2906666666668,2417.0,16149.0,2363.0,2467.6666666666665,42.83302110141619,19.68,1253581.0
2013-09-03 21:00:00,2688.126,2398.0,9681.0,2358.0,2401.3333333333335,42.83302110141619,19.68,1253581.0
2013-09-04 21:00:00,2687.961333333333,2412.0,12870.0,2353.0,2335.0,42.83302110141619,19.68,1253581.0
2013-09-05 21:00:00,2687.7966666666666,2444.0,15479.0,2310.0,2462.0,42.83302110141619,19.68,1253581.0
2013-09-06 21:00:00,2687.632,2420.75,15899.5,2341.0,2398.5,42.83302110141619,19.68,1253581.0
2013-09-07 21:00:00,2687.467333333333,2397.5,16320.0,2372.0,2335.0,42.83302110141619,19.68,1253581.0
2013-09-08 21:00:00,2687.3026666666665,2374.25,16740.5,2352.5,2366.5,42.83302110141619,19.68,1253581.0
2013-09-09 21:00:00,2687.138,2351.0,17161.0,2333.0,2398.0,42.83302110141619,19.68,1253581.0
2013-09-10 21:00:00,2686.9733333333334,2333.0,13098.0,2380.0,2556.0,42.83302110141619,19.68,1253581.0
2013-09-11 21:00:00,2686.8086666666663,2344.0,12037.0,2505.5,2565.5,42.83302110141619,19.68,1253581.0
2013-09-12 21:00:00,2686.644,2348.0,15900.0,2631.0,2575.0,42.83302110141619,19.68,1253581.0
2013-09-13 21:00:00,2686.479333333333,2349.75,17392.75,2617.315789473684,2566.7894736842104,42.83302110141619,19.68,1253581.0
2013-09-14 21:00:00,2686.3146666666667,2351.5,18885.5,2603.6315789473683,2558.5789473684213,42.83302110141619,19.68,1253581.0
2013-09-15 21:00:00,2686.15,2353.25,20378.25,2589.9473684210525,2550.3684210526317,42.83302110141619,19.68,1253581.0
2013-09-16 21:00:00,2685.985333333333,2355.0,21871.0,2576.2631578947367,2542.157894736842,42.83302110141619,19.68,1253581.0
2013-09-17 21:00:00,2685.8206666666665,2355.0,14120.0,2562.5789473684213,2533.9473684210525,42.83302110141619,19.68,1253581.0
2013-09-18 21:00:00,2685.656,2317.0,22694.0,2548.8947368421054,2525.7368421052633,42.83302110141619,19.68,1253581.0
2013-09-19 21:00:00,2685.4913333333334,2300.0,12957.0,2535.2105263157896,2517.5263157894738,42.83302110141619,19.68,1253581.0
2013-09-20 21:00:00,2685.3266666666664,2300.25,12970.75,2521.5263157894738,2509.315789473684,42.83302110141619,19.68,1253581.0
2013-09-21 21:00:00,2685.162,2300.5,12984.5,2507.842105263158,2501.1052631578946,42.83302110141619,19.68,1253581.0
2013-09-22 21:00:00,2684.997333333333,2300.75,12998.25,2494.157894736842,2492.8947368421054,42.83302110141619,19.68,1253581.0
2013-09-23 21:00:00,2684.8326666666667,2301.0,13012.0,2480.4736842105262,2484.684210526316,42.83302110141619,19.68,1253581.0
2013-09-24 21:00:00,2684.668,2294.0,12926.0,2466.7894736842104,2476.4736842105262,42.83302110141619,19.68,1253581.0
2013-09-25 21:00:00,2684.503333333333,2267.0,12922.0,2453.1052631578946,2468.2631578947367,42.83302110141619,19.68,1253581.0
2013-09-26 21:00:00,2684.3386666666665,2310.0,18812.0,2439.421052631579,2460.0526315789475,42.83302110141619,19.68,1253581.0
2013-09-27 21:00:00,2684.174,2314.75,18429.25,2425.7368421052633,2451.842105263158,42.83302110141619,19.68,1253581.0
2013-09-28 21:00:00,2684.009333333333,2319.5,18046.5,2412.0526315789475,2443.6315789473683,42.83302110141619,19.68,1253581.0
2013-09-29 21:00:00,2683.8446666666664,2324.25,17663.75,2398.3684210526317,2435.4210526315787,42.83302110141619,19.68,1253581.0
2013-09-30 21:00:00,2683.68,2329.0,17281.0,2384.684210526316,2427.2105263157896,42.83302110141619,19.68,1253581.0
2013-10-01 21:00:00,2685.258709677419,2311.0,21720.0,2371.0,2419.0,42.83302110141619,19.68,1253581.0
2013-10-02 21:00:00,2686.8374193548384,2302.0,12594.0,2362.3333333333335,2399.0,42.83302110141619,19.68,1253581.0
2013-10-03 21:00:00,2688.4161290322577,2305.0,14970.0,2353.6666666666665,2379.0,42.83302110141619,19.68,1253581.0
2013-10-04 21:00:00,2689.9948387096774,2316.0,15137.25,2345.0,2359.0,42.83302110141619,19.68,1253581.0
2013-10-05 21:00:00,2691.5735483870967,2327.0,15304.5,2398.0,2325.0,42.83302110141619,19.68,1253581.0
2013-10-06 21:00:00,2693.152258064516,2338.0,15471.75,2451.0,2291.0,42.83302110141619,19.68,1253581.0
2013-10-07 21:00:00,2694.7309677419357,2349.0,15639.0,2301.0,2356.0,42.83302110141619,19.68,1253581.0
2013-10-08 21:00:00,2696.3096774193546,2369.0,12034.0,2322.5,2378.5,42.83302110141619,19.68,1253581.0
2013-10-09 21:00:00,2697.888387096774,2391.0,15761.0,2344.0,2401.0,42.83302110141619,19.68,1253581.0
2013-10-10 21:00:00,2699.4670967741936,2380.0,16926.0,2362.0,2580.0,42.83302110141619,19.68,1253581.0
2013-10-11 21:00:00,2701.045806451613,2384.8,15478.2,2487.5,2591.0,42.83302110141619,19.68,1253581.0
2013-10-12 21:00:00,2702.624516129032,2389.6,14030.4,2613.0,2602.0,42.83302110141619,19.68,1253581.0
2013-10-13 21:00:00,2704.2032258064514,2394.4,12582.6,2603.181818181818,2588.590909090909,42.83302110141619,19.68,1253581.0
2013-10-14 21:00:00,2705.7819354838707,2399.2,11134.8,2593.3636363636365,2575.181818181818,42.83302110141619,19.68,1253581.0
2013-10-15 21:00:00,2707.36064516129,2404.0,9687.0,2583.5454545454545,2561.7727272727275,42.83302110141619,19.68,1253581.0
2013-10-16 21:00:00,2708.9393548387097,2398.0,19900.0,2573.7272727272725,2548.3636363636365,42.83302110141619,19.68,1253581.0
2013-10-17 21:00:00,2710.518064516129,2401.0,16049.0,2563.909090909091,2534.9545454545455,42.83302110141619,19.68,1253581.0
2013-10-18 21:00:00,2712.0967741935483,2414.5,16966.5,2554.090909090909,2521.5454545454545,42.83302110141619,19.68,1253581.0
2013-10-19 21:00:00,2713.675483870968,2428.0,17884.0,2544.2727272727275,2508.1363636363635,42.83302110141619,19.68,1253581.0
2013-10-20 21:00:00,2715.254193548387,2441.5,18801.5,2534.4545454545455,2494.7272727272725,42.83302110141619,19.68,1253581.0
2013-10-21 21:00:00,2716.832903225806,2455.0,19719.0,2524.6363636363635,2481.318181818182,42.83302110141619,19.68,1253581.0
2013-10-22 21:00:00,2718.411612903226,2482.0,15530.0,2514.818181818182,2467.909090909091,42.83302110141619,19.68,1253581.0
2013-10-23 21:00:00,2719.990322580645,2464.0,23416.0,2505.0,2454.5,42.83302110141619,19.68,1253581.0
2013-10-24 21:00:00,2721.5690322580645,2444.0,16810.0,2495.181818181818,2441.090909090909,42.83302110141619,19.68,1253581.0
2013-10-25 21:00:00,2723.147741935484,2457.5,19024.5,2485.3636363636365,2427.681818181818,42.83302110141619,19.68,1253581.0
2013-10-26 21:00:00,2724.726451612903,2471.0,21239.0,2475.5454545454545,2414.2727272727275,42.83302110141619,19.68,1253581.0
2013-10-27 21:00:00,2726.3051612903223,2484.5,23453.5,2465.7272727272725,2400.8636363636365,42.83302110141619,19.68,1253581.0
2013-10-28 21:00:00,2727.883870967742,2498.0,25668.0,2455.909090909091,2387.4545454545455,42.83302110141619,19.68,1253581.0
2013-10-29 21:00:00,2729.4625806451613,2547.0,25671.0,2446.090909090909,2374.0454545454545,42.83302110141619,19.68,1253581.0
2013-10-30 21:00:00,2731.0412903225806,2593.0,20805.0,2436.2727272727275,2360.6363636363635,42.83302110141619,19.68,1253581.0
2013-10-31 21:00:00,2732.62,2628.0,23340.0,2426.4545454545455,2347.227272727273,42.83302110141619,19.68,1253581.0
2013-11-01 21:00:00,2737.8813333333333,2611.8,22441.4,2416.6363636363635,2333.818181818182,42.83302110141619,19.68,1253581.0
2013-11-02 21:00:00,2743.142666666666,2595.6,21542.8,2406.818181818182,2320.409090909091,42.83302110141619,19.68,1253581.0
2013-11-03 21:00:00,2748.404,2579.4,20644.2,2397.0,2307.0,42.83302110141619,19.68,1253581.0
2013-11-04 21:00:00,2753.6653333333334,2563.2,19745.6,2293.0,2371.0,42.83302110141619,19.68,1253581.0
2013-11-05 21:00:00,2758.9266666666667,2547.0,18847.0,2358.5,2314.0,42.83302110141619,19.68,1253581.0
2013-11-06 21:00:00,2764.188,2544.0,20877.0,2424.0,2257.0,42.83302110141619,19.68,1253581.0
2013-11-07 21:00:00,2769.449333333333,2508.0,15065.0,2273.0,2367.0,42.83302110141619,19.68,1253581.0
2013-11-08 21:00:00,2774.7106666666664,2530.75,15970.5,2310.5,2411.0,42.83302110141619,19.68,1253581.0
2013-11-09 21:00:00,2779.972,2553.5,16876.0,2348.0,2455.0,42.83302110141619,19.68,1253581.0
2013-11-10 21:00:00,2785.233333333333,2576.25,17781.5,2476.0,2514.0,42.83302110141619,19.68,1253581.0
2013-11-11 21:00:00,2790.4946666666665,2599.0,18687.0,2604.0,2573.0,42.83302110141619,19.68,1253581.0
2013-11-12 21:00:00,2795.756,2604.0,22675.0,2562.0,2591.0,42.83302110141619,19.68,1253581.0
2013-11-13 21:00:00,2801.017333333333,2589.0,15639.0,2558.65,2586.1,42.83302110141619,19.68,1253581.0
2013-11-14 21:00:00,2806.2786666666666,2613.0,16955.0,2555.3,2581.2,42.83302110141619,19.68,1253581.0
2013-11-15 21:00:00,2811.54,2598.75,16074.5,2551.95,2576.3,42.83302110141619,19.68,1253581.0
2013-11-16 21:00:00,2816.8013333333333,2584.5,15194.0,2548.6,2571.4,42.83302110141619,19.68,1253581.0
2013-11-17 21:00:00,2822.0626666666667,2570.25,14313.5,2545.25,2566.5,42.83302110141619,19.68,1253581.0
2013-11-18 21:00:00,2827.324,2556.0,13433.0,2541.9,2561.6,42.83302110141619,19.68,1253581.0
2013-11-19 21:00:00,2832.585333333333,2580.0,16855.0,2538.55,2556.7,42.83302110141619,19.68,1253581.0
2013-11-20 21:00:00,2837.846666666667,2653.0,22299.0,2535.2,2551.8,42.83302110141619,19.68,1253581.0
2013-11-21 21:00:00,2843.108,2642.0,22495.0,2531.85,2546.9,42.83302110141619,19.68,1253581.0
2013-11-22 21:00:00,2848.369333333333,2637.0,21694.75,2528.5,2542.0,42.83302110141619,19.68,1253581.0
2013-11-23 21:00:00,2853.6306666666665,2632.0,20894.5,2525.15,2537.1,42.83302110141619,19.68,1253581.0
2013-11-24 21:00:00,2858.892,2627.0,20094.25,2521.8,2532.2,42.83302110141619,19.68,1253581.0
2013-11-25 21:00:00,2864.153333333333,2622.0,19294.0,2518.45,2527.3,42.83302110141619,19.68,1253581.0
2013-11-26 21:00:00,2869.4146666666666,2640.0,10505.0,2515.1,2522.4,42.83302110141619,19.68,1253581.0
2013-11-27 21:00:00,2874.676,2656.0,11824.0,2511.75,2517.5,42.83302110141619,19.68,1253581.0
2013-11-28 21:00:00,2879.9373333333333,2654.0,16242.0,2508.4,2512.6,42.83302110141619,19.68,1253581.0
2013-11-29 21:00:00,2885.1986666666667,2644.75,17706.0,2505.05,2507.7,42.83302110141619,19.68,1253581.0
2013-11-30 21:00:00,2890.46,2635.5,19170.0,2501.7,2502.8,42.83302110141619,19.68,1253581.0
2013-12-01 21:00:00,2890.14064516129,2626.25,20634.0,2498.35,2497.9,42.83302110141619,19.68,1253581.0
2013-12-02 21:00:00,2889.821290322581,2617.0,22098.0,2495.0,2493.0,42.83302110141619,19.68,1253581.0
2013-12-03 21:00:00,2889.501935483871,2656.0,16717.0,2364.0,2296.0,42.83302110141619,19.68,1253581.0
2013-12-04 21:00:00,2889.182580645161,2641.0,13946.0,2389.0,2283.3333333333335,42.83302110141619,19.68,1253581.0
2013-12-05 21:00:00,2888.863225806452,2670.0,15716.0,2414.0,2270.6666666666665,42.83302110141619,19.68,1253581.0
2013-12-06 21:00:00,2888.543870967742,2662.25,16241.0,2439.0,2258.0,42.83302110141619,19.68,1253581.0
2013-12-07 21:00:00,2888.224516129032,2654.5,16766.0,2364.5,2287.5,42.83302110141619,19.68,1253581.0
2013-12-08 21:00:00,2887.9051612903227,2646.75,17291.0,2290.0,2317.0,42.83302110141619,19.68,1253581.0
2013-12-09 21:00:00,2887.585806451613,2639.0,17816.0,2355.0,2482.0,42.83302110141619,19.68,1253581.0
2013-12-10 21:00:00,2887.2664516129034,2631.0,12485.0,2472.0,2533.0,42.83302110141619,19.68,1253581.0
2013-12-11 21:00:00,2886.9470967741936,2613.0,15486.0,2589.0,2584.0,42.83302110141619,19.68,1253581.0
2013-12-12 21:00:00,2886.627741935484,2562.0,15895.0,2580.0,2529.0,42.83302110141619,19.68,1253581.0
2013-12-13 21:00:00,2886.3083870967744,2565.5,16277.25,2583.0,2535.35,42.83302110141619,19.68,1253581.0
2013-12-14 21:00:00,2885.9890322580645,2569.0,16659.5,2586.0,2541.7,42.83302110141619,19.68,1253581.0
2013-12-15 21:00:00,2885.6696774193547,2572.5,17041.75,2589.0,2548.05,42.83302110141619,19.68,1253581.0
2013-12-16 21:00:00,2885.3503225806453,2576.0,17424.0,2592.0,2554.4,42.83302110141619,19.68,1253581.0
2013-12-17 21:00:00,2885.0309677419355,2552.0,18581.0,2595.0,2560.75,42.83302110141619,19.68,1253581.0
2013-12-18 21:00:00,2884.7116129032256,2573.0,12032.0,2598.0,2567.1,42.83302110141619,19.68,1253581.0
2013-12-19 21:00:00,2884.392258064516,2584.0,16704.0,2601.0,2573.45,42.83302110141619,19.68,1253581.0
2013-12-20 21:00:00,2884.0729032258064,2594.25,14334.75,2604.0,2579.8,42.83302110141619,19.68,1253581.0
2013-12-21 21:00:00,2883.7535483870965,2604.5,11965.5,2607.0,2586.15,42.83302110141619,19.68,1253581.0
2013-12-22 21:00:00,2883.434193548387,2614.75,9596.25,2610.0,2592.5,42.83302110141619,19.68,1253581.0
2013-12-23 21:00:00,2883.1148387096773,2625.0,7227.0,2613.0,2598.85,42.83302110141619,19.68,1253581.0
2013-12-24 21:00:00,2882.795483870968,2629.5,8181.5,2616.0,2605.2,42.83302110141619,19.68,1253581.0
2013-12-25 21:00:00,2882.476129032258,2634.0,9136.0,2619.0,2611.55,42.83302110141619,19.68,1253581.0
2013-12-26 21:00:00,2882.156774193548,2632.0,10611.0,2622.0,2617.9,42.83302110141619,19.68,1253581.0
2013-12-27 21:00:00,2881.837419354839,2638.75,10606.25,2625.0,2624.25,42.83302110141619,19.68,1253581.0
2013-12-28 21:00:00,2881.518064516129,2645.5,10601.5,2628.0,2630.6,42.83302110141619,19.68,1253581.0
2013-12-29 21:00:00,2881.198709677419,2652.25,10596.75,2631.0,2636.95,42.83302110141619,19.68,1253581.0
2013-12-30 21:00:00,2880.87935483871,2659.0,10592.0,2634.0,2643.3,42.83302110141619,19.68,1253581.0
2013-12-31 21:00:00,2880.56,2654.0,10246.0,2637.0,2649.65,42.83302110141619,19.68,1253581.0
2014-01-01 21:00:00,2879.5558064516126,2649.0,9900.0,2640.0,2656.0,42.83302110141619,19.68,1253581.0
2014-01-02 21:00:00,2878.5516129032258,2640.0,11162.0,2638.0,2634.0,42.83302110141619,19.68,1253581.0
2014-01-03 21:00:00,2877.5474193548384,2620.25,11791.5,2636.0,2612.0,42.83302110141619,19.68,1253581.0
2014-01-04 21:00:00,2876.543225806452,2600.5,12421.0,2634.0,2590.0,42.83302110141619,19.68,1253581.0
2014-01-05 21:00:00,2875.5390322580643,2580.75,13050.5,2583.0,2379.0,42.83302110141619,19.68,1253581.0
2014-01-06 21:00:00,2874.5348387096774,2561.0,13680.0,2503.5,2283.0,42.83302110141619,19.68,1253581.0
2014-01-07 21:00:00,2873.53064516129,2547.0,21202.0,2424.0,2187.0,42.83302110141619,19.68,1253581.0
2014-01-08 21:00:00,2872.526451612903,2539.0,22832.0,2201.0,2189.0,42.83302110141619,19.68,1253581.0
2014-01-09 21:00:00,2871.522258064516,2517.0,14603.0,1978.0,2191.0,42.83302110141619,19.68,1253581.0
2014-01-10 21:00:00,2870.518064516129,2518.4,15314.6,2169.0,2259.0,42.83302110141619,19.68,1253581.0
2014-01-11 21:00:00,2869.5138709677417,2519.8,16026.2,2170.5,2306.0,42.83302110141619,19.68,1253581.0
2014-01-12 21:00:00,2868.509677419355,2521.2,16737.8,2172.0,2353.0,42.83302110141619,19.68,1253581.0
2014-01-13 21:00:00,2867.5054838709675,2522.6,17449.4,2193.6,2368.6,42.83302110141619,19.68,1253581.0
2014-01-14 21:00:00,2866.5012903225806,2524.0,18161.0,2215.2,2384.2,42.83302110141619,19.68,1253581.0
2014-01-15 21:00:00,2865.4970967741933,2540.0,15662.0,2236.8,2399.8,42.83302110141619,19.68,1253581.0
2014-01-16 21:00:00,2864.4929032258065,2549.4,16005.6,2258.4,2415.4,42.83302110141619,19.68,1253581.0
2014-01-17 21:00:00,2863.488709677419,2558.8,16349.2,2280.0,2431.0,42.83302110141619,19.68,1253581.0
2014-01-18 21:00:00,2862.4845161290323,2568.2,16692.8,2301.6,2446.6,42.83302110141619,19.68,1253581.0
2014-01-19 21:00:00,2861.480322580645,2577.6,17036.4,2323.2,2462.2,42.83302110141619,19.68,1253581.0
2014-01-20 21:00:00,2860.476129032258,2587.0,17380.0,2344.8,2477.8,42.83302110141619,19.68,1253581.0
2014-01-21 21:00:00,2859.4719354838708,2575.0,14439.0,2366.4,2493.4,42.83302110141619,19.68,1253581.0
2014-01-22 21:00:00,2858.467741935484,2602.0,13213.0,2388.0,2509.0,42.83302110141619,19.68,1253581.0
2014-01-23 21:00:00,2857.4635483870966,2591.0,11284.0,2409.6,2524.6,42.83302110141619,19.68,1253581.0
2014-01-24 21:00:00,2856.4593548387097,2575.5,12433.0,2431.2,2540.2,42.83302110141619,19.68,1253581.0
2014-01-25 21:00:00,2855.4551612903224,2560.0,13582.0,2452.8,2555.8,42.83302110141619,19.68,1253581.0
2014-01-26 21:00:00,2854.4509677419355,2544.5,14731.0,2474.4,2571.4,42.83302110141619,19.68,1253581.0
2014-01-27 21:00:00,2853.446774193548,2529.0,15880.0,2496.0,2587.0,42.83302110141619,19.68,1253581.0
2014-01-28 21:00:00,2852.4425806451613,2544.0,14441.0,2517.6,2602.6,42.83302110141619,19.68,1253581.0
2014-01-29 21:00:00,2851.438387096774,2559.0,4748.0,2539.2,2618.2,42.83302110141619,19.68,1253581.0
2014-01-30 21:00:00,2850.434193548387,2553.0,5928.4,2560.8,2633.8,42.83302110141619,19.68,1253581.0
2014-01-31 21:00:00,2849.43,2547.0,7108.8,2582.4,2649.4,42.83302110141619,19.68,1253581.0
2014-02-01 21:00:00,2854.593571428571,2541.0,8289.2,2604.0,2665.0,42.83302110141619,19.68,1253581.0
2014-02-02 21:00:00,2859.7571428571428,2535.0,9469.6,2622.0,2645.6666666666665,42.83302110141619,19.68,1253581.0
2014-02-03 21:00:00,2864.920714285714,2529.0,10650.0,2640.0,2626.3333333333335,42.83302110141619,19.68,1253581.0
2014-02-04 21:00:00,2870.0842857142857,2546.0,8097.0,2658.0,2607.0,42.83302110141619,19.68,1253581.0
2014-02-05 21:00:00,2875.247857142857,2568.0,11985.0,2545.0,2496.5,42.83302110141619,19.68,1253581.0
2014-02-06 21:00:00,2880.4114285714286,2578.0,9806.0,2432.0,2386.0,42.83302110141619,19.68,1253581.0
2014-02-07 21:00:00,2885.575,2586.0,12132.75,2402.0,2176.0,42.83302110141619,19.68,1253581.0
2014-02-08 21:00:00,2890.7385714285715,2594.0,14459.5,2216.0,2179.0,42.83302110141619,19.68,1253581.0
2014-02-09 21:00:00,2895.9021428571427,2602.0,16786.25,2030.0,2182.0,42.83302110141619,19.68,1253581.0
2014-02-10 21:00:00,2901.0657142857144,2610.0,19113.0,2180.0,2231.0,42.83302110141619,19.68,1253581.0
2014-02-11 21:00:00,2906.2292857142857,2635.0,13831.0,2173.0,2287.5,42.83302110141619,19.68,1253581.0
2014-02-12 21:00:00,2911.3928571428573,2656.0,15875.0,2166.0,2344.0,42.83302110141619,19.68,1253581.0
2014-02-13 21:00:00,2916.556428571429,2665.0,14990.0,2187.1111111111113,2369.8333333333335,42.83302110141619,19.68,1253581.0
2014-02-14 21:00:00,2921.7200000000003,2677.25,17541.75,2208.222222222222,2395.6666666666665,42.83302110141619,19.68,1253581.0
2014-02-15 21:00:00,2926.8835714285715,2689.5,20093.5,2229.3333333333335,2421.5,42.83302110141619,19.68,1253581.0
2014-02-16 21:00:00,2932.0471428571427,2701.75,22645.25,2250.4444444444443,2447.3333333333335,42.83302110141619,19.68,1253581.0
2014-02-17 21:00:00,2937.2107142857144,2714.0,25197.0,2271.5555555555557,2473.1666666666665,42.83302110141619,19.68,1253581.0
2014-02-18 21:00:00,2942.3742857142856,2708.0,22327.0,2292.6666666666665,2499.0,42.83302110141619,19.68,1253581.0
2014-02-19 21:00:00,2947.5378571428573,2755.0,20585.0,2313.777777777778,2524.8333333333335,42.83302110141619,19.68,1253581.0
2014-02-20 21:00:00,2952.701428571429,2755.0,21723.0,2334.8888888888887,2550.6666666666665,42.83302110141619,19.68,1253581.0
2014-02-21 21:00:00,2957.865,2749.75,21162.75,2356.0,2576.5,42.83302110141619,19.68,1253581.0
2014-02-22 21:00:00,2963.0285714285715,2744.5,20602.5,2377.1111111111113,2602.3333333333335,42.83302110141619,19.68,1253581.0
2014-02-23 21:00:00,2968.192142857143,2739.25,20042.25,2398.222222222222,2628.1666666666665,42.83302110141619,19.68,1253581.0
2014-02-24 21:00:00,2973.3557142857144,2734.0,19482.0,2419.3333333333335,2654.0,42.83302110141619,19.68,1253581.0
2014-02-25 21:00:00,2978.519285714286,2810.0,32278.0,2440.4444444444443,2679.8333333333335,42.83302110141619,19.68,1253581.0
2014-02-26 21:00:00,2983.6828571428573,2779.0,21466.0,2461.5555555555557,2705.6666666666665,42.83302110141619,19.68,1253581.0
2014-02-27 21:00:00,2988.846428571429,2800.0,23968.0,2482.6666666666665,2731.5,42.83302110141619,19.68,1253581.0
2014-02-28 21:00:00,2994.01,2800.25,22554.75,2503.777777777778,2757.3333333333335,42.83302110141619,19.68,1253581.0
2014-03-01 21:00:00,2998.4767741935484,2800.5,21141.5,2524.8888888888887,2783.1666666666665,42.83302110141619,19.68,1253581.0
2014-03-02 21:00:00,3002.943548387097,2800.75,19728.25,2546.0,2809.0,42.83302110141619,19.68,1253581.0
2014-03-03 21:00:00,3007.410322580645,2801.0,18315.0,2834.0,2609.0,42.83302110141619,19.68,1253581.0
2014-03-04 21:00:00,3011.877096774194,2834.0,18902.0,2622.0,2627.0,42.83302110141619,19.68,1253581.0
2014-03-05 21:00:00,3016.343870967742,2867.0,19479.0,2519.5,2486.5,42.83302110141619,19.68,1253581.0
2014-03-06 21:00:00,3020.8106451612907,2886.0,19271.0,2417.0,2346.0,42.83302110141619,19.68,1253581.0
2014-03-07 21:00:00,3025.277419354839,2882.5,21278.0,2414.0,2133.0,42.83302110141619,19.68,1253581.0
2014-03-08 21:00:00,3029.744193548387,2879.0,23285.0,2219.5,2148.0,42.83302110141619,19.68,1253581.0
2014-03-09 21:00:00,3034.210967741936,2875.5,25292.0,2025.0,2163.0,42.83302110141619,19.68,1253581.0
2014-03-10 21:00:00,3038.677741935484,2872.0,27299.0,2138.5,2179.0,42.83302110141619,19.68,1253581.0
2014-03-11 21:00:00,3043.1445161290326,2821.0,34793.0,2252.0,2195.0,42.83302110141619,19.68,1253581.0
2014-03-12 21:00:00,3047.6112903225808,2809.0,21991.0,2172.0,2368.0,42.83302110141619,19.68,1253581.0
2014-03-13 21:00:00,3052.078064516129,2796.0,22544.0,2190.8571428571427,2388.3809523809523,42.83302110141619,19.68,1253581.0
2014-03-14 21:00:00,3056.5448387096776,2781.25,22713.25,2209.714285714286,2408.7619047619046,42.83302110141619,19.68,1253581.0
2014-03-15 21:00:00,3061.011612903226,2766.5,22882.5,2228.5714285714284,2429.1428571428573,42.83302110141619,19.68,1253581.0
2014-03-16 21:00:00,3065.4783870967744,2751.75,23051.75,2247.4285714285716,2449.5238095238096,42.83302110141619,19.68,1253581.0
2014-03-17 21:00:00,3069.945161290322,2737.0,23221.0,2266.285714285714,2469.904761904762,42.83302110141619,19.68,1253581.0
2014-03-18 21:00:00,3074.4119354838717,2777.0,27259.0,2285.1428571428573,2490.285714285714,42.83302110141619,19.68,1253581.0
2014-03-19 21:00:00,3078.8787096774195,2773.0,20223.0,2304.0,2510.6666666666665,42.83302110141619,19.68,1253581.0
2014-03-20 21:00:00,3083.345483870968,2729.0,20886.0,2322.8571428571427,2531.0476190476193,42.83302110141619,19.68,1253581.0
2014-03-21 21:00:00,3087.8122580645163,2724.5,23571.75,2341.714285714286,2551.4285714285716,42.83302110141619,19.68,1253581.0
2014-03-22 21:00:00,3092.2790322580645,2720.0,26257.5,2360.5714285714284,2571.809523809524,42.83302110141619,19.68,1253581.0
2014-03-23 21:00:00,3096.745806451613,2715.5,28943.25,2379.4285714285716,2592.190476190476,42.83302110141619,19.68,1253581.0
2014-03-24 21:00:00,3101.2125806451613,2711.0,31629.0,2398.285714285714,2612.5714285714284,42.83302110141619,19.68,1253581.0
2014-03-25 21:00:00,3105.679354838709,2691.0,24343.0,2417.1428571428573,2632.9523809523807,42.83302110141619,19.68,1253581.0
2014-03-26 21:00:00,3110.146129032258,2654.0,23130.0,2436.0,2653.3333333333335,42.83302110141619,19.68,1253581.0
2014-03-27 21:00:00,3114.6129032258063,2655.0,22734.0,2454.857142857143,2673.714285714286,42.83302110141619,19.68,1253581.0
2014-03-28 21:00:00,3119.079677419355,2644.5,23198.75,2473.714285714286,2694.095238095238,42.83302110141619,19.68,1253581.0
2014-03-29 21:00:00,3123.546451612903,2634.0,23663.5,2492.5714285714284,2714.4761904761904,42.83302110141619,19.68,1253581.0
2014-03-30 21:00:00,3128.013225806452,2623.5,24128.25,2511.4285714285716,2734.8571428571427,42.83302110141619,19.68,1253581.0
2014-03-31 21:00:00,3132.48,2613.0,24593.0,2530.285714285714,2755.2380952380954,42.83302110141619,19.68,1253581.0
2014-04-01 21:00:00,3128.692,2648.0,27250.0,2549.1428571428573,2775.6190476190477,42.83302110141619,19.68,1253581.0
2014-04-02 21:00:00,3124.904,2634.0,26723.0,2568.0,2796.0,42.83302110141619,19.68,1253581.0
2014-04-03 21:00:00,3121.116,2658.0,19996.0,2867.0,2615.0,42.83302110141619,19.68,1253581.0
2014-04-04 21:00:00,3117.328,2637.5,20917.0,2716.0,2509.3333333333335,42.83302110141619,19.68,1253581.0
2014-04-05 21:00:00,3113.54,2617.0,21838.0,2565.0,2403.6666666666665,42.83302110141619,19.68,1253581.0
2014-04-06 21:00:00,3109.752,2596.5,22759.0,2414.0,2298.0,42.83302110141619,19.68,1253581.0
2014-04-07 21:00:00,3105.964,2576.0,23680.0,2330.5,2183.0,42.83302110141619,19.68,1253581.0
2014-04-08 21:00:00,3102.176,2613.0,19453.0,2247.0,2068.0,42.83302110141619,19.68,1253581.0
2014-04-09 21:00:00,3098.388,2609.0,15774.0,2045.0,2133.0,42.83302110141619,19.68,1253581.0
2014-04-10 21:00:00,3094.6,2615.0,17129.0,2133.5,2152.0,42.83302110141619,19.68,1253581.0
2014-04-11 21:00:00,3090.812,2627.0,16692.0,2222.0,2171.0,42.83302110141619,19.68,1253581.0
2014-04-12 21:00:00,3087.024,2639.0,16255.0,2171.0,2312.0,42.83302110141619,19.68,1253581.0
2014-04-13 21:00:00,3083.236,2651.0,15818.0,2191.35,2333.25,42.83302110141619,19.68,1253581.0
2014-04-14 21:00:00,3079.448,2663.0,15381.0,2211.7,2354.5,42.83302110141619,19.68,1253581.0
2014-04-15 21:00:00,3075.66,2684.0,18744.0,2232.05,2375.75,42.83302110141619,19.68,1253581.0
2014-04-16 21:00:00,3071.8720000000003,2647.0,20611.0,2252.4,2397.0,42.83302110141619,19.68,1253581.0
2014-04-17 21:00:00,3068.0840000000003,2634.0,11203.0,2272.75,2418.25,42.83302110141619,19.68,1253581.0
2014-04-18 21:00:00,3064.2960000000003,2646.25,12510.75,2293.1,2439.5,42.83302110141619,19.68,1253581.0
2014-04-19 21:00:00,3060.5080000000003,2658.5,13818.5,2313.45,2460.75,42.83302110141619,19.68,1253581.0
2014-04-20 21:00:00,3056.7200000000003,2670.75,15126.25,2333.8,2482.0,42.83302110141619,19.68,1253581.0
2014-04-21 21:00:00,3052.932,2683.0,16434.0,2354.15,2503.25,42.83302110141619,19.68,1253581.0
2014-04-22 21:00:00,3049.144,2651.0,17947.0,2374.5,2524.5,42.83302110141619,19.68,1253581.0
2014-04-23 21:00:00,3045.356,2651.0,13356.0,2394.85,2545.75,42.83302110141619,19.68,1253581.0
2014-04-24 21:00:00,3041.568,2660.0,13117.0,2415.2,2567.0,42.83302110141619,19.68,1253581.0
2014-04-25 21:00:00,3037.78,2654.0,14303.25,2435.55,2588.25,42.83302110141619,19.68,1253581.0
2014-04-26 21:00:00,3033.992,2648.0,15489.5,2455.9,2609.5,42.83302110141619,19.68,1253581.0
2014-04-27 21:00:00,3030.204,2642.0,16675.75,2476.25,2630.75,42.83302110141619,19.68,1253581.0
2014-04-28 21:00:00,3026.416,2636.0,17862.0,2496.6,2652.0,42.83302110141619,19.68,1253581.0
2014-04-29 21:00:00,3022.628,2623.0,18015.0,2516.95,2673.25,42.83302110141619,19.68,1253581.0
2014-04-30 21:00:00,3018.84,2607.5,19644.0,2537.3,2694.5,42.83302110141619,19.68,1253581.0
2014-05-01 21:00:00,3015.055806451613,2592.0,21273.0,2557.65,2715.75,42.83302110141619,19.68,1253581.0
2014-05-02 21:00:00,3011.271612903226,2586.0,20496.75,2578.0,2737.0,42.83302110141619,19.68,1253581.0
2014-05-03 21:00:00,3007.487419354839,2580.0,19720.5,2886.0,2663.0,42.83302110141619,19.68,1253581.0
2014-05-04 21:00:00,3003.703225806452,2574.0,18944.25,2732.5,2521.0,42.83302110141619,19.68,1253581.0
2014-05-05 21:00:00,2999.919032258065,2568.0,18168.0,2579.0,2379.0,42.83302110141619,19.68,1253581.0
2014-05-06 21:00:00,2996.1348387096778,2579.0,14989.0,2412.0,2326.0,42.83302110141619,19.68,1253581.0
2014-05-07 21:00:00,2992.3506451612907,2564.0,18751.0,2333.0,2205.0,42.83302110141619,19.68,1253581.0
2014-05-08 21:00:00,2988.566451612903,2577.0,17849.0,2254.0,2084.0,42.83302110141619,19.68,1253581.0
2014-05-09 21:00:00,2984.782258064516,2583.0,17557.8,2234.6666666666665,2096.3333333333335,42.83302110141619,19.68,1253581.0
2014-05-10 21:00:00,2980.998064516129,2589.0,17266.6,2215.3333333333335,2108.6666666666665,42.83302110141619,19.68,1253581.0
2014-05-11 21:00:00,2977.213870967742,2595.0,16975.4,2196.0,2121.0,42.83302110141619,19.68,1253581.0
2014-05-12 21:00:00,2973.429677419355,2601.0,16684.2,2212.714285714286,2149.2380952380954,42.83302110141619,19.68,1253581.0
2014-05-13 21:00:00,2969.645483870968,2607.0,16393.0,2229.4285714285716,2177.4761904761904,42.83302110141619,19.68,1253581.0
2014-05-14 21:00:00,2965.8612903225808,2627.0,14843.0,2246.1428571428573,2205.714285714286,42.83302110141619,19.68,1253581.0
2014-05-15 21:00:00,2962.0770967741937,2580.0,16403.0,2262.8571428571427,2233.9523809523807,42.83302110141619,19.68,1253581.0
2014-05-16 21:00:00,2958.292903225806,2566.0,16938.0,2279.5714285714284,2262.190476190476,42.83302110141619,19.68,1253581.0
2014-05-17 21:00:00,2954.50870967742,2552.0,17473.0,2296.285714285714,2290.4285714285716,42.83302110141619,19.68,1253581.0
2014-05-18 21:00:00,2950.7245161290325,2538.0,18008.0,2313.0,2318.6666666666665,42.83302110141619,19.68,1253581.0
2014-05-19 21:00:00,2946.940322580645,2524.0,18543.0,2329.714285714286,2346.904761904762,42.83302110141619,19.68,1253581.0
2014-05-20 21:00:00,2943.1561290322584,2505.0,19087.0,2346.4285714285716,2375.1428571428573,42.83302110141619,19.68,1253581.0
2014-05-21 21:00:00,2939.3719354838718,2522.0,15856.0,2363.1428571428573,2403.3809523809523,42.83302110141619,19.68,1253581.0
2014-05-22 21:00:00,2935.587741935484,2517.0,16766.0,2379.8571428571427,2431.6190476190477,42.83302110141619,19.68,1253581.0
2014-05-23 21:00:00,2931.803548387097,2514.0,16631.5,2396.5714285714284,2459.8571428571427,42.83302110141619,19.68,1253581.0
2014-05-24 21:00:00,2928.0193548387097,2511.0,16497.0,2413.285714285714,2488.095238095238,42.83302110141619,19.68,1253581.0
2014-05-25 21:00:00,2924.2351612903226,2508.0,16362.5,2430.0,2516.3333333333335,42.83302110141619,19.68,1253581.0
2014-05-26 21:00:00,2920.4509677419355,2505.0,16228.0,2446.714285714286,2544.5714285714284,42.83302110141619,19.68,1253581.0
2014-05-27 21:00:00,2916.6667741935485,2502.0,18621.0,2463.4285714285716,2572.809523809524,42.83302110141619,19.68,1253581.0
2014-05-28 21:00:00,2912.8825806451614,2461.0,18898.0,2480.1428571428573,2601.0476190476193,42.83302110141619,19.68,1253581.0
2014-05-29 21:00:00,2909.0983870967743,2423.0,19029.0,2496.857142857143,2629.285714285714,42.83302110141619,19.68,1253581.0
2014-05-30 21:00:00,2905.3141935483877,2414.0,19977.5,2513.5714285714284,2657.5238095238096,42.83302110141619,19.68,1253581.0
2014-05-31 21:00:00,2901.53,2405.0,20926.0,2530.285714285714,2685.7619047619046,42.83302110141619,19.68,1253581.0
2014-06-01 21:00:00,2897.286666666667,2396.0,21874.5,2547.0,2714.0,42.83302110141619,19.68,1253581.0
2014-06-02 21:00:00,2893.043333333333,2387.0,22823.0,2616.0,2777.0,42.83302110141619,19.68,1253581.0
2014-06-03 21:00:00,2888.8,2432.0,19626.0,2901.0,2684.0,42.83302110141619,19.68,1253581.0
2014-06-04 21:00:00,2884.556666666667,2417.0,15760.0,2732.5,2555.5,42.83302110141619,19.68,1253581.0
2014-06-05 21:00:00,2880.313333333333,2414.0,14419.0,2564.0,2427.0,42.83302110141619,19.68,1253581.0
2014-06-06 21:00:00,2876.07,2406.75,14955.75,2453.6666666666665,2318.3333333333335,42.83302110141619,19.68,1253581.0
2014-06-07 21:00:00,2871.826666666667,2399.5,15492.5,2343.3333333333335,2209.6666666666665,42.83302110141619,19.68,1253581.0
2014-06-08 21:00:00,2867.583333333333,2392.25,16029.25,2233.0,2101.0,42.83302110141619,19.68,1253581.0
2014-06-09 21:00:00,2863.34,2385.0,16566.0,2214.0,2152.5,42.83302110141619,19.68,1253581.0
2014-06-10 21:00:00,2859.096666666667,2379.0,13370.0,2195.0,2204.0,42.83302110141619,19.68,1253581.0
2014-06-11 21:00:00,2854.853333333333,2379.0,14221.0,2238.0,2131.0,42.83302110141619,19.68,1253581.0
2014-06-12 21:00:00,2850.61,2427.0,18502.0,2253.05,2159.85,42.83302110141619,19.68,1253581.0
2014-06-13 21:00:00,2846.366666666667,2428.5,18258.75,2268.1,2188.7,42.83302110141619,19.68,1253581.0
2014-06-14 21:00:00,2842.123333333333,2430.0,18015.5,2283.15,2217.55,42.83302110141619,19.68,1253581.0
2014-06-15 21:00:00,2837.88,2431.5,17772.25,2298.2,2246.4,42.83302110141619,19.68,1253581.0
2014-06-16 21:00:00,2833.6366666666668,2433.0,17529.0,2313.25,2275.25,42.83302110141619,19.68,1253581.0
2014-06-17 21:00:00,2829.393333333333,2466.0,18543.0,2328.3,2304.1,42.83302110141619,19.68,1253581.0
2014-06-18 21:00:00,2825.15,2447.0,19249.0,2343.35,2332.95,42.83302110141619,19.68,1253581.0
2014-06-19 21:00:00,2820.9066666666668,2442.0,20399.0,2358.4,2361.8,42.83302110141619,19.68,1253581.0
2014-06-20 21:00:00,2816.6633333333334,2452.0,20264.5,2373.45,2390.65,42.83302110141619,19.68,1253581.0
2014-06-21 21:00:00,2812.42,2462.0,20130.0,2388.5,2419.5,42.83302110141619,19.68,1253581.0
2014-06-22 21:00:00,2808.1766666666667,2472.0,19995.5,2403.55,2448.35,42.83302110141619,19.68,1253581.0
2014-06-23 21:00:00,2803.9333333333334,2482.0,19861.0,2418.6,2477.2,42.83302110141619,19.68,1253581.0
2014-06-24 21:00:00,2799.69,2483.0,19069.0,2433.65,2506.05,42.83302110141619,19.68,1253581.0
2014-06-25 21:00:00,2795.4466666666667,2470.0,23364.0,2448.7,2534.9,42.83302110141619,19.68,1253581.0
2014-06-26 21:00:00,2791.2033333333334,2445.0,21641.0,2463.75,2563.75,42.83302110141619,19.68,1253581.0
2014-06-27 21:00:00,2786.96,2438.5,21882.5,2478.8,2592.6,42.83302110141619,19.68,1253581.0
2014-06-28 21:00:00,2782.7166666666667,2432.0,22124.0,2493.85,2621.45,42.83302110141619,19.68,1253581.0
2014-06-29 21:00:00,2778.4733333333334,2425.5,22365.5,2508.9,2650.3,42.83302110141619,19.68,1253581.0
2014-06-30 21:00:00,2774.23,2419.0,22607.0,2523.95,2679.15,42.83302110141619,19.68,1253581.0
2014-07-01 21:00:00,2772.4416129032256,2427.0,12063.0,2539.0,2708.0,42.83302110141619,19.68,1253581.0
2014-07-02 21:00:00,2770.653225806452,2424.0,18291.0,2563.6666666666665,2665.3333333333335,42.83302110141619,19.68,1253581.0
2014-07-03 21:00:00,2768.8648387096773,2402.0,10838.0,2588.3333333333335,2622.6666666666665,42.83302110141619,19.68,1253581.0
2014-07-04 21:00:00,2767.0764516129034,2397.5,12138.25,2613.0,2580.0,42.83302110141619,19.68,1253581.0
2014-07-05 21:00:00,2765.288064516129,2393.0,13438.5,2577.0,2433.0,42.83302110141619,19.68,1253581.0
2014-07-06 21:00:00,2763.499677419355,2388.5,14738.75,2475.0,2263.0,42.83302110141619,19.68,1253581.0
2014-07-07 21:00:00,2761.7112903225807,2384.0,16039.0,2373.0,2093.0,42.83302110141619,19.68,1253581.0
2014-07-08 21:00:00,2759.9229032258063,2373.0,16510.0,2177.0,2144.0,42.83302110141619,19.68,1253581.0
2014-07-09 21:00:00,2758.1345161290324,2386.0,19633.0,2184.0,2197.5,42.83302110141619,19.68,1253581.0
2014-07-10 21:00:00,2756.346129032258,2346.0,18553.0,2191.0,2251.0,42.83302110141619,19.68,1253581.0
2014-07-11 21:00:00,2754.557741935484,2342.0,16640.2,2205.818181818182,2273.909090909091,42.83302110141619,19.68,1253581.0
2014-07-12 21:00:00,2752.7693548387097,2338.0,14727.4,2220.6363636363635,2296.818181818182,42.83302110141619,19.68,1253581.0
2014-07-13 21:00:00,2750.9809677419357,2334.0,12814.6,2235.4545454545455,2319.7272727272725,42.83302110141619,19.68,1253581.0
2014-07-14 21:00:00,2749.1925806451613,2330.0,10901.8,2250.2727272727275,2342.6363636363635,42.83302110141619,19.68,1253581.0
2014-07-15 21:00:00,2747.404193548387,2326.0,8989.0,2265.090909090909,2365.5454545454545,42.83302110141619,19.68,1253581.0
2014-07-16 21:00:00,2745.615806451613,2293.0,24836.0,2279.909090909091,2388.4545454545455,42.83302110141619,19.68,1253581.0
2014-07-17 21:00:00,2743.827419354838,2309.0,19548.0,2294.7272727272725,2411.3636363636365,42.83302110141619,19.68,1253581.0
2014-07-18 21:00:00,2742.0390322580647,2301.5,18428.0,2309.5454545454545,2434.2727272727275,42.83302110141619,19.68,1253581.0
2014-07-19 21:00:00,2740.2506451612903,2294.0,17308.0,2324.3636363636365,2457.181818181818,42.83302110141619,19.68,1253581.0
2014-07-20 21:00:00,2738.462258064516,2286.5,16188.0,2339.181818181818,2480.090909090909,42.83302110141619,19.68,1253581.0
2014-07-21 21:00:00,2736.673870967742,2279.0,15068.0,2354.0,2503.0,42.83302110141619,19.68,1253581.0
2014-07-22 21:00:00,2734.885483870968,2255.0,19169.0,2368.818181818182,2525.909090909091,42.83302110141619,19.68,1253581.0
2014-07-23 21:00:00,2733.0970967741937,2281.0,14324.0,2383.6363636363635,2548.818181818182,42.83302110141619,19.68,1253581.0
2014-07-24 21:00:00,2731.3087096774198,2265.0,13538.0,2398.4545454545455,2571.727272727273,42.83302110141619,19.68,1253581.0
2014-07-25 21:00:00,2729.520322580645,2265.0,14766.0,2413.2727272727275,2594.6363636363635,42.83302110141619,19.68,1253581.0
2014-07-26 21:00:00,2727.731935483871,2265.0,15994.0,2428.090909090909,2617.5454545454545,42.83302110141619,19.68,1253581.0
2014-07-27 21:00:00,2725.9435483870966,2265.0,17222.0,2442.909090909091,2640.4545454545455,42.83302110141619,19.68,1253581.0
2014-07-28 21:00:00,2724.1551612903227,2265.0,18450.0,2457.727272727273,2663.3636363636365,42.83302110141619,19.68,1253581.0
2014-07-29 21:00:00,2722.3667741935483,2265.0,19678.0,2472.5454545454545,2686.2727272727275,42.83302110141619,19.68,1253581.0
2014-07-30 21:00:00,2720.5783870967743,2257.0,12243.0,2487.3636363636365,2709.181818181818,42.83302110141619,19.68,1253581.0
2014-07-31 21:00:00,2718.79,2284.0,21290.0,2502.181818181818,2732.090909090909,42.83302110141619,19.68,1253581.0
2014-08-01 21:00:00,2710.926774193548,2276.5,20199.5,2517.0,2755.0,42.83302110141619,19.68,1253581.0
2014-08-02 21:00:00,2703.063548387097,2269.0,19109.0,2547.6666666666665,2678.0,42.83302110141619,19.68,1253581.0
2014-08-03 21:00:00,2695.200322580645,2261.5,18018.5,2578.3333333333335,2601.0,42.83302110141619,19.68,1253581.0
2014-08-04 21:00:00,2687.337096774193,2254.0,16928.0,2609.0,2524.0,42.83302110141619,19.68,1253581.0
2014-08-05 21:00:00,2679.4738709677417,2247.0,14259.0,2590.0,2466.0,42.83302110141619,19.68,1253581.0
2014-08-06 21:00:00,2671.6106451612904,2254.0,12392.0,2488.0,2267.0,42.83302110141619,19.68,1253581.0
2014-08-07 21:00:00,2663.7474193548387,2233.0,17463.0,2386.0,2068.0,42.83302110141619,19.68,1253581.0
2014-08-08 21:00:00,2655.884193548387,2221.5,16771.75,2209.5,2093.5,42.83302110141619,19.68,1253581.0
2014-08-09 21:00:00,2648.020967741936,2210.0,16080.5,2033.0,2119.0,42.83302110141619,19.68,1253581.0
2014-08-10 21:00:00,2640.157741935484,2198.5,15389.25,2182.0,2245.0,42.83302110141619,19.68,1253581.0
2014-08-11 21:00:00,2632.294516129032,2187.0,14698.0,2178.5,2282.5,42.83302110141619,19.68,1253581.0
2014-08-12 21:00:00,2624.431290322581,2176.0,18442.0,2175.0,2320.0,42.83302110141619,19.68,1253581.0
2014-08-13 21:00:00,2616.568064516129,2133.0,21815.0,2190.9,2341.75,42.83302110141619,19.68,1253581.0
2014-08-14 21:00:00,2608.704838709677,2093.0,18856.0,2206.8,2363.5,42.83302110141619,19.68,1253581.0
2014-08-15 21:00:00,2600.8416129032257,2086.75,17963.5,2222.7,2385.25,42.83302110141619,19.68,1253581.0
2014-08-16 21:00:00,2592.9783870967744,2080.5,17071.0,2238.6,2407.0,42.83302110141619,19.68,1253581.0
2014-08-17 21:00:00,2585.1151612903227,2074.25,16178.5,2254.5,2428.75,42.83302110141619,19.68,1253581.0
2014-08-18 21:00:00,2577.251935483871,2068.0,15286.0,2270.4,2450.5,42.83302110141619,19.68,1253581.0
2014-08-19 21:00:00,2569.38870967742,2049.0,13248.0,2286.3,2472.25,42.83302110141619,19.68,1253581.0
2014-08-20 21:00:00,2561.525483870968,2039.0,16774.0,2302.2,2494.0,42.83302110141619,19.68,1253581.0
2014-08-21 21:00:00,2553.662258064516,1999.0,24625.0,2318.1,2515.75,42.83302110141619,19.68,1253581.0
2014-08-22 21:00:00,2545.7990322580645,2002.25,23813.5,2334.0,2537.5,42.83302110141619,19.68,1253581.0
2014-08-23 21:00:00,2537.935806451613,2005.5,23002.0,2349.9,2559.25,42.83302110141619,19.68,1253581.0
2014-08-24 21:00:00,2530.072580645161,2008.75,22190.5,2365.8,2581.0,42.83302110141619,19.68,1253581.0
2014-08-25 21:00:00,2522.2093548387097,2012.0,21379.0,2381.7,2602.75,42.83302110141619,19.68,1253581.0
2014-08-26 21:00:00,2514.3461290322584,1976.0,31038.0,2397.6,2624.5,42.83302110141619,19.68,1253581.0
2014-08-27 21:00:00,2506.4829032258067,1979.0,21594.0,2413.5,2646.25,42.83302110141619,19.68,1253581.0
2014-08-28 21:00:00,2498.619677419355,1929.0,22632.0,2429.4,2668.0,42.83302110141619,19.68,1253581.0
2014-08-29 21:00:00,2490.756451612903,1935.0,22734.25,2445.3,2689.75,42.83302110141619,19.68,1253581.0
2014-08-30 21:00:00,2482.893225806452,1941.0,22836.5,2461.2,2711.5,42.83302110141619,19.68,1253581.0
2014-08-31 21:00:00,2475.03,1947.0,22938.75,2477.1,2733.25,42.83302110141619,19.68,1253581.0
2014-09-01 21:00:00,2474.1360000000004,1953.0,23041.0,2493.0,2755.0,42.83302110141619,19.68,1253581.0
2014-09-02 21:00:00,2473.242,1978.0,23056.0,2533.6666666666665,2671.6666666666665,42.83302110141619,19.68,1253581.0
2014-09-03 21:00:00,2472.348,2030.0,26300.0,2574.3333333333335,2588.3333333333335,42.83302110141619,19.68,1253581.0
2014-09-04 21:00:00,2471.454,2025.0,23223.0,2615.0,2505.0,42.83302110141619,19.68,1253581.0
2014-09-05 21:00:00,2470.5600000000004,2027.25,22188.25,2497.0,2399.0,42.83302110141619,19.68,1253581.0
2014-09-06 21:00:00,2469.666,2029.5,21153.5,2379.0,2293.0,42.83302110141619,19.68,1253581.0
2014-09-07 21:00:00,2468.772,2031.75,20118.75,2346.0,2049.0,42.83302110141619,19.68,1253581.0
2014-09-08 21:00:00,2467.878,2034.0,19084.0,2207.0,2095.5,42.83302110141619,19.68,1253581.0
2014-09-09 21:00:00,2466.9840000000004,2033.0,19960.0,2068.0,2142.0,42.83302110141619,19.68,1253581.0
2014-09-10 21:00:00,2466.09,2068.0,18631.0,2157.0,2223.0,42.83302110141619,19.68,1253581.0
2014-09-11 21:00:00,2465.196,2084.0,20244.0,2176.0,2248.0,42.83302110141619,19.68,1253581.0
2014-09-12 21:00:00,2464.302,2096.0,22405.2,2195.0,2273.0,42.83302110141619,19.68,1253581.0
2014-09-13 21:00:00,2463.4080000000004,2108.0,24566.4,2217.0,2298.0,42.83302110141619,19.68,1253581.0
2014-09-14 21:00:00,2462.514,2120.0,26727.6,2239.0,2323.0,42.83302110141619,19.68,1253581.0
2014-09-15 21:00:00,2461.62,2132.0,28888.8,2261.0,2348.0,42.83302110141619,19.68,1253581.0
2014-09-16 21:00:00,2460.726,2144.0,31050.0,2283.0,2373.0,42.83302110141619,19.68,1253581.0
2014-09-17 21:00:00,2459.8320000000003,2145.0,33390.0,2305.0,2398.0,42.83302110141619,19.68,1253581.0
2014-09-18 21:00:00,2458.938,2111.0,24471.0,2327.0,2423.0,42.83302110141619,19.68,1253581.0
2014-09-19 21:00:00,2458.044,2114.75,25409.0,2349.0,2448.0,42.83302110141619,19.68,1253581.0
2014-09-20 21:00:00,2457.15,2118.5,26347.0,2371.0,2473.0,42.83302110141619,19.68,1253581.0
2014-09-21 21:00:00,2456.2560000000003,2122.25,27285.0,2393.0,2498.0,42.83302110141619,19.68,1253581.0
2014-09-22 21:00:00,2455.362,2126.0,28223.0,2415.0,2523.0,42.83302110141619,19.68,1253581.0
2014-09-23 21:00:00,2454.468,2154.0,20940.0,2437.0,2548.0,42.83302110141619,19.68,1253581.0
2014-09-24 21:00:00,2453.574,2197.0,23605.0,2459.0,2573.0,42.83302110141619,19.68,1253581.0
2014-09-25 21:00:00,2452.6800000000003,2177.0,22919.0,2481.0,2598.0,42.83302110141619,19.68,1253581.0
2014-09-26 21:00:00,2451.786,2187.0,22686.25,2503.0,2623.0,42.83302110141619,19.68,1253581.0
2014-09-27 21:00:00,2450.892,2197.0,22453.5,2525.0,2648.0,42.83302110141619,19.68,1253581.0
2014-09-28 21:00:00,2449.998,2207.0,22220.75,2547.0,2673.0,42.83302110141619,19.68,1253581.0
2014-09-29 21:00:00,2449.1040000000003,2217.0,21988.0,2569.0,2698.0,42.83302110141619,19.68,1253581.0
2014-09-30 21:00:00,2448.21,2195.0,24433.0,2591.0,2723.0,42.83302110141619,19.68,1253581.0
2014-10-01 21:00:00,2449.850967741936,2146.0,28263.0,2613.0,2748.0,42.83302110141619,19.68,1253581.0
2014-10-02 21:00:00,2451.491935483871,2169.0,17676.0,2635.0,2773.0,42.83302110141619,19.68,1253581.0
2014-10-03 21:00:00,2453.1329032258063,2171.75,17084.0,2821.0,2647.0,42.83302110141619,19.68,1253581.0
2014-10-04 21:00:00,2454.773870967742,2174.5,16492.0,2635.0,2522.0,42.83302110141619,19.68,1253581.0
2014-10-05 21:00:00,2456.414838709677,2177.25,15900.0,2507.0,2415.5,42.83302110141619,19.68,1253581.0
2014-10-06 21:00:00,2458.055806451613,2180.0,15308.0,2379.0,2309.0,42.83302110141619,19.68,1253581.0
2014-10-07 21:00:00,2459.696774193548,2195.0,23649.0,2298.0,2039.0,42.83302110141619,19.68,1253581.0
2014-10-08 21:00:00,2461.337741935484,2191.0,29486.0,2191.0,2087.0,42.83302110141619,19.68,1253581.0
2014-10-09 21:00:00,2462.9787096774194,2182.0,25394.0,2084.0,2135.0,42.83302110141619,19.68,1253581.0
2014-10-10 21:00:00,2464.619677419355,2177.25,25183.75,2171.5,2141.5,42.83302110141619,19.68,1253581.0
2014-10-11 21:00:00,2466.2606451612905,2172.5,24973.5,2259.0,2148.0,42.83302110141619,19.68,1253581.0
2014-10-12 21:00:00,2467.9016129032257,2167.75,24763.25,2171.0,2246.0,42.83302110141619,19.68,1253581.0
2014-10-13 21:00:00,2469.5425806451613,2163.0,24553.0,2194.095238095238,2269.0,42.83302110141619,19.68,1253581.0
2014-10-14 21:00:00,2471.183548387097,2133.0,29120.0,2217.190476190476,2292.0,42.83302110141619,19.68,1253581.0
2014-10-15 21:00:00,2472.8245161290324,2119.0,25020.0,2240.285714285714,2315.0,42.83302110141619,19.68,1253581.0
2014-10-16 21:00:00,2474.4654838709675,2142.0,21561.0,2263.3809523809523,2338.0,42.83302110141619,19.68,1253581.0
2014-10-17 21:00:00,2476.106451612903,2140.25,20465.75,2286.4761904761904,2361.0,42.83302110141619,19.68,1253581.0
2014-10-18 21:00:00,2477.7474193548387,2138.5,19370.5,2309.5714285714284,2384.0,42.83302110141619,19.68,1253581.0
2014-10-19 21:00:00,2479.3883870967743,2136.75,18275.25,2332.6666666666665,2407.0,42.83302110141619,19.68,1253581.0
2014-10-20 21:00:00,2481.0293548387094,2135.0,17180.0,2355.7619047619046,2430.0,42.83302110141619,19.68,1253581.0
2014-10-21 21:00:00,2482.670322580645,2152.5,21881.5,2378.8571428571427,2453.0,42.83302110141619,19.68,1253581.0
2014-10-22 21:00:00,2484.3112903225806,2170.0,26583.0,2401.9523809523807,2476.0,42.83302110141619,19.68,1253581.0
2014-10-23 21:00:00,2485.952258064516,2181.0,21234.0,2425.0476190476193,2499.0,42.83302110141619,19.68,1253581.0
2014-10-24 21:00:00,2487.593225806452,2189.0,22118.25,2448.142857142857,2522.0,42.83302110141619,19.68,1253581.0
2014-10-25 21:00:00,2489.234193548387,2197.0,23002.5,2471.2380952380954,2545.0,42.83302110141619,19.68,1253581.0
2014-10-26 21:00:00,2490.8751612903225,2205.0,23886.75,2494.3333333333335,2568.0,42.83302110141619,19.68,1253581.0
2014-10-27 21:00:00,2492.516129032258,2213.0,24771.0,2517.4285714285716,2591.0,42.83302110141619,19.68,1253581.0
2014-10-28 21:00:00,2494.1570967741936,2263.0,31461.0,2540.5238095238096,2614.0,42.83302110141619,19.68,1253581.0
2014-10-29 21:00:00,2495.7980645161288,2280.0,29818.0,2563.6190476190477,2637.0,42.83302110141619,19.68,1253581.0
2014-10-30 21:00:00,2497.4390322580643,2306.0,26889.0,2586.714285714286,2660.0,42.83302110141619,19.68,1253581.0
2014-10-31 21:00:00,2499.08,2306.5,27396.25,2609.809523809524,2683.0,42.83302110141619,19.68,1253581.0
2014-11-01 21:00:00,2500.9846666666667,2307.0,27903.5,2632.904761904762,2706.0,42.83302110141619,19.68,1253581.0
2014-11-02 21:00:00,2502.889333333333,2307.5,28410.75,2656.0,2729.0,42.83302110141619,19.68,1253581.0
2014-11-03 21:00:00,2504.794,2308.0,28918.0,2809.0,2634.0,42.83302110141619,19.68,1253581.0
2014-11-04 21:00:00,2506.6986666666667,2252.0,30326.0,2681.6666666666665,2515.6666666666665,42.83302110141619,19.68,1253581.0
2014-11-05 21:00:00,2508.603333333333,2222.0,28541.0,2554.3333333333335,2397.3333333333335,42.83302110141619,19.68,1253581.0
2014-11-06 21:00:00,2510.508,2196.0,31319.0,2427.0,2279.0,42.83302110141619,19.68,1253581.0
2014-11-07 21:00:00,2512.4126666666666,2213.25,28833.75,2301.5,2212.0,42.83302110141619,19.68,1253581.0
2014-11-08 21:00:00,2514.3173333333334,2230.5,26348.5,2176.0,2145.0,42.83302110141619,19.68,1253581.0
2014-11-09 21:00:00,2516.222,2247.75,23863.25,2101.0,2170.0,42.83302110141619,19.68,1253581.0
2014-11-10 21:00:00,2518.1266666666666,2265.0,21378.0,2166.0,2161.5,42.83302110141619,19.68,1253581.0
2014-11-11 21:00:00,2520.0313333333334,2259.0,23412.0,2231.0,2153.0,42.83302110141619,19.68,1253581.0
2014-11-12 21:00:00,2521.936,2231.0,21178.0,2168.0,2230.0,42.83302110141619,19.68,1253581.0
2014-11-13 21:00:00,2523.8406666666665,2204.0,22479.0,2192.85,2254.05,42.83302110141619,19.68,1253581.0
2014-11-14 21:00:00,2525.7453333333333,2215.75,21858.0,2217.7,2278.1,42.83302110141619,19.68,1253581.0
2014-11-15 21:00:00,2527.65,2227.5,21237.0,2242.55,2302.15,42.83302110141619,19.68,1253581.0
2014-11-16 21:00:00,2529.5546666666664,2239.25,20616.0,2267.4,2326.2,42.83302110141619,19.68,1253581.0
2014-11-17 21:00:00,2531.459333333333,2251.0,19995.0,2292.25,2350.25,42.83302110141619,19.68,1253581.0
2014-11-18 21:00:00,2533.364,2245.0,18344.0,2317.1,2374.3,42.83302110141619,19.68,1253581.0
2014-11-19 21:00:00,2535.2686666666664,2223.0,20123.0,2341.95,2398.35,42.83302110141619,19.68,1253581.0
2014-11-20 21:00:00,2537.173333333333,2235.0,19654.0,2366.8,2422.4,42.83302110141619,19.68,1253581.0
2014-11-21 21:00:00,2539.078,2230.5,21879.5,2391.65,2446.45,42.83302110141619,19.68,1253581.0
2014-11-22 21:00:00,2540.9826666666663,2226.0,24105.0,2416.5,2470.5,42.83302110141619,19.68,1253581.0
2014-11-23 21:00:00,2542.887333333333,2221.5,26330.5,2441.35,2494.55,42.83302110141619,19.68,1253581.0
2014-11-24 21:00:00,2544.792,2217.0,28556.0,2466.2,2518.6,42.83302110141619,19.68,1253581.0
2014-11-25 21:00:00,2546.6966666666667,2240.0,28624.0,2491.05,2542.65,42.83302110141619,19.68,1253581.0
2014-11-26 21:00:00,2548.601333333333,2201.0,13108.0,2515.9,2566.7,42.83302110141619,19.68,1253581.0
2014-11-27 21:00:00,2550.506,2172.0,22381.0,2540.75,2590.75,42.83302110141619,19.68,1253581.0
2014-11-28 21:00:00,2552.4106666666667,2164.5,22898.0,2565.6,2614.8,42.83302110141619,19.68,1253581.0
2014-11-29 21:00:00,2554.315333333333,2157.0,23415.0,2590.45,2638.85,42.83302110141619,19.68,1253581.0
2014-11-30 21:00:00,2556.22,2149.5,23932.0,2615.3,2662.9,42.83302110141619,19.68,1253581.0
2014-12-01 21:00:00,2554.546774193548,2142.0,24449.0,2640.15,2686.95,42.83302110141619,19.68,1253581.0
2014-12-02 21:00:00,2552.8735483870964,2172.0,30745.0,2665.0,2711.0,42.83302110141619,19.68,1253581.0
2014-12-03 21:00:00,2551.2003225806448,2166.0,23257.0,2796.0,2683.0,42.83302110141619,19.68,1253581.0
2014-12-04 21:00:00,2549.527096774193,2172.0,16935.0,2673.3333333333335,2540.3333333333335,42.83302110141619,19.68,1253581.0
2014-12-05 21:00:00,2547.853870967742,2161.5,18398.25,2550.6666666666665,2397.6666666666665,42.83302110141619,19.68,1253581.0
2014-12-06 21:00:00,2546.18064516129,2151.0,19861.5,2428.0,2255.0,42.83302110141619,19.68,1253581.0
2014-12-07 21:00:00,2544.5074193548385,2140.5,21324.75,2280.5,2183.0,42.83302110141619,19.68,1253581.0
2014-12-08 21:00:00,2542.834193548387,2130.0,22788.0,2133.0,2111.0,42.83302110141619,19.68,1253581.0
2014-12-09 21:00:00,2541.160967741935,2175.0,27734.0,2156.6666666666665,2143.6666666666665,42.83302110141619,19.68,1253581.0
2014-12-10 21:00:00,2539.487741935484,2195.0,24376.0,2180.3333333333335,2176.3333333333335,42.83302110141619,19.68,1253581.0
2014-12-11 21:00:00,2537.814516129032,2171.0,22501.0,2204.0,2209.0,42.83302110141619,19.68,1253581.0
2014-12-12 21:00:00,2536.1412903225805,2158.5,22442.0,2206.8571428571427,2213.0476190476193,42.83302110141619,19.68,1253581.0
2014-12-13 21:00:00,2534.468064516129,2146.0,22383.0,2209.714285714286,2217.095238095238,42.83302110141619,19.68,1253581.0
2014-12-14 21:00:00,2532.794838709677,2133.5,22324.0,2212.5714285714284,2221.1428571428573,42.83302110141619,19.68,1253581.0
2014-12-15 21:00:00,2531.121612903225,2121.0,22265.0,2215.4285714285716,2225.190476190476,42.83302110141619,19.68,1253581.0
2014-12-16 21:00:00,2529.4483870967742,2131.0,27230.0,2218.285714285714,2229.2380952380954,42.83302110141619,19.68,1253581.0
2014-12-17 21:00:00,2527.7751612903226,2148.0,27688.0,2221.1428571428573,2233.285714285714,42.83302110141619,19.68,1253581.0
2014-12-18 21:00:00,2526.101935483871,2153.0,20757.0,2224.0,2237.3333333333335,42.83302110141619,19.68,1253581.0
2014-12-19 21:00:00,2524.428709677419,2167.0,20943.25,2226.8571428571427,2241.3809523809523,42.83302110141619,19.68,1253581.0
2014-12-20 21:00:00,2522.7554838709675,2181.0,21129.5,2229.714285714286,2245.4285714285716,42.83302110141619,19.68,1253581.0
2014-12-21 21:00:00,2521.082258064516,2195.0,21315.75,2232.5714285714284,2249.4761904761904,42.83302110141619,19.68,1253581.0
2014-12-22 21:00:00,2519.4090322580646,2209.0,21502.0,2235.4285714285716,2253.5238095238096,42.83302110141619,19.68,1253581.0
2014-12-23 21:00:00,2517.735806451613,2217.0,25109.0,2238.285714285714,2257.5714285714284,42.83302110141619,19.68,1253581.0
2014-12-24 21:00:00,2516.062580645161,2233.5,21977.0,2241.1428571428573,2261.6190476190477,42.83302110141619,19.68,1253581.0
2014-12-25 21:00:00,2514.3893548387096,2250.0,18845.0,2244.0,2265.6666666666665,42.83302110141619,19.68,1253581.0
2014-12-26 21:00:00,2512.716129032258,2258.5,20053.0,2246.8571428571427,2269.714285714286,42.83302110141619,19.68,1253581.0
2014-12-27 21:00:00,2511.042903225806,2267.0,21261.0,2249.714285714286,2273.7619047619046,42.83302110141619,19.68,1253581.0
2014-12-28 21:00:00,2509.369677419355,2275.5,22469.0,2252.5714285714284,2277.809523809524,42.83302110141619,19.68,1253581.0
2014-12-29 21:00:00,2507.6964516129037,2284.0,23677.0,2255.4285714285716,2281.8571428571427,42.83302110141619,19.68,1253581.0
2014-12-30 21:00:00,2506.023225806452,2266.0,13388.0,2258.285714285714,2285.904761904762,42.83302110141619,19.68,1253581.0
2014-12-31 21:00:00,2504.35,2274.5,17128.5,2261.1428571428573,2289.9523809523807,42.83302110141619,19.68,1253581.0
2015-01-01 21:00:00,2506.8635483870967,2283.0,20869.0,2264.0,2294.0,42.83302110141619,19.68,1253581.0
2015-01-02 21:00:00,2509.377096774193,2283.25,22547.0,2239.6666666666665,2262.0,42.83302110141619,19.68,1253581.0
2015-01-03 21:00:00,2511.89064516129,2283.5,24225.0,2215.3333333333335,2230.0,42.83302110141619,19.68,1253581.0
2015-01-04 21:00:00,2514.404193548387,2283.75,25903.0,2191.0,2198.0,42.83302110141619,19.68,1253581.0
2015-01-05 21:00:00,2516.917741935484,2284.0,27581.0,2242.5,2192.5,42.83302110141619,19.68,1253581.0
2015-01-06 21:00:00,2519.4312903225805,2330.0,28665.0,2294.0,2187.0,42.83302110141619,19.68,1253581.0
2015-01-07 21:00:00,2521.944838709677,2369.0,21112.0,2270.0,1995.0,42.83302110141619,19.68,1253581.0
2015-01-08 21:00:00,2524.458387096774,2348.0,23140.0,2151.0,2141.0,42.83302110141619,19.68,1253581.0
2015-01-09 21:00:00,2526.9719354838708,2349.25,25176.75,2032.0,2287.0,42.83302110141619,19.68,1253581.0
2015-01-10 21:00:00,2529.4854838709675,2350.5,27213.5,2415.0,2332.0,42.83302110141619,19.68,1253581.0
2015-01-11 21:00:00,2531.9990322580643,2351.75,29250.25,2389.5,2367.0,42.83302110141619,19.68,1253581.0
2015-01-12 21:00:00,2534.512580645161,2353.0,31287.0,2364.0,2402.0,42.83302110141619,19.68,1253581.0
2015-01-13 21:00:00,2537.026129032258,2344.0,28216.0,2364.0,2389.181818181818,42.83302110141619,19.68,1253581.0
2015-01-14 21:00:00,2539.5396774193546,2368.0,23811.0,2364.0,2376.3636363636365,42.83302110141619,19.68,1253581.0
2015-01-15 21:00:00,2542.053225806452,2312.0,37268.0,2364.0,2363.5454545454545,42.83302110141619,19.68,1253581.0
2015-01-16 21:00:00,2544.566774193549,2314.0,34446.25,2364.0,2350.7272727272725,42.83302110141619,19.68,1253581.0
2015-01-17 21:00:00,2547.0803225806453,2316.0,31624.5,2364.0,2337.909090909091,42.83302110141619,19.68,1253581.0
2015-01-18 21:00:00,2549.593870967742,2318.0,28802.75,2364.0,2325.090909090909,42.83302110141619,19.68,1253581.0
2015-01-19 21:00:00,2552.107419354839,2320.0,25981.0,2364.0,2312.2727272727275,42.83302110141619,19.68,1253581.0
2015-01-20 21:00:00,2554.620967741936,2273.0,32011.0,2364.0,2299.4545454545455,42.83302110141619,19.68,1253581.0
2015-01-21 21:00:00,2557.1345161290324,2246.0,23447.0,2364.0,2286.6363636363635,42.83302110141619,19.68,1253581.0
2015-01-22 21:00:00,2559.648064516129,2230.0,24880.0,2364.0,2273.818181818182,42.83302110141619,19.68,1253581.0
2015-01-23 21:00:00,2562.161612903226,2217.0,24572.0,2364.0,2261.0,42.83302110141619,19.68,1253581.0
2015-01-24 21:00:00,2564.675161290322,2204.0,24264.0,2364.0,2248.181818181818,42.83302110141619,19.68,1253581.0
2015-01-25 21:00:00,2567.1887096774194,2191.0,23956.0,2364.0,2235.3636363636365,42.83302110141619,19.68,1253581.0
2015-01-26 21:00:00,2569.702258064516,2178.0,23648.0,2364.0,2222.5454545454545,42.83302110141619,19.68,1253581.0
2015-01-27 21:00:00,2572.215806451613,2210.0,27417.0,2364.0,2209.7272727272725,42.83302110141619,19.68,1253581.0
2015-01-28 21:00:00,2574.7293548387097,2134.0,33396.0,2364.0,2196.909090909091,42.83302110141619,19.68,1253581.0
2015-01-29 21:00:00,2577.2429032258065,2146.0,31536.0,2364.0,2184.090909090909,42.83302110141619,19.68,1253581.0
2015-01-30 21:00:00,2579.756451612903,2156.6,31318.6,2364.0,2171.2727272727275,42.83302110141619,19.68,1253581.0
2015-01-31 21:00:00,2582.27,2167.2,31101.2,2364.0,2158.4545454545455,42.83302110141619,19.68,1253581.0
2015-02-01 21:00:00,2582.8621428571428,2177.8,30883.8,2364.0,2145.6363636363635,42.83302110141619,19.68,1253581.0
2015-02-02 21:00:00,2583.4542857142856,2188.4,30666.4,2364.0,2132.818181818182,42.83302110141619,19.68,1253581.0
2015-02-03 21:00:00,2584.0464285714284,2199.0,30449.0,2364.0,2120.0,42.83302110141619,19.68,1253581.0
2015-02-04 21:00:00,2584.638571428572,2312.0,43664.0,2233.0,2206.0,42.83302110141619,19.68,1253581.0
2015-02-05 21:00:00,2585.2307142857144,2346.0,35649.0,2276.0,2200.0,42.83302110141619,19.68,1253581.0
2015-02-06 21:00:00,2585.822857142857,2334.25,33569.0,2319.0,2194.0,42.83302110141619,19.68,1253581.0
2015-02-07 21:00:00,2586.415,2322.5,31489.0,2235.0,2014.0,42.83302110141619,19.68,1253581.0
2015-02-08 21:00:00,2587.0071428571428,2310.75,29409.0,2133.0,2158.0,42.83302110141619,19.68,1253581.0
2015-02-09 21:00:00,2587.599285714285,2299.0,27329.0,2031.0,2302.0,42.83302110141619,19.68,1253581.0
2015-02-10 21:00:00,2588.1914285714283,2278.0,25182.0,2195.5,2339.5,42.83302110141619,19.68,1253581.0
2015-02-11 21:00:00,2588.783571428572,2294.0,22282.0,2360.0,2377.0,42.83302110141619,19.68,1253581.0
2015-02-12 21:00:00,2589.3757142857144,2285.0,22662.0,2366.0,2412.0,42.83302110141619,19.68,1253581.0
2015-02-13 21:00:00,2589.967857142857,2285.25,20487.25,2363.0,2399.8333333333335,42.83302110141619,19.68,1253581.0
2015-02-14 21:00:00,2590.56,2285.5,18312.5,2360.0,2387.6666666666665,42.83302110141619,19.68,1253581.0
2015-02-15 21:00:00,2591.1521428571427,2285.75,16137.75,2357.0,2375.5,42.83302110141619,19.68,1253581.0
2015-02-16 21:00:00,2591.744285714285,2286.0,13963.0,2354.0,2363.3333333333335,42.83302110141619,19.68,1253581.0
2015-02-17 21:00:00,2592.3364285714283,2300.0,5751.0,2351.0,2351.1666666666665,42.83302110141619,19.68,1253581.0
2015-02-18 21:00:00,2592.928571428572,2292.8333333333335,8864.833333333334,2348.0,2339.0,42.83302110141619,19.68,1253581.0
2015-02-19 21:00:00,2593.5207142857143,2285.6666666666665,11978.666666666668,2345.0,2326.8333333333335,42.83302110141619,19.68,1253581.0
2015-02-20 21:00:00,2594.112857142857,2278.5,15092.5,2342.0,2314.6666666666665,42.83302110141619,19.68,1253581.0
2015-02-21 21:00:00,2594.705,2271.3333333333335,18206.333333333336,2339.0,2302.5,42.83302110141619,19.68,1253581.0
2015-02-22 21:00:00,2595.2971428571427,2264.1666666666665,21320.166666666668,2336.0,2290.3333333333335,42.83302110141619,19.68,1253581.0
2015-02-23 21:00:00,2595.889285714285,2257.0,24434.0,2333.0,2278.1666666666665,42.83302110141619,19.68,1253581.0
2015-02-24 21:00:00,2596.4814285714283,2248.0,32882.0,2330.0,2266.0,42.83302110141619,19.68,1253581.0
2015-02-25 21:00:00,2597.0735714285715,2276.0,25537.0,2327.0,2253.8333333333335,42.83302110141619,19.68,1253581.0
2015-02-26 21:00:00,2597.6657142857143,2305.0,27578.0,2324.0,2241.6666666666665,42.83302110141619,19.68,1253581.0
2015-02-27 21:00:00,2598.257857142857,2323.25,27752.75,2321.0,2229.5,42.83302110141619,19.68,1253581.0
2015-02-28 21:00:00,2598.85,2341.5,27927.5,2318.0,2217.3333333333335,42.83302110141619,19.68,1253581.0
2015-03-01 21:00:00,2597.9974193548387,2359.75,28102.25,2315.0,2205.1666666666665,42.83302110141619,19.68,1253581.0
2015-03-02 21:00:00,2597.144838709677,2378.0,28277.0,2312.0,2193.0,42.83302110141619,19.68,1253581.0
2015-03-03 21:00:00,2596.292258064516,2364.0,24045.0,2324.0,2128.0,42.83302110141619,19.68,1253581.0
2015-03-04 21:00:00,2595.4396774193547,2324.0,26720.0,2329.6666666666665,2152.3333333333335,42.83302110141619,19.68,1253581.0
2015-03-05 21:00:00,2594.587096774193,2288.0,28604.0,2335.3333333333335,2176.6666666666665,42.83302110141619,19.68,1253581.0
2015-03-06 21:00:00,2593.7345161290323,2275.25,28661.5,2341.0,2201.0,42.83302110141619,19.68,1253581.0
2015-03-07 21:00:00,2592.881935483871,2262.5,28719.0,2189.0,2179.0,42.83302110141619,19.68,1253581.0
2015-03-08 21:00:00,2592.0293548387094,2249.75,28776.5,2037.0,2157.0,42.83302110141619,19.68,1253581.0
2015-03-09 21:00:00,2591.176774193548,2237.0,28834.0,2048.0,2319.0,42.83302110141619,19.68,1253581.0
2015-03-10 21:00:00,2590.324193548387,2276.0,24259.0,2198.0,2380.0,42.83302110141619,19.68,1253581.0
2015-03-11 21:00:00,2589.471612903226,2243.0,23793.0,2348.0,2441.0,42.83302110141619,19.68,1253581.0
2015-03-12 21:00:00,2588.6190322580646,2248.0,18190.0,2436.0,2478.0,42.83302110141619,19.68,1253581.0
2015-03-13 21:00:00,2587.766451612903,2221.0,19901.75,2431.714285714286,2465.0,42.83302110141619,19.68,1253581.0
2015-03-14 21:00:00,2586.913870967742,2194.0,21613.5,2427.4285714285716,2452.0,42.83302110141619,19.68,1253581.0
2015-03-15 21:00:00,2586.0612903225806,2167.0,23325.25,2423.1428571428573,2439.0,42.83302110141619,19.68,1253581.0
2015-03-16 21:00:00,2585.2087096774194,2140.0,25037.0,2418.8571428571427,2426.0,42.83302110141619,19.68,1253581.0
2015-03-17 21:00:00,2584.356129032258,2193.0,30471.0,2414.5714285714284,2413.0,42.83302110141619,19.68,1253581.0
2015-03-18 21:00:00,2583.503548387097,2205.0,28870.0,2410.285714285714,2400.0,42.83302110141619,19.68,1253581.0
2015-03-19 21:00:00,2582.650967741936,2160.0,25089.0,2406.0,2387.0,42.83302110141619,19.68,1253581.0
2015-03-20 21:00:00,2581.798387096774,2159.0,25742.0,2401.714285714286,2374.0,42.83302110141619,19.68,1253581.0
2015-03-21 21:00:00,2580.945806451613,2158.0,26395.0,2397.4285714285716,2361.0,42.83302110141619,19.68,1253581.0
2015-03-22 21:00:00,2580.093225806452,2157.0,27048.0,2393.1428571428573,2348.0,42.83302110141619,19.68,1253581.0
2015-03-23 21:00:00,2579.2406451612906,2156.0,27701.0,2388.8571428571427,2335.0,42.83302110141619,19.68,1253581.0
2015-03-24 21:00:00,2578.388064516129,2167.0,20931.0,2384.5714285714284,2322.0,42.83302110141619,19.68,1253581.0
2015-03-25 21:00:00,2577.535483870968,2192.0,25481.0,2380.285714285714,2309.0,42.83302110141619,19.68,1253581.0
2015-03-26 21:00:00,2576.6829032258065,2169.0,25367.0,2376.0,2296.0,42.83302110141619,19.68,1253581.0
2015-03-27 21:00:00,2575.8303225806453,2168.0,24096.25,2371.714285714286,2283.0,42.83302110141619,19.68,1253581.0
2015-03-28 21:00:00,2574.977741935484,2167.0,22825.5,2367.4285714285716,2270.0,42.83302110141619,19.68,1253581.0
2015-03-29 21:00:00,2574.1251612903225,2166.0,21554.75,2363.1428571428573,2257.0,42.83302110141619,19.68,1253581.0
2015-03-30 21:00:00,2573.2725806451613,2165.0,20284.0,2358.8571428571427,2244.0,42.83302110141619,19.68,1253581.0
2015-03-31 21:00:00,2572.42,2154.0,17119.0,2354.5714285714284,2231.0,42.83302110141619,19.68,1253581.0
2015-04-01 21:00:00,2569.413666666667,2166.0,15223.0,2350.285714285714,2218.0,42.83302110141619,19.68,1253581.0
2015-04-02 21:00:00,2566.4073333333336,2191.0,12083.0,2346.0,2205.0,42.83302110141619,19.68,1253581.0
2015-04-03 21:00:00,2563.401,2195.0,14839.25,2288.0,2148.0,42.83302110141619,19.68,1253581.0
2015-04-04 21:00:00,2560.3946666666666,2199.0,17595.5,2235.5,2220.0,42.83302110141619,19.68,1253581.0
2015-04-05 21:00:00,2557.3883333333333,2203.0,20351.75,2183.0,2292.0,42.83302110141619,19.68,1253581.0
2015-04-06 21:00:00,2554.382,2207.0,23108.0,2333.0,2193.0,42.83302110141619,19.68,1253581.0
2015-04-07 21:00:00,2551.375666666667,2166.0,26849.0,2189.0,2163.5,42.83302110141619,19.68,1253581.0
2015-04-08 21:00:00,2548.369333333333,2120.0,29918.0,2045.0,2134.0,42.83302110141619,19.68,1253581.0
2015-04-09 21:00:00,2545.3630000000003,2128.0,27645.0,2137.3333333333335,2199.6666666666665,42.83302110141619,19.68,1253581.0
2015-04-10 21:00:00,2542.3566666666666,2133.0,28402.25,2229.6666666666665,2265.3333333333335,42.83302110141619,19.68,1253581.0
2015-04-11 21:00:00,2539.3503333333333,2138.0,29159.5,2322.0,2331.0,42.83302110141619,19.68,1253581.0
2015-04-12 21:00:00,2536.344,2143.0,29916.75,2322.4,2328.7,42.83302110141619,19.68,1253581.0
2015-04-13 21:00:00,2533.337666666667,2148.0,30674.0,2322.8,2326.4,42.83302110141619,19.68,1253581.0
2015-04-14 21:00:00,2530.331333333333,2160.0,20257.0,2323.2,2324.1,42.83302110141619,19.68,1253581.0
2015-04-15 21:00:00,2527.325,2146.0,21772.0,2323.6,2321.8,42.83302110141619,19.68,1253581.0
2015-04-16 21:00:00,2524.3186666666666,2148.0,20614.0,2324.0,2319.5,42.83302110141619,19.68,1253581.0
2015-04-17 21:00:00,2521.3123333333333,2154.25,21695.25,2324.4,2317.2,42.83302110141619,19.68,1253581.0
2015-04-18 21:00:00,2518.306,2160.5,22776.5,2324.8,2314.9,42.83302110141619,19.68,1253581.0
2015-04-19 21:00:00,2515.299666666667,2166.75,23857.75,2325.2,2312.6,42.83302110141619,19.68,1253581.0
2015-04-20 21:00:00,2512.293333333333,2173.0,24939.0,2325.6,2310.3,42.83302110141619,19.68,1253581.0
2015-04-21 21:00:00,2509.2870000000003,2160.0,29798.0,2326.0,2308.0,42.83302110141619,19.68,1253581.0
2015-04-22 21:00:00,2506.2806666666665,2158.0,25045.0,2326.4,2305.7,42.83302110141619,19.68,1253581.0
2015-04-23 21:00:00,2503.2743333333333,2154.0,27461.0,2326.8,2303.4,42.83302110141619,19.68,1253581.0
2015-04-24 21:00:00,2500.268,2138.75,29870.75,2327.2,2301.1,42.83302110141619,19.68,1253581.0
2015-04-25 21:00:00,2497.2616666666668,2123.5,32280.5,2327.6,2298.8,42.83302110141619,19.68,1253581.0
2015-04-26 21:00:00,2494.255333333333,2108.25,34690.25,2328.0,2296.5,42.83302110141619,19.68,1253581.0
2015-04-27 21:00:00,2491.249,2093.0,37100.0,2328.4,2294.2,42.83302110141619,19.68,1253581.0
2015-04-28 21:00:00,2488.2426666666665,2082.0,22439.0,2328.8,2291.9,42.83302110141619,19.68,1253581.0
2015-04-29 21:00:00,2485.2363333333333,2102.0,14245.0,2329.2,2289.6,42.83302110141619,19.68,1253581.0
2015-04-30 21:00:00,2482.23,2113.0,17137.6,2329.6,2287.3,42.83302110141619,19.68,1253581.0
2015-05-01 21:00:00,2483.214838709677,2124.0,20030.2,2330.0,2285.0,42.83302110141619,19.68,1253581.0
2015-05-02 21:00:00,2484.199677419355,2135.0,22922.8,2317.0,2160.0,42.83302110141619,19.68,1253581.0
2015-05-03 21:00:00,2485.184516129032,2146.0,25815.4,2271.0,2160.0,42.83302110141619,19.68,1253581.0
2015-05-04 21:00:00,2486.1693548387098,2157.0,28708.0,2222.0,2218.0,42.83302110141619,19.68,1253581.0
2015-05-05 21:00:00,2487.154193548387,2183.0,24389.0,2173.0,2276.0,42.83302110141619,19.68,1253581.0
2015-05-06 21:00:00,2488.1390322580646,2173.0,15702.0,2129.3333333333335,2233.3333333333335,42.83302110141619,19.68,1253581.0
2015-05-07 21:00:00,2489.123870967742,2162.0,17931.0,2085.6666666666665,2190.6666666666665,42.83302110141619,19.68,1253581.0
2015-05-08 21:00:00,2490.1087096774195,2177.75,19474.75,2042.0,2148.0,42.83302110141619,19.68,1253581.0
2015-05-09 21:00:00,2491.0935483870967,2193.5,21018.5,2180.5,2218.5,42.83302110141619,19.68,1253581.0
2015-05-10 21:00:00,2492.0783870967743,2209.25,22562.25,2319.0,2289.0,42.83302110141619,19.68,1253581.0
2015-05-11 21:00:00,2493.063225806452,2225.0,24106.0,2382.0,2403.0,42.83302110141619,19.68,1253581.0
2015-05-12 21:00:00,2494.048064516129,2198.0,19749.0,2381.3809523809523,2397.4285714285716,42.83302110141619,19.68,1253581.0
2015-05-13 21:00:00,2495.0329032258064,2206.0,21273.0,2380.7619047619046,2391.8571428571427,42.83302110141619,19.68,1253581.0
2015-05-14 21:00:00,2496.017741935484,2188.0,16045.0,2380.1428571428573,2386.285714285714,42.83302110141619,19.68,1253581.0
2015-05-15 21:00:00,2497.0025806451613,2180.5,16188.25,2379.5238095238096,2380.714285714286,42.83302110141619,19.68,1253581.0
2015-05-16 21:00:00,2497.987419354839,2173.0,16331.5,2378.904761904762,2375.1428571428573,42.83302110141619,19.68,1253581.0
2015-05-17 21:00:00,2498.972258064516,2165.5,16474.75,2378.285714285714,2369.5714285714284,42.83302110141619,19.68,1253581.0
2015-05-18 21:00:00,2499.957096774194,2158.0,16618.0,2377.6666666666665,2364.0,42.83302110141619,19.68,1253581.0
2015-05-19 21:00:00,2500.941935483871,2142.0,22791.0,2377.0476190476193,2358.4285714285716,42.83302110141619,19.68,1253581.0
2015-05-20 21:00:00,2501.9267741935487,2158.0,21908.0,2376.4285714285716,2352.8571428571427,42.83302110141619,19.68,1253581.0
2015-05-21 21:00:00,2502.911612903226,2135.0,17288.0,2375.809523809524,2347.285714285714,42.83302110141619,19.68,1253581.0
2015-05-22 21:00:00,2503.8964516129035,2147.5,18166.25,2375.190476190476,2341.714285714286,42.83302110141619,19.68,1253581.0
2015-05-23 21:00:00,2504.8812903225808,2160.0,19044.5,2374.5714285714284,2336.1428571428573,42.83302110141619,19.68,1253581.0
2015-05-24 21:00:00,2505.8661290322584,2172.5,19922.75,2373.9523809523807,2330.5714285714284,42.83302110141619,19.68,1253581.0
2015-05-25 21:00:00,2506.850967741936,2185.0,20801.0,2373.3333333333335,2325.0,42.83302110141619,19.68,1253581.0
2015-05-26 21:00:00,2507.8358064516133,2178.0,14864.0,2372.714285714286,2319.4285714285716,42.83302110141619,19.68,1253581.0
2015-05-27 21:00:00,2508.8206451612905,2208.0,22760.0,2372.095238095238,2313.8571428571427,42.83302110141619,19.68,1253581.0
2015-05-28 21:00:00,2509.805483870968,2216.0,15251.0,2371.4761904761904,2308.285714285714,42.83302110141619,19.68,1253581.0
2015-05-29 21:00:00,2510.7903225806454,2240.75,16917.0,2370.8571428571427,2302.714285714286,42.83302110141619,19.68,1253581.0
2015-05-30 21:00:00,2511.775161290323,2265.5,18583.0,2370.2380952380954,2297.1428571428573,42.83302110141619,19.68,1253581.0
2015-05-31 21:00:00,2512.76,2290.25,20249.0,2369.6190476190477,2291.5714285714284,42.83302110141619,19.68,1253581.0
2015-06-01 21:00:00,2516.9833333333336,2315.0,21915.0,2369.0,2286.0,42.83302110141619,19.68,1253581.0
2015-06-02 21:00:00,2521.206666666667,2294.0,21626.0,2301.3333333333335,2253.3333333333335,42.83302110141619,19.68,1253581.0
2015-06-03 21:00:00,2525.4300000000003,2319.0,18885.0,2233.6666666666665,2220.6666666666665,42.83302110141619,19.68,1253581.0
2015-06-04 21:00:00,2529.6533333333336,2341.0,24722.0,2166.0,2188.0,42.83302110141619,19.68,1253581.0
2015-06-05 21:00:00,2533.876666666667,2335.0,24137.0,2162.0,2291.0,42.83302110141619,19.68,1253581.0
2015-06-06 21:00:00,2538.1000000000004,2329.0,23552.0,2156.0,2159.0,42.83302110141619,19.68,1253581.0
2015-06-07 21:00:00,2542.3233333333337,2323.0,22967.0,2150.0,2027.0,42.83302110141619,19.68,1253581.0
2015-06-08 21:00:00,2546.5466666666666,2317.0,22382.0,2029.0,2128.0,42.83302110141619,19.68,1253581.0
2015-06-09 21:00:00,2550.77,2291.0,18090.0,2152.5,2210.5,42.83302110141619,19.68,1253581.0
2015-06-10 21:00:00,2554.9933333333333,2292.0,16382.0,2276.0,2293.0,42.83302110141619,19.68,1253581.0
2015-06-11 21:00:00,2559.2166666666667,2276.0,27808.0,2279.4285714285716,2293.3333333333335,42.83302110141619,19.68,1253581.0
2015-06-12 21:00:00,2563.44,2279.75,25326.75,2282.8571428571427,2293.6666666666665,42.83302110141619,19.68,1253581.0
2015-06-13 21:00:00,2567.6633333333334,2283.5,22845.5,2286.285714285714,2294.0,42.83302110141619,19.68,1253581.0
2015-06-14 21:00:00,2571.8866666666668,2287.25,20364.25,2289.714285714286,2294.3333333333335,42.83302110141619,19.68,1253581.0
2015-06-15 21:00:00,2576.11,2291.0,17883.0,2293.1428571428573,2294.6666666666665,42.83302110141619,19.68,1253581.0
2015-06-16 21:00:00,2580.333333333333,2291.0,20748.0,2296.5714285714284,2295.0,42.83302110141619,19.68,1253581.0
2015-06-17 21:00:00,2584.556666666667,2237.0,28100.0,2300.0,2295.3333333333335,42.83302110141619,19.68,1253581.0
2015-06-18 21:00:00,2588.78,2237.0,18796.0,2303.4285714285716,2295.6666666666665,42.83302110141619,19.68,1253581.0
2015-06-19 21:00:00,2593.0033333333336,2233.0,17900.5,2306.8571428571427,2296.0,42.83302110141619,19.68,1253581.0
2015-06-20 21:00:00,2597.226666666667,2229.0,17005.0,2310.285714285714,2296.3333333333335,42.83302110141619,19.68,1253581.0
2015-06-21 21:00:00,2601.4500000000003,2225.0,16109.5,2313.714285714286,2296.6666666666665,42.83302110141619,19.68,1253581.0
2015-06-22 21:00:00,2605.6733333333336,2221.0,15214.0,2317.1428571428573,2297.0,42.83302110141619,19.68,1253581.0
2015-06-23 21:00:00,2609.8966666666665,2270.0,21636.0,2320.5714285714284,2297.3333333333335,42.83302110141619,19.68,1253581.0
2015-06-24 21:00:00,2614.12,2264.0,16153.0,2324.0,2297.6666666666665,42.83302110141619,19.68,1253581.0
2015-06-25 21:00:00,2618.343333333333,2278.0,11358.0,2327.4285714285716,2298.0,42.83302110141619,19.68,1253581.0
2015-06-26 21:00:00,2622.5666666666666,2265.75,15052.75,2330.8571428571427,2298.3333333333335,42.83302110141619,19.68,1253581.0
2015-06-27 21:00:00,2626.79,2253.5,18747.5,2334.285714285714,2298.6666666666665,42.83302110141619,19.68,1253581.0
2015-06-28 21:00:00,2631.0133333333333,2241.25,22442.25,2337.714285714286,2299.0,42.83302110141619,19.68,1253581.0
2015-06-29 21:00:00,2635.2366666666667,2229.0,26137.0,2341.1428571428573,2299.3333333333335,42.83302110141619,19.68,1253581.0
2015-06-30 21:00:00,2639.46,2267.0,19719.0,2344.5714285714284,2299.6666666666665,42.83302110141619,19.68,1253581.0
2015-07-01 21:00:00,2637.711935483871,2267.0,21995.0,2348.0,2300.0,42.83302110141619,19.68,1253581.0
2015-07-02 21:00:00,2635.963870967742,2270.0,15479.0,2272.0,2252.6666666666665,42.83302110141619,19.68,1253581.0
2015-07-03 21:00:00,2634.215806451613,2254.75,16363.25,2196.0,2205.3333333333335,42.83302110141619,19.68,1253581.0
2015-07-04 21:00:00,2632.467741935484,2239.5,17247.5,2120.0,2158.0,42.83302110141619,19.68,1253581.0
2015-07-05 21:00:00,2630.719677419355,2224.25,18131.75,2195.0,2291.0,42.83302110141619,19.68,1253581.0
2015-07-06 21:00:00,2628.971612903226,2209.0,19016.0,2191.0,2175.5,42.83302110141619,19.68,1253581.0
2015-07-07 21:00:00,2627.223548387097,2150.0,28212.0,2187.0,2060.0,42.83302110141619,19.68,1253581.0
2015-07-08 21:00:00,2625.475483870968,2187.0,21628.0,2150.0,2213.5,42.83302110141619,19.68,1253581.0
2015-07-09 21:00:00,2623.7274193548387,2194.0,20335.0,2113.0,2367.0,42.83302110141619,19.68,1253581.0
2015-07-10 21:00:00,2621.9793548387097,2195.75,19944.5,2217.0,2318.0,42.83302110141619,19.68,1253581.0
2015-07-11 21:00:00,2620.2312903225807,2197.5,19554.0,2300.5,2386.5,42.83302110141619,19.68,1253581.0
2015-07-12 21:00:00,2618.483225806452,2199.25,19163.5,2384.0,2455.0,42.83302110141619,19.68,1253581.0
2015-07-13 21:00:00,2616.7351612903226,2201.0,18773.0,2382.95,2445.1,42.83302110141619,19.68,1253581.0
2015-07-14 21:00:00,2614.9870967741936,2193.0,14959.0,2381.9,2435.2,42.83302110141619,19.68,1253581.0
2015-07-15 21:00:00,2613.2390322580645,2191.0,6955.0,2380.85,2425.3,42.83302110141619,19.68,1253581.0
2015-07-16 21:00:00,2611.4909677419355,2196.4,9198.6,2379.8,2415.4,42.83302110141619,19.68,1253581.0
2015-07-17 21:00:00,2609.7429032258065,2201.8,11442.2,2378.75,2405.5,42.83302110141619,19.68,1253581.0
2015-07-18 21:00:00,2607.9948387096774,2207.2,13685.8,2377.7,2395.6,42.83302110141619,19.68,1253581.0
2015-07-19 21:00:00,2606.2467741935484,2212.6,15929.4,2376.65,2385.7,42.83302110141619,19.68,1253581.0
2015-07-20 21:00:00,2604.49870967742,2218.0,18173.0,2375.6,2375.8,42.83302110141619,19.68,1253581.0
2015-07-21 21:00:00,2602.7506451612903,2205.0,17761.0,2374.55,2365.9,42.83302110141619,19.68,1253581.0
2015-07-22 21:00:00,2601.0025806451613,2189.0,14355.0,2373.5,2356.0,42.83302110141619,19.68,1253581.0
2015-07-23 21:00:00,2599.2545161290323,2178.0,11364.0,2372.45,2346.1,42.83302110141619,19.68,1253581.0
2015-07-24 21:00:00,2597.506451612903,2166.25,12623.25,2371.4,2336.2,42.83302110141619,19.68,1253581.0
2015-07-25 21:00:00,2595.758387096774,2154.5,13882.5,2370.35,2326.3,42.83302110141619,19.68,1253581.0
2015-07-26 21:00:00,2594.010322580645,2142.75,15141.75,2369.3,2316.4,42.83302110141619,19.68,1253581.0
2015-07-27 21:00:00,2592.262258064516,2131.0,16401.0,2368.25,2306.5,42.83302110141619,19.68,1253581.0
2015-07-28 21:00:00,2590.514193548387,2111.0,24661.0,2367.2,2296.6,42.83302110141619,19.68,1253581.0
2015-07-29 21:00:00,2588.766129032258,2124.0,21727.0,2366.15,2286.7,42.83302110141619,19.68,1253581.0
2015-07-30 21:00:00,2587.018064516129,2120.0,17250.0,2365.1,2276.8,42.83302110141619,19.68,1253581.0
2015-07-31 21:00:00,2585.27,2105.5,19410.25,2364.05,2266.9,42.83302110141619,19.68,1253581.0
2015-08-01 21:00:00,2580.6370967741937,2091.0,21570.5,2363.0,2257.0,42.83302110141619,19.68,1253581.0
2015-08-02 21:00:00,2576.004193548387,2076.5,23730.75,2284.6666666666665,2218.6666666666665,42.83302110141619,19.68,1253581.0
2015-08-03 21:00:00,2571.3712903225805,2062.0,25891.0,2206.3333333333335,2180.3333333333335,42.83302110141619,19.68,1253581.0
2015-08-04 21:00:00,2566.738387096774,2037.0,20255.0,2128.0,2142.0,42.83302110141619,19.68,1253581.0
2015-08-05 21:00:00,2562.105483870968,2045.0,22632.0,2209.5,2166.5,42.83302110141619,19.68,1253581.0
2015-08-06 21:00:00,2557.472580645161,2042.0,15841.0,2291.0,2191.0,42.83302110141619,19.68,1253581.0
2015-08-07 21:00:00,2552.8396774193548,2041.5,16578.5,2194.0,2035.0,42.83302110141619,19.68,1253581.0
2015-08-08 21:00:00,2548.2067741935484,2041.0,17316.0,2175.5,2203.0,42.83302110141619,19.68,1253581.0
2015-08-09 21:00:00,2543.573870967742,2040.5,18053.5,2157.0,2371.0,42.83302110141619,19.68,1253581.0
2015-08-10 21:00:00,2538.9409677419358,2040.0,18791.0,2257.0,2299.0,42.83302110141619,19.68,1253581.0
2015-08-11 21:00:00,2534.308064516129,1995.0,27206.0,2317.0,2360.5,42.83302110141619,19.68,1253581.0
2015-08-12 21:00:00,2529.675161290322,2014.0,18843.0,2377.0,2422.0,42.83302110141619,19.68,1253581.0
2015-08-13 21:00:00,2525.0422580645163,2027.0,23902.0,2372.285714285714,2409.3333333333335,42.83302110141619,19.68,1253581.0
2015-08-14 21:00:00,2520.409354838709,2035.25,23638.75,2367.5714285714284,2396.6666666666665,42.83302110141619,19.68,1253581.0
2015-08-15 21:00:00,2515.776451612903,2043.5,23375.5,2362.8571428571427,2384.0,42.83302110141619,19.68,1253581.0
2015-08-16 21:00:00,2511.143548387097,2051.75,23112.25,2358.1428571428573,2371.3333333333335,42.83302110141619,19.68,1253581.0
2015-08-17 21:00:00,2506.5106451612905,2060.0,22849.0,2353.4285714285716,2358.6666666666665,42.83302110141619,19.68,1253581.0
2015-08-18 21:00:00,2501.877741935484,2035.0,21075.0,2348.714285714286,2346.0,42.83302110141619,19.68,1253581.0
2015-08-19 21:00:00,2497.2448387096774,1997.0,31996.0,2344.0,2333.3333333333335,42.83302110141619,19.68,1253581.0
2015-08-20 21:00:00,2492.611935483871,1986.0,25661.0,2339.285714285714,2320.6666666666665,42.83302110141619,19.68,1253581.0
2015-08-21 21:00:00,2487.9790322580648,1966.0,29191.5,2334.5714285714284,2308.0,42.83302110141619,19.68,1253581.0
2015-08-22 21:00:00,2483.346129032258,1946.0,32722.0,2329.8571428571427,2295.3333333333335,42.83302110141619,19.68,1253581.0
2015-08-23 21:00:00,2478.713225806452,1926.0,36252.5,2325.1428571428573,2282.6666666666665,42.83302110141619,19.68,1253581.0
2015-08-24 21:00:00,2474.0803225806453,1906.0,39783.0,2320.4285714285716,2270.0,42.83302110141619,19.68,1253581.0
2015-08-25 21:00:00,2469.447419354839,1867.0,27164.0,2315.714285714286,2257.3333333333335,42.83302110141619,19.68,1253581.0
2015-08-26 21:00:00,2464.814516129032,1925.0,31797.0,2311.0,2244.6666666666665,42.83302110141619,19.68,1253581.0
2015-08-27 21:00:00,2460.181612903226,1991.0,24695.0,2306.285714285714,2232.0,42.83302110141619,19.68,1253581.0
2015-08-28 21:00:00,2455.5487096774195,1996.5,26152.5,2301.5714285714284,2219.3333333333335,42.83302110141619,19.68,1253581.0
2015-08-29 21:00:00,2450.915806451613,2002.0,27610.0,2296.8571428571427,2206.6666666666665,42.83302110141619,19.68,1253581.0
2015-08-30 21:00:00,2446.2829032258064,2007.5,29067.5,2292.1428571428573,2194.0,42.83302110141619,19.68,1253581.0
2015-08-31 21:00:00,2441.65,2013.0,30525.0,2287.4285714285716,2181.3333333333335,42.83302110141619,19.68,1253581.0
2015-09-01 21:00:00,2446.2346666666667,1989.0,29509.0,2282.714285714286,2168.6666666666665,42.83302110141619,19.68,1253581.0
2015-09-02 21:00:00,2450.8193333333334,2032.0,21934.0,2278.0,2156.0,42.83302110141619,19.68,1253581.0
2015-09-03 21:00:00,2455.404,2031.0,19806.0,2276.0,2146.0,42.83302110141619,19.68,1253581.0
2015-09-04 21:00:00,2459.988666666666,2046.25,19534.0,2131.0,2158.0,42.83302110141619,19.68,1253581.0
2015-09-05 21:00:00,2464.5733333333333,2061.5,19262.0,2211.5,2188.0,42.83302110141619,19.68,1253581.0
2015-09-06 21:00:00,2469.158,2076.75,18990.0,2292.0,2218.0,42.83302110141619,19.68,1253581.0
2015-09-07 21:00:00,2473.7426666666665,2092.0,18718.0,2198.0,1997.0,42.83302110141619,19.68,1253581.0
2015-09-08 21:00:00,2478.3273333333336,2113.0,20653.0,2166.0,2162.5,42.83302110141619,19.68,1253581.0
2015-09-09 21:00:00,2482.9120000000003,2157.0,24362.0,2134.0,2328.0,42.83302110141619,19.68,1253581.0
2015-09-10 21:00:00,2487.496666666667,2134.0,22829.0,2236.3333333333335,2372.0,42.83302110141619,19.68,1253581.0
2015-09-11 21:00:00,2492.081333333333,2137.5,22556.0,2338.6666666666665,2416.0,42.83302110141619,19.68,1253581.0
2015-09-12 21:00:00,2496.666,2141.0,22283.0,2441.0,2460.0,42.83302110141619,19.68,1253581.0
2015-09-13 21:00:00,2501.250666666667,2144.5,22010.0,2433.65,2445.35,42.83302110141619,19.68,1253581.0
2015-09-14 21:00:00,2505.835333333333,2148.0,21737.0,2426.3,2430.7,42.83302110141619,19.68,1253581.0
2015-09-15 21:00:00,2510.42,2138.0,26947.5,2418.95,2416.05,42.83302110141619,19.68,1253581.0
2015-09-16 21:00:00,2515.0046666666667,2128.0,32158.0,2411.6,2401.4,42.83302110141619,19.68,1253581.0
2015-09-17 21:00:00,2519.5893333333333,2103.0,27327.0,2404.25,2386.75,42.83302110141619,19.68,1253581.0
2015-09-18 21:00:00,2524.174,2123.0,27903.75,2396.9,2372.1,42.83302110141619,19.68,1253581.0
2015-09-19 21:00:00,2528.7586666666666,2143.0,28480.5,2389.55,2357.45,42.83302110141619,19.68,1253581.0
2015-09-20 21:00:00,2533.343333333333,2163.0,29057.25,2382.2,2342.8,42.83302110141619,19.68,1253581.0
2015-09-21 21:00:00,2537.928,2183.0,29634.0,2374.85,2328.15,42.83302110141619,19.68,1253581.0
2015-09-22 21:00:00,2542.5126666666665,2240.0,30102.0,2367.5,2313.5,42.83302110141619,19.68,1253581.0
2015-09-23 21:00:00,2547.0973333333336,2291.0,30376.0,2360.15,2298.85,42.83302110141619,19.68,1253581.0
2015-09-24 21:00:00,2551.682,2342.0,30650.0,2352.8,2284.2,42.83302110141619,19.68,1253581.0
2015-09-25 21:00:00,2556.266666666667,2369.25,33094.5,2345.45,2269.55,42.83302110141619,19.68,1253581.0
2015-09-26 21:00:00,2560.851333333333,2396.5,35539.0,2338.1,2254.9,42.83302110141619,19.68,1253581.0
2015-09-27 21:00:00,2565.436,2423.75,37983.5,2330.75,2240.25,42.83302110141619,19.68,1253581.0
2015-09-28 21:00:00,2570.020666666667,2451.0,40428.0,2323.4,2225.6,42.83302110141619,19.68,1253581.0
2015-09-29 21:00:00,2574.6053333333334,2375.0,33744.0,2316.05,2210.95,42.83302110141619,19.68,1253581.0
2015-09-30 21:00:00,2579.19,2414.0,38753.0,2308.7,2196.3,42.83302110141619,19.68,1253581.0
2015-10-01 21:00:00,2583.743548387097,2387.0,25985.0,2301.35,2181.65,42.83302110141619,19.68,1253581.0
2015-10-02 21:00:00,2588.297096774193,2383.25,26889.0,2294.0,2167.0,42.83302110141619,19.68,1253581.0
2015-10-03 21:00:00,2592.8506451612902,2379.5,27793.0,2243.0,2148.0,42.83302110141619,19.68,1253581.0
2015-10-04 21:00:00,2597.404193548387,2375.75,28697.0,2254.0,2167.0,42.83302110141619,19.68,1253581.0
2015-10-05 21:00:00,2601.957741935484,2372.0,29601.0,2265.0,2186.0,42.83302110141619,19.68,1253581.0
2015-10-06 21:00:00,2606.511290322581,2319.0,29713.0,2276.0,2205.0,42.83302110141619,19.68,1253581.0
2015-10-07 21:00:00,2611.0648387096776,2276.0,31142.0,2135.5,2154.0,42.83302110141619,19.68,1253581.0
2015-10-08 21:00:00,2615.6183870967743,2217.0,41189.0,1995.0,2103.0,42.83302110141619,19.68,1253581.0
2015-10-09 21:00:00,2620.171935483871,2242.75,39127.5,2192.0,2322.0,42.83302110141619,19.68,1253581.0
2015-10-10 21:00:00,2624.725483870968,2268.5,37066.0,2262.0,2362.0,42.83302110141619,19.68,1253581.0
2015-10-11 21:00:00,2629.2790322580645,2294.25,35004.5,2332.0,2402.0,42.83302110141619,19.68,1253581.0
2015-10-12 21:00:00,2633.832580645161,2320.0,32943.0,2404.0,2475.0,42.83302110141619,19.68,1253581.0
2015-10-13 21:00:00,2638.386129032258,2303.5,29657.5,2398.3333333333335,2461.5238095238096,42.83302110141619,19.68,1253581.0
2015-10-14 21:00:00,2642.9396774193547,2287.0,26372.0,2392.6666666666665,2448.0476190476193,42.83302110141619,19.68,1253581.0
2015-10-15 21:00:00,2647.4932258064514,2302.0,24322.0,2387.0,2434.5714285714284,42.83302110141619,19.68,1253581.0
2015-10-16 21:00:00,2652.046774193549,2306.25,25438.75,2381.3333333333335,2421.095238095238,42.83302110141619,19.68,1253581.0
2015-10-17 21:00:00,2656.6003225806453,2310.5,26555.5,2375.6666666666665,2407.6190476190477,42.83302110141619,19.68,1253581.0
2015-10-18 21:00:00,2661.153870967742,2314.75,27672.25,2370.0,2394.1428571428573,42.83302110141619,19.68,1253581.0
2015-10-19 21:00:00,2665.7074193548387,2319.0,28789.0,2364.3333333333335,2380.6666666666665,42.83302110141619,19.68,1253581.0
2015-10-20 21:00:00,2670.2609677419355,2367.0,27138.0,2358.6666666666665,2367.190476190476,42.83302110141619,19.68,1253581.0
2015-10-21 21:00:00,2674.814516129032,2371.0,22876.0,2353.0,2353.714285714286,42.83302110141619,19.68,1253581.0
2015-10-22 21:00:00,2679.368064516129,2328.0,21334.0,2347.3333333333335,2340.2380952380954,42.83302110141619,19.68,1253581.0
2015-10-23 21:00:00,2683.9216129032257,2326.5,22029.5,2341.6666666666665,2326.7619047619046,42.83302110141619,19.68,1253581.0
2015-10-24 21:00:00,2688.4751612903224,2325.0,22725.0,2336.0,2313.285714285714,42.83302110141619,19.68,1253581.0
2015-10-25 21:00:00,2693.028709677419,2323.5,23420.5,2330.3333333333335,2299.809523809524,42.83302110141619,19.68,1253581.0
2015-10-26 21:00:00,2697.5822580645163,2322.0,24116.0,2324.6666666666665,2286.3333333333335,42.83302110141619,19.68,1253581.0
2015-10-27 21:00:00,2702.135806451613,2341.0,31975.0,2319.0,2272.8571428571427,42.83302110141619,19.68,1253581.0
2015-10-28 21:00:00,2706.6893548387097,2370.0,27756.0,2313.3333333333335,2259.3809523809523,42.83302110141619,19.68,1253581.0
2015-10-29 21:00:00,2711.2429032258065,2363.0,29658.0,2307.6666666666665,2245.904761904762,42.83302110141619,19.68,1253581.0
2015-10-30 21:00:00,2715.796451612903,2349.75,28774.75,2302.0,2232.4285714285716,42.83302110141619,19.68,1253581.0
2015-10-31 21:00:00,2720.35,2336.5,27891.5,2296.3333333333335,2218.9523809523807,42.83302110141619,19.68,1253581.0
2015-11-01 21:00:00,2717.214,2323.25,27008.25,2290.6666666666665,2205.4761904761904,42.83302110141619,19.68,1253581.0
2015-11-02 21:00:00,2714.078,2310.0,26125.0,2285.0,2192.0,42.83302110141619,19.68,1253581.0
2015-11-03 21:00:00,2710.942,2360.0,31365.0,2248.0,2173.0,42.83302110141619,19.68,1253581.0
2015-11-04 21:00:00,2707.806,2348.0,28772.0,2223.0,2205.0,42.83302110141619,19.68,1253581.0
2015-11-05 21:00:00,2704.67,2322.0,23208.0,2198.0,2237.0,42.83302110141619,19.68,1253581.0
2015-11-06 21:00:00,2701.534,2323.6,23809.4,2265.0,2189.0,42.83302110141619,19.68,1253581.0
2015-11-07 21:00:00,2698.398,2325.2,24410.8,2139.5,2186.0,42.83302110141619,19.68,1253581.0
2015-11-08 21:00:00,2695.262,2326.8,25012.2,2014.0,2183.0,42.83302110141619,19.68,1253581.0
2015-11-09 21:00:00,2692.126,2328.4,25613.6,2105.6666666666665,2278.0,42.83302110141619,19.68,1253581.0
2015-11-10 21:00:00,2688.99,2330.0,26215.0,2197.3333333333335,2373.0,42.83302110141619,19.68,1253581.0
2015-11-11 21:00:00,2685.854,2332.0,17643.0,2289.0,2468.0,42.83302110141619,19.68,1253581.0
2015-11-12 21:00:00,2682.718,2289.0,27285.0,2291.75,2457.0,42.83302110141619,19.68,1253581.0
2015-11-13 21:00:00,2679.582,2290.0,25843.5,2294.5,2446.0,42.83302110141619,19.68,1253581.0
2015-11-14 21:00:00,2676.446,2291.0,24402.0,2297.25,2435.0,42.83302110141619,19.68,1253581.0
2015-11-15 21:00:00,2673.31,2292.0,22960.5,2300.0,2424.0,42.83302110141619,19.68,1253581.0
2015-11-16 21:00:00,2670.174,2293.0,21519.0,2302.75,2413.0,42.83302110141619,19.68,1253581.0
2015-11-17 21:00:00,2667.038,2318.0,19980.0,2305.5,2402.0,42.83302110141619,19.68,1253581.0
2015-11-18 21:00:00,2663.902,2299.0,19767.0,2308.25,2391.0,42.83302110141619,19.68,1253581.0
2015-11-19 21:00:00,2660.766,2290.0,26122.0,2311.0,2380.0,42.83302110141619,19.68,1253581.0
2015-11-20 21:00:00,2657.63,2286.25,23481.25,2313.75,2369.0,42.83302110141619,19.68,1253581.0
2015-11-21 21:00:00,2654.494,2282.5,20840.5,2316.5,2358.0,42.83302110141619,19.68,1253581.0
2015-11-22 21:00:00,2651.358,2278.75,18199.75,2319.25,2347.0,42.83302110141619,19.68,1253581.0
2015-11-23 21:00:00,2648.222,2275.0,15559.0,2322.0,2336.0,42.83302110141619,19.68,1253581.0
2015-11-24 21:00:00,2645.086,2298.0,27054.0,2324.75,2325.0,42.83302110141619,19.68,1253581.0
2015-11-25 21:00:00,2641.95,2341.0,20217.0,2327.5,2314.0,42.83302110141619,19.68,1253581.0
2015-11-26 21:00:00,2638.814,2362.0,18116.0,2330.25,2303.0,42.83302110141619,19.68,1253581.0
2015-11-27 21:00:00,2635.678,2356.25,19801.75,2333.0,2292.0,42.83302110141619,19.68,1253581.0
2015-11-28 21:00:00,2632.542,2350.5,21487.5,2335.75,2281.0,42.83302110141619,19.68,1253581.0
2015-11-29 21:00:00,2629.406,2344.75,23173.25,2338.5,2270.0,42.83302110141619,19.68,1253581.0
2015-11-30 21:00:00,2626.27,2339.0,24859.0,2341.25,2259.0,42.83302110141619,19.68,1253581.0
2015-12-01 21:00:00,2625.430322580645,2331.0,30782.0,2344.0,2248.0,42.83302110141619,19.68,1253581.0
2015-12-02 21:00:00,2624.5906451612905,2364.0,24726.0,2312.0,2169.0,42.83302110141619,19.68,1253581.0
2015-12-03 21:00:00,2623.7509677419357,2366.0,18519.0,2198.0,2160.0,42.83302110141619,19.68,1253581.0
2015-12-04 21:00:00,2622.9112903225805,2373.5,20135.0,2202.0,2198.5,42.83302110141619,19.68,1253581.0
2015-12-05 21:00:00,2622.0716129032257,2381.0,21751.0,2206.0,2237.0,42.83302110141619,19.68,1253581.0
2015-12-06 21:00:00,2621.231935483871,2388.5,23367.0,2146.3333333333335,2238.0,42.83302110141619,19.68,1253581.0
2015-12-07 21:00:00,2620.392258064516,2396.0,24983.0,2086.6666666666665,2239.0,42.83302110141619,19.68,1253581.0
2015-12-08 21:00:00,2619.552580645161,2384.0,24569.0,2027.0,2240.0,42.83302110141619,19.68,1253581.0
2015-12-09 21:00:00,2618.7129032258063,2377.0,15324.0,2157.0,2265.0,42.83302110141619,19.68,1253581.0
2015-12-10 21:00:00,2617.8732258064515,2441.0,18461.0,2287.0,2290.0,42.83302110141619,19.68,1253581.0
2015-12-11 21:00:00,2617.0335483870967,2413.5,19654.5,2300.0,2487.0,42.83302110141619,19.68,1253581.0
2015-12-12 21:00:00,2616.193870967742,2386.0,20848.0,2311.2272727272725,2492.5,42.83302110141619,19.68,1253581.0
2015-12-13 21:00:00,2615.354193548387,2358.5,22041.5,2322.4545454545455,2498.0,42.83302110141619,19.68,1253581.0
2015-12-14 21:00:00,2614.514516129032,2331.0,23235.0,2333.681818181818,2503.5,42.83302110141619,19.68,1253581.0
2015-12-15 21:00:00,2613.6748387096773,2403.0,26410.0,2344.909090909091,2509.0,42.83302110141619,19.68,1253581.0
2015-12-16 21:00:00,2612.8351612903225,2385.0,19588.0,2356.1363636363635,2514.5,42.83302110141619,19.68,1253581.0
2015-12-17 21:00:00,2611.995483870968,2402.0,19503.0,2367.3636363636365,2520.0,42.83302110141619,19.68,1253581.0
2015-12-18 21:00:00,2611.155806451613,2418.5,18717.75,2378.590909090909,2525.5,42.83302110141619,19.68,1253581.0
2015-12-19 21:00:00,2610.316129032258,2435.0,17932.5,2389.818181818182,2531.0,42.83302110141619,19.68,1253581.0
2015-12-20 21:00:00,2609.476451612903,2451.5,17147.25,2401.0454545454545,2536.5,42.83302110141619,19.68,1253581.0
2015-12-21 21:00:00,2608.6367741935483,2468.0,16362.0,2412.2727272727275,2542.0,42.83302110141619,19.68,1253581.0
2015-12-22 21:00:00,2607.797096774193,2487.0,18753.0,2423.5,2547.5,42.83302110141619,19.68,1253581.0
2015-12-23 21:00:00,2606.9574193548387,2486.5,19143.0,2434.7272727272725,2553.0,42.83302110141619,19.68,1253581.0
2015-12-24 21:00:00,2606.1177419354835,2486.0,19533.0,2445.9545454545455,2558.5,42.83302110141619,19.68,1253581.0
2015-12-25 21:00:00,2605.278064516129,2485.5,19923.0,2457.181818181818,2564.0,42.83302110141619,19.68,1253581.0
2015-12-26 21:00:00,2604.438387096774,2485.0,20313.0,2468.409090909091,2569.5,42.83302110141619,19.68,1253581.0
2015-12-27 21:00:00,2603.5987096774197,2484.5,20703.0,2479.6363636363635,2575.0,42.83302110141619,19.68,1253581.0
2015-12-28 21:00:00,2602.7590322580645,2484.0,21093.0,2490.8636363636365,2580.5,42.83302110141619,19.68,1253581.0
2015-12-29 21:00:00,2601.9193548387093,2495.0,19342.0,2502.090909090909,2586.0,42.83302110141619,19.68,1253581.0
2015-12-30 21:00:00,2601.0796774193545,2485.0,24423.0,2513.318181818182,2591.5,42.83302110141619,19.68,1253581.0
2015-12-31 21:00:00,2600.24,2478.8,23006.4,2524.5454545454545,2597.0,42.83302110141619,19.68,1253581.0
2016-01-01 21:00:00,2602.082258064516,2472.6,21589.8,2535.772727272727,2602.5,42.83302110141619,19.68,1253581.0
2016-01-02 21:00:00,2603.924516129032,2466.4,20173.2,2547.0,2608.0,42.83302110141619,19.68,1253581.0
2016-01-03 21:00:00,2605.7667741935484,2460.2,18756.6,2501.0,2680.0,42.83302110141619,19.68,1253581.0
2016-01-04 21:00:00,2607.6090322580644,2454.0,17340.0,2556.0,2546.0,42.83302110141619,19.68,1253581.0
2016-01-05 21:00:00,2609.4512903225805,2448.0,21596.0,2611.0,2412.0,42.83302110141619,19.68,1253581.0
2016-01-06 21:00:00,2611.2935483870965,2422.0,25812.0,2666.0,2278.0,42.83302110141619,19.68,1253581.0
2016-01-07 21:00:00,2613.135806451613,2435.0,14978.0,2540.5,2459.0,42.83302110141619,19.68,1253581.0
2016-01-08 21:00:00,2614.978064516129,2421.75,16018.0,2415.0,2640.0,42.83302110141619,19.68,1253581.0
2016-01-09 21:00:00,2616.820322580645,2408.5,17058.0,2644.0,2618.0,42.83302110141619,19.68,1253581.0
2016-01-10 21:00:00,2618.662580645161,2395.25,18098.0,2709.0,2843.5,42.83302110141619,19.68,1253581.0
2016-01-11 21:00:00,2620.504838709677,2382.0,19138.0,2774.0,3069.0,42.83302110141619,19.68,1253581.0
2016-01-12 21:00:00,2622.347096774193,2411.0,25048.0,3135.0,3133.0,42.83302110141619,19.68,1253581.0
2016-01-13 21:00:00,2624.1893548387097,2402.0,23110.0,3106.2380952380954,3108.1428571428573,42.83302110141619,19.68,1253581.0
2016-01-14 21:00:00,2626.031612903226,2412.0,23901.0,3077.4761904761904,3083.285714285714,42.83302110141619,19.68,1253581.0
2016-01-15 21:00:00,2627.873870967742,2428.5,22930.25,3048.714285714286,3058.4285714285716,42.83302110141619,19.68,1253581.0
2016-01-16 21:00:00,2629.716129032258,2445.0,21959.5,3019.9523809523807,3033.5714285714284,42.83302110141619,19.68,1253581.0
2016-01-17 21:00:00,2631.558387096774,2461.5,20988.75,2991.190476190476,3008.714285714286,42.83302110141619,19.68,1253581.0
2016-01-18 21:00:00,2633.40064516129,2478.0,20018.0,2962.4285714285716,2983.8571428571427,42.83302110141619,19.68,1253581.0
2016-01-19 21:00:00,2635.2429032258065,2455.0,21536.0,2933.6666666666665,2959.0,42.83302110141619,19.68,1253581.0
2016-01-20 21:00:00,2637.0851612903225,2422.0,28713.0,2904.904761904762,2934.1428571428573,42.83302110141619,19.68,1253581.0
2016-01-21 21:00:00,2638.9274193548385,2460.0,26709.0,2876.142857142857,2909.285714285714,42.83302110141619,19.68,1253581.0
2016-01-22 21:00:00,2640.7696774193546,2463.75,25312.5,2847.3809523809523,2884.4285714285716,42.83302110141619,19.68,1253581.0
2016-01-23 21:00:00,2642.61193548387,2467.5,23916.0,2818.6190476190477,2859.5714285714284,42.83302110141619,19.68,1253581.0
2016-01-24 21:00:00,2644.454193548387,2471.25,22519.5,2789.8571428571427,2834.714285714286,42.83302110141619,19.68,1253581.0
2016-01-25 21:00:00,2646.296451612903,2475.0,21123.0,2761.095238095238,2809.8571428571427,42.83302110141619,19.68,1253581.0
2016-01-26 21:00:00,2648.1387096774192,2503.0,27834.0,2732.3333333333335,2785.0,42.83302110141619,19.68,1253581.0
2016-01-27 21:00:00,2649.9809677419357,2481.0,23547.0,2703.5714285714284,2760.142857142857,42.83302110141619,19.68,1253581.0
2016-01-28 21:00:00,2651.823225806452,2443.0,24141.0,2674.809523809524,2735.285714285714,42.83302110141619,19.68,1253581.0
2016-01-29 21:00:00,2653.665483870968,2461.0,26197.25,2646.0476190476193,2710.4285714285716,42.83302110141619,19.68,1253581.0
2016-01-30 21:00:00,2655.507741935484,2479.0,28253.5,2617.285714285714,2685.5714285714284,42.83302110141619,19.68,1253581.0
2016-01-31 21:00:00,2657.35,2497.0,30309.75,2588.5238095238096,2660.714285714286,42.83302110141619,19.68,1253581.0
2016-02-01 21:00:00,2663.806551724138,2515.0,32366.0,2559.7619047619046,2635.8571428571427,42.83302110141619,19.68,1253581.0
2016-02-02 21:00:00,2670.263103448276,2547.0,28753.0,2531.0,2611.0,42.83302110141619,19.68,1253581.0
2016-02-03 21:00:00,2676.7196551724137,2531.0,26325.0,2507.0,2638.0,42.83302110141619,19.68,1253581.0
2016-02-04 21:00:00,2683.176206896552,2580.0,28459.0,2561.5,2612.5,42.83302110141619,19.68,1253581.0
2016-02-05 21:00:00,2689.6327586206894,2577.4,27382.6,2616.0,2587.0,42.83302110141619,19.68,1253581.0
2016-02-06 21:00:00,2696.0893103448275,2574.8,26306.2,2660.0,2303.0,42.83302110141619,19.68,1253581.0
2016-02-07 21:00:00,2702.5458620689656,2572.2,25229.8,2552.0,2447.5,42.83302110141619,19.68,1253581.0
2016-02-08 21:00:00,2709.002413793104,2569.6,24153.4,2444.0,2592.0,42.83302110141619,19.68,1253581.0
2016-02-09 21:00:00,2715.4589655172413,2567.0,23077.0,2541.3333333333335,2760.6666666666665,42.83302110141619,19.68,1253581.0
2016-02-10 21:00:00,2721.91551724138,2596.0,16467.0,2638.6666666666665,2929.3333333333335,42.83302110141619,19.68,1253581.0
2016-02-11 21:00:00,2728.372068965517,2639.0,22399.0,2736.0,3098.0,42.83302110141619,19.68,1253581.0
2016-02-12 21:00:00,2734.828620689655,2626.25,22745.25,2728.2,3073.65,42.83302110141619,19.68,1253581.0
2016-02-13 21:00:00,2741.285172413793,2613.5,23091.5,2720.4,3049.3,42.83302110141619,19.68,1253581.0
2016-02-14 21:00:00,2747.741724137931,2600.75,23437.75,2712.6,3024.95,42.83302110141619,19.68,1253581.0
2016-02-15 21:00:00,2754.198275862069,2588.0,23784.0,2704.8,3000.6,42.83302110141619,19.68,1253581.0
2016-02-16 21:00:00,2760.654827586207,2613.0,24143.0,2697.0,2976.25,42.83302110141619,19.68,1253581.0
2016-02-17 21:00:00,2767.111379310345,2600.0,22598.0,2689.2,2951.9,42.83302110141619,19.68,1253581.0
2016-02-18 21:00:00,2773.5679310344826,2586.0,22524.0,2681.4,2927.55,42.83302110141619,19.68,1253581.0
2016-02-19 21:00:00,2780.0244827586207,2577.25,22688.5,2673.6,2903.2,42.83302110141619,19.68,1253581.0
2016-02-20 21:00:00,2786.481034482759,2568.5,22853.0,2665.8,2878.85,42.83302110141619,19.68,1253581.0
2016-02-21 21:00:00,2792.9375862068964,2559.75,23017.5,2658.0,2854.5,42.83302110141619,19.68,1253581.0
2016-02-22 21:00:00,2799.3941379310345,2551.0,23182.0,2650.2,2830.15,42.83302110141619,19.68,1253581.0
2016-02-23 21:00:00,2805.8506896551726,2519.0,26517.0,2642.4,2805.8,42.83302110141619,19.68,1253581.0
2016-02-24 21:00:00,2812.3072413793107,2535.0,22532.0,2634.6,2781.45,42.83302110141619,19.68,1253581.0
2016-02-25 21:00:00,2818.7637931034483,2543.0,30070.0,2626.8,2757.1,42.83302110141619,19.68,1253581.0
2016-02-26 21:00:00,2825.2203448275864,2541.0,30180.5,2619.0,2732.75,42.83302110141619,19.68,1253581.0
2016-02-27 21:00:00,2831.6768965517244,2539.0,30291.0,2611.2,2708.4,42.83302110141619,19.68,1253581.0
2016-02-28 21:00:00,2838.133448275862,2537.0,30401.5,2603.4,2684.05,42.83302110141619,19.68,1253581.0
2016-02-29 21:00:00,2844.59,2535.0,30512.0,2595.6,2659.7,42.83302110141619,19.68,1253581.0
2016-03-01 21:00:00,2847.146129032258,2490.0,19111.0,2587.8,2635.35,42.83302110141619,19.68,1253581.0
2016-03-02 21:00:00,2849.702258064516,2501.0,25583.0,2580.0,2611.0,42.83302110141619,19.68,1253581.0
2016-03-03 21:00:00,2852.258387096774,2507.0,24246.0,2537.0,2659.0,42.83302110141619,19.68,1253581.0
2016-03-04 21:00:00,2854.814516129032,2512.25,21555.0,2583.0,2619.5,42.83302110141619,19.68,1253581.0
2016-03-05 21:00:00,2857.37064516129,2517.5,18864.0,2629.0,2580.0,42.83302110141619,19.68,1253581.0
2016-03-06 21:00:00,2859.9267741935487,2522.75,16173.0,2555.0,2574.6666666666665,42.83302110141619,19.68,1253581.0
2016-03-07 21:00:00,2862.4829032258067,2528.0,13482.0,2481.0,2569.3333333333335,42.83302110141619,19.68,1253581.0
2016-03-08 21:00:00,2865.0390322580647,2557.0,15777.0,2407.0,2564.0,42.83302110141619,19.68,1253581.0
2016-03-09 21:00:00,2867.5951612903227,2546.0,22516.0,2481.5,2729.0,42.83302110141619,19.68,1253581.0
2016-03-10 21:00:00,2870.1512903225807,2608.0,24693.0,2556.0,2894.0,42.83302110141619,19.68,1253581.0
2016-03-11 21:00:00,2872.7074193548387,2608.75,22931.5,2789.0,3125.0,42.83302110141619,19.68,1253581.0
2016-03-12 21:00:00,2875.2635483870968,2609.5,21170.0,2772.7619047619046,3101.8571428571427,42.83302110141619,19.68,1253581.0
2016-03-13 21:00:00,2877.819677419355,2610.25,19408.5,2756.5238095238096,3078.714285714286,42.83302110141619,19.68,1253581.0
2016-03-14 21:00:00,2880.375806451613,2611.0,17647.0,2740.285714285714,3055.5714285714284,42.83302110141619,19.68,1253581.0
2016-03-15 21:00:00,2882.931935483871,2611.0,18986.0,2724.0476190476193,3032.4285714285716,42.83302110141619,19.68,1253581.0
2016-03-16 21:00:00,2885.4880645161293,2654.0,29561.0,2707.809523809524,3009.285714285714,42.83302110141619,19.68,1253581.0
2016-03-17 21:00:00,2888.0441935483877,2679.0,21155.0,2691.5714285714284,2986.1428571428573,42.83302110141619,19.68,1253581.0
2016-03-18 21:00:00,2890.6003225806453,2687.25,21650.0,2675.3333333333335,2963.0,42.83302110141619,19.68,1253581.0
2016-03-19 21:00:00,2893.1564516129038,2695.5,22145.0,2659.095238095238,2939.8571428571427,42.83302110141619,19.68,1253581.0
2016-03-20 21:00:00,2895.7125806451613,2703.75,22640.0,2642.8571428571427,2916.714285714286,42.83302110141619,19.68,1253581.0
2016-03-21 21:00:00,2898.26870967742,2712.0,23135.0,2626.6190476190477,2893.5714285714284,42.83302110141619,19.68,1253581.0
2016-03-22 21:00:00,2900.8248387096774,2700.0,22435.0,2610.3809523809523,2870.4285714285716,42.83302110141619,19.68,1253581.0
2016-03-23 21:00:00,2903.380967741936,2674.0,22162.0,2594.1428571428573,2847.285714285714,42.83302110141619,19.68,1253581.0
2016-03-24 21:00:00,2905.9370967741934,2723.0,19662.0,2577.904761904762,2824.1428571428573,42.83302110141619,19.68,1253581.0
2016-03-25 21:00:00,2908.4932258064514,2737.0,20630.5,2561.6666666666665,2801.0,42.83302110141619,19.68,1253581.0
2016-03-26 21:00:00,2911.0493548387094,2751.0,21599.0,2545.4285714285716,2777.857142857143,42.83302110141619,19.68,1253581.0
2016-03-27 21:00:00,2913.605483870968,2765.0,22567.5,2529.190476190476,2754.714285714286,42.83302110141619,19.68,1253581.0
2016-03-28 21:00:00,2916.161612903226,2779.0,23536.0,2512.9523809523807,2731.5714285714284,42.83302110141619,19.68,1253581.0
2016-03-29 21:00:00,2918.717741935484,2745.0,23629.0,2496.714285714286,2708.4285714285716,42.83302110141619,19.68,1253581.0
2016-03-30 21:00:00,2921.273870967742,2725.0,24319.0,2480.4761904761904,2685.285714285714,42.83302110141619,19.68,1253581.0
2016-03-31 21:00:00,2923.83,2748.0,23887.0,2464.2380952380954,2662.1428571428573,42.83302110141619,19.68,1253581.0
2016-04-01 21:00:00,2927.2343333333333,2750.0,23056.75,2448.0,2639.0,42.83302110141619,19.68,1253581.0
2016-04-02 21:00:00,2930.6386666666667,2752.0,22226.5,2567.0,2654.0,42.83302110141619,19.68,1253581.0
2016-04-03 21:00:00,2934.043,2754.0,21396.25,2644.5,2651.0,42.83302110141619,19.68,1253581.0
2016-04-04 21:00:00,2937.447333333333,2756.0,20566.0,2722.0,2648.0,42.83302110141619,19.68,1253581.0
2016-04-05 21:00:00,2940.8516666666665,2722.0,24237.0,2628.0,2481.0,42.83302110141619,19.68,1253581.0
2016-04-06 21:00:00,2944.256,2710.0,15939.0,2434.5,2510.0,42.83302110141619,19.68,1253581.0
2016-04-07 21:00:00,2947.6603333333333,2680.0,15813.0,2241.0,2539.0,42.83302110141619,19.68,1253581.0
2016-04-08 21:00:00,2951.0646666666667,2669.5,17394.5,2439.0,2594.0,42.83302110141619,19.68,1253581.0
2016-04-09 21:00:00,2954.469,2659.0,18976.0,2509.0,2784.0,42.83302110141619,19.68,1253581.0
2016-04-10 21:00:00,2957.873333333333,2648.5,20557.5,2579.0,2974.0,42.83302110141619,19.68,1253581.0
2016-04-11 21:00:00,2961.277666666667,2638.0,22139.0,2571.5238095238096,2955.6190476190477,42.83302110141619,19.68,1253581.0
2016-04-12 21:00:00,2964.682,2659.0,21523.0,2564.0476190476193,2937.2380952380954,42.83302110141619,19.68,1253581.0
2016-04-13 21:00:00,2968.086333333333,2657.0,19735.0,2556.5714285714284,2918.8571428571427,42.83302110141619,19.68,1253581.0
2016-04-14 21:00:00,2971.4906666666666,2643.0,18045.0,2549.095238095238,2900.4761904761904,42.83302110141619,19.68,1253581.0
2016-04-15 21:00:00,2974.895,2654.25,19742.25,2541.6190476190477,2882.095238095238,42.83302110141619,19.68,1253581.0
2016-04-16 21:00:00,2978.2993333333334,2665.5,21439.5,2534.1428571428573,2863.714285714286,42.83302110141619,19.68,1253581.0
2016-04-17 21:00:00,2981.703666666667,2676.75,23136.75,2526.6666666666665,2845.3333333333335,42.83302110141619,19.68,1253581.0
2016-04-18 21:00:00,2985.108,2688.0,24834.0,2519.190476190476,2826.9523809523807,42.83302110141619,19.68,1253581.0
2016-04-19 21:00:00,2988.512333333333,2709.0,24396.0,2511.714285714286,2808.5714285714284,42.83302110141619,19.68,1253581.0
2016-04-20 21:00:00,2991.9166666666665,2735.0,20780.0,2504.2380952380954,2790.190476190476,42.83302110141619,19.68,1253581.0
2016-04-21 21:00:00,2995.321,2690.0,20384.0,2496.7619047619046,2771.809523809524,42.83302110141619,19.68,1253581.0
2016-04-22 21:00:00,2998.7253333333333,2686.25,21273.75,2489.285714285714,2753.4285714285716,42.83302110141619,19.68,1253581.0
2016-04-23 21:00:00,3002.1296666666667,2682.5,22163.5,2481.809523809524,2735.0476190476193,42.83302110141619,19.68,1253581.0
2016-04-24 21:00:00,3005.534,2678.75,23053.25,2474.3333333333335,2716.6666666666665,42.83302110141619,19.68,1253581.0
2016-04-25 21:00:00,3008.938333333333,2675.0,23943.0,2466.8571428571427,2698.285714285714,42.83302110141619,19.68,1253581.0
2016-04-26 21:00:00,3012.342666666667,2633.0,25097.0,2459.3809523809523,2679.904761904762,42.83302110141619,19.68,1253581.0
2016-04-27 21:00:00,3015.747,2601.0,28168.0,2451.904761904762,2661.5238095238096,42.83302110141619,19.68,1253581.0
2016-04-28 21:00:00,3019.151333333333,2593.0,21376.0,2444.4285714285716,2643.1428571428573,42.83302110141619,19.68,1253581.0
2016-04-29 21:00:00,3022.555666666666,2579.5,22585.25,2436.9523809523807,2624.7619047619046,42.83302110141619,19.68,1253581.0
2016-04-30 21:00:00,3025.96,2566.0,23794.5,2429.4761904761904,2606.3809523809523,42.83302110141619,19.68,1253581.0
2016-05-01 21:00:00,3026.661935483871,2552.5,25003.75,2422.0,2588.0,42.83302110141619,19.68,1253581.0
2016-05-02 21:00:00,3027.363870967742,2539.0,26213.0,2518.0,2587.6666666666665,42.83302110141619,19.68,1253581.0
2016-05-03 21:00:00,3028.065806451613,2616.0,34479.0,2614.0,2587.3333333333335,42.83302110141619,19.68,1253581.0
2016-05-04 21:00:00,3028.767741935484,2629.0,28462.0,2710.0,2587.0,42.83302110141619,19.68,1253581.0
2016-05-05 21:00:00,3029.469677419355,2628.0,29995.0,2662.0,2468.0,42.83302110141619,19.68,1253581.0
2016-05-06 21:00:00,3030.1716129032257,2636.25,28814.25,2646.0,2516.0,42.83302110141619,19.68,1253581.0
2016-05-07 21:00:00,3030.873548387097,2644.5,27633.5,2630.0,2564.0,42.83302110141619,19.68,1253581.0
2016-05-08 21:00:00,3031.575483870968,2652.75,26452.75,2614.0,2612.0,42.83302110141619,19.68,1253581.0
2016-05-09 21:00:00,3032.2774193548385,2661.0,25272.0,2598.0,2660.0,42.83302110141619,19.68,1253581.0
2016-05-10 21:00:00,3032.9793548387097,2678.0,30021.0,2561.0,2824.0,42.83302110141619,19.68,1253581.0
2016-05-11 21:00:00,3033.6812903225805,2648.0,24662.0,2851.5,2970.0,42.83302110141619,19.68,1253581.0
2016-05-12 21:00:00,3034.383225806452,2587.0,25870.0,3142.0,3116.0,42.83302110141619,19.68,1253581.0
2016-05-13 21:00:00,3035.0851612903225,2590.25,24734.0,3106.65,3090.85,42.83302110141619,19.68,1253581.0
2016-05-14 21:00:00,3035.7870967741933,2593.5,23598.0,3071.3,3065.7,42.83302110141619,19.68,1253581.0
2016-05-15 21:00:00,3036.4890322580645,2596.75,22462.0,3035.95,3040.55,42.83302110141619,19.68,1253581.0
2016-05-16 21:00:00,3037.1909677419358,2600.0,21326.0,3000.6,3015.4,42.83302110141619,19.68,1253581.0
2016-05-17 21:00:00,3037.8929032258065,2561.0,36441.0,2965.25,2990.25,42.83302110141619,19.68,1253581.0
2016-05-18 21:00:00,3038.5948387096773,2519.0,29156.0,2929.9,2965.1,42.83302110141619,19.68,1253581.0
2016-05-19 21:00:00,3039.296774193548,2528.0,23885.0,2894.55,2939.95,42.83302110141619,19.68,1253581.0
2016-05-20 21:00:00,3039.99870967742,2521.5,21663.5,2859.2,2914.8,42.83302110141619,19.68,1253581.0
2016-05-21 21:00:00,3040.70064516129,2515.0,19442.0,2823.85,2889.65,42.83302110141619,19.68,1253581.0
2016-05-22 21:00:00,3041.4025806451614,2508.5,17220.5,2788.5,2864.5,42.83302110141619,19.68,1253581.0
2016-05-23 21:00:00,3042.104516129032,2502.0,14999.0,2753.15,2839.35,42.83302110141619,19.68,1253581.0
2016-05-24 21:00:00,3042.806451612903,2545.0,24411.0,2717.8,2814.2,42.83302110141619,19.68,1253581.0
2016-05-25 21:00:00,3043.508387096774,2579.0,22228.0,2682.45,2789.05,42.83302110141619,19.68,1253581.0
2016-05-26 21:00:00,3044.210322580645,2559.0,24363.0,2647.1,2763.9,42.83302110141619,19.68,1253581.0
2016-05-27 21:00:00,3044.912258064516,2574.25,22876.25,2611.75,2738.75,42.83302110141619,19.68,1253581.0
2016-05-28 21:00:00,3045.614193548387,2589.5,21389.5,2576.4,2713.6,42.83302110141619,19.68,1253581.0
2016-05-29 21:00:00,3046.316129032258,2604.75,19902.75,2541.05,2688.45,42.83302110141619,19.68,1253581.0
2016-05-30 21:00:00,3047.018064516129,2620.0,18416.0,2505.7,2663.3,42.83302110141619,19.68,1253581.0
2016-05-31 21:00:00,3047.72,2598.0,23342.0,2470.35,2638.15,42.83302110141619,19.68,1253581.0
2016-06-01 21:00:00,3044.048333333333,2643.0,27473.0,2435.0,2613.0,42.83302110141619,19.68,1253581.0
2016-06-02 21:00:00,3040.3766666666666,2666.0,24219.0,2516.6666666666665,2608.6666666666665,42.83302110141619,19.68,1253581.0
2016-06-03 21:00:00,3036.705,2649.25,26244.75,2598.3333333333335,2604.3333333333335,42.83302110141619,19.68,1253581.0
2016-06-04 21:00:00,3033.0333333333333,2632.5,28270.5,2680.0,2600.0,42.83302110141619,19.68,1253581.0
2016-06-05 21:00:00,3029.3616666666667,2615.75,30296.25,2634.5,2473.5,42.83302110141619,19.68,1253581.0
2016-06-06 21:00:00,3025.69,2599.0,32322.0,2589.0,2347.0,42.83302110141619,19.68,1253581.0
2016-06-07 21:00:00,3022.018333333333,2589.0,26251.0,2595.6666666666665,2469.3333333333335,42.83302110141619,19.68,1253581.0
2016-06-08 21:00:00,3018.3466666666664,2587.0,19856.0,2602.3333333333335,2591.6666666666665,42.83302110141619,19.68,1253581.0
2016-06-09 21:00:00,3014.675,2580.0,18524.0,2609.0,2714.0,42.83302110141619,19.68,1253581.0
2016-06-10 21:00:00,3011.003333333333,2555.25,19830.5,2542.0,2855.0,42.83302110141619,19.68,1253581.0
2016-06-11 21:00:00,3007.3316666666665,2530.5,21137.0,2827.5,2987.5,42.83302110141619,19.68,1253581.0
2016-06-12 21:00:00,3003.66,2505.75,22443.5,3113.0,3120.0,42.83302110141619,19.68,1253581.0
2016-06-13 21:00:00,2999.988333333333,2481.0,23750.0,3075.3684210526317,3092.6315789473683,42.83302110141619,19.68,1253581.0
2016-06-14 21:00:00,2996.3166666666666,2468.0,26263.0,3037.7368421052633,3065.2631578947367,42.83302110141619,19.68,1253581.0
2016-06-15 21:00:00,2992.645,2415.0,25083.0,3000.1052631578946,3037.8947368421054,42.83302110141619,19.68,1253581.0
2016-06-16 21:00:00,2988.9733333333334,2450.0,22957.0,2962.4736842105262,3010.5263157894738,42.83302110141619,19.68,1253581.0
2016-06-17 21:00:00,2985.3016666666667,2431.0,23156.5,2924.842105263158,2983.157894736842,42.83302110141619,19.68,1253581.0
2016-06-18 21:00:00,2981.63,2412.0,23356.0,2887.2105263157896,2955.7894736842104,42.83302110141619,19.68,1253581.0
2016-06-19 21:00:00,2977.958333333333,2393.0,23555.5,2849.5789473684213,2928.421052631579,42.83302110141619,19.68,1253581.0
2016-06-20 21:00:00,2974.286666666667,2374.0,23755.0,2811.9473684210525,2901.0526315789475,42.83302110141619,19.68,1253581.0
2016-06-21 21:00:00,2970.615,2379.0,27689.0,2774.315789473684,2873.684210526316,42.83302110141619,19.68,1253581.0
2016-06-22 21:00:00,2966.9433333333336,2384.0,31623.0,2736.684210526316,2846.315789473684,42.83302110141619,19.68,1253581.0
2016-06-23 21:00:00,2963.2716666666665,2379.0,29933.0,2699.0526315789475,2818.9473684210525,42.83302110141619,19.68,1253581.0
2016-06-24 21:00:00,2959.6,2378.75,27560.0,2661.421052631579,2791.578947368421,42.83302110141619,19.68,1253581.0
2016-06-25 21:00:00,2955.9283333333333,2378.5,25187.0,2623.7894736842104,2764.2105263157896,42.83302110141619,19.68,1253581.0
2016-06-26 21:00:00,2952.2566666666667,2378.25,22814.0,2586.157894736842,2736.842105263158,42.83302110141619,19.68,1253581.0
2016-06-27 21:00:00,2948.585,2378.0,20441.0,2548.5263157894738,2709.4736842105262,42.83302110141619,19.68,1253581.0
2016-06-28 21:00:00,2944.9133333333334,2323.0,24239.0,2510.8947368421054,2682.1052631578946,42.83302110141619,19.68,1253581.0
2016-06-29 21:00:00,2941.241666666667,2353.0,26205.0,2473.2631578947367,2654.7368421052633,42.83302110141619,19.68,1253581.0
2016-06-30 21:00:00,2937.57,2359.0,18637.0,2435.6315789473683,2627.3684210526317,42.83302110141619,19.68,1253581.0
2016-07-01 21:00:00,2930.795483870968,2358.0,16390.0,2398.0,2600.0,42.83302110141619,19.68,1253581.0
2016-07-02 21:00:00,2924.020967741936,2357.0,14143.0,2477.5,2628.5,42.83302110141619,19.68,1253581.0
2016-07-03 21:00:00,2917.2464516129035,2356.0,11896.0,2557.0,2657.0,42.83302110141619,19.68,1253581.0
2016-07-04 21:00:00,2910.471935483871,2355.0,9649.0,2667.0,2561.0,42.83302110141619,19.68,1253581.0
2016-07-05 21:00:00,2903.697419354839,2317.0,14996.0,2627.0,2457.0,42.83302110141619,19.68,1253581.0
2016-07-06 21:00:00,2896.9229032258067,2279.0,20343.0,2587.0,2353.0,42.83302110141619,19.68,1253581.0
2016-07-07 21:00:00,2890.1483870967745,2241.0,25690.0,2240.0,2643.0,42.83302110141619,19.68,1253581.0
2016-07-08 21:00:00,2883.373870967742,2227.75,24960.0,2440.0,2687.5,42.83302110141619,19.68,1253581.0
2016-07-09 21:00:00,2876.5993548387096,2214.5,24230.0,2640.0,2732.0,42.83302110141619,19.68,1253581.0
2016-07-10 21:00:00,2869.8248387096774,2201.25,23500.0,2742.5,2958.5,42.83302110141619,19.68,1253581.0
2016-07-11 21:00:00,2863.050322580645,2188.0,22770.0,2845.0,3185.0,42.83302110141619,19.68,1253581.0
2016-07-12 21:00:00,2856.275806451613,2222.0,23674.0,3069.0,3159.0,42.83302110141619,19.68,1253581.0
2016-07-13 21:00:00,2849.5012903225806,2249.0,24845.0,3045.2272727272725,3135.5454545454545,42.83302110141619,19.68,1253581.0
2016-07-14 21:00:00,2842.7267741935484,2278.0,22152.0,3021.4545454545455,3112.090909090909,42.83302110141619,19.68,1253581.0
2016-07-15 21:00:00,2835.952258064516,2284.25,22023.5,2997.681818181818,3088.6363636363635,42.83302110141619,19.68,1253581.0
2016-07-16 21:00:00,2829.177741935484,2290.5,21895.0,2973.909090909091,3065.181818181818,42.83302110141619,19.68,1253581.0
2016-07-17 21:00:00,2822.403225806452,2296.75,21766.5,2950.1363636363635,3041.7272727272725,42.83302110141619,19.68,1253581.0
2016-07-18 21:00:00,2815.6287096774195,2303.0,21638.0,2926.3636363636365,3018.2727272727275,42.83302110141619,19.68,1253581.0
2016-07-19 21:00:00,2808.8541935483872,2347.0,22199.0,2902.590909090909,2994.818181818182,42.83302110141619,19.68,1253581.0
2016-07-20 21:00:00,2802.079677419355,2353.0,20772.0,2878.818181818182,2971.3636363636365,42.83302110141619,19.68,1253581.0
2016-07-21 21:00:00,2795.3051612903228,2320.0,17553.0,2855.0454545454545,2947.909090909091,42.83302110141619,19.68,1253581.0
2016-07-22 21:00:00,2788.5306451612905,2317.25,18635.5,2831.272727272727,2924.4545454545455,42.83302110141619,19.68,1253581.0
2016-07-23 21:00:00,2781.7561290322583,2314.5,19718.0,2807.5,2901.0,42.83302110141619,19.68,1253581.0
2016-07-24 21:00:00,2774.9816129032256,2311.75,20800.5,2783.727272727273,2877.5454545454545,42.83302110141619,19.68,1253581.0
2016-07-25 21:00:00,2768.2070967741934,2309.0,21883.0,2759.9545454545455,2854.090909090909,42.83302110141619,19.68,1253581.0
2016-07-26 21:00:00,2761.432580645161,2318.0,20513.0,2736.181818181818,2830.6363636363635,42.83302110141619,19.68,1253581.0
2016-07-27 21:00:00,2754.658064516129,2300.0,15012.0,2712.409090909091,2807.181818181818,42.83302110141619,19.68,1253581.0
2016-07-28 21:00:00,2747.8835483870967,2316.0,17252.0,2688.6363636363635,2783.727272727273,42.83302110141619,19.68,1253581.0
2016-07-29 21:00:00,2741.1090322580644,2321.5,18079.0,2664.8636363636365,2760.2727272727275,42.83302110141619,19.68,1253581.0
2016-07-30 21:00:00,2734.334516129032,2327.0,18906.0,2641.090909090909,2736.818181818182,42.83302110141619,19.68,1253581.0
2016-07-31 21:00:00,2727.56,2332.5,19733.0,2617.318181818182,2713.3636363636365,42.83302110141619,19.68,1253581.0
2016-08-01 21:00:00,2739.73,2338.0,20560.0,2593.5454545454545,2689.909090909091,42.83302110141619,19.68,1253581.0
2016-08-02 21:00:00,2751.9,2415.0,19717.0,2569.772727272727,2666.4545454545455,42.83302110141619,19.68,1253581.0
2016-08-03 21:00:00,2764.07,2444.0,23959.0,2546.0,2643.0,42.83302110141619,19.68,1253581.0
2016-08-04 21:00:00,2776.24,2407.0,17843.0,2557.3333333333335,2535.3333333333335,42.83302110141619,19.68,1253581.0
2016-08-05 21:00:00,2788.41,2421.75,17965.25,2568.6666666666665,2427.6666666666665,42.83302110141619,19.68,1253581.0
2016-08-06 21:00:00,2800.58,2436.5,18087.5,2580.0,2320.0,42.83302110141619,19.68,1253581.0
2016-08-07 21:00:00,2812.75,2451.25,18209.75,2540.0,2506.5,42.83302110141619,19.68,1253581.0
2016-08-08 21:00:00,2824.92,2466.0,18332.0,2500.0,2693.0,42.83302110141619,19.68,1253581.0
2016-08-09 21:00:00,2837.09,2500.0,31396.0,2592.0,2718.0,42.83302110141619,19.68,1253581.0
2016-08-10 21:00:00,2849.26,2484.0,30266.0,2743.0,2939.5,42.83302110141619,19.68,1253581.0
2016-08-11 21:00:00,2861.43,2525.0,33508.0,2894.0,3161.0,42.83302110141619,19.68,1253581.0
2016-08-12 21:00:00,2873.6,2528.5,31782.0,3098.0,3150.0,42.83302110141619,19.68,1253581.0
2016-08-13 21:00:00,2885.77,2532.0,30056.0,3074.095238095238,3127.5714285714284,42.83302110141619,19.68,1253581.0
2016-08-14 21:00:00,2897.94,2535.5,28330.0,3050.190476190476,3105.1428571428573,42.83302110141619,19.68,1253581.0
2016-08-15 21:00:00,2910.11,2539.0,26604.0,3026.285714285714,3082.714285714286,42.83302110141619,19.68,1253581.0
2016-08-16 21:00:00,2922.28,2643.0,32288.0,3002.3809523809523,3060.285714285714,42.83302110141619,19.68,1253581.0
2016-08-17 21:00:00,2934.45,2576.0,26113.0,2978.4761904761904,3037.8571428571427,42.83302110141619,19.68,1253581.0
2016-08-18 21:00:00,2946.62,2578.0,25780.0,2954.5714285714284,3015.4285714285716,42.83302110141619,19.68,1253581.0
2016-08-19 21:00:00,2958.79,2578.0,24474.5,2930.6666666666665,2993.0,42.83302110141619,19.68,1253581.0
2016-08-20 21:00:00,2970.96,2578.0,23169.0,2906.7619047619046,2970.5714285714284,42.83302110141619,19.68,1253581.0
2016-08-21 21:00:00,2983.13,2578.0,21863.5,2882.8571428571427,2948.1428571428573,42.83302110141619,19.68,1253581.0
2016-08-22 21:00:00,2995.3,2578.0,20558.0,2858.9523809523807,2925.714285714286,42.83302110141619,19.68,1253581.0
2016-08-23 21:00:00,3007.47,2600.0,19962.0,2835.0476190476193,2903.285714285714,42.83302110141619,19.68,1253581.0
2016-08-24 21:00:00,3019.64,2561.0,22460.0,2811.142857142857,2880.857142857143,42.83302110141619,19.68,1253581.0
2016-08-25 21:00:00,3031.81,2552.0,17136.0,2787.2380952380954,2858.4285714285716,42.83302110141619,19.68,1253581.0
2016-08-26 21:00:00,3043.98,2545.5,16920.75,2763.3333333333335,2836.0,42.83302110141619,19.68,1253581.0
2016-08-27 21:00:00,3056.15,2539.0,16705.5,2739.4285714285716,2813.5714285714284,42.83302110141619,19.68,1253581.0
2016-08-28 21:00:00,3068.32,2532.5,16490.25,2715.5238095238096,2791.1428571428573,42.83302110141619,19.68,1253581.0
2016-08-29 21:00:00,3080.49,2526.0,16275.0,2691.6190476190477,2768.714285714286,42.83302110141619,19.68,1253581.0
2016-08-30 21:00:00,3092.66,2523.0,16737.0,2667.714285714286,2746.285714285714,42.83302110141619,19.68,1253581.0
2016-08-31 21:00:00,3104.83,2520.0,17199.0,2643.809523809524,2723.857142857143,42.83302110141619,19.68,1253581.0
2016-09-01 21:00:00,3110.602,2595.0,16127.0,2619.904761904762,2701.4285714285716,42.83302110141619,19.68,1253581.0
2016-09-02 21:00:00,3116.374,2603.5,17555.0,2596.0,2679.0,42.83302110141619,19.68,1253581.0
2016-09-03 21:00:00,3122.146,2612.0,18983.0,2608.0,2688.0,42.83302110141619,19.68,1253581.0
2016-09-04 21:00:00,3127.918,2620.5,20411.0,2643.0,2551.5,42.83302110141619,19.68,1253581.0
2016-09-05 21:00:00,3133.69,2629.0,21839.0,2678.0,2415.0,42.83302110141619,19.68,1253581.0
2016-09-06 21:00:00,3139.462,2598.0,20368.0,2528.0,2309.0,42.83302110141619,19.68,1253581.0
2016-09-07 21:00:00,3145.234,2609.0,15969.0,2506.0,2493.0,42.83302110141619,19.68,1253581.0
2016-09-08 21:00:00,3151.006,2640.0,15940.0,2484.0,2677.0,42.83302110141619,19.68,1253581.0
2016-09-09 21:00:00,3156.778,2628.0,18915.75,2647.3333333333335,2815.6666666666665,42.83302110141619,19.68,1253581.0
2016-09-10 21:00:00,3162.55,2616.0,21891.5,2810.6666666666665,2954.3333333333335,42.83302110141619,19.68,1253581.0
2016-09-11 21:00:00,3168.322,2604.0,24867.25,2974.0,3093.0,42.83302110141619,19.68,1253581.0
2016-09-12 21:00:00,3174.094,2592.0,27843.0,2958.0476190476193,3074.8571428571427,42.83302110141619,19.68,1253581.0
2016-09-13 21:00:00,3179.866,2564.0,29197.0,2942.095238095238,3056.714285714286,42.83302110141619,19.68,1253581.0
2016-09-14 21:00:00,3185.638,2594.0,22412.0,2926.1428571428573,3038.5714285714284,42.83302110141619,19.68,1253581.0
2016-09-15 21:00:00,3191.41,2613.8,22683.2,2910.190476190476,3020.4285714285716,42.83302110141619,19.68,1253581.0
2016-09-16 21:00:00,3197.182,2633.6,22954.4,2894.2380952380954,3002.285714285714,42.83302110141619,19.68,1253581.0
2016-09-17 21:00:00,3202.954,2653.4,23225.6,2878.285714285714,2984.1428571428573,42.83302110141619,19.68,1253581.0
2016-09-18 21:00:00,3208.726,2673.2,23496.8,2862.3333333333335,2966.0,42.83302110141619,19.68,1253581.0
2016-09-19 21:00:00,3214.498,2693.0,23768.0,2846.3809523809523,2947.8571428571427,42.83302110141619,19.68,1253581.0
2016-09-20 21:00:00,3220.27,2677.0,23886.0,2830.4285714285716,2929.714285714286,42.83302110141619,19.68,1253581.0
2016-09-21 21:00:00,3226.042,2725.0,26520.0,2814.4761904761904,2911.5714285714284,42.83302110141619,19.68,1253581.0
2016-09-22 21:00:00,3231.814,2676.0,24333.0,2798.5238095238096,2893.4285714285716,42.83302110141619,19.68,1253581.0
2016-09-23 21:00:00,3237.586,2672.75,22797.25,2782.5714285714284,2875.285714285714,42.83302110141619,19.68,1253581.0
2016-09-24 21:00:00,3243.358,2669.5,21261.5,2766.6190476190477,2857.1428571428573,42.83302110141619,19.68,1253581.0
2016-09-25 21:00:00,3249.13,2666.25,19725.75,2750.6666666666665,2839.0,42.83302110141619,19.68,1253581.0
2016-09-26 21:00:00,3254.902,2663.0,18190.0,2734.714285714286,2820.857142857143,42.83302110141619,19.68,1253581.0
2016-09-27 21:00:00,3260.674,2605.0,29930.0,2718.7619047619046,2802.714285714286,42.83302110141619,19.68,1253581.0
2016-09-28 21:00:00,3266.446,2616.0,25747.0,2702.809523809524,2784.5714285714284,42.83302110141619,19.68,1253581.0
2016-09-29 21:00:00,3272.218,2636.0,18616.0,2686.8571428571427,2766.4285714285716,42.83302110141619,19.68,1253581.0
2016-09-30 21:00:00,3277.99,2627.0,21170.25,2670.904761904762,2748.285714285714,42.83302110141619,19.68,1253581.0
2016-10-01 21:00:00,3273.290322580645,2618.0,23724.5,2654.9523809523807,2730.1428571428573,42.83302110141619,19.68,1253581.0
2016-10-02 21:00:00,3268.59064516129,2609.0,26278.75,2639.0,2712.0,42.83302110141619,19.68,1253581.0
2016-10-03 21:00:00,3263.890967741935,2600.0,28833.0,2593.0,2709.0,42.83302110141619,19.68,1253581.0
2016-10-04 21:00:00,3259.1912903225807,2556.0,27838.0,2620.5,2579.5,42.83302110141619,19.68,1253581.0
2016-10-05 21:00:00,3254.491612903226,2579.0,25669.0,2648.0,2450.0,42.83302110141619,19.68,1253581.0
2016-10-06 21:00:00,3249.791935483871,2561.0,23676.0,2607.0,2541.6666666666665,42.83302110141619,19.68,1253581.0
2016-10-07 21:00:00,3245.092258064516,2573.5,24662.75,2566.0,2633.3333333333335,42.83302110141619,19.68,1253581.0
2016-10-08 21:00:00,3240.392580645161,2586.0,25649.5,2525.0,2725.0,42.83302110141619,19.68,1253581.0
2016-10-09 21:00:00,3235.6929032258063,2598.5,26636.25,2589.0,2800.5,42.83302110141619,19.68,1253581.0
2016-10-10 21:00:00,3230.9932258064514,2611.0,27623.0,2653.0,2876.0,42.83302110141619,19.68,1253581.0
2016-10-11 21:00:00,3226.2935483870965,2653.0,22027.0,2852.0,3114.0,42.83302110141619,19.68,1253581.0
2016-10-12 21:00:00,3221.593870967742,2618.0,21884.0,2831.0,3088.8571428571427,42.83302110141619,19.68,1253581.0
2016-10-13 21:00:00,3216.894193548387,2660.0,26902.0,2810.0,3063.714285714286,42.83302110141619,19.68,1253581.0
2016-10-14 21:00:00,3212.1945161290323,2673.5,28092.25,2789.0,3038.5714285714284,42.83302110141619,19.68,1253581.0
2016-10-15 21:00:00,3207.4948387096774,2687.0,29282.5,2768.0,3013.4285714285716,42.83302110141619,19.68,1253581.0
2016-10-16 21:00:00,3202.7951612903225,2700.5,30472.75,2747.0,2988.285714285714,42.83302110141619,19.68,1253581.0
2016-10-17 21:00:00,3198.095483870968,2714.0,31663.0,2726.0,2963.1428571428573,42.83302110141619,19.68,1253581.0
2016-10-18 21:00:00,3193.3958064516128,2732.0,27940.0,2705.0,2938.0,42.83302110141619,19.68,1253581.0
2016-10-19 21:00:00,3188.696129032258,2718.0,25267.0,2684.0,2912.8571428571427,42.83302110141619,19.68,1253581.0
2016-10-20 21:00:00,3183.9964516129035,2724.0,25888.0,2663.0,2887.714285714286,42.83302110141619,19.68,1253581.0
2016-10-21 21:00:00,3179.296774193549,2733.0,25833.0,2642.0,2862.5714285714284,42.83302110141619,19.68,1253581.0
2016-10-22 21:00:00,3174.5970967741937,2742.0,25778.0,2621.0,2837.4285714285716,42.83302110141619,19.68,1253581.0
2016-10-23 21:00:00,3169.897419354839,2751.0,25723.0,2600.0,2812.285714285714,42.83302110141619,19.68,1253581.0
2016-10-24 21:00:00,3165.197741935484,2760.0,25668.0,2579.0,2787.1428571428573,42.83302110141619,19.68,1253581.0
2016-10-25 21:00:00,3160.498064516129,2796.0,22003.0,2558.0,2762.0,42.83302110141619,19.68,1253581.0
2016-10-26 21:00:00,3155.798387096774,2786.0,31110.0,2537.0,2736.857142857143,42.83302110141619,19.68,1253581.0
2016-10-27 21:00:00,3151.0987096774197,2788.0,18705.0,2516.0,2711.714285714286,42.83302110141619,19.68,1253581.0
2016-10-28 21:00:00,3146.399032258065,2774.0,18867.0,2495.0,2686.5714285714284,42.83302110141619,19.68,1253581.0
2016-10-29 21:00:00,3141.69935483871,2760.0,19029.0,2474.0,2661.4285714285716,42.83302110141619,19.68,1253581.0
2016-10-30 21:00:00,3136.999677419355,2746.0,19191.0,2453.0,2636.285714285714,42.83302110141619,19.68,1253581.0
2016-10-31 21:00:00,3132.3,2732.0,19353.0,2432.0,2611.1428571428573,42.83302110141619,19.68,1253581.0
2016-11-01 21:00:00,3138.3776666666668,2758.0,24909.0,2411.0,2586.0,42.83302110141619,19.68,1253581.0
2016-11-02 21:00:00,3144.4553333333333,2774.0,27532.0,2592.0,2700.0,42.83302110141619,19.68,1253581.0
2016-11-03 21:00:00,3150.5330000000004,2736.0,18369.0,2625.5,2609.5,42.83302110141619,19.68,1253581.0
2016-11-04 21:00:00,3156.610666666667,2762.75,20107.0,2659.0,2519.0,42.83302110141619,19.68,1253581.0
2016-11-05 21:00:00,3162.688333333333,2789.5,21845.0,2587.0,2374.0,42.83302110141619,19.68,1253581.0
2016-11-06 21:00:00,3168.766,2816.25,23583.0,2404.5,2475.0,42.83302110141619,19.68,1253581.0
2016-11-07 21:00:00,3174.843666666666,2843.0,25321.0,2222.0,2576.0,42.83302110141619,19.68,1253581.0
2016-11-08 21:00:00,3180.9213333333337,2845.0,23298.0,2622.0,2676.0,42.83302110141619,19.68,1253581.0
2016-11-09 21:00:00,3186.9990000000003,2894.0,21731.0,2620.0,2772.5,42.83302110141619,19.68,1253581.0
2016-11-10 21:00:00,3193.076666666667,2974.0,31377.0,2618.0,2869.0,42.83302110141619,19.68,1253581.0
2016-11-11 21:00:00,3199.1543333333334,2936.5,30107.0,2607.714285714286,2853.8571428571427,42.83302110141619,19.68,1253581.0
2016-11-12 21:00:00,3205.232,2899.0,28837.0,2597.4285714285716,2838.714285714286,42.83302110141619,19.68,1253581.0
2016-11-13 21:00:00,3211.309666666667,2861.5,27567.0,2587.1428571428573,2823.5714285714284,42.83302110141619,19.68,1253581.0
2016-11-14 21:00:00,3217.3873333333336,2824.0,26297.0,2576.8571428571427,2808.4285714285716,42.83302110141619,19.68,1253581.0
2016-11-15 21:00:00,3223.465,2855.0,25459.0,2566.5714285714284,2793.285714285714,42.83302110141619,19.68,1253581.0
2016-11-16 21:00:00,3229.5426666666667,2876.0,27696.0,2556.285714285714,2778.1428571428573,42.83302110141619,19.68,1253581.0
2016-11-17 21:00:00,3235.6203333333333,2869.0,23243.0,2546.0,2763.0,42.83302110141619,19.68,1253581.0
2016-11-18 21:00:00,3241.6980000000003,2883.75,21013.5,2535.714285714286,2747.8571428571427,42.83302110141619,19.68,1253581.0
2016-11-19 21:00:00,3247.775666666667,2898.5,18784.0,2525.4285714285716,2732.714285714286,42.83302110141619,19.68,1253581.0
2016-11-20 21:00:00,3253.853333333333,2913.25,16554.5,2515.1428571428573,2717.5714285714284,42.83302110141619,19.68,1253581.0
2016-11-21 21:00:00,3259.931,2928.0,14325.0,2504.8571428571427,2702.4285714285716,42.83302110141619,19.68,1253581.0
2016-11-22 21:00:00,3266.0086666666666,2954.0,13744.0,2494.5714285714284,2687.285714285714,42.83302110141619,19.68,1253581.0
2016-11-23 21:00:00,3272.0863333333336,3004.0,20343.0,2484.285714285714,2672.1428571428573,42.83302110141619,19.68,1253581.0
2016-11-24 21:00:00,3278.164,3032.0,20066.0,2474.0,2657.0,42.83302110141619,19.68,1253581.0
2016-11-25 21:00:00,3284.241666666667,3036.5,19149.0,2463.714285714286,2641.8571428571427,42.83302110141619,19.68,1253581.0
2016-11-26 21:00:00,3290.3193333333334,3041.0,18232.0,2453.4285714285716,2626.714285714286,42.83302110141619,19.68,1253581.0
2016-11-27 21:00:00,3296.397,3045.5,17315.0,2443.1428571428573,2611.5714285714284,42.83302110141619,19.68,1253581.0
2016-11-28 21:00:00,3302.474666666667,3050.0,16398.0,2432.8571428571427,2596.4285714285716,42.83302110141619,19.68,1253581.0
2016-11-29 21:00:00,3308.552333333333,3073.0,25316.0,2422.5714285714284,2581.285714285714,42.83302110141619,19.68,1253581.0
2016-11-30 21:00:00,3314.63,3079.0,20962.0,2412.285714285714,2566.1428571428573,42.83302110141619,19.68,1253581.0
2016-12-01 21:00:00,3324.4783870967744,3076.0,23721.0,2402.0,2551.0,42.83302110141619,19.68,1253581.0
2016-12-02 21:00:00,3334.3267741935483,3102.75,23102.75,2487.0,2543.3333333333335,42.83302110141619,19.68,1253581.0
2016-12-03 21:00:00,3344.175161290322,3129.5,22484.5,2572.0,2535.6666666666665,42.83302110141619,19.68,1253581.0
2016-12-04 21:00:00,3354.023548387097,3156.25,21866.25,2657.0,2528.0,42.83302110141619,19.68,1253581.0
2016-12-05 21:00:00,3363.871935483871,3183.0,21248.0,2587.0,2384.0,42.83302110141619,19.68,1253581.0
2016-12-06 21:00:00,3373.720322580645,3142.0,26025.0,2418.0,2481.0,42.83302110141619,19.68,1253581.0
2016-12-07 21:00:00,3383.5687096774195,3113.0,12972.0,2249.0,2578.0,42.83302110141619,19.68,1253581.0
2016-12-08 21:00:00,3393.4170967741934,3069.0,21398.0,2406.5,2651.0,42.83302110141619,19.68,1253581.0
2016-12-09 21:00:00,3403.265483870968,3076.25,19972.75,2564.0,2724.0,42.83302110141619,19.68,1253581.0
2016-12-10 21:00:00,3413.113870967742,3083.5,18547.5,2660.0,2928.0,42.83302110141619,19.68,1253581.0
2016-12-11 21:00:00,3422.962258064516,3090.75,17122.25,2892.5,3029.5,42.83302110141619,19.68,1253581.0
2016-12-12 21:00:00,3432.8106451612903,3098.0,15697.0,3125.0,3131.0,42.83302110141619,19.68,1253581.0
2016-12-13 21:00:00,3442.6590322580646,3125.0,15553.0,3121.6666666666665,3116.0476190476193,42.83302110141619,19.68,1253581.0
2016-12-14 21:00:00,3452.507419354839,3185.0,20356.0,3118.3333333333335,3101.095238095238,42.83302110141619,19.68,1253581.0
2016-12-15 21:00:00,3462.355806451613,3161.0,24813.0,3115.0,3086.1428571428573,42.83302110141619,19.68,1253581.0
2016-12-16 21:00:00,3472.204193548387,3144.0,23874.0,3111.6666666666665,3071.190476190476,42.83302110141619,19.68,1253581.0
2016-12-17 21:00:00,3482.052580645161,3127.0,22935.0,3108.3333333333335,3056.2380952380954,42.83302110141619,19.68,1253581.0
2016-12-18 21:00:00,3491.900967741936,3110.0,21996.0,3105.0,3041.285714285714,42.83302110141619,19.68,1253581.0
2016-12-19 21:00:00,3501.7493548387097,3093.0,21057.0,3101.6666666666665,3026.3333333333335,42.83302110141619,19.68,1253581.0
2016-12-20 21:00:00,3511.597741935484,3114.0,17612.0,3098.3333333333335,3011.3809523809523,42.83302110141619,19.68,1253581.0
2016-12-21 21:00:00,3521.446129032258,3076.0,17592.0,3095.0,2996.4285714285716,42.83302110141619,19.68,1253581.0
2016-12-22 21:00:00,3531.294516129032,3060.0,17131.0,3091.6666666666665,2981.4761904761904,42.83302110141619,19.68,1253581.0
2016-12-23 21:00:00,3541.1429032258065,3077.0,16867.5,3088.3333333333335,2966.5238095238096,42.83302110141619,19.68,1253581.0
2016-12-24 21:00:00,3550.9912903225804,3094.0,16604.0,3085.0,2951.5714285714284,42.83302110141619,19.68,1253581.0
2016-12-25 21:00:00,3560.8396774193548,3111.0,16340.5,3081.6666666666665,2936.6190476190477,42.83302110141619,19.68,1253581.0
2016-12-26 21:00:00,3570.688064516129,3128.0,16077.0,3078.3333333333335,2921.6666666666665,42.83302110141619,19.68,1253581.0
2016-12-27 21:00:00,3580.536451612903,3130.0,19364.0,3075.0,2906.714285714286,42.83302110141619,19.68,1253581.0
2016-12-28 21:00:00,3590.3848387096773,3106.0,20676.0,3071.6666666666665,2891.7619047619046,42.83302110141619,19.68,1253581.0
2016-12-29 21:00:00,3600.233225806452,3109.0,14300.0,3068.3333333333335,2876.809523809524,42.83302110141619,19.68,1253581.0
2016-12-30 21:00:00,3610.0816129032255,3122.5,15392.0,3065.0,2861.8571428571427,42.83302110141619,19.68,1253581.0
2016-12-31 21:00:00,3619.93,3136.0,16484.0,3061.6666666666665,2846.904761904762,42.83302110141619,19.68,1253581.0
2017-01-01 21:00:00,3621.913225806452,3149.5,17576.0,3058.3333333333335,2831.9523809523807,42.83302110141619,19.68,1253581.0
2017-01-02 21:00:00,3623.896451612903,3163.0,18668.0,3055.0,2817.0,42.83302110141619,19.68,1253581.0
2017-01-03 21:00:00,3625.8796774193543,3141.0,14456.0,2863.0,2612.0,42.83302110141619,19.68,1253581.0
2017-01-04 21:00:00,3627.8629032258063,3096.0,19610.0,2692.5,2534.5,42.83302110141619,19.68,1253581.0
2017-01-05 21:00:00,3629.846129032258,3075.0,29823.0,2522.0,2457.0,42.83302110141619,19.68,1253581.0
2017-01-06 21:00:00,3631.8293548387096,3076.75,28845.5,2499.0,2557.0,42.83302110141619,19.68,1253581.0
2017-01-07 21:00:00,3633.812580645161,3078.5,27868.0,2551.5,2715.0,42.83302110141619,19.68,1253581.0
2017-01-08 21:00:00,3635.795806451613,3080.25,26890.5,2604.0,2873.0,42.83302110141619,19.68,1253581.0
2017-01-09 21:00:00,3637.779032258065,3082.0,25913.0,2671.3333333333335,2734.6666666666665,42.83302110141619,19.68,1253581.0
2017-01-10 21:00:00,3639.762258064516,3133.0,29033.0,2738.6666666666665,2596.3333333333335,42.83302110141619,19.68,1253581.0
2017-01-11 21:00:00,3641.745483870968,3116.0,25175.0,2806.0,2458.0,42.83302110141619,19.68,1253581.0
2017-01-12 21:00:00,3643.7287096774194,3120.0,23117.0,2821.9523809523807,2486.1428571428573,42.83302110141619,19.68,1253581.0
2017-01-13 21:00:00,3645.711935483871,3129.75,21979.0,2837.904761904762,2514.285714285714,42.83302110141619,19.68,1253581.0
2017-01-14 21:00:00,3647.695161290322,3139.5,20841.0,2853.8571428571427,2542.4285714285716,42.83302110141619,19.68,1253581.0
2017-01-15 21:00:00,3649.6783870967743,3149.25,19703.0,2869.809523809524,2570.5714285714284,42.83302110141619,19.68,1253581.0
2017-01-16 21:00:00,3651.6616129032254,3159.0,18565.0,2885.7619047619046,2598.714285714286,42.83302110141619,19.68,1253581.0
2017-01-17 21:00:00,3653.644838709677,3150.0,20693.0,2901.714285714286,2626.8571428571427,42.83302110141619,19.68,1253581.0
2017-01-18 21:00:00,3655.6280645161287,3131.0,21405.0,2917.6666666666665,2655.0,42.83302110141619,19.68,1253581.0
2017-01-19 21:00:00,3657.61129032258,3101.0,16700.0,2933.6190476190477,2683.1428571428573,42.83302110141619,19.68,1253581.0
2017-01-20 21:00:00,3659.594516129032,3113.0,17969.5,2949.5714285714284,2711.285714285714,42.83302110141619,19.68,1253581.0
2017-01-21 21:00:00,3661.577741935484,3125.0,19239.0,2965.5238095238096,2739.4285714285716,42.83302110141619,19.68,1253581.0
2017-01-22 21:00:00,3663.560967741935,3137.0,20508.5,2981.4761904761904,2767.5714285714284,42.83302110141619,19.68,1253581.0
2017-01-23 21:00:00,3665.544193548387,3149.0,21778.0,2997.4285714285716,2795.714285714286,42.83302110141619,19.68,1253581.0
2017-01-24 21:00:00,3667.5274193548394,3125.0,18204.0,3013.3809523809523,2823.8571428571427,42.83302110141619,19.68,1253581.0
2017-01-25 21:00:00,3669.51064516129,3087.0,23646.0,3029.3333333333335,2852.0,42.83302110141619,19.68,1253581.0
2017-01-26 21:00:00,3671.4938709677417,3070.0,7113.0,3045.285714285714,2880.142857142857,42.83302110141619,19.68,1253581.0
2017-01-27 21:00:00,3673.477096774193,3059.75,10418.5,3061.2380952380954,2908.285714285714,42.83302110141619,19.68,1253581.0
2017-01-28 21:00:00,3675.460322580645,3049.5,13724.0,3077.190476190476,2936.4285714285716,42.83302110141619,19.68,1253581.0
2017-01-29 21:00:00,3677.4435483870966,3039.25,17029.5,3093.1428571428573,2964.5714285714284,42.83302110141619,19.68,1253581.0
2017-01-30 21:00:00,3679.426774193548,3029.0,20335.0,3109.095238095238,2992.714285714286,42.83302110141619,19.68,1253581.0
2017-01-31 21:00:00,3681.41,3050.5,22960.5,3125.0476190476193,3020.857142857143,42.83302110141619,19.68,1253581.0
2017-02-01 21:00:00,3678.302857142857,3072.0,25586.0,3141.0,3049.0,42.83302110141619,19.68,1253581.0
2017-02-02 21:00:00,3675.195714285714,3055.0,21290.0,3068.0,2796.0,42.83302110141619,19.68,1253581.0
2017-02-03 21:00:00,3672.0885714285714,3061.75,22254.25,2893.0,2589.0,42.83302110141619,19.68,1253581.0
2017-02-04 21:00:00,3668.981428571428,3068.5,23218.5,2714.5,2510.5,42.83302110141619,19.68,1253581.0
2017-02-05 21:00:00,3665.8742857142856,3075.25,24182.75,2536.0,2432.0,42.83302110141619,19.68,1253581.0
2017-02-06 21:00:00,3662.7671428571434,3082.0,25147.0,2560.0,2577.0,42.83302110141619,19.68,1253581.0
2017-02-07 21:00:00,3659.66,3098.0,21443.0,2584.0,2722.0,42.83302110141619,19.68,1253581.0
2017-02-08 21:00:00,3656.552857142857,3084.5,22397.0,2608.0,2867.0,42.83302110141619,19.68,1253581.0
2017-02-09 21:00:00,3653.445714285714,3071.0,23351.0,2661.5,2832.0,42.83302110141619,19.68,1253581.0
2017-02-10 21:00:00,3650.3385714285714,3065.5,23721.5,2715.0,2797.0,42.83302110141619,19.68,1253581.0
2017-02-11 21:00:00,3647.231428571428,3060.0,24092.0,2783.0,2452.0,42.83302110141619,19.68,1253581.0
2017-02-12 21:00:00,3644.1242857142856,3054.5,24462.5,2800.3888888888887,2486.1666666666665,42.83302110141619,19.68,1253581.0
2017-02-13 21:00:00,3641.0171428571434,3049.0,24833.0,2817.777777777778,2520.3333333333335,42.83302110141619,19.68,1253581.0
2017-02-14 21:00:00,3637.91,3067.0,18209.0,2835.1666666666665,2554.5,42.83302110141619,19.68,1253581.0
2017-02-15 21:00:00,3634.802857142857,2929.0,29705.0,2852.5555555555557,2588.6666666666665,42.83302110141619,19.68,1253581.0
2017-02-16 21:00:00,3631.695714285714,2859.0,32386.0,2869.9444444444443,2622.8333333333335,42.83302110141619,19.68,1253581.0
2017-02-17 21:00:00,3628.5885714285714,2840.0,32907.0,2887.3333333333335,2657.0,42.83302110141619,19.68,1253581.0
2017-02-18 21:00:00,3625.481428571428,2821.0,33428.0,2904.722222222222,2691.1666666666665,42.83302110141619,19.68,1253581.0
2017-02-19 21:00:00,3622.3742857142856,2802.0,33949.0,2922.1111111111113,2725.3333333333335,42.83302110141619,19.68,1253581.0
2017-02-20 21:00:00,3619.2671428571434,2783.0,34470.0,2939.5,2759.5,42.83302110141619,19.68,1253581.0
2017-02-21 21:00:00,3616.16,2809.0,42390.0,2956.8888888888887,2793.6666666666665,42.83302110141619,19.68,1253581.0
2017-02-22 21:00:00,3613.052857142857,2782.0,44068.0,2974.277777777778,2827.8333333333335,42.83302110141619,19.68,1253581.0
2017-02-23 21:00:00,3609.945714285714,2806.0,31650.0,2991.6666666666665,2862.0,42.83302110141619,19.68,1253581.0
2017-02-24 21:00:00,3606.8385714285714,2797.0,32690.0,3009.0555555555557,2896.1666666666665,42.83302110141619,19.68,1253581.0
2017-02-25 21:00:00,3603.731428571428,2788.0,33730.0,3026.4444444444443,2930.3333333333335,42.83302110141619,19.68,1253581.0
2017-02-26 21:00:00,3600.6242857142856,2779.0,34770.0,3043.8333333333335,2964.5,42.83302110141619,19.68,1253581.0
2017-02-27 21:00:00,3597.5171428571425,2770.0,35810.0,3061.222222222222,2998.6666666666665,42.83302110141619,19.68,1253581.0
2017-02-28 21:00:00,3594.41,2831.0,33456.0,3078.6111111111113,3032.833333333333,42.83302110141619,19.68,1253581.0
2017-03-01 21:00:00,3589.98,2862.0,26924.0,3096.0,3067.0,42.83302110141619,19.68,1253581.0
2017-03-02 21:00:00,3585.55,2863.0,23403.0,2968.6666666666665,2928.3333333333335,42.83302110141619,19.68,1253581.0
2017-03-03 21:00:00,3581.12,2862.0,21243.25,2841.3333333333335,2789.6666666666665,42.83302110141619,19.68,1253581.0
2017-03-04 21:00:00,3576.69,2861.0,19083.5,2714.0,2651.0,42.83302110141619,19.68,1253581.0
2017-03-05 21:00:00,3572.26,2860.0,16923.75,2578.0,2456.0,42.83302110141619,19.68,1253581.0
2017-03-06 21:00:00,3567.83,2859.0,14764.0,2558.0,2559.5,42.83302110141619,19.68,1253581.0
2017-03-07 21:00:00,3563.4,2875.0,20675.0,2538.0,2663.0,42.83302110141619,19.68,1253581.0
2017-03-08 21:00:00,3558.97,2839.0,29313.0,2574.0,2861.0,42.83302110141619,19.68,1253581.0
2017-03-09 21:00:00,3554.54,2771.0,23715.0,2647.0,2789.0,42.83302110141619,19.68,1253581.0
2017-03-10 21:00:00,3550.11,2766.25,25608.75,2720.0,2717.0,42.83302110141619,19.68,1253581.0
2017-03-11 21:00:00,3545.68,2761.5,27502.5,2736.1363636363635,2726.6363636363635,42.83302110141619,19.68,1253581.0
2017-03-12 21:00:00,3541.25,2756.75,29396.25,2752.2727272727275,2736.2727272727275,42.83302110141619,19.68,1253581.0
2017-03-13 21:00:00,3536.82,2752.0,31290.0,2768.409090909091,2745.909090909091,42.83302110141619,19.68,1253581.0
2017-03-14 21:00:00,3532.39,2817.0,25592.0,2784.5454545454545,2755.5454545454545,42.83302110141619,19.68,1253581.0
2017-03-15 21:00:00,3527.96,2796.0,32495.0,2800.681818181818,2765.181818181818,42.83302110141619,19.68,1253581.0
2017-03-16 21:00:00,3523.53,2803.0,17632.0,2816.818181818182,2774.818181818182,42.83302110141619,19.68,1253581.0
2017-03-17 21:00:00,3519.1,2804.5,19874.75,2832.9545454545455,2784.4545454545455,42.83302110141619,19.68,1253581.0
2017-03-18 21:00:00,3514.67,2806.0,22117.5,2849.090909090909,2794.090909090909,42.83302110141619,19.68,1253581.0
2017-03-19 21:00:00,3510.24,2807.5,24360.25,2865.2272727272725,2803.7272727272725,42.83302110141619,19.68,1253581.0
2017-03-20 21:00:00,3505.81,2809.0,26603.0,2881.3636363636365,2813.3636363636365,42.83302110141619,19.68,1253581.0
2017-03-21 21:00:00,3501.38,2829.0,21970.0,2897.5,2823.0,42.83302110141619,19.68,1253581.0
2017-03-22 21:00:00,3496.95,2771.0,27456.0,2913.6363636363635,2832.6363636363635,42.83302110141619,19.68,1253581.0
2017-03-23 21:00:00,3492.52,2754.0,19871.0,2929.7727272727275,2842.2727272727275,42.83302110141619,19.68,1253581.0
2017-03-24 21:00:00,3488.09,2742.25,20985.25,2945.909090909091,2851.909090909091,42.83302110141619,19.68,1253581.0
2017-03-25 21:00:00,3483.66,2730.5,22099.5,2962.0454545454545,2861.5454545454545,42.83302110141619,19.68,1253581.0
2017-03-26 21:00:00,3479.23,2718.75,23213.75,2978.181818181818,2871.181818181818,42.83302110141619,19.68,1253581.0
2017-03-27 21:00:00,3474.8,2707.0,24328.0,2994.318181818182,2880.818181818182,42.83302110141619,19.68,1253581.0
2017-03-28 21:00:00,3470.37,2721.0,23909.0,3010.4545454545455,2890.4545454545455,42.83302110141619,19.68,1253581.0
2017-03-29 21:00:00,3465.94,2659.0,21632.0,3026.590909090909,2900.090909090909,42.83302110141619,19.68,1253581.0
2017-03-30 21:00:00,3461.51,2646.0,22414.0,3042.727272727273,2909.727272727273,42.83302110141619,19.68,1253581.0
2017-03-31 21:00:00,3457.08,2642.25,21870.75,3058.8636363636365,2919.3636363636365,42.83302110141619,19.68,1253581.0
2017-04-01 21:00:00,3452.3276666666666,2638.5,21327.5,3075.0,2929.0,42.83302110141619,19.68,1253581.0
2017-04-02 21:00:00,3447.575333333333,2634.75,20784.25,2952.6666666666665,2822.6666666666665,42.83302110141619,19.68,1253581.0
2017-04-03 21:00:00,3442.823,2631.0,20241.0,2830.3333333333335,2716.3333333333335,42.83302110141619,19.68,1253581.0
2017-04-04 21:00:00,3438.0706666666665,2714.0,27082.0,2708.0,2610.0,42.83302110141619,19.68,1253581.0
2017-04-05 21:00:00,3433.318333333333,2708.0,18022.0,2598.0,2498.0,42.83302110141619,19.68,1253581.0
2017-04-06 21:00:00,3428.566,2660.0,24184.0,2579.5,2590.0,42.83302110141619,19.68,1253581.0
2017-04-07 21:00:00,3423.8136666666664,2648.0,24927.5,2561.0,2682.0,42.83302110141619,19.68,1253581.0
2017-04-08 21:00:00,3419.0613333333336,2636.0,25671.0,2652.5,2715.5,42.83302110141619,19.68,1253581.0
2017-04-09 21:00:00,3414.309,2624.0,26414.5,2744.0,2749.0,42.83302110141619,19.68,1253581.0
2017-04-10 21:00:00,3409.556666666667,2612.0,27158.0,2730.0,2713.0,42.83302110141619,19.68,1253581.0
2017-04-11 21:00:00,3404.804333333333,2589.0,22883.0,2632.5,2640.0,42.83302110141619,19.68,1253581.0
2017-04-12 21:00:00,3400.052,2566.0,27157.0,2535.0,2567.0,42.83302110141619,19.68,1253581.0
2017-04-13 21:00:00,3395.299666666667,2554.0,15955.0,2565.3684210526317,2582.3684210526317,42.83302110141619,19.68,1253581.0
2017-04-14 21:00:00,3390.5473333333334,2533.75,18895.5,2595.7368421052633,2597.7368421052633,42.83302110141619,19.68,1253581.0
2017-04-15 21:00:00,3385.795,2513.5,21836.0,2626.1052631578946,2613.1052631578946,42.83302110141619,19.68,1253581.0
2017-04-16 21:00:00,3381.0426666666667,2493.25,24776.5,2656.4736842105262,2628.4736842105262,42.83302110141619,19.68,1253581.0
2017-04-17 21:00:00,3376.2903333333334,2473.0,27717.0,2686.842105263158,2643.842105263158,42.83302110141619,19.68,1253581.0
2017-04-18 21:00:00,3371.538,2465.0,29217.0,2717.2105263157896,2659.2105263157896,42.83302110141619,19.68,1253581.0
2017-04-19 21:00:00,3366.7856666666667,2504.0,30260.0,2747.578947368421,2674.5789473684213,42.83302110141619,19.68,1253581.0
2017-04-20 21:00:00,3362.0333333333333,2530.0,26506.0,2777.9473684210525,2689.9473684210525,42.83302110141619,19.68,1253581.0
2017-04-21 21:00:00,3357.281,2519.0,26122.75,2808.315789473684,2705.315789473684,42.83302110141619,19.68,1253581.0
2017-04-22 21:00:00,3352.5286666666666,2508.0,25739.5,2838.684210526316,2720.684210526316,42.83302110141619,19.68,1253581.0
2017-04-23 21:00:00,3347.7763333333337,2497.0,25356.25,2869.0526315789475,2736.0526315789475,42.83302110141619,19.68,1253581.0
2017-04-24 21:00:00,3343.0240000000003,2486.0,24973.0,2899.421052631579,2751.421052631579,42.83302110141619,19.68,1253581.0
2017-04-25 21:00:00,3338.271666666667,2514.0,29236.0,2929.7894736842104,2766.7894736842104,42.83302110141619,19.68,1253581.0
2017-04-26 21:00:00,3333.5193333333336,2506.0,21970.0,2960.157894736842,2782.157894736842,42.83302110141619,19.68,1253581.0
2017-04-27 21:00:00,3328.7670000000003,2508.0,18959.0,2990.5263157894738,2797.5263157894738,42.83302110141619,19.68,1253581.0
2017-04-28 21:00:00,3324.014666666667,2518.0,18815.75,3020.8947368421054,2812.8947368421054,42.83302110141619,19.68,1253581.0
2017-04-29 21:00:00,3319.2623333333336,2528.0,18672.5,3051.2631578947367,2828.2631578947367,42.83302110141619,19.68,1253581.0
2017-04-30 21:00:00,3314.51,2538.0,18529.25,3081.6315789473683,2843.6315789473683,42.83302110141619,19.68,1253581.0
2017-05-01 21:00:00,3313.7861290322585,2548.0,18386.0,3112.0,2859.0,42.83302110141619,19.68,1253581.0
2017-05-02 21:00:00,3313.0622580645163,2522.0,18683.0,2961.3333333333335,2787.0,42.83302110141619,19.68,1253581.0
2017-05-03 21:00:00,3312.3383870967746,2536.0,14614.0,2810.6666666666665,2715.0,42.83302110141619,19.68,1253581.0
2017-05-04 21:00:00,3311.6145161290324,2578.0,19802.0,2660.0,2643.0,42.83302110141619,19.68,1253581.0
2017-05-05 21:00:00,3310.89064516129,2590.5,20046.25,2557.5,2605.5,42.83302110141619,19.68,1253581.0
2017-05-06 21:00:00,3310.1667741935485,2603.0,20290.5,2455.0,2568.0,42.83302110141619,19.68,1253581.0
2017-05-07 21:00:00,3309.4429032258067,2615.5,20534.75,2554.0,2633.0,42.83302110141619,19.68,1253581.0
2017-05-08 21:00:00,3308.7190322580645,2628.0,20779.0,2668.0,2687.0,42.83302110141619,19.68,1253581.0
2017-05-09 21:00:00,3307.995161290323,2650.0,21097.0,2782.0,2741.0,42.83302110141619,19.68,1253581.0
2017-05-10 21:00:00,3307.2712903225806,2672.0,21415.0,2735.0,2738.0,42.83302110141619,19.68,1253581.0
2017-05-11 21:00:00,3306.547419354839,2651.0,20849.0,2618.5,2637.0,42.83302110141619,19.68,1253581.0
2017-05-12 21:00:00,3305.823548387097,2640.75,21197.25,2502.0,2536.0,42.83302110141619,19.68,1253581.0
2017-05-13 21:00:00,3305.099677419355,2630.5,21545.5,2530.3809523809523,2548.714285714286,42.83302110141619,19.68,1253581.0
2017-05-14 21:00:00,3304.375806451613,2620.25,21893.75,2558.7619047619046,2561.4285714285716,42.83302110141619,19.68,1253581.0
2017-05-15 21:00:00,3303.651935483871,2610.0,22242.0,2587.1428571428573,2574.1428571428573,42.83302110141619,19.68,1253581.0
2017-05-16 21:00:00,3302.9280645161293,2643.0,25279.0,2615.5238095238096,2586.8571428571427,42.83302110141619,19.68,1253581.0
2017-05-17 21:00:00,3302.204193548387,2626.0,26313.0,2643.904761904762,2599.5714285714284,42.83302110141619,19.68,1253581.0
2017-05-18 21:00:00,3301.4803225806454,2635.0,27923.0,2672.285714285714,2612.285714285714,42.83302110141619,19.68,1253581.0
2017-05-19 21:00:00,3300.756451612903,2630.5,26153.5,2700.6666666666665,2625.0,42.83302110141619,19.68,1253581.0
2017-05-20 21:00:00,3300.032580645161,2626.0,24384.0,2729.0476190476193,2637.714285714286,42.83302110141619,19.68,1253581.0
2017-05-21 21:00:00,3299.30870967742,2621.5,22614.5,2757.4285714285716,2650.4285714285716,42.83302110141619,19.68,1253581.0
2017-05-22 21:00:00,3298.5848387096776,2617.0,20845.0,2785.809523809524,2663.1428571428573,42.83302110141619,19.68,1253581.0
2017-05-23 21:00:00,3297.860967741936,2580.0,24769.0,2814.190476190476,2675.8571428571427,42.83302110141619,19.68,1253581.0
2017-05-24 21:00:00,3297.1370967741937,2607.0,20006.0,2842.5714285714284,2688.5714285714284,42.83302110141619,19.68,1253581.0
2017-05-25 21:00:00,3296.413225806452,2555.0,18888.0,2870.9523809523807,2701.285714285714,42.83302110141619,19.68,1253581.0
2017-05-26 21:00:00,3295.6893548387097,2542.25,19665.25,2899.3333333333335,2714.0,42.83302110141619,19.68,1253581.0
2017-05-27 21:00:00,3294.965483870968,2529.5,20442.5,2927.714285714286,2726.714285714286,42.83302110141619,19.68,1253581.0
2017-05-28 21:00:00,3294.241612903226,2516.75,21219.75,2956.095238095238,2739.4285714285716,42.83302110141619,19.68,1253581.0
2017-05-29 21:00:00,3293.517741935484,2504.0,21997.0,2984.4761904761904,2752.1428571428573,42.83302110141619,19.68,1253581.0
2017-05-30 21:00:00,3292.793870967742,2499.0,28498.0,3012.8571428571427,2764.8571428571427,42.83302110141619,19.68,1253581.0
2017-05-31 21:00:00,3292.07,2513.0,23464.0,3041.2380952380954,2777.5714285714284,42.83302110141619,19.68,1253581.0
2017-06-01 21:00:00,3287.1046666666666,2497.0,19060.0,3069.6190476190477,2790.285714285714,42.83302110141619,19.68,1253581.0
2017-06-02 21:00:00,3282.139333333333,2497.5,19807.75,3098.0,2803.0,42.83302110141619,19.68,1253581.0
2017-06-03 21:00:00,3277.174,2498.0,20555.5,2875.0,2566.0,42.83302110141619,19.68,1253581.0
2017-06-04 21:00:00,3272.208666666667,2498.5,21303.25,2593.0,2626.0,42.83302110141619,19.68,1253581.0
2017-06-05 21:00:00,3267.2433333333333,2499.0,22051.0,2518.5,2569.5,42.83302110141619,19.68,1253581.0
2017-06-06 21:00:00,3262.278,2455.0,22008.0,2444.0,2513.0,42.83302110141619,19.68,1253581.0
2017-06-07 21:00:00,3257.3126666666667,2444.0,17576.0,2593.0,2637.0,42.83302110141619,19.68,1253581.0
2017-06-08 21:00:00,3252.3473333333336,2457.0,19550.0,2677.5,2680.0,42.83302110141619,19.68,1253581.0
2017-06-09 21:00:00,3247.382,2450.75,20590.5,2762.0,2723.0,42.83302110141619,19.68,1253581.0
2017-06-10 21:00:00,3242.416666666667,2444.5,21631.0,2791.0,2620.5,42.83302110141619,19.68,1253581.0
2017-06-11 21:00:00,3237.4513333333334,2438.25,22671.5,2820.0,2518.0,42.83302110141619,19.68,1253581.0
2017-06-12 21:00:00,3232.4860000000003,2432.0,23712.0,2479.0,2518.0,42.83302110141619,19.68,1253581.0
2017-06-13 21:00:00,3227.520666666667,2456.0,20451.0,2508.6,2532.55,42.83302110141619,19.68,1253581.0
2017-06-14 21:00:00,3222.5553333333337,2498.0,21670.0,2538.2,2547.1,42.83302110141619,19.68,1253581.0
2017-06-15 21:00:00,3217.59,2484.0,15672.0,2567.8,2561.65,42.83302110141619,19.68,1253581.0
2017-06-16 21:00:00,3212.6246666666666,2479.5,16700.25,2597.4,2576.2,42.83302110141619,19.68,1253581.0
2017-06-17 21:00:00,3207.659333333333,2475.0,17728.5,2627.0,2590.75,42.83302110141619,19.68,1253581.0
2017-06-18 21:00:00,3202.694,2470.5,18756.75,2656.6,2605.3,42.83302110141619,19.68,1253581.0
2017-06-19 21:00:00,3197.728666666667,2466.0,19785.0,2686.2,2619.85,42.83302110141619,19.68,1253581.0
2017-06-20 21:00:00,3192.7633333333333,2442.0,18486.0,2715.8,2634.4,42.83302110141619,19.68,1253581.0
2017-06-21 21:00:00,3187.798,2447.0,12801.0,2745.4,2648.95,42.83302110141619,19.68,1253581.0
2017-06-22 21:00:00,3182.8326666666667,2442.0,11823.0,2775.0,2663.5,42.83302110141619,19.68,1253581.0
2017-06-23 21:00:00,3177.8673333333336,2441.6,13706.6,2804.6,2678.05,42.83302110141619,19.68,1253581.0
2017-06-24 21:00:00,3172.902,2441.2,15590.2,2834.2,2692.6,42.83302110141619,19.68,1253581.0
2017-06-25 21:00:00,3167.936666666667,2440.8,17473.8,2863.8,2707.15,42.83302110141619,19.68,1253581.0
2017-06-26 21:00:00,3162.9713333333334,2440.4,19357.4,2893.4,2721.7,42.83302110141619,19.68,1253581.0
2017-06-27 21:00:00,3158.0060000000003,2440.0,21241.0,2923.0,2736.25,42.83302110141619,19.68,1253581.0
2017-06-28 21:00:00,3153.0406666666668,2469.0,12665.0,2952.6,2750.8,42.83302110141619,19.68,1253581.0
2017-06-29 21:00:00,3148.075333333333,2459.0,17422.0,2982.2,2765.35,42.83302110141619,19.68,1253581.0
2017-06-30 21:00:00,3143.11,2471.25,17122.5,3011.8,2779.9,42.83302110141619,19.68,1253581.0
2017-07-01 21:00:00,3141.4264516129037,2483.5,16823.0,3041.4,2794.45,42.83302110141619,19.68,1253581.0
2017-07-02 21:00:00,3139.7429032258065,2495.75,16523.5,3071.0,2809.0,42.83302110141619,19.68,1253581.0
2017-07-03 21:00:00,3138.0593548387096,2508.0,16224.0,2839.0,2554.0,42.83302110141619,19.68,1253581.0
2017-07-04 21:00:00,3136.375806451613,2538.0,13754.0,2711.6666666666665,2544.3333333333335,42.83302110141619,19.68,1253581.0
2017-07-05 21:00:00,3134.6922580645164,2561.0,17158.0,2584.3333333333335,2534.6666666666665,42.83302110141619,19.68,1253581.0
2017-07-06 21:00:00,3133.00870967742,2554.0,19310.0,2457.0,2525.0,42.83302110141619,19.68,1253581.0
2017-07-07 21:00:00,3131.3251612903227,2561.25,18964.75,2543.5,2646.0,42.83302110141619,19.68,1253581.0
2017-07-08 21:00:00,3129.641612903226,2568.5,18619.5,2630.0,2767.0,42.83302110141619,19.68,1253581.0
2017-07-09 21:00:00,3127.958064516129,2575.75,18274.25,2802.0,2741.0,42.83302110141619,19.68,1253581.0
2017-07-10 21:00:00,3126.274516129032,2583.0,17929.0,2805.5,2631.0,42.83302110141619,19.68,1253581.0
2017-07-11 21:00:00,3124.5909677419354,2581.0,15877.0,2809.0,2521.0,42.83302110141619,19.68,1253581.0
2017-07-12 21:00:00,3122.907419354839,2557.0,16950.0,2459.0,2487.0,42.83302110141619,19.68,1253581.0
2017-07-13 21:00:00,3121.223870967742,2568.0,24928.0,2473.181818181818,2486.3636363636365,42.83302110141619,19.68,1253581.0
2017-07-14 21:00:00,3119.5403225806454,2554.25,22079.25,2487.3636363636365,2485.7272727272725,42.83302110141619,19.68,1253581.0
2017-07-15 21:00:00,3117.8567741935485,2540.5,19230.5,2501.5454545454545,2485.090909090909,42.83302110141619,19.68,1253581.0
2017-07-16 21:00:00,3116.173225806452,2526.75,16381.75,2515.7272727272725,2484.4545454545455,42.83302110141619,19.68,1253581.0
2017-07-17 21:00:00,3114.489677419355,2513.0,13533.0,2529.909090909091,2483.818181818182,42.83302110141619,19.68,1253581.0
2017-07-18 21:00:00,3112.806129032258,2525.0,14689.0,2544.090909090909,2483.181818181818,42.83302110141619,19.68,1253581.0
2017-07-19 21:00:00,3111.122580645161,2576.0,15803.0,2558.2727272727275,2482.5454545454545,42.83302110141619,19.68,1253581.0
2017-07-20 21:00:00,3109.439032258065,2573.0,14316.0,2572.4545454545455,2481.909090909091,42.83302110141619,19.68,1253581.0
2017-07-21 21:00:00,3107.755483870968,2586.25,17191.25,2586.6363636363635,2481.2727272727275,42.83302110141619,19.68,1253581.0
2017-07-22 21:00:00,3106.071935483871,2599.5,20066.5,2600.818181818182,2480.6363636363635,42.83302110141619,19.68,1253581.0
2017-07-23 21:00:00,3104.3883870967743,2612.75,22941.75,2615.0,2480.0,42.83302110141619,19.68,1253581.0
2017-07-24 21:00:00,3102.704838709677,2626.0,25817.0,2629.181818181818,2479.3636363636365,42.83302110141619,19.68,1253581.0
2017-07-25 21:00:00,3101.0212903225806,2629.0,24959.0,2643.3636363636365,2478.7272727272725,42.83302110141619,19.68,1253581.0
2017-07-26 21:00:00,3099.337741935484,2677.0,24825.0,2657.5454545454545,2478.090909090909,42.83302110141619,19.68,1253581.0
2017-07-27 21:00:00,3097.654193548387,2655.0,18502.0,2671.7272727272725,2477.4545454545455,42.83302110141619,19.68,1253581.0
2017-07-28 21:00:00,3095.9706451612906,2654.75,18393.25,2685.909090909091,2476.818181818182,42.83302110141619,19.68,1253581.0
2017-07-29 21:00:00,3094.2870967741937,2654.5,18284.5,2700.090909090909,2476.181818181818,42.83302110141619,19.68,1253581.0
2017-07-30 21:00:00,3092.603548387097,2654.25,18175.75,2714.2727272727275,2475.5454545454545,42.83302110141619,19.68,1253581.0
2017-07-31 21:00:00,3090.92,2654.0,18067.0,2728.4545454545455,2474.909090909091,42.83302110141619,19.68,1253581.0
2017-08-01 21:00:00,3090.4367741935484,2642.0,22818.0,2742.6363636363635,2474.2727272727275,42.83302110141619,19.68,1253581.0
2017-08-02 21:00:00,3089.953548387097,2604.0,19564.0,2756.818181818182,2473.6363636363635,42.83302110141619,19.68,1253581.0
2017-08-03 21:00:00,3089.470322580645,2608.0,16781.0,2771.0,2473.0,42.83302110141619,19.68,1253581.0
2017-08-04 21:00:00,3088.9870967741936,2613.25,17313.5,2721.5,2478.5,42.83302110141619,19.68,1253581.0
2017-08-05 21:00:00,3088.503870967742,2618.5,17846.0,2672.0,2484.0,42.83302110141619,19.68,1253581.0
2017-08-06 21:00:00,3088.0206451612903,2623.75,18378.5,2432.0,2576.0,42.83302110141619,19.68,1253581.0
2017-08-07 21:00:00,3087.5374193548387,2629.0,18911.0,2547.5,2673.0,42.83302110141619,19.68,1253581.0
2017-08-08 21:00:00,3087.054193548387,2630.0,16751.0,2663.0,2770.0,42.83302110141619,19.68,1253581.0
2017-08-09 21:00:00,3086.5709677419354,2663.0,22487.0,2707.6666666666665,2679.6666666666665,42.83302110141619,19.68,1253581.0
2017-08-10 21:00:00,3086.087741935484,2682.0,28218.0,2752.3333333333335,2589.3333333333335,42.83302110141619,19.68,1253581.0
2017-08-11 21:00:00,3085.604516129032,2669.75,26421.25,2797.0,2499.0,42.83302110141619,19.68,1253581.0
2017-08-12 21:00:00,3085.1212903225805,2657.5,24624.5,2813.0,2512.5238095238096,42.83302110141619,19.68,1253581.0
2017-08-13 21:00:00,3084.638064516129,2645.25,22827.75,2829.0,2526.0476190476193,42.83302110141619,19.68,1253581.0
2017-08-14 21:00:00,3084.1548387096773,2633.0,21031.0,2845.0,2539.5714285714284,42.83302110141619,19.68,1253581.0
2017-08-15 21:00:00,3083.6716129032257,2637.0,24348.0,2861.0,2553.095238095238,42.83302110141619,19.68,1253581.0
2017-08-16 21:00:00,3083.1883870967745,2658.0,23361.0,2877.0,2566.6190476190477,42.83302110141619,19.68,1253581.0
2017-08-17 21:00:00,3082.705161290323,2681.0,25443.0,2893.0,2580.1428571428573,42.83302110141619,19.68,1253581.0
2017-08-18 21:00:00,3082.221935483871,2695.0,26772.75,2909.0,2593.6666666666665,42.83302110141619,19.68,1253581.0
2017-08-19 21:00:00,3081.73870967742,2709.0,28102.5,2925.0,2607.190476190476,42.83302110141619,19.68,1253581.0
2017-08-20 21:00:00,3081.255483870968,2723.0,29432.25,2941.0,2620.714285714286,42.83302110141619,19.68,1253581.0
2017-08-21 21:00:00,3080.7722580645163,2737.0,30762.0,2957.0,2634.2380952380954,42.83302110141619,19.68,1253581.0
2017-08-22 21:00:00,3080.2890322580647,2738.0,36735.0,2973.0,2647.7619047619046,42.83302110141619,19.68,1253581.0
2017-08-23 21:00:00,3079.805806451613,2777.0,27012.0,2989.0,2661.285714285714,42.83302110141619,19.68,1253581.0
2017-08-24 21:00:00,3079.322580645161,2750.0,25628.0,3005.0,2674.809523809524,42.83302110141619,19.68,1253581.0
2017-08-25 21:00:00,3078.83935483871,2740.75,23452.25,3021.0,2688.3333333333335,42.83302110141619,19.68,1253581.0
2017-08-26 21:00:00,3078.356129032258,2731.5,21276.5,3037.0,2701.8571428571427,42.83302110141619,19.68,1253581.0
2017-08-27 21:00:00,3077.8729032258066,2722.25,19100.75,3053.0,2715.3809523809523,42.83302110141619,19.68,1253581.0
2017-08-28 21:00:00,3077.389677419355,2713.0,16925.0,3069.0,2728.904761904762,42.83302110141619,19.68,1253581.0
2017-08-29 21:00:00,3076.9064516129038,2706.0,17966.0,3085.0,2742.4285714285716,42.83302110141619,19.68,1253581.0
2017-08-30 21:00:00,3076.423225806452,2716.1666666666665,18889.0,3101.0,2755.9523809523807,42.83302110141619,19.68,1253581.0
2017-08-31 21:00:00,3075.94,2726.3333333333335,19812.0,3117.0,2769.4761904761904,42.83302110141619,19.68,1253581.0
2017-09-01 21:00:00,3079.371,2736.5,20735.0,3133.0,2783.0,42.83302110141619,19.68,1253581.0
2017-09-02 21:00:00,3082.802,2746.6666666666665,21658.0,3036.0,2829.0,42.83302110141619,19.68,1253581.0
2017-09-03 21:00:00,3086.233,2756.8333333333335,22581.0,2723.0,2465.0,42.83302110141619,19.68,1253581.0
2017-09-04 21:00:00,3089.664,2767.0,23504.0,2714.8,2519.4,42.83302110141619,19.68,1253581.0
2017-09-05 21:00:00,3093.0950000000003,2744.0,23972.0,2706.6,2573.8,42.83302110141619,19.68,1253581.0
2017-09-06 21:00:00,3096.526,2782.0,27958.0,2698.4,2628.2,42.83302110141619,19.68,1253581.0
2017-09-07 21:00:00,3099.957,2762.0,28788.0,2690.2,2682.6,42.83302110141619,19.68,1253581.0
2017-09-08 21:00:00,3103.388,2778.75,29384.0,2682.0,2737.0,42.83302110141619,19.68,1253581.0
2017-09-09 21:00:00,3106.819,2795.5,29980.0,2689.0,2725.5,42.83302110141619,19.68,1253581.0
2017-09-10 21:00:00,3110.25,2812.25,30576.0,2696.0,2714.0,42.83302110141619,19.68,1253581.0
2017-09-11 21:00:00,3113.681,2829.0,31172.0,2761.0,2449.0,42.83302110141619,19.68,1253581.0
2017-09-12 21:00:00,3117.112,2873.0,22264.0,2778.75,2467.0,42.83302110141619,19.68,1253581.0
2017-09-13 21:00:00,3120.543,2867.0,23915.0,2796.5,2485.0,42.83302110141619,19.68,1253581.0
2017-09-14 21:00:00,3123.974,2861.0,29365.0,2814.25,2503.0,42.83302110141619,19.68,1253581.0
2017-09-15 21:00:00,3127.405,2837.5,28869.25,2832.0,2521.0,42.83302110141619,19.68,1253581.0
2017-09-16 21:00:00,3130.836,2814.0,28373.5,2849.75,2539.0,42.83302110141619,19.68,1253581.0
2017-09-17 21:00:00,3134.267,2790.5,27877.75,2867.5,2557.0,42.83302110141619,19.68,1253581.0
2017-09-18 21:00:00,3137.698,2767.0,27382.0,2885.25,2575.0,42.83302110141619,19.68,1253581.0
2017-09-19 21:00:00,3141.129,2770.0,27728.0,2903.0,2593.0,42.83302110141619,19.68,1253581.0
2017-09-20 21:00:00,3144.56,2737.0,24734.0,2920.75,2611.0,42.83302110141619,19.68,1253581.0
2017-09-21 21:00:00,3147.991,2739.4,24933.0,2938.5,2629.0,42.83302110141619,19.68,1253581.0
2017-09-22 21:00:00,3151.422,2741.8,25132.0,2956.25,2647.0,42.83302110141619,19.68,1253581.0
2017-09-23 21:00:00,3154.853,2744.2,25331.0,2974.0,2665.0,42.83302110141619,19.68,1253581.0
2017-09-24 21:00:00,3158.284,2746.6,25530.0,2991.75,2683.0,42.83302110141619,19.68,1253581.0
2017-09-25 21:00:00,3161.715,2749.0,25729.0,3009.5,2701.0,42.83302110141619,19.68,1253581.0
2017-09-26 21:00:00,3165.146,2747.0,23279.0,3027.25,2719.0,42.83302110141619,19.68,1253581.0
2017-09-27 21:00:00,3168.577,2705.0,27268.0,3045.0,2737.0,42.83302110141619,19.68,1253581.0
2017-09-28 21:00:00,3172.008,2695.0,21337.0,3062.75,2755.0,42.83302110141619,19.68,1253581.0
2017-09-29 21:00:00,3175.439,2692.0,19638.75,3080.5,2773.0,42.83302110141619,19.68,1253581.0
2017-09-30 21:00:00,3178.87,2689.0,17940.5,3098.25,2791.0,42.83302110141619,19.68,1253581.0
2017-10-01 21:00:00,3178.1929032258063,2686.0,16242.25,3116.0,2809.0,42.83302110141619,19.68,1253581.0
2017-10-02 21:00:00,3177.5158064516127,2683.0,14544.0,2940.3333333333335,2751.0,42.83302110141619,19.68,1253581.0
2017-10-03 21:00:00,3176.838709677419,2715.0,18408.0,2764.6666666666665,2693.0,42.83302110141619,19.68,1253581.0
2017-10-04 21:00:00,3176.161612903226,2720.0,19452.0,2589.0,2635.0,42.83302110141619,19.68,1253581.0
2017-10-05 21:00:00,3175.4845161290323,2730.0,20418.0,2651.0,2466.0,42.83302110141619,19.68,1253581.0
2017-10-06 21:00:00,3174.8074193548387,2721.0,20599.5,2616.0,2562.0,42.83302110141619,19.68,1253581.0
2017-10-07 21:00:00,3174.130322580645,2712.0,20781.0,2581.0,2658.0,42.83302110141619,19.68,1253581.0
2017-10-08 21:00:00,3173.4532258064514,2703.0,20962.5,2665.0,2749.0,42.83302110141619,19.68,1253581.0
2017-10-09 21:00:00,3172.776129032258,2694.0,21144.0,2688.0,2685.5,42.83302110141619,19.68,1253581.0
2017-10-10 21:00:00,3172.0990322580647,2696.0,17127.0,2711.0,2622.0,42.83302110141619,19.68,1253581.0
2017-10-11 21:00:00,3171.421935483871,2711.0,18708.0,2729.590909090909,2629.2727272727275,42.83302110141619,19.68,1253581.0
2017-10-12 21:00:00,3170.7448387096774,2749.0,20962.0,2748.181818181818,2636.5454545454545,42.83302110141619,19.68,1253581.0
2017-10-13 21:00:00,3170.067741935484,2747.0,21616.0,2766.7727272727275,2643.818181818182,42.83302110141619,19.68,1253581.0
2017-10-14 21:00:00,3169.39064516129,2745.0,22270.0,2785.3636363636365,2651.090909090909,42.83302110141619,19.68,1253581.0
2017-10-15 21:00:00,3168.7135483870966,2743.0,22924.0,2803.9545454545455,2658.3636363636365,42.83302110141619,19.68,1253581.0
2017-10-16 21:00:00,3168.0364516129034,2741.0,23578.0,2822.5454545454545,2665.6363636363635,42.83302110141619,19.68,1253581.0
2017-10-17 21:00:00,3167.35935483871,2732.0,21553.0,2841.1363636363635,2672.909090909091,42.83302110141619,19.68,1253581.0
2017-10-18 21:00:00,3166.682258064516,2723.0,19528.0,2859.7272727272725,2680.181818181818,42.83302110141619,19.68,1253581.0
2017-10-19 21:00:00,3166.0051612903226,2741.0,21670.0,2878.318181818182,2687.4545454545455,42.83302110141619,19.68,1253581.0
2017-10-20 21:00:00,3165.328064516129,2750.0,22047.25,2896.909090909091,2694.7272727272725,42.83302110141619,19.68,1253581.0
2017-10-21 21:00:00,3164.650967741936,2759.0,22424.5,2915.5,2702.0,42.83302110141619,19.68,1253581.0
2017-10-22 21:00:00,3163.973870967742,2768.0,22801.75,2934.090909090909,2709.2727272727275,42.83302110141619,19.68,1253581.0
2017-10-23 21:00:00,3163.296774193549,2777.0,23179.0,2952.681818181818,2716.5454545454545,42.83302110141619,19.68,1253581.0
2017-10-24 21:00:00,3162.619677419355,2805.0,29735.0,2971.272727272727,2723.818181818182,42.83302110141619,19.68,1253581.0
2017-10-25 21:00:00,3161.9425806451613,2813.0,20953.0,2989.8636363636365,2731.090909090909,42.83302110141619,19.68,1253581.0
2017-10-26 21:00:00,3161.265483870968,2817.0,24233.0,3008.4545454545455,2738.3636363636365,42.83302110141619,19.68,1253581.0
2017-10-27 21:00:00,3160.588387096774,2816.5,21934.25,3027.0454545454545,2745.6363636363635,42.83302110141619,19.68,1253581.0
2017-10-28 21:00:00,3159.911290322581,2816.0,19635.5,3045.6363636363635,2752.909090909091,42.83302110141619,19.68,1253581.0
2017-10-29 21:00:00,3159.234193548388,2815.5,17336.75,3064.2272727272725,2760.181818181818,42.83302110141619,19.68,1253581.0
2017-10-30 21:00:00,3158.5570967741937,2815.0,15038.0,3082.818181818182,2767.4545454545455,42.83302110141619,19.68,1253581.0
2017-10-31 21:00:00,3157.88,2837.0,26258.0,3101.409090909091,2774.7272727272725,42.83302110141619,19.68,1253581.0
2017-11-01 21:00:00,3154.128,2821.0,18426.0,3120.0,2782.0,42.83302110141619,19.68,1253581.0
2017-11-02 21:00:00,3150.376,2806.0,15851.0,2935.3333333333335,2727.0,42.83302110141619,19.68,1253581.0
2017-11-03 21:00:00,3146.6240000000003,2800.75,16948.75,2750.6666666666665,2672.0,42.83302110141619,19.68,1253581.0
2017-11-04 21:00:00,3142.8720000000003,2795.5,18046.5,2566.0,2617.0,42.83302110141619,19.68,1253581.0
2017-11-05 21:00:00,3139.12,2790.25,19144.25,2684.0,2442.0,42.83302110141619,19.68,1253581.0
2017-11-06 21:00:00,3135.368,2785.0,20242.0,2620.5,2561.5,42.83302110141619,19.68,1253581.0
2017-11-07 21:00:00,3131.616,2820.0,22243.0,2557.0,2681.0,42.83302110141619,19.68,1253581.0
2017-11-08 21:00:00,3127.864,2809.0,20634.0,2715.0,2729.0,42.83302110141619,19.68,1253581.0
2017-11-09 21:00:00,3124.112,2797.0,19231.0,2873.0,2777.0,42.83302110141619,19.68,1253581.0
2017-11-10 21:00:00,3120.36,2777.0,19352.75,2749.0,2644.0,42.83302110141619,19.68,1253581.0
2017-11-11 21:00:00,3116.608,2757.0,19474.5,2603.5,2560.0,42.83302110141619,19.68,1253581.0
2017-11-12 21:00:00,3112.856,2737.0,19596.25,2458.0,2476.0,42.83302110141619,19.68,1253581.0
2017-11-13 21:00:00,3109.1040000000003,2717.0,19718.0,2492.315789473684,2493.3684210526317,42.83302110141619,19.68,1253581.0
2017-11-14 21:00:00,3105.3520000000003,2713.0,18903.0,2526.6315789473683,2510.7368421052633,42.83302110141619,19.68,1253581.0
2017-11-15 21:00:00,3101.6000000000004,2738.0,17805.0,2560.9473684210525,2528.1052631578946,42.83302110141619,19.68,1253581.0
2017-11-16 21:00:00,3097.848,2714.0,18951.0,2595.2631578947367,2545.4736842105262,42.83302110141619,19.68,1253581.0
2017-11-17 21:00:00,3094.096,2691.0,21094.0,2629.5789473684213,2562.842105263158,42.83302110141619,19.68,1253581.0
2017-11-18 21:00:00,3090.344,2668.0,23237.0,2663.8947368421054,2580.2105263157896,42.83302110141619,19.68,1253581.0
2017-11-19 21:00:00,3086.592,2645.0,25380.0,2698.2105263157896,2597.5789473684213,42.83302110141619,19.68,1253581.0
2017-11-20 21:00:00,3082.84,2622.0,27523.0,2732.5263157894738,2614.9473684210525,42.83302110141619,19.68,1253581.0
2017-11-21 21:00:00,3079.088,2644.0,19108.0,2766.842105263158,2632.315789473684,42.83302110141619,19.68,1253581.0
2017-11-22 21:00:00,3075.336,2609.0,18687.0,2801.157894736842,2649.684210526316,42.83302110141619,19.68,1253581.0
2017-11-23 21:00:00,3071.5840000000003,2630.0,14789.0,2835.4736842105262,2667.0526315789475,42.83302110141619,19.68,1253581.0
2017-11-24 21:00:00,3067.8320000000003,2619.25,15374.75,2869.7894736842104,2684.421052631579,42.83302110141619,19.68,1253581.0
2017-11-25 21:00:00,3064.08,2608.5,15960.5,2904.1052631578946,2701.7894736842104,42.83302110141619,19.68,1253581.0
2017-11-26 21:00:00,3060.328,2597.75,16546.25,2938.421052631579,2719.157894736842,42.83302110141619,19.68,1253581.0
2017-11-27 21:00:00,3056.576,2587.0,17132.0,2972.7368421052633,2736.5263157894738,42.83302110141619,19.68,1253581.0
2017-11-28 21:00:00,3052.824,2563.0,16482.0,3007.0526315789475,2753.8947368421054,42.83302110141619,19.68,1253581.0
2017-11-29 21:00:00,3049.072,2603.0,18352.0,3041.3684210526317,2771.2631578947367,42.83302110141619,19.68,1253581.0
2017-11-30 21:00:00,3045.32,2595.0,19104.8,3075.684210526316,2788.6315789473683,42.83302110141619,19.68,1253581.0
2017-12-01 21:00:00,3036.4270967741936,2587.0,19857.6,3110.0,2806.0,42.83302110141619,19.68,1253581.0
2017-12-02 21:00:00,3027.534193548387,2579.0,20610.4,2924.6666666666665,2730.6666666666665,42.83302110141619,19.68,1253581.0
2017-12-03 21:00:00,3018.641290322581,2571.0,21363.2,2739.3333333333335,2655.3333333333335,42.83302110141619,19.68,1253581.0
2017-12-04 21:00:00,3009.7483870967744,2563.0,22116.0,2554.0,2580.0,42.83302110141619,19.68,1253581.0
2017-12-05 21:00:00,3000.855483870968,2535.0,18225.0,2505.0,2576.5,42.83302110141619,19.68,1253581.0
2017-12-06 21:00:00,2991.9625806451613,2502.0,16126.0,2456.0,2573.0,42.83302110141619,19.68,1253581.0
2017-12-07 21:00:00,2983.069677419355,2479.0,15559.0,2568.0,2737.0,42.83302110141619,19.68,1253581.0
2017-12-08 21:00:00,2974.1767741935487,2477.5,15745.0,2717.5,2771.0,42.83302110141619,19.68,1253581.0
2017-12-09 21:00:00,2965.283870967742,2476.0,15931.0,2867.0,2805.0,42.83302110141619,19.68,1253581.0
2017-12-10 21:00:00,2956.390967741936,2474.5,16117.0,2762.0,2609.0,42.83302110141619,19.68,1253581.0
2017-12-11 21:00:00,2947.498064516129,2473.0,16303.0,2607.0,2527.0,42.83302110141619,19.68,1253581.0
2017-12-12 21:00:00,2938.6051612903225,2458.0,15563.0,2452.0,2445.0,42.83302110141619,19.68,1253581.0
2017-12-13 21:00:00,2929.7122580645164,2452.0,23580.0,2459.7,2448.5,42.83302110141619,19.68,1253581.0
2017-12-14 21:00:00,2920.81935483871,2518.0,22864.0,2467.4,2452.0,42.83302110141619,19.68,1253581.0
2017-12-15 21:00:00,2911.9264516129037,2518.75,22279.5,2475.1,2455.5,42.83302110141619,19.68,1253581.0
2017-12-16 21:00:00,2903.0335483870967,2519.5,21695.0,2482.8,2459.0,42.83302110141619,19.68,1253581.0
2017-12-17 21:00:00,2894.14064516129,2520.25,21110.5,2490.5,2462.5,42.83302110141619,19.68,1253581.0
2017-12-18 21:00:00,2885.247741935484,2521.0,20526.0,2498.2,2466.0,42.83302110141619,19.68,1253581.0
2017-12-19 21:00:00,2876.3548387096776,2499.0,20570.0,2505.9,2469.5,42.83302110141619,19.68,1253581.0
2017-12-20 21:00:00,2867.461935483871,2449.0,21424.0,2513.6,2473.0,42.83302110141619,19.68,1253581.0
2017-12-21 21:00:00,2858.5690322580645,2451.0,25222.0,2521.3,2476.5,42.83302110141619,19.68,1253581.0
2017-12-22 21:00:00,2849.676129032258,2463.25,21776.0,2529.0,2480.0,42.83302110141619,19.68,1253581.0
2017-12-23 21:00:00,2840.783225806452,2475.5,18330.0,2536.7,2483.5,42.83302110141619,19.68,1253581.0
2017-12-24 21:00:00,2831.8903225806453,2487.75,14884.0,2544.4,2487.0,42.83302110141619,19.68,1253581.0
2017-12-25 21:00:00,2822.9974193548387,2500.0,11438.0,2552.1,2490.5,42.83302110141619,19.68,1253581.0
2017-12-26 21:00:00,2814.104516129032,2538.0,19744.0,2559.8,2494.0,42.83302110141619,19.68,1253581.0
2017-12-27 21:00:00,2805.2116129032256,2521.0,14929.0,2567.5,2497.5,42.83302110141619,19.68,1253581.0
2017-12-28 21:00:00,2796.318709677419,2503.0,16575.0,2575.2,2501.0,42.83302110141619,19.68,1253581.0
2017-12-29 21:00:00,2787.425806451613,2510.25,16782.5,2582.9,2504.5,42.83302110141619,19.68,1253581.0
2017-12-30 21:00:00,2778.5329032258064,2517.5,16990.0,2590.6,2508.0,42.83302110141619,19.68,1253581.0
2017-12-31 21:00:00,2769.64,2524.75,17197.5,2598.3,2511.5,42.83302110141619,19.68,1253581.0
2018-01-01 21:00:00,2770.107096774193,2532.0,17405.0,2606.0,2515.0,42.83302110141619,19.68,1253581.0
2018-01-02 21:00:00,2770.574193548387,2606.0,37621.0,2489.0,2445.0,42.83302110141619,19.68,1253581.0
2018-01-03 21:00:00,2771.0412903225806,2585.0,30013.0,2463.0,2431.0,42.83302110141619,19.68,1253581.0
2018-01-04 21:00:00,2771.508387096774,2594.0,26955.0,2397.5,2347.0,42.83302110141619,19.68,1253581.0
2018-01-05 21:00:00,2771.975483870968,2594.75,25673.5,2332.0,2263.0,42.83302110141619,19.68,1253581.0
2018-01-06 21:00:00,2772.4425806451613,2595.5,24392.0,2286.6666666666665,2249.3333333333335,42.83302110141619,19.68,1253581.0
2018-01-07 21:00:00,2772.909677419355,2596.25,23110.5,2241.3333333333335,2235.6666666666665,42.83302110141619,19.68,1253581.0
2018-01-08 21:00:00,2773.376774193548,2597.0,21829.0,2196.0,2222.0,42.83302110141619,19.68,1253581.0
2018-01-09 21:00:00,2773.8438709677416,2622.0,23990.0,2197.5,2153.5,42.83302110141619,19.68,1253581.0
2018-01-10 21:00:00,2774.310967741935,2567.0,22864.0,2199.0,2085.0,42.83302110141619,19.68,1253581.0
2018-01-11 21:00:00,2774.778064516129,2536.0,18782.0,2122.0,2032.0,42.83302110141619,19.68,1253581.0
2018-01-12 21:00:00,2775.2451612903224,2531.5,20136.0,2144.0476190476193,2054.4285714285716,42.83302110141619,19.68,1253581.0
2018-01-13 21:00:00,2775.712258064516,2527.0,21490.0,2166.095238095238,2076.8571428571427,42.83302110141619,19.68,1253581.0
2018-01-14 21:00:00,2776.179354838709,2522.5,22844.0,2188.1428571428573,2099.285714285714,42.83302110141619,19.68,1253581.0
2018-01-15 21:00:00,2776.646451612903,2518.0,24198.0,2210.190476190476,2121.714285714286,42.83302110141619,19.68,1253581.0
2018-01-16 21:00:00,2777.1135483870967,2487.0,25084.0,2232.2380952380954,2144.1428571428573,42.83302110141619,19.68,1253581.0
2018-01-17 21:00:00,2777.5806451612902,2476.0,22925.0,2254.285714285714,2166.5714285714284,42.83302110141619,19.68,1253581.0
2018-01-18 21:00:00,2778.047741935484,2445.0,19669.0,2276.3333333333335,2189.0,42.83302110141619,19.68,1253581.0
2018-01-19 21:00:00,2778.5148387096774,2457.25,21080.25,2298.3809523809523,2211.4285714285716,42.83302110141619,19.68,1253581.0
2018-01-20 21:00:00,2778.981935483871,2469.5,22491.5,2320.4285714285716,2233.8571428571427,42.83302110141619,19.68,1253581.0
2018-01-21 21:00:00,2779.449032258065,2481.75,23902.75,2342.4761904761904,2256.285714285714,42.83302110141619,19.68,1253581.0
2018-01-22 21:00:00,2779.916129032258,2494.0,25314.0,2364.5238095238096,2278.714285714286,42.83302110141619,19.68,1253581.0
2018-01-23 21:00:00,2780.383225806452,2521.0,20759.0,2386.5714285714284,2301.142857142857,42.83302110141619,19.68,1253581.0
2018-01-24 21:00:00,2780.850322580645,2493.0,18960.0,2408.6190476190477,2323.5714285714284,42.83302110141619,19.68,1253581.0
2018-01-25 21:00:00,2781.3174193548384,2484.0,18134.0,2430.6666666666665,2346.0,42.83302110141619,19.68,1253581.0
2018-01-26 21:00:00,2781.784516129032,2486.0,18145.5,2452.714285714286,2368.4285714285716,42.83302110141619,19.68,1253581.0
2018-01-27 21:00:00,2782.2516129032256,2488.0,18157.0,2474.7619047619046,2390.8571428571427,42.83302110141619,19.68,1253581.0
2018-01-28 21:00:00,2782.718709677419,2490.0,18168.5,2496.809523809524,2413.285714285714,42.83302110141619,19.68,1253581.0
2018-01-29 21:00:00,2783.1858064516127,2492.0,18180.0,2518.8571428571427,2435.714285714286,42.83302110141619,19.68,1253581.0
2018-01-30 21:00:00,2783.6529032258063,2483.6666666666665,15825.0,2540.904761904762,2458.142857142857,42.83302110141619,19.68,1253581.0
2018-01-31 21:00:00,2784.12,2475.3333333333335,13470.0,2562.9523809523807,2480.5714285714284,42.83302110141619,19.68,1253581.0
2018-02-01 21:00:00,2783.85,2467.0,11115.0,2585.0,2503.0,42.83302110141619,19.68,1253581.0
2018-02-02 21:00:00,2783.58,2467.75,12895.25,2541.3333333333335,2473.3333333333335,42.83302110141619,19.68,1253581.0
2018-02-03 21:00:00,2783.31,2468.5,14675.5,2497.6666666666665,2443.6666666666665,42.83302110141619,19.68,1253581.0
2018-02-04 21:00:00,2783.04,2469.25,16455.75,2454.0,2414.0,42.83302110141619,19.68,1253581.0
2018-02-05 21:00:00,2782.77,2470.0,18236.0,2340.0,2262.0,42.83302110141619,19.68,1253581.0
2018-02-06 21:00:00,2782.5,2485.0,23303.0,2319.0,2254.0,42.83302110141619,19.68,1253581.0
2018-02-07 21:00:00,2782.23,2495.0,15751.0,2298.0,2246.0,42.83302110141619,19.68,1253581.0
2018-02-08 21:00:00,2781.96,2514.0,17280.0,2206.0,2198.0,42.83302110141619,19.68,1253581.0
2018-02-09 21:00:00,2781.69,2514.25,16109.25,2218.0,2119.0,42.83302110141619,19.68,1253581.0
2018-02-10 21:00:00,2781.42,2514.5,14938.5,2230.0,2040.0,42.83302110141619,19.68,1253581.0
2018-02-11 21:00:00,2781.15,2514.75,13767.75,2249.157894736842,2064.6315789473683,42.83302110141619,19.68,1253581.0
2018-02-12 21:00:00,2780.88,2515.0,12597.0,2268.315789473684,2089.2631578947367,42.83302110141619,19.68,1253581.0
2018-02-13 21:00:00,2780.61,2503.0,10423.0,2287.4736842105262,2113.8947368421054,42.83302110141619,19.68,1253581.0
2018-02-14 21:00:00,2780.34,2508.0,3590.0,2306.6315789473683,2138.5263157894738,42.83302110141619,19.68,1253581.0
2018-02-15 21:00:00,2780.07,2503.4,6138.2,2325.7894736842104,2163.157894736842,42.83302110141619,19.68,1253581.0
2018-02-16 21:00:00,2779.8,2498.8,8686.4,2344.9473684210525,2187.7894736842104,42.83302110141619,19.68,1253581.0
2018-02-17 21:00:00,2779.53,2494.2,11234.599999999999,2364.1052631578946,2212.421052631579,42.83302110141619,19.68,1253581.0
2018-02-18 21:00:00,2779.26,2489.6,13782.8,2383.2631578947367,2237.0526315789475,42.83302110141619,19.68,1253581.0
2018-02-19 21:00:00,2778.99,2485.0,16331.0,2402.421052631579,2261.684210526316,42.83302110141619,19.68,1253581.0
2018-02-20 21:00:00,2778.72,2489.0,22346.0,2421.5789473684213,2286.315789473684,42.83302110141619,19.68,1253581.0
2018-02-21 21:00:00,2778.45,2488.0,20025.0,2440.7368421052633,2310.9473684210525,42.83302110141619,19.68,1253581.0
2018-02-22 21:00:00,2778.18,2523.0,24428.0,2459.8947368421054,2335.578947368421,42.83302110141619,19.68,1253581.0
2018-02-23 21:00:00,2777.91,2527.75,22726.5,2479.0526315789475,2360.2105263157896,42.83302110141619,19.68,1253581.0
2018-02-24 21:00:00,2777.64,2532.5,21025.0,2498.2105263157896,2384.842105263158,42.83302110141619,19.68,1253581.0
2018-02-25 21:00:00,2777.37,2537.25,19323.5,2517.3684210526317,2409.4736842105262,42.83302110141619,19.68,1253581.0
2018-02-26 21:00:00,2777.1,2542.0,17622.0,2536.5263157894738,2434.1052631578946,42.83302110141619,19.68,1253581.0
2018-02-27 21:00:00,2776.83,2559.0,20972.0,2555.684210526316,2458.7368421052633,42.83302110141619,19.68,1253581.0
2018-02-28 21:00:00,2776.56,2549.0,17738.0,2574.842105263158,2483.3684210526317,42.83302110141619,19.68,1253581.0
2018-03-01 21:00:00,2775.883870967742,2474.0,36482.0,2594.0,2508.0,42.83302110141619,19.68,1253581.0
2018-03-02 21:00:00,2775.207741935484,2475.0,31814.5,2553.3333333333335,2482.6666666666665,42.83302110141619,19.68,1253581.0
2018-03-03 21:00:00,2774.531612903226,2476.0,27147.0,2512.6666666666665,2457.3333333333335,42.83302110141619,19.68,1253581.0
2018-03-04 21:00:00,2773.855483870968,2477.0,22479.5,2472.0,2432.0,42.83302110141619,19.68,1253581.0
2018-03-05 21:00:00,2773.179354838709,2478.0,17812.0,2383.0,2251.0,42.83302110141619,19.68,1253581.0
2018-03-06 21:00:00,2772.503225806452,2443.0,15541.0,2333.5,2246.5,42.83302110141619,19.68,1253581.0
2018-03-07 21:00:00,2771.8270967741937,2410.0,20743.0,2284.0,2242.0,42.83302110141619,19.68,1253581.0
2018-03-08 21:00:00,2771.150967741936,2376.0,32804.0,2287.5,2217.5,42.83302110141619,19.68,1253581.0
2018-03-09 21:00:00,2770.474838709677,2385.25,30075.5,2291.0,2193.0,42.83302110141619,19.68,1253581.0
2018-03-10 21:00:00,2769.798709677419,2394.5,27347.0,2221.0,2007.0,42.83302110141619,19.68,1253581.0
2018-03-11 21:00:00,2769.122580645161,2403.75,24618.5,2108.0,2085.0,42.83302110141619,19.68,1253581.0
2018-03-12 21:00:00,2768.4464516129037,2413.0,21890.0,1995.0,2163.0,42.83302110141619,19.68,1253581.0
2018-03-13 21:00:00,2767.770322580645,2440.0,24673.0,2026.5,2179.1,42.83302110141619,19.68,1253581.0
2018-03-14 21:00:00,2767.094193548387,2445.0,22800.0,2058.0,2195.2,42.83302110141619,19.68,1253581.0
2018-03-15 21:00:00,2766.418064516129,2416.0,16561.0,2089.5,2211.3,42.83302110141619,19.68,1253581.0
2018-03-16 21:00:00,2765.7419354838707,2420.75,18221.75,2121.0,2227.4,42.83302110141619,19.68,1253581.0
2018-03-17 21:00:00,2765.065806451613,2425.5,19882.5,2152.5,2243.5,42.83302110141619,19.68,1253581.0
2018-03-18 21:00:00,2764.389677419355,2430.25,21543.25,2184.0,2259.6,42.83302110141619,19.68,1253581.0
2018-03-19 21:00:00,2763.7135483870966,2435.0,23204.0,2215.5,2275.7,42.83302110141619,19.68,1253581.0
2018-03-20 21:00:00,2763.0374193548387,2448.0,24627.0,2247.0,2291.8,42.83302110141619,19.68,1253581.0
2018-03-21 21:00:00,2762.3612903225808,2450.0,25732.0,2278.5,2307.9,42.83302110141619,19.68,1253581.0
2018-03-22 21:00:00,2761.6851612903224,2428.0,22139.0,2310.0,2324.0,42.83302110141619,19.68,1253581.0
2018-03-23 21:00:00,2761.0090322580645,2428.75,21593.0,2341.5,2340.1,42.83302110141619,19.68,1253581.0
2018-03-24 21:00:00,2760.332903225806,2429.5,21047.0,2373.0,2356.2,42.83302110141619,19.68,1253581.0
2018-03-25 21:00:00,2759.656774193548,2430.25,20501.0,2404.5,2372.3,42.83302110141619,19.68,1253581.0
2018-03-26 21:00:00,2758.9806451612903,2431.0,19955.0,2436.0,2388.4,42.83302110141619,19.68,1253581.0
2018-03-27 21:00:00,2758.304516129032,2418.0,13604.0,2467.5,2404.5,42.83302110141619,19.68,1253581.0
2018-03-28 21:00:00,2757.628387096774,2404.0,17516.0,2499.0,2420.6,42.83302110141619,19.68,1253581.0
2018-03-29 21:00:00,2756.952258064516,2425.0,9031.0,2530.5,2436.7,42.83302110141619,19.68,1253581.0
2018-03-30 21:00:00,2756.276129032258,2427.75,10620.0,2562.0,2452.8,42.83302110141619,19.68,1253581.0
2018-03-31 21:00:00,2755.6,2430.5,12209.0,2593.5,2468.9,42.83302110141619,19.68,1253581.0
2018-04-01 21:00:00,2754.578,2433.25,13798.0,2625.0,2485.0,42.83302110141619,19.68,1253581.0
2018-04-02 21:00:00,2753.556,2436.0,15387.0,2585.0,2473.3333333333335,42.83302110141619,19.68,1253581.0
2018-04-03 21:00:00,2752.534,2454.0,35780.0,2545.0,2461.6666666666665,42.83302110141619,19.68,1253581.0
2018-04-04 21:00:00,2751.512,2472.0,14277.0,2505.0,2450.0,42.83302110141619,19.68,1253581.0
2018-04-05 21:00:00,2750.49,2505.0,24788.0,2449.5,2298.5,42.83302110141619,19.68,1253581.0
2018-04-06 21:00:00,2749.468,2487.0,23246.25,2394.0,2147.0,42.83302110141619,19.68,1253581.0
2018-04-07 21:00:00,2748.446,2469.0,21704.5,2266.0,2213.0,42.83302110141619,19.68,1253581.0
2018-04-08 21:00:00,2747.424,2451.0,20162.75,2271.5,2228.5,42.83302110141619,19.68,1253581.0
2018-04-09 21:00:00,2746.402,2433.0,18621.0,2277.0,2244.0,42.83302110141619,19.68,1253581.0
2018-04-10 21:00:00,2745.38,2431.0,14499.0,2187.0,1973.0,42.83302110141619,19.68,1253581.0
2018-04-11 21:00:00,2744.358,2423.0,17226.0,2096.0,2072.0,42.83302110141619,19.68,1253581.0
2018-04-12 21:00:00,2743.336,2399.0,17387.0,2005.0,2171.0,42.83302110141619,19.68,1253581.0
2018-04-13 21:00:00,2742.314,2401.25,19733.0,2029.0,2183.25,42.83302110141619,19.68,1253581.0
2018-04-14 21:00:00,2741.292,2403.5,22079.0,2053.0,2195.5,42.83302110141619,19.68,1253581.0
2018-04-15 21:00:00,2740.27,2405.75,24425.0,2077.0,2207.75,42.83302110141619,19.68,1253581.0
2018-04-16 21:00:00,2739.248,2408.0,26771.0,2101.0,2220.0,42.83302110141619,19.68,1253581.0
2018-04-17 21:00:00,2738.226,2408.0,21254.0,2125.0,2232.25,42.83302110141619,19.68,1253581.0
2018-04-18 21:00:00,2737.204,2403.0,12890.0,2149.0,2244.5,42.83302110141619,19.68,1253581.0
2018-04-19 21:00:00,2736.182,2414.0,16810.0,2173.0,2256.75,42.83302110141619,19.68,1253581.0
2018-04-20 21:00:00,2735.16,2409.75,15257.0,2197.0,2269.0,42.83302110141619,19.68,1253581.0
2018-04-21 21:00:00,2734.138,2405.5,13704.0,2221.0,2281.25,42.83302110141619,19.68,1253581.0
2018-04-22 21:00:00,2733.116,2401.25,12151.0,2245.0,2293.5,42.83302110141619,19.68,1253581.0
2018-04-23 21:00:00,2732.094,2397.0,10598.0,2269.0,2305.75,42.83302110141619,19.68,1253581.0
2018-04-24 21:00:00,2731.072,2397.0,14845.0,2293.0,2318.0,42.83302110141619,19.68,1253581.0
2018-04-25 21:00:00,2730.05,2389.0,8037.0,2317.0,2330.25,42.83302110141619,19.68,1253581.0
2018-04-26 21:00:00,2729.028,2382.0,10273.0,2341.0,2342.5,42.83302110141619,19.68,1253581.0
2018-04-27 21:00:00,2728.006,2378.2,10830.0,2365.0,2354.75,42.83302110141619,19.68,1253581.0
2018-04-28 21:00:00,2726.984,2374.4,11387.0,2389.0,2367.0,42.83302110141619,19.68,1253581.0
2018-04-29 21:00:00,2725.962,2370.6,11944.0,2413.0,2379.25,42.83302110141619,19.68,1253581.0
2018-04-30 21:00:00,2724.94,2366.8,12501.0,2437.0,2391.5,42.83302110141619,19.68,1253581.0
2018-05-01 21:00:00,2724.91,2363.0,13058.0,2461.0,2403.75,42.83302110141619,19.68,1253581.0
2018-05-02 21:00:00,2724.88,2332.0,18394.0,2485.0,2416.0,42.83302110141619,19.68,1253581.0
2018-05-03 21:00:00,2724.85,2340.0,16624.0,2443.0,2423.0,42.83302110141619,19.68,1253581.0
2018-05-04 21:00:00,2724.82,2350.25,16411.5,2464.0,2477.0,42.83302110141619,19.68,1253581.0
2018-05-05 21:00:00,2724.79,2360.5,16199.0,2425.5,2324.0,42.83302110141619,19.68,1253581.0
2018-05-06 21:00:00,2724.76,2370.75,15986.5,2387.0,2171.0,42.83302110141619,19.68,1253581.0
2018-05-07 21:00:00,2724.73,2381.0,15774.0,2268.0,2195.0,42.83302110141619,19.68,1253581.0
2018-05-08 21:00:00,2724.7000000000003,2388.285714285714,16230.42857142857,2267.0,2228.0,42.83302110141619,19.68,1253581.0
2018-05-09 21:00:00,2724.67,2395.5714285714284,16686.85714285714,2266.0,2261.0,42.83302110141619,19.68,1253581.0
2018-05-10 21:00:00,2724.6400000000003,2402.8571428571427,17143.285714285714,2176.6666666666665,2222.6666666666665,42.83302110141619,19.68,1253581.0
2018-05-11 21:00:00,2724.61,2410.1428571428573,17599.714285714286,2087.3333333333335,2184.3333333333335,42.83302110141619,19.68,1253581.0
2018-05-12 21:00:00,2724.58,2417.4285714285716,18056.14285714286,1998.0,2146.0,42.83302110141619,19.68,1253581.0
2018-05-13 21:00:00,2724.55,2424.714285714286,18512.571428571428,2021.6666666666667,2159.7619047619046,42.83302110141619,19.68,1253581.0
2018-05-14 21:00:00,2724.52,2432.0,18969.0,2045.3333333333333,2173.5238095238096,42.83302110141619,19.68,1253581.0
2018-05-15 21:00:00,2724.49,2414.0,12934.0,2069.0,2187.285714285714,42.83302110141619,19.68,1253581.0
2018-05-16 21:00:00,2724.46,2432.0,17793.0,2092.6666666666665,2201.0476190476193,42.83302110141619,19.68,1253581.0
2018-05-17 21:00:00,2724.4300000000003,2450.0,13946.0,2116.3333333333335,2214.809523809524,42.83302110141619,19.68,1253581.0
2018-05-18 21:00:00,2724.4,2456.75,14686.5,2140.0,2228.5714285714284,42.83302110141619,19.68,1253581.0
2018-05-19 21:00:00,2724.3700000000003,2463.5,15427.0,2163.6666666666665,2242.3333333333335,42.83302110141619,19.68,1253581.0
2018-05-20 21:00:00,2724.34,2470.25,16167.5,2187.3333333333335,2256.095238095238,42.83302110141619,19.68,1253581.0
2018-05-21 21:00:00,2724.31,2477.0,16908.0,2211.0,2269.8571428571427,42.83302110141619,19.68,1253581.0
2018-05-22 21:00:00,2724.28,2473.0,13965.0,2234.6666666666665,2283.6190476190477,42.83302110141619,19.68,1253581.0
2018-05-23 21:00:00,2724.25,2492.0,15059.0,2258.3333333333335,2297.3809523809523,42.83302110141619,19.68,1253581.0
2018-05-24 21:00:00,2724.2200000000003,2455.0,19947.0,2282.0,2311.1428571428573,42.83302110141619,19.68,1253581.0
2018-05-25 21:00:00,2724.19,2452.0,19096.8,2305.6666666666665,2324.904761904762,42.83302110141619,19.68,1253581.0
2018-05-26 21:00:00,2724.1600000000003,2449.0,18246.6,2329.3333333333335,2338.6666666666665,42.83302110141619,19.68,1253581.0
2018-05-27 21:00:00,2724.13,2446.0,17396.4,2353.0,2352.4285714285716,42.83302110141619,19.68,1253581.0
2018-05-28 21:00:00,2724.1000000000004,2443.0,16546.2,2376.6666666666665,2366.190476190476,42.83302110141619,19.68,1253581.0
2018-05-29 21:00:00,2724.07,2440.0,15696.0,2400.3333333333335,2379.9523809523807,42.83302110141619,19.68,1253581.0
2018-05-30 21:00:00,2724.0400000000004,2439.5,15423.5,2424.0,2393.714285714286,42.83302110141619,19.68,1253581.0
2018-05-31 21:00:00,2724.01,2439.0,15151.0,2447.6666666666665,2407.4761904761904,42.83302110141619,19.68,1253581.0
2018-06-01 21:00:00,2720.739666666667,2429.75,14878.25,2471.3333333333335,2421.2380952380954,42.83302110141619,19.68,1253581.0
2018-06-02 21:00:00,2717.469333333333,2420.5,14605.5,2495.0,2435.0,42.83302110141619,19.68,1253581.0
2018-06-03 21:00:00,2714.199,2411.25,14332.75,2410.0,2399.0,42.83302110141619,19.68,1253581.0
2018-06-04 21:00:00,2710.9286666666667,2402.0,14060.0,2395.3333333333335,2336.3333333333335,42.83302110141619,19.68,1253581.0
2018-06-05 21:00:00,2707.6583333333338,2394.0,12290.0,2380.6666666666665,2273.6666666666665,42.83302110141619,19.68,1253581.0
2018-06-06 21:00:00,2704.3880000000004,2387.0,12042.0,2366.0,2211.0,42.83302110141619,19.68,1253581.0
2018-06-07 21:00:00,2701.117666666667,2366.0,18277.0,2312.0,2184.5,42.83302110141619,19.68,1253581.0
2018-06-08 21:00:00,2697.8473333333336,2356.0,17215.0,2258.0,2158.0,42.83302110141619,19.68,1253581.0
2018-06-09 21:00:00,2694.577,2346.0,16153.0,2237.0,2239.0,42.83302110141619,19.68,1253581.0
2018-06-10 21:00:00,2691.306666666667,2336.0,15091.0,2161.0,2153.5,42.83302110141619,19.68,1253581.0
2018-06-11 21:00:00,2688.036333333333,2326.0,14029.0,2085.0,2068.0,42.83302110141619,19.68,1253581.0
2018-06-12 21:00:00,2684.766,2318.0,18905.0,2042.0,2175.0,42.83302110141619,19.68,1253581.0
2018-06-13 21:00:00,2681.4956666666667,2334.0,6540.0,2065.6,2188.65,42.83302110141619,19.68,1253581.0
2018-06-14 21:00:00,2678.2253333333333,2319.8,10913.0,2089.2,2202.3,42.83302110141619,19.68,1253581.0
2018-06-15 21:00:00,2674.9550000000004,2305.6,15286.0,2112.8,2215.95,42.83302110141619,19.68,1253581.0
2018-06-16 21:00:00,2671.684666666667,2291.4,19659.0,2136.4,2229.6,42.83302110141619,19.68,1253581.0
2018-06-17 21:00:00,2668.4143333333336,2277.2,24032.0,2160.0,2243.25,42.83302110141619,19.68,1253581.0
2018-06-18 21:00:00,2665.144,2263.0,28405.0,2183.6,2256.9,42.83302110141619,19.68,1253581.0
2018-06-19 21:00:00,2661.873666666667,2262.0,20795.0,2207.2,2270.55,42.83302110141619,19.68,1253581.0
2018-06-20 21:00:00,2658.603333333333,2251.0,23655.0,2230.8,2284.2,42.83302110141619,19.68,1253581.0
2018-06-21 21:00:00,2655.333,2284.0,15521.0,2254.4,2297.85,42.83302110141619,19.68,1253581.0
2018-06-22 21:00:00,2652.0626666666667,2282.25,14547.75,2278.0,2311.5,42.83302110141619,19.68,1253581.0
2018-06-23 21:00:00,2648.7923333333333,2280.5,13574.5,2301.6,2325.15,42.83302110141619,19.68,1253581.0
2018-06-24 21:00:00,2645.522,2278.75,12601.25,2325.2,2338.8,42.83302110141619,19.68,1253581.0
2018-06-25 21:00:00,2642.251666666667,2277.0,11628.0,2348.8,2352.45,42.83302110141619,19.68,1253581.0
2018-06-26 21:00:00,2638.9813333333336,2315.0,17855.0,2372.4,2366.1,42.83302110141619,19.68,1253581.0
2018-06-27 21:00:00,2635.711,2343.0,16802.0,2396.0,2379.75,42.83302110141619,19.68,1253581.0
2018-06-28 21:00:00,2632.440666666667,2326.0,14764.0,2419.6,2393.4,42.83302110141619,19.68,1253581.0
2018-06-29 21:00:00,2629.170333333333,2322.75,14360.25,2443.2,2407.05,42.83302110141619,19.68,1253581.0
2018-06-30 21:00:00,2625.9,2319.5,13956.5,2466.8,2420.7,42.83302110141619,19.68,1253581.0
2018-07-01 21:00:00,2621.6780645161293,2316.25,13552.75,2490.4,2434.35,42.83302110141619,19.68,1253581.0
2018-07-02 21:00:00,2617.456129032258,2313.0,13149.0,2514.0,2448.0,42.83302110141619,19.68,1253581.0
2018-07-03 21:00:00,2613.234193548388,2298.0,11440.0,2376.0,2408.0,42.83302110141619,19.68,1253581.0
2018-07-04 21:00:00,2609.012258064516,2284.0,12702.0,2396.0,2346.0,42.83302110141619,19.68,1253581.0
2018-07-05 21:00:00,2604.7903225806454,2266.0,12767.0,2416.0,2284.0,42.83302110141619,19.68,1253581.0
2018-07-06 21:00:00,2600.568387096774,2264.25,15706.5,2360.0,2193.0,42.83302110141619,19.68,1253581.0
2018-07-07 21:00:00,2596.346451612904,2262.5,18646.0,2303.0,2169.5,42.83302110141619,19.68,1253581.0
2018-07-08 21:00:00,2592.124516129032,2260.75,21585.5,2246.0,2146.0,42.83302110141619,19.68,1253581.0
2018-07-09 21:00:00,2587.9025806451614,2259.0,24525.0,2177.3333333333335,2149.0,42.83302110141619,19.68,1253581.0
2018-07-10 21:00:00,2583.68064516129,2204.0,16624.0,2108.6666666666665,2152.0,42.83302110141619,19.68,1253581.0
2018-07-11 21:00:00,2579.4587096774194,2186.0,23846.0,2040.0,2155.0,42.83302110141619,19.68,1253581.0
2018-07-12 21:00:00,2575.2367741935486,2147.0,19844.0,2067.714285714286,2170.904761904762,42.83302110141619,19.68,1253581.0
2018-07-13 21:00:00,2571.0148387096774,2153.0,19099.5,2095.4285714285716,2186.809523809524,42.83302110141619,19.68,1253581.0
2018-07-14 21:00:00,2566.792903225806,2159.0,18355.0,2123.1428571428573,2202.714285714286,42.83302110141619,19.68,1253581.0
2018-07-15 21:00:00,2562.5709677419354,2165.0,17610.5,2150.8571428571427,2218.6190476190477,42.83302110141619,19.68,1253581.0
2018-07-16 21:00:00,2558.3490322580647,2171.0,16866.0,2178.5714285714284,2234.5238095238096,42.83302110141619,19.68,1253581.0
2018-07-17 21:00:00,2554.127096774193,2211.0,24268.0,2206.285714285714,2250.4285714285716,42.83302110141619,19.68,1253581.0
2018-07-18 21:00:00,2549.9051612903227,2193.0,19022.0,2234.0,2266.3333333333335,42.83302110141619,19.68,1253581.0
2018-07-19 21:00:00,2545.6832258064514,2194.0,17725.0,2261.714285714286,2282.2380952380954,42.83302110141619,19.68,1253581.0
2018-07-20 21:00:00,2541.4612903225807,2183.5,18095.5,2289.4285714285716,2298.1428571428573,42.83302110141619,19.68,1253581.0
2018-07-21 21:00:00,2537.23935483871,2173.0,18466.0,2317.1428571428573,2314.0476190476193,42.83302110141619,19.68,1253581.0
2018-07-22 21:00:00,2533.0174193548387,2162.5,18836.5,2344.857142857143,2329.9523809523807,42.83302110141619,19.68,1253581.0
2018-07-23 21:00:00,2528.795483870968,2152.0,19207.0,2372.5714285714284,2345.8571428571427,42.83302110141619,19.68,1253581.0
2018-07-24 21:00:00,2524.5735483870967,2163.0,19969.0,2400.285714285714,2361.7619047619046,42.83302110141619,19.68,1253581.0
2018-07-25 21:00:00,2520.351612903226,2202.0,20918.0,2428.0,2377.6666666666665,42.83302110141619,19.68,1253581.0
2018-07-26 21:00:00,2516.1296774193547,2186.0,15953.0,2455.714285714286,2393.5714285714284,42.83302110141619,19.68,1253581.0
2018-07-27 21:00:00,2511.907741935484,2188.0,17526.75,2483.4285714285716,2409.4761904761904,42.83302110141619,19.68,1253581.0
2018-07-28 21:00:00,2507.6858064516127,2190.0,19100.5,2511.1428571428573,2425.3809523809523,42.83302110141619,19.68,1253581.0
2018-07-29 21:00:00,2503.463870967742,2192.0,20674.25,2538.857142857143,2441.285714285714,42.83302110141619,19.68,1253581.0
2018-07-30 21:00:00,2499.2419354838707,2194.0,22248.0,2566.5714285714284,2457.190476190476,42.83302110141619,19.68,1253581.0
2018-07-31 21:00:00,2495.02,2212.0,20282.0,2594.285714285714,2473.095238095238,42.83302110141619,19.68,1253581.0
2018-08-01 21:00:00,2495.59,2191.0,21140.0,2622.0,2489.0,42.83302110141619,19.68,1253581.0
2018-08-02 21:00:00,2496.16,2196.0,15607.0,2543.0,2450.0,42.83302110141619,19.68,1253581.0
2018-08-03 21:00:00,2496.73,2205.75,16082.25,2381.0,2408.0,42.83302110141619,19.68,1253581.0
2018-08-04 21:00:00,2497.3,2215.5,16557.5,2353.2,2355.0,42.83302110141619,19.68,1253581.0
2018-08-05 21:00:00,2497.87,2225.25,17032.75,2325.4,2302.0,42.83302110141619,19.68,1253581.0
2018-08-06 21:00:00,2498.44,2235.0,17508.0,2297.6,2249.0,42.83302110141619,19.68,1253581.0
2018-08-07 21:00:00,2499.01,2258.0,21857.0,2269.8,2196.0,42.83302110141619,19.68,1253581.0
2018-08-08 21:00:00,2499.58,2246.0,13395.0,2242.0,2143.0,42.83302110141619,19.68,1253581.0
2018-08-09 21:00:00,2500.15,2242.0,17230.0,2217.5,2061.0,42.83302110141619,19.68,1253581.0
2018-08-10 21:00:00,2500.72,2234.75,17138.75,2193.0,1979.0,42.83302110141619,19.68,1253581.0
2018-08-11 21:00:00,2501.29,2227.5,17047.5,2034.0,2198.0,42.83302110141619,19.68,1253581.0
2018-08-12 21:00:00,2501.86,2220.25,16956.25,2059.3809523809523,2211.809523809524,42.83302110141619,19.68,1253581.0
2018-08-13 21:00:00,2502.43,2213.0,16865.0,2084.7619047619046,2225.6190476190477,42.83302110141619,19.68,1253581.0
2018-08-14 21:00:00,2503.0,2195.0,15084.0,2110.1428571428573,2239.4285714285716,42.83302110141619,19.68,1253581.0
2018-08-15 21:00:00,2503.57,2222.0,19051.0,2135.5238095238096,2253.2380952380954,42.83302110141619,19.68,1253581.0
2018-08-16 21:00:00,2504.14,2238.0,17019.0,2160.904761904762,2267.0476190476193,42.83302110141619,19.68,1253581.0
2018-08-17 21:00:00,2504.71,2238.75,17590.25,2186.285714285714,2280.8571428571427,42.83302110141619,19.68,1253581.0
2018-08-18 21:00:00,2505.28,2239.5,18161.5,2211.6666666666665,2294.6666666666665,42.83302110141619,19.68,1253581.0
2018-08-19 21:00:00,2505.85,2240.25,18732.75,2237.0476190476193,2308.4761904761904,42.83302110141619,19.68,1253581.0
2018-08-20 21:00:00,2506.42,2241.0,19304.0,2262.4285714285716,2322.285714285714,42.83302110141619,19.68,1253581.0
2018-08-21 21:00:00,2506.99,2229.5,17154.0,2287.809523809524,2336.095238095238,42.83302110141619,19.68,1253581.0
2018-08-22 21:00:00,2507.56,2218.0,15004.0,2313.190476190476,2349.904761904762,42.83302110141619,19.68,1253581.0
2018-08-23 21:00:00,2508.13,2219.0,11775.0,2338.5714285714284,2363.714285714286,42.83302110141619,19.68,1253581.0
2018-08-24 21:00:00,2508.7,2222.25,14183.25,2363.9523809523807,2377.5238095238096,42.83302110141619,19.68,1253581.0
2018-08-25 21:00:00,2509.27,2225.5,16591.5,2389.3333333333335,2391.3333333333335,42.83302110141619,19.68,1253581.0
2018-08-26 21:00:00,2509.84,2228.75,18999.75,2414.714285714286,2405.1428571428573,42.83302110141619,19.68,1253581.0
2018-08-27 21:00:00,2510.41,2232.0,21408.0,2440.095238095238,2418.9523809523807,42.83302110141619,19.68,1253581.0
2018-08-28 21:00:00,2510.98,2217.0,12411.0,2465.4761904761904,2432.7619047619046,42.83302110141619,19.68,1253581.0
2018-08-29 21:00:00,2511.55,2248.0,17786.0,2490.8571428571427,2446.5714285714284,42.83302110141619,19.68,1253581.0
2018-08-30 21:00:00,2512.12,2258.0,17811.0,2516.2380952380954,2460.3809523809523,42.83302110141619,19.68,1253581.0
2018-08-31 21:00:00,2512.69,2268.0,17836.0,2541.6190476190477,2474.190476190476,42.83302110141619,19.68,1253581.0
2018-09-01 21:00:00,2512.456333333333,2278.0,17861.0,2567.0,2488.0,42.83302110141619,19.68,1253581.0
2018-09-02 21:00:00,2512.2226666666666,2288.0,17886.0,2521.6666666666665,2483.0,42.83302110141619,19.68,1253581.0
2018-09-03 21:00:00,2511.989,2298.0,17911.0,2476.3333333333335,2478.0,42.83302110141619,19.68,1253581.0
2018-09-04 21:00:00,2511.755333333333,2291.0,16957.0,2431.0,2473.0,42.83302110141619,19.68,1253581.0
2018-09-05 21:00:00,2511.5216666666665,2277.0,12710.0,2355.3333333333335,2389.3333333333335,42.83302110141619,19.68,1253581.0
2018-09-06 21:00:00,2511.288,2266.0,13397.0,2279.6666666666665,2305.6666666666665,42.83302110141619,19.68,1253581.0
2018-09-07 21:00:00,2511.054333333333,2260.2,14412.6,2204.0,2222.0,42.83302110141619,19.68,1253581.0
2018-09-08 21:00:00,2510.8206666666665,2254.4,15428.2,2204.0,2181.0,42.83302110141619,19.68,1253581.0
2018-09-09 21:00:00,2510.587,2248.6,16443.8,2187.5,2076.5,42.83302110141619,19.68,1253581.0
2018-09-10 21:00:00,2510.353333333333,2242.8,17459.4,2171.0,1972.0,42.83302110141619,19.68,1253581.0
2018-09-11 21:00:00,2510.1196666666665,2237.0,18475.0,2188.3809523809523,1998.2380952380952,42.83302110141619,19.68,1253581.0
2018-09-12 21:00:00,2509.886,2243.0,11351.0,2205.7619047619046,2024.4761904761904,42.83302110141619,19.68,1253581.0
2018-09-13 21:00:00,2509.652333333333,2222.0,21489.0,2223.1428571428573,2050.714285714286,42.83302110141619,19.68,1253581.0
2018-09-14 21:00:00,2509.4186666666665,2216.0,23307.25,2240.5238095238096,2076.9523809523807,42.83302110141619,19.68,1253581.0
2018-09-15 21:00:00,2509.185,2210.0,25125.5,2257.904761904762,2103.190476190476,42.83302110141619,19.68,1253581.0
2018-09-16 21:00:00,2508.9513333333334,2204.0,26943.75,2275.285714285714,2129.4285714285716,42.83302110141619,19.68,1253581.0
2018-09-17 21:00:00,2508.7176666666664,2198.0,28762.0,2292.6666666666665,2155.6666666666665,42.83302110141619,19.68,1253581.0
2018-09-18 21:00:00,2508.484,2158.0,20734.0,2310.0476190476193,2181.904761904762,42.83302110141619,19.68,1253581.0
2018-09-19 21:00:00,2508.2503333333334,2146.0,20724.0,2327.4285714285716,2208.1428571428573,42.83302110141619,19.68,1253581.0
2018-09-20 21:00:00,2508.0166666666664,2143.0,19899.0,2344.809523809524,2234.3809523809523,42.83302110141619,19.68,1253581.0
2018-09-21 21:00:00,2507.783,2152.5,19229.25,2362.190476190476,2260.6190476190477,42.83302110141619,19.68,1253581.0
2018-09-22 21:00:00,2507.5493333333334,2162.0,18559.5,2379.5714285714284,2286.8571428571427,42.83302110141619,19.68,1253581.0
2018-09-23 21:00:00,2507.3156666666664,2171.5,17889.75,2396.9523809523807,2313.095238095238,42.83302110141619,19.68,1253581.0
2018-09-24 21:00:00,2507.082,2181.0,17220.0,2414.3333333333335,2339.3333333333335,42.83302110141619,19.68,1253581.0
2018-09-25 21:00:00,2506.8483333333334,2190.0,15677.0,2431.714285714286,2365.5714285714284,42.83302110141619,19.68,1253581.0
2018-09-26 21:00:00,2506.6146666666664,2166.0,17694.0,2449.095238095238,2391.809523809524,42.83302110141619,19.68,1253581.0
2018-09-27 21:00:00,2506.381,2174.0,30087.0,2466.4761904761904,2418.0476190476193,42.83302110141619,19.68,1253581.0
2018-09-28 21:00:00,2506.1473333333333,2170.5,26569.75,2483.8571428571427,2444.285714285714,42.83302110141619,19.68,1253581.0
2018-09-29 21:00:00,2505.9136666666664,2167.0,23052.5,2501.2380952380954,2470.5238095238096,42.83302110141619,19.68,1253581.0
2018-09-30 21:00:00,2505.68,2163.5,19535.25,2518.6190476190477,2496.7619047619046,42.83302110141619,19.68,1253581.0
2018-10-01 21:00:00,2504.044193548387,2160.0,16018.0,2536.0,2523.0,42.83302110141619,19.68,1253581.0
2018-10-02 21:00:00,2502.408387096774,2199.0,21069.0,2498.3333333333335,2512.6666666666665,42.83302110141619,19.68,1253581.0
2018-10-03 21:00:00,2500.7725806451613,2230.0,0.0,2460.6666666666665,2502.3333333333335,42.83302110141619,19.68,1253581.0
2018-10-04 21:00:00,2499.1367741935483,2221.0,16397.0,2423.0,2492.0,42.83302110141619,19.68,1253581.0
2018-10-05 21:00:00,2497.5009677419357,2217.0,15937.25,2344.0,2407.3333333333335,42.83302110141619,19.68,1253581.0
2018-10-06 21:00:00,2495.8651612903222,2213.0,15477.5,2265.0,2322.6666666666665,42.83302110141619,19.68,1253581.0
2018-10-07 21:00:00,2494.2293548387097,2209.0,15017.75,2186.0,2238.0,42.83302110141619,19.68,1253581.0
2018-10-08 21:00:00,2492.5935483870967,2205.0,14558.0,2188.3333333333335,2154.0,42.83302110141619,19.68,1253581.0
2018-10-09 21:00:00,2490.957741935484,2193.0,20858.0,2190.6666666666665,2070.0,42.83302110141619,19.68,1253581.0
2018-10-10 21:00:00,2489.3219354838707,2171.0,13736.0,2193.0,1986.0,42.83302110141619,19.68,1253581.0
2018-10-11 21:00:00,2487.6861290322577,2193.0,15874.0,2112.5,2092.0,42.83302110141619,19.68,1253581.0
2018-10-12 21:00:00,2486.050322580645,2205.75,15619.25,2032.0,2198.0,42.83302110141619,19.68,1253581.0
2018-10-13 21:00:00,2484.414516129032,2218.5,15364.5,2058.1,2215.2,42.83302110141619,19.68,1253581.0
2018-10-14 21:00:00,2482.778709677419,2231.25,15109.75,2084.2,2232.4,42.83302110141619,19.68,1253581.0
2018-10-15 21:00:00,2481.142903225806,2244.0,14855.0,2110.3,2249.6,42.83302110141619,19.68,1253581.0
2018-10-16 21:00:00,2479.507096774193,2261.0,15177.0,2136.4,2266.8,42.83302110141619,19.68,1253581.0
2018-10-17 21:00:00,2477.8712903225805,2239.0,23624.0,2162.5,2284.0,42.83302110141619,19.68,1253581.0
2018-10-18 21:00:00,2476.2354838709675,2224.0,13133.0,2188.6,2301.2,42.83302110141619,19.68,1253581.0
2018-10-19 21:00:00,2474.5996774193545,2222.5,13106.5,2214.7,2318.4,42.83302110141619,19.68,1253581.0
2018-10-20 21:00:00,2472.963870967742,2221.0,13080.0,2240.8,2335.6,42.83302110141619,19.68,1253581.0
2018-10-21 21:00:00,2471.328064516129,2219.5,13053.5,2266.9,2352.8,42.83302110141619,19.68,1253581.0
2018-10-22 21:00:00,2469.692258064516,2218.0,13027.0,2293.0,2370.0,42.83302110141619,19.68,1253581.0
2018-10-23 21:00:00,2468.056451612903,2200.0,11402.0,2319.1,2387.2,42.83302110141619,19.68,1253581.0
2018-10-24 21:00:00,2466.42064516129,2176.0,13499.0,2345.2,2404.4,42.83302110141619,19.68,1253581.0
2018-10-25 21:00:00,2464.7848387096774,2148.0,14640.0,2371.3,2421.6,42.83302110141619,19.68,1253581.0
2018-10-26 21:00:00,2463.1490322580644,2153.25,14999.25,2397.4,2438.8,42.83302110141619,19.68,1253581.0
2018-10-27 21:00:00,2461.5132258064514,2158.5,15358.5,2423.5,2456.0,42.83302110141619,19.68,1253581.0
2018-10-28 21:00:00,2459.8774193548384,2163.75,15717.75,2449.6,2473.2,42.83302110141619,19.68,1253581.0
2018-10-29 21:00:00,2458.241612903226,2169.0,16077.0,2475.7,2490.4,42.83302110141619,19.68,1253581.0
2018-10-30 21:00:00,2456.605806451613,2150.0,13896.0,2501.8,2507.6,42.83302110141619,19.68,1253581.0
2018-10-31 21:00:00,2454.97,2144.0,20480.0,2527.9,2524.8,42.83302110141619,19.68,1253581.0
2018-11-01 21:00:00,2448.358,2153.0,20767.0,2554.0,2542.0,42.83302110141619,19.68,1253581.0
2018-11-02 21:00:00,2441.746,2144.6,19395.8,2502.3333333333335,2513.0,42.83302110141619,19.68,1253581.0
2018-11-03 21:00:00,2435.134,2136.2,18024.6,2450.6666666666665,2484.0,42.83302110141619,19.68,1253581.0
2018-11-04 21:00:00,2428.522,2127.8,16653.4,2399.0,2455.0,42.83302110141619,19.68,1253581.0
2018-11-05 21:00:00,2421.91,2119.4,15282.2,2358.5,2324.5,42.83302110141619,19.68,1253581.0
2018-11-06 21:00:00,2415.298,2111.0,13911.0,2318.0,2194.0,42.83302110141619,19.68,1253581.0
2018-11-07 21:00:00,2408.686,2085.0,22155.0,2147.0,2241.0,42.83302110141619,19.68,1253581.0
2018-11-08 21:00:00,2402.074,2040.0,21593.0,2195.0,2232.5,42.83302110141619,19.68,1253581.0
2018-11-09 21:00:00,2395.462,2031.75,20177.0,2243.0,2224.0,42.83302110141619,19.68,1253581.0
2018-11-10 21:00:00,2388.85,2023.5,18761.0,2191.0,2006.0,42.83302110141619,19.68,1253581.0
2018-11-11 21:00:00,2382.238,2015.25,17345.0,2118.5,2116.0,42.83302110141619,19.68,1253581.0
2018-11-12 21:00:00,2375.626,2007.0,15929.0,2046.0,2226.0,42.83302110141619,19.68,1253581.0
2018-11-13 21:00:00,2369.014,1973.0,23435.0,2068.85,2236.1,42.83302110141619,19.68,1253581.0
2018-11-14 21:00:00,2362.402,1979.0,15308.0,2091.7,2246.2,42.83302110141619,19.68,1253581.0
2018-11-15 21:00:00,2355.79,1972.0,30150.0,2114.55,2256.3,42.83302110141619,19.68,1253581.0
2018-11-16 21:00:00,2349.178,1978.8,29224.6,2137.4,2266.4,42.83302110141619,19.68,1253581.0
2018-11-17 21:00:00,2342.566,1985.6,28299.2,2160.25,2276.5,42.83302110141619,19.68,1253581.0
2018-11-18 21:00:00,2335.954,1992.4,27373.8,2183.1,2286.6,42.83302110141619,19.68,1253581.0
2018-11-19 21:00:00,2329.342,1999.2,26448.4,2205.95,2296.7,42.83302110141619,19.68,1253581.0
2018-11-20 21:00:00,2322.73,2006.0,25523.0,2228.8,2306.8,42.83302110141619,19.68,1253581.0
2018-11-21 21:00:00,2316.118,2057.0,22745.0,2251.65,2316.9,42.83302110141619,19.68,1253581.0
2018-11-22 21:00:00,2309.506,2044.0,19273.0,2274.5,2327.0,42.83302110141619,19.68,1253581.0
2018-11-23 21:00:00,2302.894,2024.5,19948.5,2297.35,2337.1,42.83302110141619,19.68,1253581.0
2018-11-24 21:00:00,2296.282,2005.0,20624.0,2320.2,2347.2,42.83302110141619,19.68,1253581.0
2018-11-25 21:00:00,2289.67,1985.5,21299.5,2343.05,2357.3,42.83302110141619,19.68,1253581.0
2018-11-26 21:00:00,2283.058,1966.0,21975.0,2365.9,2367.4,42.83302110141619,19.68,1253581.0
2018-11-27 21:00:00,2276.446,2014.0,20242.0,2388.75,2377.5,42.83302110141619,19.68,1253581.0
2018-11-28 21:00:00,2269.8340000000003,2027.0,23168.0,2411.6,2387.6,42.83302110141619,19.68,1253581.0
2018-11-29 21:00:00,2263.222,2040.0,15563.0,2434.45,2397.7,42.83302110141619,19.68,1253581.0
2018-11-30 21:00:00,2256.61,2035.0,16822.0,2457.3,2407.8,42.83302110141619,19.68,1253581.0
2018-12-01 21:00:00,2255.8767741935485,2030.0,18081.0,2480.15,2417.9,42.83302110141619,19.68,1253581.0
2018-12-02 21:00:00,2255.143548387097,2025.0,19340.0,2503.0,2428.0,42.83302110141619,19.68,1253581.0
2018-12-03 21:00:00,2254.410322580645,2020.0,20599.0,2440.0,2403.0,42.83302110141619,19.68,1253581.0
2018-12-04 21:00:00,2253.6770967741936,1995.0,13192.0,2369.0,2418.0,42.83302110141619,19.68,1253581.0
2018-12-05 21:00:00,2252.943870967742,2005.0,23992.0,2351.5,2285.0,42.83302110141619,19.68,1253581.0
2018-12-06 21:00:00,2252.2106451612904,1998.0,16711.0,2334.0,2152.0,42.83302110141619,19.68,1253581.0
2018-12-07 21:00:00,2251.4774193548387,2002.25,16269.25,2173.0,2218.0,42.83302110141619,19.68,1253581.0
2018-12-08 21:00:00,2250.744193548387,2006.5,15827.5,2197.5,2218.0,42.83302110141619,19.68,1253581.0
2018-12-09 21:00:00,2250.0109677419355,2010.75,15385.75,2222.0,2218.0,42.83302110141619,19.68,1253581.0
2018-12-10 21:00:00,2249.277741935484,2015.0,14944.0,2097.5,2201.5,42.83302110141619,19.68,1253581.0
2018-12-11 21:00:00,2248.544516129032,2032.0,14048.0,1973.0,2185.0,42.83302110141619,19.68,1253581.0
2018-12-12 21:00:00,2247.8112903225806,2046.0,16723.0,2068.0,2263.0,42.83302110141619,19.68,1253581.0
2018-12-13 21:00:00,2247.078064516129,2068.0,15376.0,2072.15,2262.35,42.83302110141619,19.68,1253581.0
2018-12-14 21:00:00,2246.3448387096773,2089.75,17055.5,2076.3,2261.7,42.83302110141619,19.68,1253581.0
2018-12-15 21:00:00,2245.6116129032257,2111.5,18735.0,2080.45,2261.05,42.83302110141619,19.68,1253581.0
2018-12-16 21:00:00,2244.8783870967745,2133.25,20414.5,2084.6,2260.4,42.83302110141619,19.68,1253581.0
2018-12-17 21:00:00,2244.145161290323,2155.0,22094.0,2088.75,2259.75,42.83302110141619,19.68,1253581.0
2018-12-18 21:00:00,2243.4119354838717,2198.0,25600.0,2092.9,2259.1,42.83302110141619,19.68,1253581.0
2018-12-19 21:00:00,2242.67870967742,2185.0,19016.0,2097.05,2258.45,42.83302110141619,19.68,1253581.0
2018-12-20 21:00:00,2241.945483870968,2157.0,15536.0,2101.2,2257.8,42.83302110141619,19.68,1253581.0
2018-12-21 21:00:00,2241.2122580645164,2144.4,14995.0,2105.35,2257.15,42.83302110141619,19.68,1253581.0
2018-12-22 21:00:00,2240.4790322580648,2131.8,14454.0,2109.5,2256.5,42.83302110141619,19.68,1253581.0
2018-12-23 21:00:00,2239.745806451613,2119.2,13913.0,2113.65,2255.85,42.83302110141619,19.68,1253581.0
2018-12-24 21:00:00,2239.012580645161,2106.6,13372.0,2117.8,2255.2,42.83302110141619,19.68,1253581.0
2018-12-25 21:00:00,2238.27935483871,2094.0,12831.0,2121.95,2254.55,42.83302110141619,19.68,1253581.0
2018-12-26 21:00:00,2237.5461290322582,2105.0,13494.0,2126.1,2253.9,42.83302110141619,19.68,1253581.0
2018-12-27 21:00:00,2236.8129032258066,2121.0,14090.0,2130.25,2253.25,42.83302110141619,19.68,1253581.0
2018-12-28 21:00:00,2236.079677419355,2130.0,13955.8,2134.4,2252.6,42.83302110141619,19.68,1253581.0
2018-12-29 21:00:00,2235.346451612904,2139.0,13821.6,2138.55,2251.95,42.83302110141619,19.68,1253581.0
2018-12-30 21:00:00,2234.613225806452,2148.0,13687.4,2142.7,2251.3,42.83302110141619,19.68,1253581.0
2018-12-31 21:00:00,2233.88,2157.0,13553.2,2146.85,2250.65,42.83302110141619,19.68,1253581.0
2019-01-01 21:00:00,2239.437741935484,2166.0,13419.0,2151.0,2250.0,42.83302110141619,19.68,1253581.0
2019-01-02 21:00:00,2244.995483870968,2151.0,13043.0,2159.0,2161.0,42.83302110141619,19.68,1253581.0
2019-01-03 21:00:00,2250.553225806452,2172.0,12980.0,2167.0,2072.0,42.83302110141619,19.68,1253581.0
2019-01-04 21:00:00,2256.1109677419354,2173.5,14534.0,2175.0,1983.0,42.83302110141619,19.68,1253581.0
2019-01-05 21:00:00,2261.6687096774194,2175.0,16088.0,2010.0,2009.0,42.83302110141619,19.68,1253581.0
2019-01-06 21:00:00,2267.2264516129035,2176.5,17642.0,1983.0,2072.0,42.83302110141619,19.68,1253581.0
2019-01-07 21:00:00,2272.784193548387,2178.0,19196.0,1956.0,2135.0,42.83302110141619,19.68,1253581.0
2019-01-08 21:00:00,2278.341935483871,2182.0,16593.0,2093.0,2206.0,42.83302110141619,19.68,1253581.0
2019-01-09 21:00:00,2283.899677419355,2163.0,15365.0,2115.0,2389.5,42.83302110141619,19.68,1253581.0
2019-01-10 21:00:00,2289.4574193548387,2171.0,10591.0,2137.0,2573.0,42.83302110141619,19.68,1253581.0
2019-01-11 21:00:00,2295.015161290323,2164.75,10891.25,2138.590909090909,2559.5454545454545,42.83302110141619,19.68,1253581.0
2019-01-12 21:00:00,2300.5729032258064,2158.5,11191.5,2140.181818181818,2546.090909090909,42.83302110141619,19.68,1253581.0
2019-01-13 21:00:00,2306.1306451612904,2152.25,11491.75,2141.7727272727275,2532.6363636363635,42.83302110141619,19.68,1253581.0
2019-01-14 21:00:00,2311.6883870967745,2146.0,11792.0,2143.3636363636365,2519.181818181818,42.83302110141619,19.68,1253581.0
2019-01-15 21:00:00,2317.246129032258,2175.0,12139.0,2144.9545454545455,2505.7272727272725,42.83302110141619,19.68,1253581.0
2019-01-16 21:00:00,2322.803870967742,2198.0,12939.0,2146.5454545454545,2492.2727272727275,42.83302110141619,19.68,1253581.0
2019-01-17 21:00:00,2328.3616129032257,2226.0,14116.0,2148.1363636363635,2478.818181818182,42.83302110141619,19.68,1253581.0
2019-01-18 21:00:00,2333.9193548387098,2235.25,15125.75,2149.7272727272725,2465.3636363636365,42.83302110141619,19.68,1253581.0
2019-01-19 21:00:00,2339.477096774194,2244.5,16135.5,2151.318181818182,2451.909090909091,42.83302110141619,19.68,1253581.0
2019-01-20 21:00:00,2345.0348387096774,2253.75,17145.25,2152.909090909091,2438.4545454545455,42.83302110141619,19.68,1253581.0
2019-01-21 21:00:00,2350.592580645161,2263.0,18155.0,2154.5,2425.0,42.83302110141619,19.68,1253581.0
2019-01-22 21:00:00,2356.150322580645,2283.0,15437.0,2156.090909090909,2411.5454545454545,42.83302110141619,19.68,1253581.0
2019-01-23 21:00:00,2361.708064516129,2297.0,10731.0,2157.681818181818,2398.090909090909,42.83302110141619,19.68,1253581.0
2019-01-24 21:00:00,2367.265806451613,2294.0,10763.0,2159.2727272727275,2384.6363636363635,42.83302110141619,19.68,1253581.0
2019-01-25 21:00:00,2372.8235483870967,2294.0,11887.5,2160.8636363636365,2371.181818181818,42.83302110141619,19.68,1253581.0
2019-01-26 21:00:00,2378.3812903225808,2294.0,13012.0,2162.4545454545455,2357.7272727272725,42.83302110141619,19.68,1253581.0
2019-01-27 21:00:00,2383.939032258065,2294.0,14136.5,2164.0454545454545,2344.272727272727,42.83302110141619,19.68,1253581.0
2019-01-28 21:00:00,2389.4967741935484,2294.0,15261.0,2165.6363636363635,2330.818181818182,42.83302110141619,19.68,1253581.0
2019-01-29 21:00:00,2395.0545161290324,2303.0,15461.0,2167.2272727272725,2317.3636363636365,42.83302110141619,19.68,1253581.0
2019-01-30 21:00:00,2400.612258064516,2299.0,10913.0,2168.818181818182,2303.909090909091,42.83302110141619,19.68,1253581.0
2019-01-31 21:00:00,2406.17,2301.714285714286,11159.142857142857,2170.409090909091,2290.4545454545455,42.83302110141619,19.68,1253581.0
2019-02-01 21:00:00,2407.975,2304.4285714285716,11405.285714285714,2172.0,2277.0,42.83302110141619,19.68,1253581.0
2019-02-02 21:00:00,2409.78,2307.1428571428573,11651.42857142857,2182.6666666666665,2189.3333333333335,42.83302110141619,19.68,1253581.0
2019-02-03 21:00:00,2411.585,2309.8571428571427,11897.57142857143,2193.3333333333335,2101.6666666666665,42.83302110141619,19.68,1253581.0
2019-02-04 21:00:00,2413.39,2312.5714285714284,12143.714285714286,2204.0,2014.0,42.83302110141619,19.68,1253581.0
2019-02-05 21:00:00,2415.195,2315.285714285714,12389.857142857143,1984.0,2022.0,42.83302110141619,19.68,1253581.0
2019-02-06 21:00:00,2417.0,2318.0,12636.0,1967.0,2100.5,42.83302110141619,19.68,1253581.0
2019-02-07 21:00:00,2418.8050000000003,2290.0,10588.0,1950.0,2179.0,42.83302110141619,19.68,1253581.0
2019-02-08 21:00:00,2420.61,2281.0,11056.0,2068.5,2190.0,42.83302110141619,19.68,1253581.0
2019-02-09 21:00:00,2422.415,2272.0,11524.0,2187.0,2201.0,42.83302110141619,19.68,1253581.0
2019-02-10 21:00:00,2424.2200000000003,2263.0,11992.0,2149.0,2604.0,42.83302110141619,19.68,1253581.0
2019-02-11 21:00:00,2426.025,2254.0,12460.0,2461.0,2804.5,42.83302110141619,19.68,1253581.0
2019-02-12 21:00:00,2427.83,2250.0,11388.0,2773.0,3005.0,42.83302110141619,19.68,1253581.0
2019-02-13 21:00:00,2429.635,2277.0,12782.0,2736.9411764705883,2960.823529411765,42.83302110141619,19.68,1253581.0
2019-02-14 21:00:00,2431.44,2254.0,11065.0,2700.8823529411766,2916.6470588235293,42.83302110141619,19.68,1253581.0
2019-02-15 21:00:00,2433.245,2255.5,12916.75,2664.823529411765,2872.470588235294,42.83302110141619,19.68,1253581.0
2019-02-16 21:00:00,2435.05,2257.0,14768.5,2628.764705882353,2828.294117647059,42.83302110141619,19.68,1253581.0
2019-02-17 21:00:00,2436.855,2258.5,16620.25,2592.705882352941,2784.1176470588234,42.83302110141619,19.68,1253581.0
2019-02-18 21:00:00,2438.66,2260.0,18472.0,2556.6470588235293,2739.9411764705883,42.83302110141619,19.68,1253581.0
2019-02-19 21:00:00,2440.465,2245.0,17273.0,2520.5882352941176,2695.764705882353,42.83302110141619,19.68,1253581.0
2019-02-20 21:00:00,2442.27,2264.0,14860.0,2484.529411764706,2651.5882352941176,42.83302110141619,19.68,1253581.0
2019-02-21 21:00:00,2444.075,2257.0,14440.0,2448.470588235294,2607.4117647058824,42.83302110141619,19.68,1253581.0
2019-02-22 21:00:00,2445.88,2238.5,16883.25,2412.4117647058824,2563.235294117647,42.83302110141619,19.68,1253581.0
2019-02-23 21:00:00,2447.685,2220.0,19326.5,2376.3529411764707,2519.0588235294117,42.83302110141619,19.68,1253581.0
2019-02-24 21:00:00,2449.49,2201.5,21769.75,2340.2941176470586,2474.8823529411766,42.83302110141619,19.68,1253581.0
2019-02-25 21:00:00,2451.295,2183.0,24213.0,2304.235294117647,2430.705882352941,42.83302110141619,19.68,1253581.0
2019-02-26 21:00:00,2453.1,2132.0,40992.0,2268.176470588235,2386.529411764706,42.83302110141619,19.68,1253581.0
2019-02-27 21:00:00,2454.905,2121.0,20441.0,2232.1176470588234,2342.3529411764703,42.83302110141619,19.68,1253581.0
2019-02-28 21:00:00,2456.71,2189.0,25996.0,2196.0588235294117,2298.176470588235,42.83302110141619,19.68,1253581.0
2019-03-01 21:00:00,2452.8606451612904,2182.0,24488.25,2160.0,2254.0,42.83302110141619,19.68,1253581.0
2019-03-02 21:00:00,2449.011290322581,2175.0,22980.5,2181.3333333333335,2179.0,42.83302110141619,19.68,1253581.0
2019-03-03 21:00:00,2445.161935483871,2168.0,21472.75,2202.6666666666665,2104.0,42.83302110141619,19.68,1253581.0
2019-03-04 21:00:00,2441.312580645161,2161.0,19965.0,2224.0,2029.0,42.83302110141619,19.68,1253581.0
2019-03-05 21:00:00,2437.463225806452,2157.0,21860.0,2126.0,2005.0,42.83302110141619,19.68,1253581.0
2019-03-06 21:00:00,2433.613870967742,2135.0,17285.0,2028.0,1981.0,42.83302110141619,19.68,1253581.0
2019-03-07 21:00:00,2429.7645161290325,2125.0,22750.0,1960.0,2212.0,42.83302110141619,19.68,1253581.0
2019-03-08 21:00:00,2425.9151612903224,2122.75,21655.5,2071.0,2198.5,42.83302110141619,19.68,1253581.0
2019-03-09 21:00:00,2422.065806451613,2120.5,20561.0,2182.0,2185.0,42.83302110141619,19.68,1253581.0
2019-03-10 21:00:00,2418.2164516129037,2118.25,19466.5,2160.0,2586.0,42.83302110141619,19.68,1253581.0
2019-03-11 21:00:00,2414.3670967741937,2116.0,18372.0,2487.5,2765.5,42.83302110141619,19.68,1253581.0
2019-03-12 21:00:00,2410.517741935484,2091.0,19453.0,2815.0,2945.0,42.83302110141619,19.68,1253581.0
2019-03-13 21:00:00,2406.668387096774,2063.0,18844.0,2785.090909090909,2909.0454545454545,42.83302110141619,19.68,1253581.0
2019-03-14 21:00:00,2402.8190322580645,2067.0,18664.0,2755.181818181818,2873.090909090909,42.83302110141619,19.68,1253581.0
2019-03-15 21:00:00,2398.969677419355,2083.0,20525.25,2725.2727272727275,2837.1363636363635,42.83302110141619,19.68,1253581.0
2019-03-16 21:00:00,2395.1203225806453,2099.0,22386.5,2695.3636363636365,2801.181818181818,42.83302110141619,19.68,1253581.0
2019-03-17 21:00:00,2391.270967741936,2115.0,24247.75,2665.4545454545455,2765.227272727273,42.83302110141619,19.68,1253581.0
2019-03-18 21:00:00,2387.421612903226,2131.0,26109.0,2635.5454545454545,2729.2727272727275,42.83302110141619,19.68,1253581.0
2019-03-19 21:00:00,2383.572258064516,2164.0,22394.0,2605.6363636363635,2693.318181818182,42.83302110141619,19.68,1253581.0
2019-03-20 21:00:00,2379.7229032258065,2172.0,18458.0,2575.7272727272725,2657.3636363636365,42.83302110141619,19.68,1253581.0
2019-03-21 21:00:00,2375.873548387097,2167.0,14793.0,2545.818181818182,2621.409090909091,42.83302110141619,19.68,1253581.0
2019-03-22 21:00:00,2372.0241935483878,2158.25,14946.0,2515.909090909091,2585.4545454545455,42.83302110141619,19.68,1253581.0
2019-03-23 21:00:00,2368.1748387096777,2149.5,15099.0,2486.0,2549.5,42.83302110141619,19.68,1253581.0
2019-03-24 21:00:00,2364.325483870968,2140.75,15252.0,2456.090909090909,2513.5454545454545,42.83302110141619,19.68,1253581.0
2019-03-25 21:00:00,2360.476129032258,2132.0,15405.0,2426.181818181818,2477.590909090909,42.83302110141619,19.68,1253581.0
2019-03-26 21:00:00,2356.6267741935485,2136.0,18015.0,2396.272727272727,2441.6363636363635,42.83302110141619,19.68,1253581.0
2019-03-27 21:00:00,2352.777419354839,2120.0,16801.0,2366.3636363636365,2405.681818181818,42.83302110141619,19.68,1253581.0
2019-03-28 21:00:00,2348.9280645161293,2106.0,11556.0,2336.4545454545455,2369.727272727273,42.83302110141619,19.68,1253581.0
2019-03-29 21:00:00,2345.0787096774197,2117.75,13931.75,2306.5454545454545,2333.772727272727,42.83302110141619,19.68,1253581.0
2019-03-30 21:00:00,2341.2293548387097,2129.5,16307.5,2276.6363636363635,2297.818181818182,42.83302110141619,19.68,1253581.0
2019-03-31 21:00:00,2337.38,2141.25,18683.25,2246.727272727273,2261.8636363636365,42.83302110141619,19.68,1253581.0
2019-04-01 21:00:00,2340.1643333333336,2153.0,21059.0,2216.818181818182,2225.909090909091,42.83302110141619,19.68,1253581.0
2019-04-02 21:00:00,2342.9486666666667,2175.0,22922.0,2186.909090909091,2189.9545454545455,42.83302110141619,19.68,1253581.0
2019-04-03 21:00:00,2345.733,2204.0,21464.0,2157.0,2154.0,42.83302110141619,19.68,1253581.0
2019-04-04 21:00:00,2348.517333333333,2224.0,19238.0,2200.0,2096.0,42.83302110141619,19.68,1253581.0
2019-04-05 21:00:00,2351.3016666666667,2221.0,18804.5,2115.0,2137.0,42.83302110141619,19.68,1253581.0
2019-04-06 21:00:00,2354.086,2218.0,18371.0,2030.0,2178.0,42.83302110141619,19.68,1253581.0
2019-04-07 21:00:00,2356.8703333333333,2215.0,17937.5,1945.0,2219.0,42.83302110141619,19.68,1253581.0
2019-04-08 21:00:00,2359.654666666667,2212.0,17504.0,2073.0,2196.0,42.83302110141619,19.68,1253581.0
2019-04-09 21:00:00,2362.439,2170.0,24835.0,2201.0,2173.0,42.83302110141619,19.68,1253581.0
2019-04-10 21:00:00,2365.2233333333334,2154.0,19595.0,2377.5,2532.0,42.83302110141619,19.68,1253581.0
2019-04-11 21:00:00,2368.007666666667,2162.0,19170.0,2554.0,2891.0,42.83302110141619,19.68,1253581.0
2019-04-12 21:00:00,2370.792,2164.75,18535.75,2858.0,2886.0,42.83302110141619,19.68,1253581.0
2019-04-13 21:00:00,2373.5763333333334,2167.5,17901.5,2823.5714285714284,2851.5238095238096,42.83302110141619,19.68,1253581.0
2019-04-14 21:00:00,2376.3606666666665,2170.25,17267.25,2789.1428571428573,2817.0476190476193,42.83302110141619,19.68,1253581.0
2019-04-15 21:00:00,2379.145,2173.0,16633.0,2754.714285714286,2782.5714285714284,42.83302110141619,19.68,1253581.0
2019-04-16 21:00:00,2381.929333333333,2205.0,15836.0,2720.285714285714,2748.095238095238,42.83302110141619,19.68,1253581.0
2019-04-17 21:00:00,2384.7136666666665,2183.0,16861.0,2685.8571428571427,2713.6190476190477,42.83302110141619,19.68,1253581.0
2019-04-18 21:00:00,2387.498,2190.0,9585.0,2651.4285714285716,2679.1428571428573,42.83302110141619,19.68,1253581.0
2019-04-19 21:00:00,2390.282333333333,2185.0,10926.75,2617.0,2644.6666666666665,42.83302110141619,19.68,1253581.0
2019-04-20 21:00:00,2393.0666666666666,2180.0,12268.5,2582.5714285714284,2610.190476190476,42.83302110141619,19.68,1253581.0
2019-04-21 21:00:00,2395.851,2175.0,13610.25,2548.142857142857,2575.714285714286,42.83302110141619,19.68,1253581.0
2019-04-22 21:00:00,2398.635333333333,2170.0,14952.0,2513.714285714286,2541.2380952380954,42.83302110141619,19.68,1253581.0
2019-04-23 21:00:00,2401.4196666666667,2170.0,18058.0,2479.285714285714,2506.7619047619046,42.83302110141619,19.68,1253581.0
2019-04-24 21:00:00,2404.204,2157.0,15578.0,2444.8571428571427,2472.285714285714,42.83302110141619,19.68,1253581.0
2019-04-25 21:00:00,2406.988333333333,2118.0,19830.0,2410.4285714285716,2437.809523809524,42.83302110141619,19.68,1253581.0
2019-04-26 21:00:00,2409.7726666666667,2112.25,19036.25,2376.0,2403.3333333333335,42.83302110141619,19.68,1253581.0
2019-04-27 21:00:00,2412.557,2106.5,18242.5,2341.5714285714284,2368.857142857143,42.83302110141619,19.68,1253581.0
2019-04-28 21:00:00,2415.3413333333333,2100.75,17448.75,2307.142857142857,2334.3809523809523,42.83302110141619,19.68,1253581.0
2019-04-29 21:00:00,2418.1256666666663,2095.0,16655.0,2272.714285714286,2299.904761904762,42.83302110141619,19.68,1253581.0
2019-04-30 21:00:00,2420.91,2063.5,19104.0,2238.285714285714,2265.4285714285716,42.83302110141619,19.68,1253581.0
2019-05-01 21:00:00,2418.576129032258,2032.0,21553.0,2203.8571428571427,2230.9523809523807,42.83302110141619,19.68,1253581.0
2019-05-02 21:00:00,2416.242258064516,2010.0,18953.0,2169.4285714285716,2196.4761904761904,42.83302110141619,19.68,1253581.0
2019-05-03 21:00:00,2413.9083870967743,2017.5,18212.5,2135.0,2162.0,42.83302110141619,19.68,1253581.0
2019-05-04 21:00:00,2411.574516129032,2025.0,17472.0,2128.8,2167.4,42.83302110141619,19.68,1253581.0
2019-05-05 21:00:00,2409.24064516129,2032.5,16731.5,2122.6,2172.8,42.83302110141619,19.68,1253581.0
2019-05-06 21:00:00,2406.906774193548,2040.0,15991.0,2116.4,2178.2,42.83302110141619,19.68,1253581.0
2019-05-07 21:00:00,2404.5729032258064,2037.0,18355.0,2110.2,2183.6,42.83302110141619,19.68,1253581.0
2019-05-08 21:00:00,2402.2390322580645,2005.0,20154.0,2104.0,2189.0,42.83302110141619,19.68,1253581.0
2019-05-09 21:00:00,2399.9051612903227,1983.0,19266.0,2222.0,2252.0,42.83302110141619,19.68,1253581.0
2019-05-10 21:00:00,2397.5712903225804,1990.75,20232.5,2375.0,2552.0,42.83302110141619,19.68,1253581.0
2019-05-11 21:00:00,2395.2374193548385,1998.5,21199.0,2528.0,2852.0,42.83302110141619,19.68,1253581.0
2019-05-12 21:00:00,2392.9035483870966,2006.25,22165.5,2902.0,2837.0,42.83302110141619,19.68,1253581.0
2019-05-13 21:00:00,2390.569677419355,2014.0,23132.0,2872.8571428571427,2803.3809523809523,42.83302110141619,19.68,1253581.0
2019-05-14 21:00:00,2388.235806451613,2029.0,16667.0,2843.714285714286,2769.7619047619046,42.83302110141619,19.68,1253581.0
2019-05-15 21:00:00,2385.901935483871,2096.0,22899.0,2814.5714285714284,2736.1428571428573,42.83302110141619,19.68,1253581.0
2019-05-16 21:00:00,2383.5680645161287,2098.0,26816.0,2785.4285714285716,2702.5238095238096,42.83302110141619,19.68,1253581.0
2019-05-17 21:00:00,2381.234193548387,2087.75,24675.75,2756.285714285714,2668.904761904762,42.83302110141619,19.68,1253581.0
2019-05-18 21:00:00,2378.900322580645,2077.5,22535.5,2727.1428571428573,2635.285714285714,42.83302110141619,19.68,1253581.0
2019-05-19 21:00:00,2376.566451612903,2067.25,20395.25,2698.0,2601.6666666666665,42.83302110141619,19.68,1253581.0
2019-05-20 21:00:00,2374.2325806451613,2057.0,18255.0,2668.8571428571427,2568.0476190476193,42.83302110141619,19.68,1253581.0
2019-05-21 21:00:00,2371.8987096774194,2036.5,16865.5,2639.714285714286,2534.4285714285716,42.83302110141619,19.68,1253581.0
2019-05-22 21:00:00,2369.564838709677,2016.0,15476.0,2610.5714285714284,2500.809523809524,42.83302110141619,19.68,1253581.0
2019-05-23 21:00:00,2367.2309677419357,2013.0,13788.0,2581.4285714285716,2467.190476190476,42.83302110141619,19.68,1253581.0
2019-05-24 21:00:00,2364.8970967741934,2026.25,14628.75,2552.285714285714,2433.5714285714284,42.83302110141619,19.68,1253581.0
2019-05-25 21:00:00,2362.563225806452,2039.5,15469.5,2523.1428571428573,2399.9523809523807,42.83302110141619,19.68,1253581.0
2019-05-26 21:00:00,2360.2293548387097,2052.75,16310.25,2494.0,2366.3333333333335,42.83302110141619,19.68,1253581.0
2019-05-27 21:00:00,2357.895483870968,2066.0,17151.0,2464.857142857143,2332.714285714286,42.83302110141619,19.68,1253581.0
2019-05-28 21:00:00,2355.561612903226,2105.0,18300.0,2435.714285714286,2299.095238095238,42.83302110141619,19.68,1253581.0
2019-05-29 21:00:00,2353.227741935484,2084.0,18536.0,2406.5714285714284,2265.4761904761904,42.83302110141619,19.68,1253581.0
2019-05-30 21:00:00,2350.893870967742,2069.0,15231.0,2377.4285714285716,2231.857142857143,42.83302110141619,19.68,1253581.0
2019-05-31 21:00:00,2348.56,2065.75,13715.0,2348.285714285714,2198.2380952380954,42.83302110141619,19.68,1253581.0
2019-06-01 21:00:00,2346.876333333333,2062.5,12199.0,2319.142857142857,2164.6190476190477,42.83302110141619,19.68,1253581.0
2019-06-02 21:00:00,2345.192666666667,2059.25,10683.0,2290.0,2131.0,42.83302110141619,19.68,1253581.0
2019-06-03 21:00:00,2343.509,2056.0,9167.0,2125.0,2173.0,42.83302110141619,19.68,1253581.0
2019-06-04 21:00:00,2341.825333333333,2046.6666666666667,11662.333333333334,2081.0,2109.5,42.83302110141619,19.68,1253581.0
2019-06-05 21:00:00,2340.1416666666664,2037.3333333333333,14157.666666666668,2037.0,2046.0,42.83302110141619,19.68,1253581.0
2019-06-06 21:00:00,2338.458,2028.0,16653.0,1994.0,1988.0,42.83302110141619,19.68,1253581.0
2019-06-07 21:00:00,2336.7743333333333,2022.75,17312.75,2064.5,2089.0,42.83302110141619,19.68,1253581.0
2019-06-08 21:00:00,2335.0906666666665,2017.5,17972.5,2135.0,2190.0,42.83302110141619,19.68,1253581.0
2019-06-09 21:00:00,2333.407,2012.25,18632.25,2281.0,2419.3333333333335,42.83302110141619,19.68,1253581.0
2019-06-10 21:00:00,2331.7233333333334,2007.0,19292.0,2427.0,2648.6666666666665,42.83302110141619,19.68,1253581.0
2019-06-11 21:00:00,2330.0396666666666,1968.0,22156.0,2573.0,2878.0,42.83302110141619,19.68,1253581.0
2019-06-12 21:00:00,2328.356,2008.0,24494.0,2553.45,2847.1,42.83302110141619,19.68,1253581.0
2019-06-13 21:00:00,2326.6723333333334,2009.0,18410.0,2533.9,2816.2,42.83302110141619,19.68,1253581.0
2019-06-14 21:00:00,2324.988666666666,2012.25,21017.5,2514.35,2785.3,42.83302110141619,19.68,1253581.0
2019-06-15 21:00:00,2323.3050000000003,2015.5,23625.0,2494.8,2754.4,42.83302110141619,19.68,1253581.0
2019-06-16 21:00:00,2321.621333333333,2018.75,26232.5,2475.25,2723.5,42.83302110141619,19.68,1253581.0
2019-06-17 21:00:00,2319.9376666666667,2022.0,28840.0,2455.7,2692.6,42.83302110141619,19.68,1253581.0
2019-06-18 21:00:00,2318.254,2046.0,23421.0,2436.15,2661.7,42.83302110141619,19.68,1253581.0
2019-06-19 21:00:00,2316.5703333333336,2023.0,20413.0,2416.6,2630.8,42.83302110141619,19.68,1253581.0
2019-06-20 21:00:00,2314.8866666666668,2022.0,16140.0,2397.05,2599.9,42.83302110141619,19.68,1253581.0
2019-06-21 21:00:00,2313.203,2011.75,17202.25,2377.5,2569.0,42.83302110141619,19.68,1253581.0
2019-06-22 21:00:00,2311.5193333333336,2001.5,18264.5,2357.95,2538.1,42.83302110141619,19.68,1253581.0
2019-06-23 21:00:00,2309.835666666667,1991.25,19326.75,2338.4,2507.2,42.83302110141619,19.68,1253581.0
2019-06-24 21:00:00,2308.152,1981.0,20389.0,2318.85,2476.3,42.83302110141619,19.68,1253581.0
2019-06-25 21:00:00,2306.468333333333,1966.0,23263.0,2299.3,2445.4,42.83302110141619,19.68,1253581.0
2019-06-26 21:00:00,2304.784666666667,1963.0,19976.0,2279.75,2414.5,42.83302110141619,19.68,1253581.0
2019-06-27 21:00:00,2303.101,1951.0,16558.0,2260.2,2383.6,42.83302110141619,19.68,1253581.0
2019-06-28 21:00:00,2301.4173333333333,1955.0,17453.25,2240.65,2352.7,42.83302110141619,19.68,1253581.0
2019-06-29 21:00:00,2299.733666666667,1959.0,18348.5,2221.1,2321.8,42.83302110141619,19.68,1253581.0
2019-06-30 21:00:00,2298.05,1963.0,19243.75,2201.55,2290.9,42.83302110141619,19.68,1253581.0
2019-07-01 21:00:00,2296.26,1967.0,20139.0,2182.0,2260.0,42.83302110141619,19.68,1253581.0
2019-07-02 21:00:00,2294.4700000000003,1956.0,16765.0,2266.0,2164.0,42.83302110141619,19.68,1253581.0
2019-07-03 21:00:00,2292.6800000000003,1950.0,11431.0,2119.0,2205.0,42.83302110141619,19.68,1253581.0
2019-07-04 21:00:00,2290.8900000000003,1960.0,27726.0,2062.0,2114.0,42.83302110141619,19.68,1253581.0
2019-07-05 21:00:00,2289.1000000000004,1955.5,24976.0,2005.0,2023.0,42.83302110141619,19.68,1253581.0
2019-07-06 21:00:00,2287.31,1951.0,22226.0,2063.0,2110.3333333333335,42.83302110141619,19.68,1253581.0
2019-07-07 21:00:00,2285.52,1946.5,19476.0,2121.0,2197.6666666666665,42.83302110141619,19.68,1253581.0
2019-07-08 21:00:00,2283.73,1942.0,16726.0,2179.0,2285.0,42.83302110141619,19.68,1253581.0
2019-07-09 21:00:00,2281.94,1937.0,21268.0,2187.5,2445.5,42.83302110141619,19.68,1253581.0
2019-07-10 21:00:00,2280.15,1941.0,20373.0,2196.0,2606.0,42.83302110141619,19.68,1253581.0
2019-07-11 21:00:00,2278.36,1944.0,16106.0,2627.0,2858.0,42.83302110141619,19.68,1253581.0
2019-07-12 21:00:00,2276.57,1953.25,15774.75,2604.904761904762,2828.809523809524,42.83302110141619,19.68,1253581.0
2019-07-13 21:00:00,2274.78,1962.5,15443.5,2582.809523809524,2799.6190476190477,42.83302110141619,19.68,1253581.0
2019-07-14 21:00:00,2272.99,1971.75,15112.25,2560.714285714286,2770.4285714285716,42.83302110141619,19.68,1253581.0
2019-07-15 21:00:00,2271.2000000000003,1981.0,14781.0,2538.6190476190477,2741.2380952380954,42.83302110141619,19.68,1253581.0
2019-07-16 21:00:00,2269.41,1988.0,16423.0,2516.5238095238096,2712.0476190476193,42.83302110141619,19.68,1253581.0
2019-07-17 21:00:00,2267.62,1983.0,20140.0,2494.4285714285716,2682.8571428571427,42.83302110141619,19.68,1253581.0
2019-07-18 21:00:00,2265.83,1972.0,19815.0,2472.3333333333335,2653.6666666666665,42.83302110141619,19.68,1253581.0
2019-07-19 21:00:00,2264.04,1980.0,19002.0,2450.2380952380954,2624.4761904761904,42.83302110141619,19.68,1253581.0
2019-07-20 21:00:00,2262.25,1988.0,18189.0,2428.1428571428573,2595.285714285714,42.83302110141619,19.68,1253581.0
2019-07-21 21:00:00,2260.46,1996.0,17376.0,2406.0476190476193,2566.095238095238,42.83302110141619,19.68,1253581.0
2019-07-22 21:00:00,2258.67,2004.0,16563.0,2383.9523809523807,2536.904761904762,42.83302110141619,19.68,1253581.0
2019-07-23 21:00:00,2256.88,2029.0,21956.0,2361.857142857143,2507.714285714286,42.83302110141619,19.68,1253581.0
2019-07-24 21:00:00,2255.09,2058.0,27230.0,2339.7619047619046,2478.5238095238096,42.83302110141619,19.68,1253581.0
2019-07-25 21:00:00,2253.3,2067.0,24011.0,2317.6666666666665,2449.3333333333335,42.83302110141619,19.68,1253581.0
2019-07-26 21:00:00,2251.51,2067.6,23454.0,2295.5714285714284,2420.1428571428573,42.83302110141619,19.68,1253581.0
2019-07-27 21:00:00,2249.72,2068.2,22897.0,2273.4761904761904,2390.9523809523807,42.83302110141619,19.68,1253581.0
2019-07-28 21:00:00,2247.93,2068.8,22340.0,2251.3809523809523,2361.7619047619046,42.83302110141619,19.68,1253581.0
2019-07-29 21:00:00,2246.14,2069.4,21783.0,2229.285714285714,2332.5714285714284,42.83302110141619,19.68,1253581.0
2019-07-30 21:00:00,2244.35,2070.0,21226.0,2207.190476190476,2303.3809523809523,42.83302110141619,19.68,1253581.0
2019-07-31 21:00:00,2242.56,2064.0,16675.0,2185.095238095238,2274.190476190476,42.83302110141619,19.68,1253581.0
2019-08-01 21:00:00,2249.404193548387,2062.0,12815.0,2163.0,2245.0,42.83302110141619,19.68,1253581.0
2019-08-02 21:00:00,2256.248387096774,2072.0,13959.25,2165.3333333333335,2196.0,42.83302110141619,19.68,1253581.0
2019-08-03 21:00:00,2263.092580645161,2082.0,15103.5,2167.6666666666665,2147.0,42.83302110141619,19.68,1253581.0
2019-08-04 21:00:00,2269.9367741935484,2092.0,16247.75,2170.0,2098.0,42.83302110141619,19.68,1253581.0
2019-08-05 21:00:00,2276.7809677419355,2102.0,17392.0,1983.0,2022.0,42.83302110141619,19.68,1253581.0
2019-08-06 21:00:00,2283.6251612903225,2104.0,12277.0,1960.0,2098.0,42.83302110141619,19.68,1253581.0
2019-08-07 21:00:00,2290.469354838709,2135.0,21863.0,1937.0,2174.0,42.83302110141619,19.68,1253581.0
2019-08-08 21:00:00,2297.313548387097,2179.0,25639.0,2212.0,2260.0,42.83302110141619,19.68,1253581.0
2019-08-09 21:00:00,2304.157741935484,2187.25,24986.25,2206.5,2415.5,42.83302110141619,19.68,1253581.0
2019-08-10 21:00:00,2311.001935483871,2195.5,24333.5,2201.0,2571.0,42.83302110141619,19.68,1253581.0
2019-08-11 21:00:00,2317.846129032258,2203.75,23680.75,2199.6363636363635,2557.0454545454545,42.83302110141619,19.68,1253581.0
2019-08-12 21:00:00,2324.690322580645,2212.0,23028.0,2198.2727272727275,2543.090909090909,42.83302110141619,19.68,1253581.0
2019-08-13 21:00:00,2331.5345161290325,2219.0,24345.0,2196.909090909091,2529.1363636363635,42.83302110141619,19.68,1253581.0
2019-08-14 21:00:00,2338.3787096774195,2174.0,22905.0,2195.5454545454545,2515.181818181818,42.83302110141619,19.68,1253581.0
2019-08-15 21:00:00,2345.2229032258065,2192.0,22102.0,2194.181818181818,2501.2272727272725,42.83302110141619,19.68,1253581.0
2019-08-16 21:00:00,2352.067096774193,2188.25,21998.5,2192.818181818182,2487.2727272727275,42.83302110141619,19.68,1253581.0
2019-08-17 21:00:00,2358.9112903225805,2184.5,21895.0,2191.4545454545455,2473.318181818182,42.83302110141619,19.68,1253581.0
2019-08-18 21:00:00,2365.7554838709675,2180.75,21791.5,2190.090909090909,2459.3636363636365,42.83302110141619,19.68,1253581.0
2019-08-19 21:00:00,2372.599677419355,2177.0,21688.0,2188.7272727272725,2445.409090909091,42.83302110141619,19.68,1253581.0
2019-08-20 21:00:00,2379.443870967742,2208.0,20111.0,2187.3636363636365,2431.4545454545455,42.83302110141619,19.68,1253581.0
2019-08-21 21:00:00,2386.288064516129,2256.0,28512.0,2186.0,2417.5,42.83302110141619,19.68,1253581.0
2019-08-22 21:00:00,2393.132258064516,2262.0,26510.0,2184.6363636363635,2403.5454545454545,42.83302110141619,19.68,1253581.0
2019-08-23 21:00:00,2399.976451612903,2256.25,26780.25,2183.2727272727275,2389.590909090909,42.83302110141619,19.68,1253581.0
2019-08-24 21:00:00,2406.8206451612905,2250.5,27050.5,2181.909090909091,2375.6363636363635,42.83302110141619,19.68,1253581.0
2019-08-25 21:00:00,2413.664838709677,2244.75,27320.75,2180.5454545454545,2361.681818181818,42.83302110141619,19.68,1253581.0
2019-08-26 21:00:00,2420.5090322580645,2239.0,27591.0,2179.181818181818,2347.7272727272725,42.83302110141619,19.68,1253581.0
2019-08-27 21:00:00,2427.3532258064515,2253.0,20289.0,2177.818181818182,2333.772727272727,42.83302110141619,19.68,1253581.0
2019-08-28 21:00:00,2434.1974193548385,2221.0,19341.0,2176.4545454545455,2319.818181818182,42.83302110141619,19.68,1253581.0
2019-08-29 21:00:00,2441.041612903226,2234.0,22572.0,2175.090909090909,2305.8636363636365,42.83302110141619,19.68,1253581.0
2019-08-30 21:00:00,2447.885806451613,2220.75,22572.0,2173.7272727272725,2291.909090909091,42.83302110141619,19.68,1253581.0
2019-08-31 21:00:00,2454.73,2207.5,22572.0,2172.3636363636365,2277.9545454545455,42.83302110141619,19.68,1253581.0
2019-09-01 21:00:00,2453.866666666667,2194.25,22572.0,2171.0,2264.0,42.83302110141619,19.68,1253581.0
2019-09-02 21:00:00,2453.0033333333336,2181.0,22572.0,2165.3333333333335,2195.0,42.83302110141619,19.68,1253581.0
2019-09-03 21:00:00,2452.14,2187.0,26580.0,2159.6666666666665,2126.0,42.83302110141619,19.68,1253581.0
2019-09-04 21:00:00,2451.276666666666,2182.0,22938.0,2154.0,2057.0,42.83302110141619,19.68,1253581.0
2019-09-05 21:00:00,2450.4133333333334,2201.0,18133.0,1985.0,1981.0,42.83302110141619,19.68,1253581.0
2019-09-06 21:00:00,2449.55,2206.25,19897.0,1963.0,2086.5,42.83302110141619,19.68,1253581.0
2019-09-07 21:00:00,2448.6866666666665,2211.5,21661.0,1941.0,2192.0,42.83302110141619,19.68,1253581.0
2019-09-08 21:00:00,2447.8233333333333,2216.75,23425.0,2073.5,2225.5,42.83302110141619,19.68,1253581.0
2019-09-09 21:00:00,2446.96,2222.0,25189.0,2206.0,2259.0,42.83302110141619,19.68,1253581.0
2019-09-10 21:00:00,2446.096666666667,2206.0,24580.0,2185.0,2622.0,42.83302110141619,19.68,1253581.0
2019-09-11 21:00:00,2445.233333333333,2189.0,19373.0,2531.5,2754.5,42.83302110141619,19.68,1253581.0
2019-09-12 21:00:00,2444.37,2190.0,17334.0,2878.0,2887.0,42.83302110141619,19.68,1253581.0
2019-09-13 21:00:00,2443.5066666666667,2213.75,19659.5,2838.9473684210525,2853.842105263158,42.83302110141619,19.68,1253581.0
2019-09-14 21:00:00,2442.643333333333,2237.5,21985.0,2799.8947368421054,2820.684210526316,42.83302110141619,19.68,1253581.0
2019-09-15 21:00:00,2441.78,2261.25,24310.5,2760.842105263158,2787.5263157894738,42.83302110141619,19.68,1253581.0
2019-09-16 21:00:00,2440.9166666666665,2285.0,26636.0,2721.7894736842104,2754.3684210526317,42.83302110141619,19.68,1253581.0
2019-09-17 21:00:00,2440.0533333333333,2260.0,18416.0,2682.7368421052633,2721.2105263157896,42.83302110141619,19.68,1253581.0
2019-09-18 21:00:00,2439.19,2245.0,19990.0,2643.684210526316,2688.0526315789475,42.83302110141619,19.68,1253581.0
2019-09-19 21:00:00,2438.326666666667,2225.0,17925.0,2604.6315789473683,2654.8947368421054,42.83302110141619,19.68,1253581.0
2019-09-20 21:00:00,2437.463333333333,2204.0,20335.75,2565.578947368421,2621.7368421052633,42.83302110141619,19.68,1253581.0
2019-09-21 21:00:00,2436.6,2183.0,22746.5,2526.5263157894738,2588.5789473684213,42.83302110141619,19.68,1253581.0
2019-09-22 21:00:00,2435.7366666666667,2162.0,25157.25,2487.4736842105262,2555.421052631579,42.83302110141619,19.68,1253581.0
2019-09-23 21:00:00,2434.873333333333,2141.0,27568.0,2448.421052631579,2522.2631578947367,42.83302110141619,19.68,1253581.0
2019-09-24 21:00:00,2434.01,2147.0,16426.0,2409.3684210526317,2489.105263157895,42.83302110141619,19.68,1253581.0
2019-09-25 21:00:00,2433.1466666666665,2169.0,16306.0,2370.315789473684,2455.9473684210525,42.83302110141619,19.68,1253581.0
2019-09-26 21:00:00,2432.2833333333333,2149.0,16879.0,2331.2631578947367,2422.7894736842104,42.83302110141619,19.68,1253581.0
2019-09-27 21:00:00,2431.42,2153.5,18272.25,2292.2105263157896,2389.6315789473683,42.83302110141619,19.68,1253581.0
2019-09-28 21:00:00,2430.5566666666664,2158.0,19665.5,2253.157894736842,2356.4736842105262,42.83302110141619,19.68,1253581.0
2019-09-29 21:00:00,2429.693333333333,2162.5,21058.75,2214.1052631578946,2323.315789473684,42.83302110141619,19.68,1253581.0
2019-09-30 21:00:00,2428.83,2167.0,22452.0,2175.0526315789475,2290.157894736842,42.83302110141619,19.68,1253581.0
2019-10-01 21:00:00,2430.3851612903227,2141.0,18075.0,2136.0,2257.0,42.83302110141619,19.68,1253581.0
2019-10-02 21:00:00,2431.940322580645,2137.0,16819.0,2144.6666666666665,2176.6666666666665,42.83302110141619,19.68,1253581.0
2019-10-03 21:00:00,2433.495483870968,2149.0,17400.0,2153.3333333333335,2096.3333333333335,42.83302110141619,19.68,1253581.0
2019-10-04 21:00:00,2435.05064516129,2155.5,17464.25,2162.0,2016.0,42.83302110141619,19.68,1253581.0
2019-10-05 21:00:00,2436.605806451613,2162.0,17528.5,2065.0,1999.5,42.83302110141619,19.68,1253581.0
2019-10-06 21:00:00,2438.160967741936,2168.5,17592.75,1968.0,1983.0,42.83302110141619,19.68,1253581.0
2019-10-07 21:00:00,2439.716129032258,2175.0,17657.0,1944.0,2177.0,42.83302110141619,19.68,1253581.0
2019-10-08 21:00:00,2441.2712903225806,2196.0,17962.0,2066.5,2232.0,42.83302110141619,19.68,1253581.0
2019-10-09 21:00:00,2442.8264516129034,2201.0,15485.0,2189.0,2287.0,42.83302110141619,19.68,1253581.0
2019-10-10 21:00:00,2444.3816129032257,2185.0,17529.0,2157.0,2685.0,42.83302110141619,19.68,1253581.0
2019-10-11 21:00:00,2445.9367741935484,2182.0,17306.25,2524.0,2829.0,42.83302110141619,19.68,1253581.0
2019-10-12 21:00:00,2447.4919354838707,2179.0,17083.5,2891.0,2973.0,42.83302110141619,19.68,1253581.0
2019-10-13 21:00:00,2449.047096774193,2176.0,16860.75,2860.4761904761904,2934.8571428571427,42.83302110141619,19.68,1253581.0
2019-10-14 21:00:00,2450.6022580645163,2173.0,16638.0,2829.9523809523807,2896.714285714286,42.83302110141619,19.68,1253581.0
2019-10-15 21:00:00,2452.1574193548386,2252.0,23389.0,2799.4285714285716,2858.5714285714284,42.83302110141619,19.68,1253581.0
2019-10-16 21:00:00,2453.7125806451613,2259.0,22022.0,2768.904761904762,2820.4285714285716,42.83302110141619,19.68,1253581.0
2019-10-17 21:00:00,2455.267741935484,2287.0,19319.0,2738.3809523809523,2782.285714285714,42.83302110141619,19.68,1253581.0
2019-10-18 21:00:00,2456.8229032258064,2294.5,20277.0,2707.8571428571427,2744.142857142857,42.83302110141619,19.68,1253581.0
2019-10-19 21:00:00,2458.378064516129,2302.0,21235.0,2677.3333333333335,2706.0,42.83302110141619,19.68,1253581.0
2019-10-20 21:00:00,2459.9332258064514,2309.5,22193.0,2646.809523809524,2667.8571428571427,42.83302110141619,19.68,1253581.0
2019-10-21 21:00:00,2461.488387096774,2317.0,23151.0,2616.285714285714,2629.714285714286,42.83302110141619,19.68,1253581.0
2019-10-22 21:00:00,2463.0435483870965,2322.0,26736.0,2585.7619047619046,2591.5714285714284,42.83302110141619,19.68,1253581.0
2019-10-23 21:00:00,2464.5987096774197,2384.0,32860.0,2555.2380952380954,2553.4285714285716,42.83302110141619,19.68,1253581.0
2019-10-24 21:00:00,2466.153870967742,2398.0,41324.0,2524.714285714286,2515.285714285714,42.83302110141619,19.68,1253581.0
2019-10-25 21:00:00,2467.7090322580643,2402.75,35715.25,2494.190476190476,2477.142857142857,42.83302110141619,19.68,1253581.0
2019-10-26 21:00:00,2469.264193548387,2407.5,30106.5,2463.6666666666665,2439.0,42.83302110141619,19.68,1253581.0
2019-10-27 21:00:00,2470.81935483871,2412.25,24497.75,2433.142857142857,2400.8571428571427,42.83302110141619,19.68,1253581.0
2019-10-28 21:00:00,2472.374516129032,2417.0,18889.0,2402.6190476190477,2362.714285714286,42.83302110141619,19.68,1253581.0
2019-10-29 21:00:00,2473.929677419355,2496.0,27992.0,2372.095238095238,2324.5714285714284,42.83302110141619,19.68,1253581.0
2019-10-30 21:00:00,2475.484838709677,2485.0,33639.0,2341.5714285714284,2286.4285714285716,42.83302110141619,19.68,1253581.0
2019-10-31 21:00:00,2477.04,2461.0,27566.0,2311.0476190476193,2248.285714285714,42.83302110141619,19.68,1253581.0
2019-11-01 21:00:00,2489.1776666666665,2474.5,28808.25,2280.5238095238096,2210.142857142857,42.83302110141619,19.68,1253581.0
2019-11-02 21:00:00,2501.315333333333,2488.0,30050.5,2250.0,2172.0,42.83302110141619,19.68,1253581.0
2019-11-03 21:00:00,2513.453,2501.5,31292.75,2091.0,2183.0,42.83302110141619,19.68,1253581.0
2019-11-04 21:00:00,2525.5906666666665,2515.0,32535.0,2142.0,2013.0,42.83302110141619,19.68,1253581.0
2019-11-05 21:00:00,2537.728333333333,2554.0,24222.0,2075.0,1992.5,42.83302110141619,19.68,1253581.0
2019-11-06 21:00:00,2549.866,2528.0,23202.0,2008.0,1972.0,42.83302110141619,19.68,1253581.0
2019-11-07 21:00:00,2562.0036666666665,2573.0,27058.0,1958.0,2208.0,42.83302110141619,19.68,1253581.0
2019-11-08 21:00:00,2574.141333333333,2580.75,25573.75,2074.0,2262.5,42.83302110141619,19.68,1253581.0
2019-11-09 21:00:00,2586.279,2588.5,24089.5,2190.0,2317.0,42.83302110141619,19.68,1253581.0
2019-11-10 21:00:00,2598.4166666666665,2596.25,22605.25,2388.0,2595.5,42.83302110141619,19.68,1253581.0
2019-11-11 21:00:00,2610.554333333333,2604.0,21121.0,2586.0,2874.0,42.83302110141619,19.68,1253581.0
2019-11-12 21:00:00,2622.692,2586.0,21150.0,2852.0,2925.0,42.83302110141619,19.68,1253581.0
2019-11-13 21:00:00,2634.8296666666665,2606.0,26120.0,2823.25,2887.1,42.83302110141619,19.68,1253581.0
2019-11-14 21:00:00,2646.967333333333,2571.0,15193.0,2794.5,2849.2,42.83302110141619,19.68,1253581.0
2019-11-15 21:00:00,2659.105,2583.75,17464.25,2765.75,2811.3,42.83302110141619,19.68,1253581.0
2019-11-16 21:00:00,2671.2426666666665,2596.5,19735.5,2737.0,2773.4,42.83302110141619,19.68,1253581.0
2019-11-17 21:00:00,2683.380333333333,2609.25,22006.75,2708.25,2735.5,42.83302110141619,19.68,1253581.0
2019-11-18 21:00:00,2695.518,2622.0,24278.0,2679.5,2697.6,42.83302110141619,19.68,1253581.0
2019-11-19 21:00:00,2707.6556666666665,2685.0,28733.0,2650.75,2659.7,42.83302110141619,19.68,1253581.0
2019-11-20 21:00:00,2719.793333333333,2667.0,29910.0,2622.0,2621.8,42.83302110141619,19.68,1253581.0
2019-11-21 21:00:00,2731.931,2748.0,29576.0,2593.25,2583.9,42.83302110141619,19.68,1253581.0
2019-11-22 21:00:00,2744.0686666666666,2730.0,29175.5,2564.5,2546.0,42.83302110141619,19.68,1253581.0
2019-11-23 21:00:00,2756.206333333333,2712.0,28775.0,2535.75,2508.1,42.83302110141619,19.68,1253581.0
2019-11-24 21:00:00,2768.344,2694.0,28374.5,2507.0,2470.2,42.83302110141619,19.68,1253581.0
2019-11-25 21:00:00,2780.4816666666666,2676.0,27974.0,2478.25,2432.3,42.83302110141619,19.68,1253581.0
2019-11-26 21:00:00,2792.619333333333,2687.0,21976.0,2449.5,2394.4,42.83302110141619,19.68,1253581.0
2019-11-27 21:00:00,2804.757,2723.0,31191.0,2420.75,2356.5,42.83302110141619,19.68,1253581.0
2019-11-28 21:00:00,2816.8946666666666,2744.0,22851.0,2392.0,2318.6,42.83302110141619,19.68,1253581.0
2019-11-29 21:00:00,2829.0323333333336,2744.75,22420.5,2363.25,2280.7,42.83302110141619,19.68,1253581.0
2019-11-30 21:00:00,2841.17,2745.5,21990.0,2334.5,2242.8,42.83302110141619,19.68,1253581.0
2019-12-01 21:00:00,2852.6351612903227,2746.25,21559.5,2305.75,2204.9,42.83302110141619,19.68,1253581.0
2019-12-02 21:00:00,2864.1003225806453,2747.0,21129.0,2277.0,2167.0,42.83302110141619,19.68,1253581.0
2019-12-03 21:00:00,2875.565483870968,2773.0,23082.0,2063.0,2190.0,42.83302110141619,19.68,1253581.0
2019-12-04 21:00:00,2887.0306451612905,2815.0,20886.0,2045.0,2128.0,42.83302110141619,19.68,1253581.0
2019-12-05 21:00:00,2898.495806451613,2858.0,22314.0,2027.0,2066.0,42.83302110141619,19.68,1253581.0
2019-12-06 21:00:00,2909.960967741936,2869.25,23101.75,2009.0,2004.0,42.83302110141619,19.68,1253581.0
2019-12-07 21:00:00,2921.4261290322584,2880.5,23889.5,2114.0,2124.5,42.83302110141619,19.68,1253581.0
2019-12-08 21:00:00,2932.8912903225805,2891.75,24677.25,2219.0,2245.0,42.83302110141619,19.68,1253581.0
2019-12-09 21:00:00,2944.356451612903,2903.0,25465.0,2285.0,2322.0,42.83302110141619,19.68,1253581.0
2019-12-10 21:00:00,2955.8216129032257,2878.0,21867.0,2445.5,2617.0,42.83302110141619,19.68,1253581.0
2019-12-11 21:00:00,2967.2867741935484,2891.0,18945.0,2606.0,2912.0,42.83302110141619,19.68,1253581.0
2019-12-12 21:00:00,2978.751935483871,2852.0,22221.0,2875.0,2861.0,42.83302110141619,19.68,1253581.0
2019-12-13 21:00:00,2990.2170967741936,2858.5,21601.75,2887.05,2852.7,42.83302110141619,19.68,1253581.0
2019-12-14 21:00:00,3001.682258064516,2865.0,20982.5,2899.1,2844.4,42.83302110141619,19.68,1253581.0
2019-12-15 21:00:00,3013.147419354839,2871.5,20363.25,2911.15,2836.1,42.83302110141619,19.68,1253581.0
2019-12-16 21:00:00,3024.6125806451614,2878.0,19744.0,2923.2,2827.8,42.83302110141619,19.68,1253581.0
2019-12-17 21:00:00,3036.077741935484,2858.0,33347.0,2935.25,2819.5,42.83302110141619,19.68,1253581.0
2019-12-18 21:00:00,3047.542903225806,2874.0,22262.0,2947.3,2811.2,42.83302110141619,19.68,1253581.0
2019-12-19 21:00:00,3059.0080645161293,2912.0,18666.0,2959.35,2802.9,42.83302110141619,19.68,1253581.0
2019-12-20 21:00:00,3070.473225806452,2914.75,16937.25,2971.4,2794.6,42.83302110141619,19.68,1253581.0
2019-12-21 21:00:00,3081.9383870967745,2917.5,15208.5,2983.45,2786.3,42.83302110141619,19.68,1253581.0
2019-12-22 21:00:00,3093.403548387097,2920.25,13479.75,2995.5,2778.0,42.83302110141619,19.68,1253581.0
2019-12-23 21:00:00,3104.8687096774192,2923.0,11751.0,3007.55,2769.7,42.83302110141619,19.68,1253581.0
2019-12-24 21:00:00,3116.333870967742,2964.0,13643.5,3019.6,2761.4,42.83302110141619,19.68,1253581.0
2019-12-25 21:00:00,3127.7990322580645,3005.0,15536.0,3031.65,2753.1,42.83302110141619,19.68,1253581.0
2019-12-26 21:00:00,3139.264193548387,3073.0,19067.0,3043.7,2744.8,42.83302110141619,19.68,1253581.0
2019-12-27 21:00:00,3150.7293548387097,3067.75,18784.5,3055.75,2736.5,42.83302110141619,19.68,1253581.0
2019-12-28 21:00:00,3162.1945161290323,3062.5,18502.0,3067.8,2728.2,42.83302110141619,19.68,1253581.0
2019-12-29 21:00:00,3173.659677419355,3057.25,18219.5,3079.85,2719.9,42.83302110141619,19.68,1253581.0
2019-12-30 21:00:00,3185.124838709677,3052.0,17937.0,3091.9,2711.6,42.83302110141619,19.68,1253581.0
2019-12-31 21:00:00,3196.59,3091.0,21287.0,3103.95,2703.3,42.83302110141619,19.68,1253581.0
2020-01-01 21:00:00,3203.3719354838718,3130.0,24637.0,3116.0,2695.0,42.83302110141619,19.68,1253581.0
2020-01-02 21:00:00,3210.153870967742,3116.0,22159.0,2825.6666666666665,2473.6666666666665,42.83302110141619,19.68,1253581.0
2020-01-03 21:00:00,3216.935806451613,3097.5,24022.0,2535.3333333333335,2252.3333333333335,42.83302110141619,19.68,1253581.0
2020-01-04 21:00:00,3223.717741935484,3079.0,25885.0,2245.0,2031.0,42.83302110141619,19.68,1253581.0
2020-01-05 21:00:00,3230.499677419355,3060.5,27748.0,2322.0,2217.0,42.83302110141619,19.68,1253581.0
2020-01-06 21:00:00,3237.281612903226,3042.0,29611.0,2399.0,2403.0,42.83302110141619,19.68,1253581.0
2020-01-07 21:00:00,3244.063548387097,3041.0,18328.0,2358.0,2688.0,42.83302110141619,19.68,1253581.0
2020-01-08 21:00:00,3250.845483870968,3110.0,24034.0,2624.5,2845.5,42.83302110141619,19.68,1253581.0
2020-01-09 21:00:00,3257.627419354839,3134.0,16975.0,2891.0,3003.0,42.83302110141619,19.68,1253581.0
2020-01-10 21:00:00,3264.409354838709,3101.75,18506.5,2721.0,3391.0,42.83302110141619,19.68,1253581.0
2020-01-11 21:00:00,3271.1912903225807,3069.5,20038.0,3026.5,3541.5,42.83302110141619,19.68,1253581.0
2020-01-12 21:00:00,3277.973225806452,3037.25,21569.5,3332.0,3692.0,42.83302110141619,19.68,1253581.0
2020-01-13 21:00:00,3284.7551612903226,3005.0,23101.0,3317.5,3642.85,42.83302110141619,19.68,1253581.0
2020-01-14 21:00:00,3291.5370967741937,2945.0,27726.0,3303.0,3593.7,42.83302110141619,19.68,1253581.0
2020-01-15 21:00:00,3298.3190322580645,2886.0,23749.0,3288.5,3544.55,42.83302110141619,19.68,1253581.0
2020-01-16 21:00:00,3305.100967741936,2837.0,26214.0,3274.0,3495.4,42.83302110141619,19.68,1253581.0
2020-01-17 21:00:00,3311.8829032258063,2849.5,27536.75,3259.5,3446.25,42.83302110141619,19.68,1253581.0
2020-01-18 21:00:00,3318.664838709677,2862.0,28859.5,3245.0,3397.1,42.83302110141619,19.68,1253581.0
2020-01-19 21:00:00,3325.446774193548,2874.5,30182.25,3230.5,3347.95,42.83302110141619,19.68,1253581.0
2020-01-20 21:00:00,3332.2287096774194,2887.0,31505.0,3216.0,3298.8,42.83302110141619,19.68,1253581.0
2020-01-21 21:00:00,3339.01064516129,2973.0,25562.0,3201.5,3249.65,42.83302110141619,19.68,1253581.0
2020-01-22 21:00:00,3345.7925806451613,2925.0,24157.0,3187.0,3200.5,42.83302110141619,19.68,1253581.0
2020-01-23 21:00:00,3352.5745161290324,2861.0,9668.0,3172.5,3151.35,42.83302110141619,19.68,1253581.0
2020-01-24 21:00:00,3359.356451612903,2789.5,17378.75,3158.0,3102.2,42.83302110141619,19.68,1253581.0
2020-01-25 21:00:00,3366.1383870967743,2718.0,25089.5,3143.5,3053.05,42.83302110141619,19.68,1253581.0
2020-01-26 21:00:00,3372.920322580645,2646.5,32800.25,3129.0,3003.9,42.83302110141619,19.68,1253581.0
2020-01-27 21:00:00,3379.702258064516,2575.0,40511.0,3114.5,2954.75,42.83302110141619,19.68,1253581.0
2020-01-28 21:00:00,3386.484193548387,2723.0,30212.0,3100.0,2905.6,42.83302110141619,19.68,1253581.0
2020-01-29 21:00:00,3393.266129032258,2652.0,26734.0,3085.5,2856.45,42.83302110141619,19.68,1253581.0
2020-01-30 21:00:00,3400.0480645161288,2604.0,24029.0,3071.0,2807.3,42.83302110141619,19.68,1253581.0
2020-01-31 21:00:00,3406.83,2620.0,24931.25,3056.5,2758.15,42.83302110141619,19.68,1253581.0
2020-02-01 21:00:00,3394.017931034483,2636.0,25833.5,3042.0,2709.0,42.83302110141619,19.68,1253581.0
2020-02-02 21:00:00,3381.2058620689654,2652.0,26735.75,2768.5,2506.5,42.83302110141619,19.68,1253581.0
2020-02-03 21:00:00,3368.3937931034484,2668.0,27638.0,2495.0,2304.0,42.83302110141619,19.68,1253581.0
2020-02-04 21:00:00,3355.581724137931,2804.0,31518.0,2250.0,2091.0,42.83302110141619,19.68,1253581.0
2020-02-05 21:00:00,3342.769655172414,2850.0,28373.0,2288.0,2251.5,42.83302110141619,19.68,1253581.0
2020-02-06 21:00:00,3329.9575862068964,2813.0,30488.0,2326.0,2412.0,42.83302110141619,19.68,1253581.0
2020-02-07 21:00:00,3317.14551724138,2783.5,30363.0,2391.0,2716.0,42.83302110141619,19.68,1253581.0
2020-02-08 21:00:00,3304.333448275862,2754.0,30238.0,2613.0,2852.5,42.83302110141619,19.68,1253581.0
2020-02-09 21:00:00,3291.521379310345,2724.5,30113.0,2835.0,2989.0,42.83302110141619,19.68,1253581.0
2020-02-10 21:00:00,3278.709310344828,2695.0,29988.0,2966.0,3196.0,42.83302110141619,19.68,1253581.0
2020-02-11 21:00:00,3265.8972413793103,2709.0,37884.0,3097.0,3403.0,42.83302110141619,19.68,1253581.0
2020-02-12 21:00:00,3253.0851724137933,2625.0,32960.0,3437.0,3527.0,42.83302110141619,19.68,1253581.0
2020-02-13 21:00:00,3240.273103448276,2660.0,23222.0,3403.684210526316,3461.2105263157896,42.83302110141619,19.68,1253581.0
2020-02-14 21:00:00,3227.461034482759,2654.75,23131.5,3370.3684210526317,3395.421052631579,42.83302110141619,19.68,1253581.0
2020-02-15 21:00:00,3214.6489655172413,2649.5,23041.0,3337.0526315789475,3329.6315789473683,42.83302110141619,19.68,1253581.0
2020-02-16 21:00:00,3201.8368965517243,2644.25,22950.5,3303.7368421052633,3263.842105263158,42.83302110141619,19.68,1253581.0
2020-02-17 21:00:00,3189.024827586207,2639.0,22860.0,3270.4210526315787,3198.0526315789475,42.83302110141619,19.68,1253581.0
2020-02-18 21:00:00,3176.21275862069,2547.0,26796.0,3237.1052631578946,3132.2631578947367,42.83302110141619,19.68,1253581.0
2020-02-19 21:00:00,3163.4006896551728,2590.0,32229.0,3203.7894736842104,3066.4736842105262,42.83302110141619,19.68,1253581.0
2020-02-20 21:00:00,3150.5886206896557,2622.0,26789.0,3170.4736842105262,3000.684210526316,42.83302110141619,19.68,1253581.0
2020-02-21 21:00:00,3137.7765517241382,2576.0,27911.25,3137.157894736842,2934.8947368421054,42.83302110141619,19.68,1253581.0
2020-02-22 21:00:00,3124.9644827586208,2530.0,29033.5,3103.842105263158,2869.105263157895,42.83302110141619,19.68,1253581.0
2020-02-23 21:00:00,3112.152413793104,2484.0,30155.75,3070.5263157894738,2803.315789473684,42.83302110141619,19.68,1253581.0
2020-02-24 21:00:00,3099.3403448275863,2438.0,31278.0,3037.2105263157896,2737.5263157894738,42.83302110141619,19.68,1253581.0
2020-02-25 21:00:00,3086.528275862069,2419.0,39087.0,3003.8947368421054,2671.7368421052633,42.83302110141619,19.68,1253581.0
2020-02-26 21:00:00,3073.716206896552,2459.0,25097.0,2970.578947368421,2605.9473684210525,42.83302110141619,19.68,1253581.0
2020-02-27 21:00:00,3060.9041379310347,2319.0,33026.0,2937.2631578947367,2540.157894736842,42.83302110141619,19.68,1253581.0
2020-02-28 21:00:00,3048.0920689655177,2333.5,31860.0,2903.9473684210525,2474.3684210526317,42.83302110141619,19.68,1253581.0
2020-02-29 21:00:00,3035.28,2348.0,30694.0,2870.6315789473683,2408.5789473684213,42.83302110141619,19.68,1253581.0
2020-03-01 21:00:00,3025.547096774194,2362.5,29528.0,2837.315789473684,2342.789473684211,42.83302110141619,19.68,1253581.0
2020-03-02 21:00:00,3015.8141935483877,2377.0,28362.0,2804.0,2277.0,42.83302110141619,19.68,1253581.0
2020-03-03 21:00:00,3006.081290322581,2495.0,33636.0,2524.0,2312.0,42.83302110141619,19.68,1253581.0
2020-03-04 21:00:00,2996.3483870967743,2524.0,36347.0,2465.3333333333335,2375.3333333333335,42.83302110141619,19.68,1253581.0
2020-03-05 21:00:00,2986.615483870968,2451.0,27832.0,2406.6666666666665,2438.6666666666665,42.83302110141619,19.68,1253581.0
2020-03-06 21:00:00,2976.8825806451614,2423.75,28247.0,2348.0,2502.0,42.83302110141619,19.68,1253581.0
2020-03-07 21:00:00,2967.149677419355,2396.5,28662.0,2532.5,2656.5,42.83302110141619,19.68,1253581.0
2020-03-08 21:00:00,2957.4167741935485,2369.25,29077.0,2717.0,2811.0,42.83302110141619,19.68,1253581.0
2020-03-09 21:00:00,2947.683870967742,2342.0,29492.0,2804.0,2918.0,42.83302110141619,19.68,1253581.0
2020-03-10 21:00:00,2937.9509677419355,2359.0,22488.0,3006.0,3164.0,42.83302110141619,19.68,1253581.0
2020-03-11 21:00:00,2928.2180645161293,2277.0,30137.0,3208.0,3410.0,42.83302110141619,19.68,1253581.0
2020-03-12 21:00:00,2918.4851612903226,2284.0,29576.0,3392.0,3423.0,42.83302110141619,19.68,1253581.0
2020-03-13 21:00:00,2908.7522580645164,2275.5,33885.25,3366.190476190476,3368.7619047619046,42.83302110141619,19.68,1253581.0
2020-03-14 21:00:00,2899.0193548387097,2267.0,38194.5,3340.3809523809523,3314.5238095238096,42.83302110141619,19.68,1253581.0
2020-03-15 21:00:00,2889.2864516129034,2258.5,42503.75,3314.5714285714284,3260.285714285714,42.83302110141619,19.68,1253581.0
2020-03-16 21:00:00,2879.5535483870967,2250.0,46813.0,3288.7619047619046,3206.0476190476193,42.83302110141619,19.68,1253581.0
2020-03-17 21:00:00,2869.8206451612905,2239.0,51762.0,3262.9523809523807,3151.809523809524,42.83302110141619,19.68,1253581.0
2020-03-18 21:00:00,2860.087741935484,2216.0,34424.0,3237.1428571428573,3097.5714285714284,42.83302110141619,19.68,1253581.0
2020-03-19 21:00:00,2850.3548387096776,2288.0,34511.0,3211.3333333333335,3043.3333333333335,42.83302110141619,19.68,1253581.0
2020-03-20 21:00:00,2840.621935483871,2304.25,32787.5,3185.5238095238096,2989.095238095238,42.83302110141619,19.68,1253581.0
2020-03-21 21:00:00,2830.8890322580646,2320.5,31064.0,3159.714285714286,2934.8571428571427,42.83302110141619,19.68,1253581.0
2020-03-22 21:00:00,2821.156129032258,2336.75,29340.5,3133.904761904762,2880.6190476190477,42.83302110141619,19.68,1253581.0
2020-03-23 21:00:00,2811.423225806452,2353.0,27617.0,3108.095238095238,2826.3809523809523,42.83302110141619,19.68,1253581.0
2020-03-24 21:00:00,2801.690322580645,2383.0,26953.0,3082.285714285714,2772.142857142857,42.83302110141619,19.68,1253581.0
2020-03-25 21:00:00,2791.9574193548387,2357.0,28333.0,3056.4761904761904,2717.904761904762,42.83302110141619,19.68,1253581.0
2020-03-26 21:00:00,2782.224516129032,2378.0,19303.0,3030.6666666666665,2663.6666666666665,42.83302110141619,19.68,1253581.0
2020-03-27 21:00:00,2772.491612903226,2384.0,22095.75,3004.8571428571427,2609.4285714285716,42.83302110141619,19.68,1253581.0
2020-03-28 21:00:00,2762.758709677419,2390.0,24888.5,2979.0476190476193,2555.190476190476,42.83302110141619,19.68,1253581.0
2020-03-29 21:00:00,2753.025806451613,2396.0,27681.25,2953.2380952380954,2500.9523809523807,42.83302110141619,19.68,1253581.0
2020-03-30 21:00:00,2743.292903225806,2402.0,30474.0,2927.4285714285716,2446.714285714286,42.83302110141619,19.68,1253581.0
2020-03-31 21:00:00,2733.56,2339.0,25706.0,2901.6190476190477,2392.4761904761904,42.83302110141619,19.68,1253581.0
2020-04-01 21:00:00,2730.8373333333334,2311.0,26360.0,2875.809523809524,2338.2380952380954,42.83302110141619,19.68,1253581.0
2020-04-02 21:00:00,2728.114666666667,2245.0,23393.0,2850.0,2284.0,42.83302110141619,19.68,1253581.0
2020-04-03 21:00:00,2725.392,2262.5,23919.25,2451.0,2250.0,42.83302110141619,19.68,1253581.0
2020-04-04 21:00:00,2722.6693333333333,2280.0,24445.5,2198.5,2303.0,42.83302110141619,19.68,1253581.0
2020-04-05 21:00:00,2719.9466666666667,2297.5,24971.75,1946.0,2356.0,42.83302110141619,19.68,1253581.0
2020-04-06 21:00:00,2717.224,2315.0,25498.0,2388.0,2564.0,42.83302110141619,19.68,1253581.0
2020-04-07 21:00:00,2714.501333333333,2357.0,25655.0,2576.5,2752.0,42.83302110141619,19.68,1253581.0
2020-04-08 21:00:00,2711.7786666666666,2304.0,24617.0,2765.0,2940.0,42.83302110141619,19.68,1253581.0
2020-04-09 21:00:00,2709.056,2312.0,20445.0,2903.6666666666665,3108.6666666666665,42.83302110141619,19.68,1253581.0
2020-04-10 21:00:00,2706.333333333333,2296.5,20693.75,3042.3333333333335,3277.3333333333335,42.83302110141619,19.68,1253581.0
2020-04-11 21:00:00,2703.6106666666665,2281.0,20942.5,3181.0,3446.0,42.83302110141619,19.68,1253581.0
2020-04-12 21:00:00,2700.888,2265.5,21191.25,3163.4761904761904,3389.0476190476193,42.83302110141619,19.68,1253581.0
2020-04-13 21:00:00,2698.1653333333334,2250.0,21440.0,3145.9523809523807,3332.095238095238,42.83302110141619,19.68,1253581.0
2020-04-14 21:00:00,2695.442666666667,2261.0,15806.0,3128.4285714285716,3275.1428571428573,42.83302110141619,19.68,1253581.0
2020-04-15 21:00:00,2692.7200000000003,2204.0,22266.0,3110.904761904762,3218.190476190476,42.83302110141619,19.68,1253581.0
2020-04-16 21:00:00,2689.997333333333,2235.0,22029.0,3093.3809523809523,3161.2380952380954,42.83302110141619,19.68,1253581.0
2020-04-17 21:00:00,2687.2746666666667,2192.25,27385.5,3075.8571428571427,3104.285714285714,42.83302110141619,19.68,1253581.0
2020-04-18 21:00:00,2684.552,2149.5,32742.0,3058.3333333333335,3047.3333333333335,42.83302110141619,19.68,1253581.0
2020-04-19 21:00:00,2681.8293333333336,2106.75,38098.5,3040.809523809524,2990.3809523809523,42.83302110141619,19.68,1253581.0
2020-04-20 21:00:00,2679.1066666666666,2064.0,43455.0,3023.285714285714,2933.4285714285716,42.83302110141619,19.68,1253581.0
2020-04-21 21:00:00,2676.384,2075.0,36173.0,3005.7619047619046,2876.4761904761904,42.83302110141619,19.68,1253581.0
2020-04-22 21:00:00,2673.661333333333,2119.0,24485.0,2988.2380952380954,2819.5238095238096,42.83302110141619,19.68,1253581.0
2020-04-23 21:00:00,2670.938666666667,2075.0,20282.0,2970.714285714286,2762.5714285714284,42.83302110141619,19.68,1253581.0
2020-04-24 21:00:00,2668.216,2061.25,20115.25,2953.190476190476,2705.6190476190477,42.83302110141619,19.68,1253581.0
2020-04-25 21:00:00,2665.4933333333333,2047.5,19948.5,2935.6666666666665,2648.666666666667,42.83302110141619,19.68,1253581.0
2020-04-26 21:00:00,2662.770666666667,2033.75,19781.75,2918.142857142857,2591.714285714286,42.83302110141619,19.68,1253581.0
2020-04-27 21:00:00,2660.048,2020.0,19615.0,2900.6190476190477,2534.7619047619046,42.83302110141619,19.68,1253581.0
2020-04-28 21:00:00,2657.325333333333,2031.0,14614.0,2883.095238095238,2477.809523809524,42.83302110141619,19.68,1253581.0
2020-04-29 21:00:00,2654.6026666666667,2088.0,18384.0,2865.5714285714284,2420.857142857143,42.83302110141619,19.68,1253581.0
2020-04-30 21:00:00,2651.88,2065.4,18081.6,2848.0476190476193,2363.904761904762,42.83302110141619,19.68,1253581.0
2020-05-01 21:00:00,2647.1325806451614,2042.8,17779.2,2830.5238095238096,2306.9523809523807,42.83302110141619,19.68,1253581.0
2020-05-02 21:00:00,2642.3851612903227,2020.2,17476.8,2813.0,2250.0,42.83302110141619,19.68,1253581.0
2020-05-03 21:00:00,2637.637741935484,1997.6,17174.4,2332.0,2261.0,42.83302110141619,19.68,1253581.0
2020-05-04 21:00:00,2632.8903225806453,1975.0,16872.0,2176.0,2311.0,42.83302110141619,19.68,1253581.0
2020-05-05 21:00:00,2628.1429032258065,1946.0,18759.0,2020.0,2361.0,42.83302110141619,19.68,1253581.0
2020-05-06 21:00:00,2623.395483870968,1983.0,21009.0,2266.0,2565.6666666666665,42.83302110141619,19.68,1253581.0
2020-05-07 21:00:00,2618.648064516129,2020.0,23259.0,2512.0,2770.3333333333335,42.83302110141619,19.68,1253581.0
2020-05-08 21:00:00,2613.9006451612904,2013.5,23058.0,2758.0,2975.0,42.83302110141619,19.68,1253581.0
2020-05-09 21:00:00,2609.153225806452,2007.0,22857.0,2814.0,3177.5,42.83302110141619,19.68,1253581.0
2020-05-10 21:00:00,2604.405806451613,2000.5,22656.0,2870.0,3380.0,42.83302110141619,19.68,1253581.0
2020-05-11 21:00:00,2599.6583870967743,1994.0,22455.0,3227.0,3365.0,42.83302110141619,19.68,1253581.0
2020-05-12 21:00:00,2594.910967741936,2032.0,15437.0,3218.1428571428573,3329.7619047619046,42.83302110141619,19.68,1253581.0
2020-05-13 21:00:00,2590.163548387097,2031.0,20637.0,3209.285714285714,3294.5238095238096,42.83302110141619,19.68,1253581.0
2020-05-14 21:00:00,2585.416129032258,2091.0,16272.0,3200.4285714285716,3259.285714285714,42.83302110141619,19.68,1253581.0
2020-05-15 21:00:00,2580.6687096774194,2113.75,18867.0,3191.5714285714284,3224.0476190476193,42.83302110141619,19.68,1253581.0
2020-05-16 21:00:00,2575.9212903225807,2136.5,21462.0,3182.714285714286,3188.809523809524,42.83302110141619,19.68,1253581.0
2020-05-17 21:00:00,2571.173870967742,2159.25,24057.0,3173.8571428571427,3153.5714285714284,42.83302110141619,19.68,1253581.0
2020-05-18 21:00:00,2566.4264516129037,2182.0,26652.0,3165.0,3118.3333333333335,42.83302110141619,19.68,1253581.0
2020-05-19 21:00:00,2561.6790322580646,2159.0,20175.0,3156.1428571428573,3083.095238095238,42.83302110141619,19.68,1253581.0
2020-05-20 21:00:00,2556.931612903226,2207.0,22031.0,3147.285714285714,3047.8571428571427,42.83302110141619,19.68,1253581.0
2020-05-21 21:00:00,2552.184193548387,2167.0,21469.0,3138.4285714285716,3012.6190476190477,42.83302110141619,19.68,1253581.0
2020-05-22 21:00:00,2547.4367741935484,2189.8,22530.2,3129.5714285714284,2977.3809523809523,42.83302110141619,19.68,1253581.0
2020-05-23 21:00:00,2542.6893548387097,2212.6,23591.4,3120.714285714286,2942.142857142857,42.83302110141619,19.68,1253581.0
2020-05-24 21:00:00,2537.941935483871,2235.4,24652.6,3111.8571428571427,2906.904761904762,42.83302110141619,19.68,1253581.0
2020-05-25 21:00:00,2533.1945161290323,2258.2,25713.8,3103.0,2871.6666666666665,42.83302110141619,19.68,1253581.0
2020-05-26 21:00:00,2528.4470967741936,2281.0,26775.0,3094.1428571428573,2836.4285714285716,42.83302110141619,19.68,1253581.0
2020-05-27 21:00:00,2523.699677419355,2268.0,25652.0,3085.285714285714,2801.190476190476,42.83302110141619,19.68,1253581.0
2020-05-28 21:00:00,2518.952258064516,2292.0,20651.0,3076.4285714285716,2765.9523809523807,42.83302110141619,19.68,1253581.0
2020-05-29 21:00:00,2514.204838709677,2304.25,22212.75,3067.5714285714284,2730.714285714286,42.83302110141619,19.68,1253581.0
2020-05-30 21:00:00,2509.4574193548387,2316.5,23774.5,3058.714285714286,2695.4761904761904,42.83302110141619,19.68,1253581.0
2020-05-31 21:00:00,2504.71,2328.75,25336.25,3049.8571428571427,2660.2380952380954,42.83302110141619,19.68,1253581.0
2020-06-01 21:00:00,2514.7793333333334,2341.0,26898.0,3041.0,2625.0,42.83302110141619,19.68,1253581.0
2020-06-02 21:00:00,2524.8486666666668,2399.0,21445.0,2754.0,2239.0,42.83302110141619,19.68,1253581.0
2020-06-03 21:00:00,2534.918,2326.0,33046.0,2555.5,2210.5,42.83302110141619,19.68,1253581.0
2020-06-04 21:00:00,2544.987333333333,2348.0,34015.0,2357.0,2182.0,42.83302110141619,19.68,1253581.0
2020-06-05 21:00:00,2555.056666666667,2358.0,32959.5,2373.6666666666665,2350.0,42.83302110141619,19.68,1253581.0
2020-06-06 21:00:00,2565.126,2368.0,31904.0,2390.3333333333335,2518.0,42.83302110141619,19.68,1253581.0
2020-06-07 21:00:00,2575.1953333333336,2378.0,30848.5,2407.0,2686.0,42.83302110141619,19.68,1253581.0
2020-06-08 21:00:00,2585.2646666666665,2388.0,29793.0,2709.0,3080.0,42.83302110141619,19.68,1253581.0
2020-06-09 21:00:00,2595.334,2349.0,26017.0,2798.5,3179.5,42.83302110141619,19.68,1253581.0
2020-06-10 21:00:00,2605.403333333333,2366.0,21849.0,2888.0,3279.0,42.83302110141619,19.68,1253581.0
2020-06-11 21:00:00,2615.4726666666666,2371.0,22873.0,2898.5714285714284,3249.5238095238096,42.83302110141619,19.68,1253581.0
2020-06-12 21:00:00,2625.542,2367.25,23120.25,2909.1428571428573,3220.0476190476193,42.83302110141619,19.68,1253581.0
2020-06-13 21:00:00,2635.6113333333333,2363.5,23367.5,2919.714285714286,3190.5714285714284,42.83302110141619,19.68,1253581.0
2020-06-14 21:00:00,2645.680666666666,2359.75,23614.75,2930.285714285714,3161.095238095238,42.83302110141619,19.68,1253581.0
2020-06-15 21:00:00,2655.75,2356.0,23862.0,2940.8571428571427,3131.6190476190477,42.83302110141619,19.68,1253581.0
2020-06-16 21:00:00,2665.8193333333334,2361.0,21975.0,2951.4285714285716,3102.1428571428573,42.83302110141619,19.68,1253581.0
2020-06-17 21:00:00,2675.8886666666667,2367.0,14959.0,2962.0,3072.6666666666665,42.83302110141619,19.68,1253581.0
2020-06-18 21:00:00,2685.958,2472.0,19149.0,2972.5714285714284,3043.190476190476,42.83302110141619,19.68,1253581.0
2020-06-19 21:00:00,2696.027333333333,2470.5,19499.5,2983.1428571428573,3013.714285714286,42.83302110141619,19.68,1253581.0
2020-06-20 21:00:00,2706.096666666667,2469.0,19850.0,2993.714285714286,2984.2380952380954,42.83302110141619,19.68,1253581.0
2020-06-21 21:00:00,2716.166,2467.5,20200.5,3004.285714285714,2954.7619047619046,42.83302110141619,19.68,1253581.0
2020-06-22 21:00:00,2726.235333333333,2466.0,20551.0,3014.8571428571427,2925.285714285714,42.83302110141619,19.68,1253581.0
2020-06-23 21:00:00,2736.304666666667,2436.0,17211.0,3025.4285714285716,2895.809523809524,42.83302110141619,19.68,1253581.0
2020-06-24 21:00:00,2746.374,2395.0,16832.0,3036.0,2866.3333333333335,42.83302110141619,19.68,1253581.0
2020-06-25 21:00:00,2756.443333333333,2368.0,20311.0,3046.5714285714284,2836.857142857143,42.83302110141619,19.68,1253581.0
2020-06-26 21:00:00,2766.5126666666665,2350.25,20652.0,3057.1428571428573,2807.3809523809523,42.83302110141619,19.68,1253581.0
2020-06-27 21:00:00,2776.582,2332.5,20993.0,3067.714285714286,2777.904761904762,42.83302110141619,19.68,1253581.0
2020-06-28 21:00:00,2786.651333333333,2314.75,21334.0,3078.285714285714,2748.4285714285716,42.83302110141619,19.68,1253581.0
2020-06-29 21:00:00,2796.7206666666666,2297.0,21675.0,3088.8571428571427,2718.9523809523807,42.83302110141619,19.68,1253581.0
2020-06-30 21:00:00,2806.79,2327.0,21201.0,3099.4285714285716,2689.4761904761904,42.83302110141619,19.68,1253581.0
2020-07-01 21:00:00,2811.7232258064514,2362.0,16273.0,3110.0,2660.0,42.83302110141619,19.68,1253581.0
2020-07-02 21:00:00,2816.6564516129038,2358.0,19534.0,2841.3333333333335,2493.0,42.83302110141619,19.68,1253581.0
2020-07-03 21:00:00,2821.5896774193548,2358.25,18829.5,2572.6666666666665,2326.0,42.83302110141619,19.68,1253581.0
2020-07-04 21:00:00,2826.522903225806,2358.5,18125.0,2304.0,2159.0,42.83302110141619,19.68,1253581.0
2020-07-05 21:00:00,2831.456129032258,2358.75,17420.5,1994.0,2367.0,42.83302110141619,19.68,1253581.0
2020-07-06 21:00:00,2836.3893548387096,2359.0,16716.0,2198.5,2539.0,42.83302110141619,19.68,1253581.0
2020-07-07 21:00:00,2841.322580645161,2407.0,19307.0,2403.0,2711.0,42.83302110141619,19.68,1253581.0
2020-07-08 21:00:00,2846.255806451613,2403.0,20328.0,2608.5,2790.5,42.83302110141619,19.68,1253581.0
2020-07-09 21:00:00,2851.1890322580643,2412.0,23594.0,2814.0,2870.0,42.83302110141619,19.68,1253581.0
2020-07-10 21:00:00,2856.122258064516,2434.5,23289.0,2911.0,3364.0,42.83302110141619,19.68,1253581.0
2020-07-11 21:00:00,2861.055483870968,2457.0,22984.0,3134.5,3315.5,42.83302110141619,19.68,1253581.0
2020-07-12 21:00:00,2865.988709677419,2479.5,22679.0,3358.0,3267.0,42.83302110141619,19.68,1253581.0
2020-07-13 21:00:00,2870.921935483871,2502.0,22374.0,3346.8,3235.6,42.83302110141619,19.68,1253581.0
2020-07-14 21:00:00,2875.8551612903225,2564.0,18521.0,3335.6,3204.2,42.83302110141619,19.68,1253581.0
2020-07-15 21:00:00,2880.788387096774,2520.0,23440.0,3324.4,3172.8,42.83302110141619,19.68,1253581.0
2020-07-16 21:00:00,2885.721612903226,2614.0,27972.0,3313.2,3141.4,42.83302110141619,19.68,1253581.0
2020-07-17 21:00:00,2890.6548387096773,2620.75,27230.0,3302.0,3110.0,42.83302110141619,19.68,1253581.0
2020-07-18 21:00:00,2895.5880645161287,2627.5,26488.0,3290.8,3078.6,42.83302110141619,19.68,1253581.0
2020-07-19 21:00:00,2900.5212903225806,2634.25,25746.0,3279.6,3047.2,42.83302110141619,19.68,1253581.0
2020-07-20 21:00:00,2905.454516129032,2641.0,25004.0,3268.4,3015.8,42.83302110141619,19.68,1253581.0
2020-07-21 21:00:00,2910.3877419354835,2656.0,29387.0,3257.2,2984.4,42.83302110141619,19.68,1253581.0
2020-07-22 21:00:00,2915.3209677419354,2708.0,31143.0,3246.0,2953.0,42.83302110141619,19.68,1253581.0
2020-07-23 21:00:00,2920.254193548387,2778.0,30030.0,3234.8,2921.6,42.83302110141619,19.68,1253581.0
2020-07-24 21:00:00,2925.1874193548388,2734.25,30346.0,3223.6,2890.2,42.83302110141619,19.68,1253581.0
2020-07-25 21:00:00,2930.12064516129,2690.5,30662.0,3212.4,2858.8,42.83302110141619,19.68,1253581.0
2020-07-26 21:00:00,2935.0538709677417,2646.75,30978.0,3201.2,2827.4,42.83302110141619,19.68,1253581.0
2020-07-27 21:00:00,2939.9870967741936,2603.0,31294.0,3190.0,2796.0,42.83302110141619,19.68,1253581.0
2020-07-28 21:00:00,2944.920322580645,2645.0,21320.0,3178.8,2764.6,42.83302110141619,19.68,1253581.0
2020-07-29 21:00:00,2949.8535483870965,2677.0,19712.0,3167.6,2733.2,42.83302110141619,19.68,1253581.0
2020-07-30 21:00:00,2954.7867741935484,2695.2,19842.4,3156.4,2701.8,42.83302110141619,19.68,1253581.0
2020-07-31 21:00:00,2959.72,2713.4,19972.8,3145.2,2670.4,42.83302110141619,19.68,1253581.0
2020-08-01 21:00:00,2967.024516129032,2731.6,20103.2,3134.0,2639.0,42.83302110141619,19.68,1253581.0
2020-08-02 21:00:00,2974.329032258064,2749.8,20233.6,2860.0,2495.0,42.83302110141619,19.68,1253581.0
2020-08-03 21:00:00,2981.6335483870967,2768.0,20364.0,2586.0,2351.0,42.83302110141619,19.68,1253581.0
2020-08-04 21:00:00,2988.9380645161286,2717.0,26751.0,2312.0,2207.0,42.83302110141619,19.68,1253581.0
2020-08-05 21:00:00,2996.242580645161,2765.0,21924.0,2330.5,2363.5,42.83302110141619,19.68,1253581.0
2020-08-06 21:00:00,3003.547096774193,2758.0,20714.0,2349.0,2520.0,42.83302110141619,19.68,1253581.0
2020-08-07 21:00:00,3010.851612903225,2729.25,21551.5,2412.0,2737.0,42.83302110141619,19.68,1253581.0
2020-08-08 21:00:00,3018.156129032258,2700.5,22389.0,2613.0,2797.5,42.83302110141619,19.68,1253581.0
2020-08-09 21:00:00,3025.46064516129,2671.75,23226.5,2814.0,2858.0,42.83302110141619,19.68,1253581.0
2020-08-10 21:00:00,3032.7651612903223,2643.0,24064.0,2994.0,3342.0,42.83302110141619,19.68,1253581.0
2020-08-11 21:00:00,3040.069677419355,2688.0,25688.0,3198.5,3281.5,42.83302110141619,19.68,1253581.0
2020-08-12 21:00:00,3047.3741935483868,2716.0,28256.0,3403.0,3221.0,42.83302110141619,19.68,1253581.0
2020-08-13 21:00:00,3054.678709677419,2686.0,25121.0,3387.45,3187.3,42.83302110141619,19.68,1253581.0
2020-08-14 21:00:00,3061.983225806452,2692.25,26112.75,3371.9,3153.6,42.83302110141619,19.68,1253581.0
2020-08-15 21:00:00,3069.287741935484,2698.5,27104.5,3356.35,3119.9,42.83302110141619,19.68,1253581.0
2020-08-16 21:00:00,3076.592258064516,2704.75,28096.25,3340.8,3086.2,42.83302110141619,19.68,1253581.0
2020-08-17 21:00:00,3083.896774193548,2711.0,29088.0,3325.25,3052.5,42.83302110141619,19.68,1253581.0
2020-08-18 21:00:00,3091.2012903225805,2737.0,23671.0,3309.7,3018.8,42.83302110141619,19.68,1253581.0
2020-08-19 21:00:00,3098.505806451613,2709.0,24531.0,3294.15,2985.1,42.83302110141619,19.68,1253581.0
2020-08-20 21:00:00,3105.810322580645,2681.0,25391.0,3278.6,2951.4,42.83302110141619,19.68,1253581.0
2020-08-21 21:00:00,3113.1148387096773,2664.5,25112.75,3263.05,2917.7,42.83302110141619,19.68,1253581.0
2020-08-22 21:00:00,3120.4193548387093,2648.0,24834.5,3247.5,2884.0,42.83302110141619,19.68,1253581.0
2020-08-23 21:00:00,3127.7238709677417,2631.5,24556.25,3231.95,2850.3,42.83302110141619,19.68,1253581.0
2020-08-24 21:00:00,3135.028387096774,2615.0,24278.0,3216.4,2816.6,42.83302110141619,19.68,1253581.0
2020-08-25 21:00:00,3142.332903225806,2645.0,22912.0,3200.85,2782.9,42.83302110141619,19.68,1253581.0
2020-08-26 21:00:00,3149.6374193548386,2682.0,24166.0,3185.3,2749.2,42.83302110141619,19.68,1253581.0
2020-08-27 21:00:00,3156.941935483871,2738.0,24559.0,3169.75,2715.5,42.83302110141619,19.68,1253581.0
2020-08-28 21:00:00,3164.246451612903,2749.5,24094.0,3154.2,2681.8,42.83302110141619,19.68,1253581.0
2020-08-29 21:00:00,3171.5509677419354,2761.0,23629.0,3138.65,2648.1,42.83302110141619,19.68,1253581.0
2020-08-30 21:00:00,3178.8554838709674,2772.5,23164.0,3123.1,2614.4,42.83302110141619,19.68,1253581.0
2020-08-31 21:00:00,3186.16,2784.0,22699.0,3107.55,2580.7,42.83302110141619,19.68,1253581.0
2020-09-01 21:00:00,3190.124333333333,2811.0,24637.0,3092.0,2547.0,42.83302110141619,19.68,1253581.0
2020-09-02 21:00:00,3194.0886666666665,2891.0,27538.0,2725.5,2375.5,42.83302110141619,19.68,1253581.0
2020-09-03 21:00:00,3198.053,2835.0,25896.0,2359.0,2204.0,42.83302110141619,19.68,1253581.0
2020-09-04 21:00:00,3202.017333333333,2844.0,25237.25,2246.0,2167.0,42.83302110141619,19.68,1253581.0
2020-09-05 21:00:00,3205.9816666666666,2853.0,24578.5,2306.0,2390.5,42.83302110141619,19.68,1253581.0
2020-09-06 21:00:00,3209.946,2862.0,23919.75,2366.0,2614.0,42.83302110141619,19.68,1253581.0
2020-09-07 21:00:00,3213.9103333333333,2871.0,23261.0,2429.0,2681.0,42.83302110141619,19.68,1253581.0
2020-09-08 21:00:00,3217.8746666666666,2814.0,24879.0,2620.0,2784.5,42.83302110141619,19.68,1253581.0
2020-09-09 21:00:00,3221.839,2814.0,22047.0,2811.0,2888.0,42.83302110141619,19.68,1253581.0
2020-09-10 21:00:00,3225.8033333333333,2811.0,21356.0,3078.5,3133.0,42.83302110141619,19.68,1253581.0
2020-09-11 21:00:00,3229.767666666666,2843.25,20867.0,3346.0,3378.0,42.83302110141619,19.68,1253581.0
2020-09-12 21:00:00,3233.732,2875.5,20378.0,3410.0,3284.0,42.83302110141619,19.68,1253581.0
2020-09-13 21:00:00,3237.6963333333333,2907.75,19889.0,3374.95,3230.6,42.83302110141619,19.68,1253581.0
2020-09-14 21:00:00,3241.6606666666667,2940.0,19400.0,3339.9,3177.2,42.83302110141619,19.68,1253581.0
2020-09-15 21:00:00,3245.625,2957.5,25587.0,3304.85,3123.8,42.83302110141619,19.68,1253581.0
2020-09-16 21:00:00,3249.5893333333333,2975.0,31774.0,3269.8,3070.4,42.83302110141619,19.68,1253581.0
2020-09-17 21:00:00,3253.5536666666667,3080.0,28071.0,3234.75,3017.0,42.83302110141619,19.68,1253581.0
2020-09-18 21:00:00,3257.518,3049.25,29212.25,3199.7,2963.6,42.83302110141619,19.68,1253581.0
2020-09-19 21:00:00,3261.4823333333334,3018.5,30353.5,3164.65,2910.2,42.83302110141619,19.68,1253581.0
2020-09-20 21:00:00,3265.4466666666667,2987.75,31494.75,3129.6,2856.8,42.83302110141619,19.68,1253581.0
2020-09-21 21:00:00,3269.411,2957.0,32636.0,3094.55,2803.4,42.83302110141619,19.68,1253581.0
2020-09-22 21:00:00,3273.3753333333334,2861.0,31139.0,3059.5,2750.0,42.83302110141619,19.68,1253581.0
2020-09-23 21:00:00,3277.3396666666667,2757.0,35471.0,3024.45,2696.6,42.83302110141619,19.68,1253581.0
2020-09-24 21:00:00,3281.304,2822.0,27438.0,2989.4,2643.2,42.83302110141619,19.68,1253581.0
2020-09-25 21:00:00,3285.268333333333,2810.75,27616.5,2954.35,2589.8,42.83302110141619,19.68,1253581.0
2020-09-26 21:00:00,3289.232666666667,2799.5,27795.0,2919.3,2536.4,42.83302110141619,19.68,1253581.0
2020-09-27 21:00:00,3293.197,2788.25,27973.5,2884.25,2483.0,42.83302110141619,19.68,1253581.0
2020-09-28 21:00:00,3297.161333333333,2777.0,28152.0,2849.2,2429.6,42.83302110141619,19.68,1253581.0
2020-09-29 21:00:00,3301.125666666667,2714.0,31854.0,2814.15,2376.2,42.83302110141619,19.68,1253581.0
2020-09-30 21:00:00,3305.09,2789.0,26014.0,2779.1,2322.8,42.83302110141619,19.68,1253581.0
2020-10-01 21:00:00,3308.241290322581,2708.0,22348.0,2744.05,2269.4,42.83302110141619,19.68,1253581.0
2020-10-02 21:00:00,3311.3925806451616,2735.5,21784.25,2709.0,2216.0,42.83302110141619,19.68,1253581.0
2020-10-03 21:00:00,3314.543870967742,2763.0,21220.5,2277.0,2235.0,42.83302110141619,19.68,1253581.0
2020-10-04 21:00:00,3317.695161290322,2790.5,20656.75,2308.3333333333335,2370.3333333333335,42.83302110141619,19.68,1253581.0
2020-10-05 21:00:00,3320.846451612904,2818.0,20093.0,2339.6666666666665,2505.6666666666665,42.83302110141619,19.68,1253581.0
2020-10-06 21:00:00,3323.997741935484,2870.0,24219.0,2371.0,2641.0,42.83302110141619,19.68,1253581.0
2020-10-07 21:00:00,3327.149032258065,2888.0,20296.0,2529.5,2799.0,42.83302110141619,19.68,1253581.0
2020-10-08 21:00:00,3330.300322580645,2911.0,23324.0,2688.0,2957.0,42.83302110141619,19.68,1253581.0
2020-10-09 21:00:00,3333.451612903226,2934.0,24393.75,2892.0,2943.0,42.83302110141619,19.68,1253581.0
2020-10-10 21:00:00,3336.6029032258066,2957.0,25463.5,3141.5,3193.5,42.83302110141619,19.68,1253581.0
2020-10-11 21:00:00,3339.754193548388,2980.0,26533.25,3391.0,3444.0,42.83302110141619,19.68,1253581.0
2020-10-12 21:00:00,3342.905483870968,3003.0,27603.0,3456.0,3282.0,42.83302110141619,19.68,1253581.0
2020-10-13 21:00:00,3346.0567741935483,2989.0,23760.0,3416.4285714285716,3234.6666666666665,42.83302110141619,19.68,1253581.0
2020-10-14 21:00:00,3349.208064516129,2918.0,21082.0,3376.8571428571427,3187.3333333333335,42.83302110141619,19.68,1253581.0
2020-10-15 21:00:00,3352.35935483871,2870.0,26403.0,3337.285714285714,3140.0,42.83302110141619,19.68,1253581.0
2020-10-16 21:00:00,3355.5106451612905,2867.0,27137.25,3297.714285714286,3092.6666666666665,42.83302110141619,19.68,1253581.0
2020-10-17 21:00:00,3358.6619354838717,2864.0,27871.5,3258.1428571428573,3045.3333333333335,42.83302110141619,19.68,1253581.0
2020-10-18 21:00:00,3361.813225806452,2861.0,28605.75,3218.5714285714284,2998.0,42.83302110141619,19.68,1253581.0
2020-10-19 21:00:00,3364.9645161290323,2858.0,29340.0,3179.0,2950.6666666666665,42.83302110141619,19.68,1253581.0
2020-10-20 21:00:00,3368.115806451613,2888.0,27731.0,3139.4285714285716,2903.3333333333335,42.83302110141619,19.68,1253581.0
2020-10-21 21:00:00,3371.2670967741938,2943.0,29323.0,3099.857142857143,2856.0,42.83302110141619,19.68,1253581.0
2020-10-22 21:00:00,3374.4183870967745,2942.0,31935.0,3060.285714285714,2808.6666666666665,42.83302110141619,19.68,1253581.0
2020-10-23 21:00:00,3377.5696774193552,2972.75,32352.25,3020.714285714286,2761.333333333333,42.83302110141619,19.68,1253581.0
2020-10-24 21:00:00,3380.7209677419355,3003.5,32769.5,2981.1428571428573,2714.0,42.83302110141619,19.68,1253581.0
2020-10-25 21:00:00,3383.872258064516,3034.25,33186.75,2941.5714285714284,2666.6666666666665,42.83302110141619,19.68,1253581.0
2020-10-26 21:00:00,3387.023548387097,3065.0,33604.0,2902.0,2619.333333333333,42.83302110141619,19.68,1253581.0
2020-10-27 21:00:00,3390.1748387096777,3051.0,34560.0,2862.4285714285716,2572.0,42.83302110141619,19.68,1253581.0
2020-10-28 21:00:00,3393.3261290322585,3031.0,31976.5,2822.857142857143,2524.6666666666665,42.83302110141619,19.68,1253581.0
2020-10-29 21:00:00,3396.4774193548387,3011.0,29393.0,2783.285714285714,2477.333333333333,42.83302110141619,19.68,1253581.0
2020-10-30 21:00:00,3399.6287096774195,3025.75,28365.0,2743.714285714286,2430.0,42.83302110141619,19.68,1253581.0
2020-10-31 21:00:00,3402.78,3040.5,27337.0,2704.1428571428573,2382.6666666666665,42.83302110141619,19.68,1253581.0
2020-11-01 21:00:00,3415.327,3055.25,26309.0,2664.5714285714284,2335.333333333333,42.83302110141619,19.68,1253581.0
2020-11-02 21:00:00,3427.8740000000003,3070.0,25281.0,2625.0,2288.0,42.83302110141619,19.68,1253581.0
2020-11-03 21:00:00,3440.4210000000003,3097.0,28624.0,2284.0,2064.0,42.83302110141619,19.68,1253581.0
2020-11-04 21:00:00,3452.9680000000003,3208.0,30556.0,2158.0,2268.0,42.83302110141619,19.68,1253581.0
2020-11-05 21:00:00,3465.5150000000003,3181.0,27090.0,2032.0,2472.0,42.83302110141619,19.68,1253581.0
2020-11-06 21:00:00,3478.0620000000004,3199.75,26629.0,2329.0,2656.0,42.83302110141619,19.68,1253581.0
2020-11-07 21:00:00,3490.6090000000004,3218.5,26168.0,2522.5,2758.5,42.83302110141619,19.68,1253581.0
2020-11-08 21:00:00,3503.156,3237.25,25707.0,2716.0,2861.0,42.83302110141619,19.68,1253581.0
2020-11-09 21:00:00,3515.703,3256.0,25246.0,2937.3333333333335,3044.6666666666665,42.83302110141619,19.68,1253581.0
2020-11-10 21:00:00,3528.25,3346.0,26314.0,3158.6666666666665,3228.3333333333335,42.83302110141619,19.68,1253581.0
2020-11-11 21:00:00,3540.797,3391.0,21177.0,3380.0,3412.0,42.83302110141619,19.68,1253581.0
2020-11-12 21:00:00,3553.344,3380.0,23921.0,3345.714285714286,3361.5714285714284,42.83302110141619,19.68,1253581.0
2020-11-13 21:00:00,3565.891,3354.75,25326.75,3311.4285714285716,3311.1428571428573,42.83302110141619,19.68,1253581.0
2020-11-14 21:00:00,3578.438,3329.5,26732.5,3277.1428571428573,3260.714285714286,42.83302110141619,19.68,1253581.0
2020-11-15 21:00:00,3590.985,3304.25,28138.25,3242.8571428571427,3210.285714285714,42.83302110141619,19.68,1253581.0
2020-11-16 21:00:00,3603.532,3279.0,29544.0,3208.5714285714284,3159.8571428571427,42.83302110141619,19.68,1253581.0
2020-11-17 21:00:00,3616.079,3364.0,27704.0,3174.285714285714,3109.4285714285716,42.83302110141619,19.68,1253581.0
2020-11-18 21:00:00,3628.626,3342.0,25623.0,3140.0,3059.0,42.83302110141619,19.68,1253581.0
2020-11-19 21:00:00,3641.173,3288.0,26019.0,3105.714285714286,3008.5714285714284,42.83302110141619,19.68,1253581.0
2020-11-20 21:00:00,3653.72,3278.25,27299.75,3071.4285714285716,2958.142857142857,42.83302110141619,19.68,1253581.0
2020-11-21 21:00:00,3666.267,3268.5,28580.5,3037.1428571428573,2907.714285714286,42.83302110141619,19.68,1253581.0
2020-11-22 21:00:00,3678.814,3258.75,29861.25,3002.857142857143,2857.285714285714,42.83302110141619,19.68,1253581.0
2020-11-23 21:00:00,3691.361,3249.0,31142.0,2968.5714285714284,2806.857142857143,42.83302110141619,19.68,1253581.0
2020-11-24 21:00:00,3703.908,3285.0,21110.0,2934.285714285714,2756.4285714285716,42.83302110141619,19.68,1253581.0
2020-11-25 21:00:00,3716.455,3227.0,23001.0,2900.0,2706.0,42.83302110141619,19.68,1253581.0
2020-11-26 21:00:00,3729.002,3338.0,36955.0,2865.714285714286,2655.5714285714284,42.83302110141619,19.68,1253581.0
2020-11-27 21:00:00,3741.549,3340.25,33158.75,2831.4285714285716,2605.142857142857,42.83302110141619,19.68,1253581.0
2020-11-28 21:00:00,3754.096,3342.5,29362.5,2797.142857142857,2554.714285714286,42.83302110141619,19.68,1253581.0
2020-11-29 21:00:00,3766.643,3344.75,25566.25,2762.857142857143,2504.285714285714,42.83302110141619,19.68,1253581.0
2020-11-30 21:00:00,3779.19,3347.0,21770.0,2728.5714285714284,2453.8571428571427,42.83302110141619,19.68,1253581.0
2020-12-01 21:00:00,3790.48935483871,3316.0,21687.0,2694.285714285714,2403.4285714285716,42.83302110141619,19.68,1253581.0
2020-12-02 21:00:00,3801.7887096774193,3332.0,33334.0,2660.0,2353.0,42.83302110141619,19.68,1253581.0
2020-12-03 21:00:00,3813.088064516129,3437.0,27051.0,2220.0,2075.0,42.83302110141619,19.68,1253581.0
2020-12-04 21:00:00,3824.387419354839,3419.25,25864.5,2125.5,2270.5,42.83302110141619,19.68,1253581.0
2020-12-05 21:00:00,3835.686774193549,3401.5,24678.0,2031.0,2466.0,42.83302110141619,19.68,1253581.0
2020-12-06 21:00:00,3846.9861290322574,3383.75,23491.5,2249.3333333333335,2563.0,42.83302110141619,19.68,1253581.0
2020-12-07 21:00:00,3858.285483870968,3366.0,22305.0,2467.6666666666665,2660.0,42.83302110141619,19.68,1253581.0
2020-12-08 21:00:00,3869.5848387096776,3358.0,20524.0,2686.0,2757.0,42.83302110141619,19.68,1253581.0
2020-12-09 21:00:00,3880.884193548387,3403.0,17763.0,2837.5,3022.5,42.83302110141619,19.68,1253581.0
2020-12-10 21:00:00,3892.183548387097,3410.0,18939.0,2989.0,3288.0,42.83302110141619,19.68,1253581.0
2020-12-11 21:00:00,3903.482903225807,3419.0,17684.0,3283.0,3535.0,42.83302110141619,19.68,1253581.0
2020-12-12 21:00:00,3914.782258064516,3428.0,16429.0,3280.409090909091,3561.818181818182,42.83302110141619,19.68,1253581.0
2020-12-13 21:00:00,3926.081612903226,3437.0,15174.0,3277.818181818182,3588.6363636363635,42.83302110141619,19.68,1253581.0
2020-12-14 21:00:00,3937.380967741936,3446.0,13919.0,3275.2272727272725,3615.4545454545455,42.83302110141619,19.68,1253581.0
2020-12-15 21:00:00,3948.680322580645,3365.0,25395.0,3272.6363636363635,3642.2727272727275,42.83302110141619,19.68,1253581.0
2020-12-16 21:00:00,3959.979677419355,3378.0,25289.0,3270.0454545454545,3669.090909090909,42.83302110141619,19.68,1253581.0
2020-12-17 21:00:00,3971.279032258065,3444.0,21120.0,3267.4545454545455,3695.909090909091,42.83302110141619,19.68,1253581.0
2020-12-18 21:00:00,3982.5783870967743,3436.0,23070.0,3264.8636363636365,3722.7272727272725,42.83302110141619,19.68,1253581.0
2020-12-19 21:00:00,3993.877741935484,3428.0,25020.0,3262.2727272727275,3749.5454545454545,42.83302110141619,19.68,1253581.0
2020-12-20 21:00:00,4005.1770967741936,3420.0,26970.0,3259.681818181818,3776.3636363636365,42.83302110141619,19.68,1253581.0
2020-12-21 21:00:00,4016.476451612904,3412.0,28920.0,3257.090909090909,3803.181818181818,42.83302110141619,19.68,1253581.0
2020-12-22 21:00:00,4027.775806451613,3535.0,29776.0,3254.5,3830.0,42.83302110141619,19.68,1253581.0
2020-12-23 21:00:00,4039.0751612903223,3569.0,21315.0,3251.909090909091,3856.818181818182,42.83302110141619,19.68,1253581.0
2020-12-24 21:00:00,4050.3745161290326,3565.2,19714.4,3249.318181818182,3883.6363636363635,42.83302110141619,19.68,1253581.0
2020-12-25 21:00:00,4061.673870967742,3561.4,18113.8,3246.7272727272725,3910.4545454545455,42.83302110141619,19.68,1253581.0
2020-12-26 21:00:00,4072.973225806452,3557.6,16513.2,3244.1363636363635,3937.272727272727,42.83302110141619,19.68,1253581.0
2020-12-27 21:00:00,4084.2725806451617,3553.8,14912.6,3241.5454545454545,3964.090909090909,42.83302110141619,19.68,1253581.0
2020-12-28 21:00:00,4095.571935483871,3550.0,13312.0,3238.9545454545455,3990.909090909091,42.83302110141619,19.68,1253581.0
2020-12-29 21:00:00,4106.8712903225805,3588.0,16406.0,3236.3636363636365,4017.7272727272725,42.83302110141619,19.68,1253581.0
2020-12-30 21:00:00,4118.170645161291,3600.0,14661.0,3233.7727272727275,4044.5454545454545,42.83302110141619,19.68,1253581.0
2020-12-31 21:00:00,4129.47,3631.0,16496.4,3231.181818181818,4071.3636363636365,42.83302110141619,19.68,1253581.0
2021-01-01 21:00:00,4125.22,3662.0,18331.8,3228.590909090909,4098.181818181818,42.83302110141619,19.68,1253581.0
2021-01-02 21:00:00,4120.97,3693.0,20167.2,3226.0,4125.0,42.83302110141619,19.68,1253581.0
2021-01-03 21:00:00,4116.72,3724.0,22002.6,3678.0,3791.0,42.83302110141619,19.68,1253581.0
2021-01-04 21:00:00,4112.47,3755.0,23838.0,3739.0,4457.0,42.83302110141619,19.68,1253581.0
2021-01-05 21:00:00,4108.22,3877.0,28399.0,3948.5,4174.5,42.83302110141619,19.68,1253581.0
2021-01-06 21:00:00,4103.97,3817.0,25099.0,4158.0,3892.0,42.83302110141619,19.68,1253581.0
2021-01-07 21:00:00,4099.72,3830.0,20737.0,3880.0,4511.0,42.83302110141619,19.68,1253581.0
2021-01-08 21:00:00,4095.47,3796.25,20203.75,4095.0,4766.0,42.83302110141619,19.68,1253581.0
2021-01-09 21:00:00,4091.22,3762.5,19670.5,4310.0,5021.0,42.83302110141619,19.68,1253581.0
2021-01-10 21:00:00,4086.97,3728.75,19137.25,4690.5,4860.0,42.83302110141619,19.68,1253581.0
2021-01-11 21:00:00,4082.72,3695.0,18604.0,5071.0,4699.0,42.83302110141619,19.68,1253581.0
2021-01-12 21:00:00,4078.47,3692.0,21217.0,4750.0,5040.0,42.83302110141619,19.68,1253581.0
2021-01-13 21:00:00,4074.22,3527.0,27491.0,4681.761904761905,4985.571428571428,42.83302110141619,19.68,1253581.0
2021-01-14 21:00:00,4069.97,3423.0,24826.0,4613.523809523809,4931.142857142857,42.83302110141619,19.68,1253581.0
2021-01-15 21:00:00,4065.72,3384.0,27369.5,4545.285714285715,4876.714285714285,42.83302110141619,19.68,1253581.0
2021-01-16 21:00:00,4061.47,3345.0,29913.0,4477.047619047619,4822.285714285715,42.83302110141619,19.68,1253581.0
2021-01-17 21:00:00,4057.22,3306.0,32456.5,4408.809523809524,4767.857142857143,42.83302110141619,19.68,1253581.0
2021-01-18 21:00:00,4052.97,3267.0,35000.0,4340.571428571428,4713.428571428572,42.83302110141619,19.68,1253581.0
2021-01-19 21:00:00,4048.72,3221.0,33593.0,4272.333333333333,4659.0,42.83302110141619,19.68,1253581.0
2021-01-20 21:00:00,4044.47,3284.0,29356.0,4204.0952380952385,4604.571428571428,42.83302110141619,19.68,1253581.0
2021-01-21 21:00:00,4040.22,3282.0,31439.0,4135.857142857143,4550.142857142857,42.83302110141619,19.68,1253581.0
2021-01-22 21:00:00,4035.97,3278.0,31077.0,4067.6190476190477,4495.714285714285,42.83302110141619,19.68,1253581.0
2021-01-23 21:00:00,4031.72,3274.0,30715.0,3999.3809523809523,4441.285714285714,42.83302110141619,19.68,1253581.0
2021-01-24 21:00:00,4027.47,3270.0,30353.0,3931.142857142857,4386.857142857143,42.83302110141619,19.68,1253581.0
2021-01-25 21:00:00,4023.22,3266.0,29991.0,3862.904761904762,4332.428571428572,42.83302110141619,19.68,1253581.0
2021-01-26 21:00:00,4018.97,3388.0,29034.0,3794.6666666666665,4278.0,42.83302110141619,19.68,1253581.0
2021-01-27 21:00:00,4014.72,3439.0,28398.0,3726.4285714285716,4223.571428571428,42.83302110141619,19.68,1253581.0
2021-01-28 21:00:00,4010.47,3490.0,27762.0,3658.190476190476,4169.142857142857,42.83302110141619,19.68,1253581.0
2021-01-29 21:00:00,4006.22,3465.25,26921.5,3589.9523809523807,4114.714285714285,42.83302110141619,19.68,1253581.0
2021-01-30 21:00:00,4001.97,3440.5,26081.0,3521.714285714286,4060.285714285714,42.83302110141619,19.68,1253581.0
2021-01-31 21:00:00,3997.72,3415.75,25240.5,3453.4761904761904,4005.857142857143,42.83302110141619,19.68,1253581.0
2021-02-01 21:00:00,4002.313928571428,3391.0,24400.0,3385.2380952380954,3951.4285714285716,42.83302110141619,19.68,1253581.0
2021-02-02 21:00:00,4006.907857142857,3226.0,31428.0,3317.0,3897.0,42.83302110141619,19.68,1253581.0
2021-02-03 21:00:00,4011.5017857142857,3317.0,33173.0,3731.0,3767.0,42.83302110141619,19.68,1253581.0
2021-02-04 21:00:00,4016.095714285714,3375.0,22986.0,3863.6666666666665,3837.0,42.83302110141619,19.68,1253581.0
2021-02-05 21:00:00,4020.689642857143,3424.25,23009.5,3996.3333333333335,3907.0,42.83302110141619,19.68,1253581.0
2021-02-06 21:00:00,4025.283571428571,3473.5,23033.0,4129.0,3977.0,42.83302110141619,19.68,1253581.0
2021-02-07 21:00:00,4029.8775,3522.75,23056.5,4210.0,4184.5,42.83302110141619,19.68,1253581.0
2021-02-08 21:00:00,4034.471428571429,3572.0,23080.0,4291.0,4392.0,42.83302110141619,19.68,1253581.0
2021-02-09 21:00:00,4039.065357142857,3629.0,25835.0,4331.0,4877.0,42.83302110141619,19.68,1253581.0
2021-02-10 21:00:00,4043.659285714286,3558.0,10005.0,4605.5,4681.5,42.83302110141619,19.68,1253581.0
2021-02-11 21:00:00,4048.2532142857135,3553.4,14734.4,4880.0,4486.0,42.83302110141619,19.68,1253581.0
2021-02-12 21:00:00,4052.847142857143,3548.8,19463.8,4800.789473684211,4457.105263157895,42.83302110141619,19.68,1253581.0
2021-02-13 21:00:00,4057.4410714285714,3544.2,24193.199999999997,4721.578947368421,4428.210526315789,42.83302110141619,19.68,1253581.0
2021-02-14 21:00:00,4062.035,3539.6,28922.6,4642.368421052632,4399.315789473684,42.83302110141619,19.68,1253581.0
2021-02-15 21:00:00,4066.628928571429,3535.0,33652.0,4563.157894736842,4370.421052631579,42.83302110141619,19.68,1253581.0
2021-02-16 21:00:00,4071.222857142857,3632.0,27817.0,4483.9473684210525,4341.526315789473,42.83302110141619,19.68,1253581.0
2021-02-17 21:00:00,4075.8167857142857,3489.0,27539.0,4404.736842105263,4312.631578947368,42.83302110141619,19.68,1253581.0
2021-02-18 21:00:00,4080.410714285714,3522.0,27694.0,4325.526315789473,4283.736842105263,42.83302110141619,19.68,1253581.0
2021-02-19 21:00:00,4085.004642857143,3560.5,27224.0,4246.315789473684,4254.8421052631575,42.83302110141619,19.68,1253581.0
2021-02-20 21:00:00,4089.598571428572,3599.0,26754.0,4167.105263157895,4225.9473684210525,42.83302110141619,19.68,1253581.0
2021-02-21 21:00:00,4094.1925,3637.5,26284.0,4087.894736842105,4197.0526315789475,42.83302110141619,19.68,1253581.0
2021-02-22 21:00:00,4098.786428571429,3676.0,25814.0,4008.684210526316,4168.157894736842,42.83302110141619,19.68,1253581.0
2021-02-23 21:00:00,4103.380357142857,3651.0,29092.0,3929.4736842105262,4139.263157894737,42.83302110141619,19.68,1253581.0
2021-02-24 21:00:00,4107.974285714286,3784.0,25714.0,3850.2631578947367,4110.368421052632,42.83302110141619,19.68,1253581.0
2021-02-25 21:00:00,4112.568214285715,3742.0,22333.0,3771.0526315789475,4081.4736842105262,42.83302110141619,19.68,1253581.0
2021-02-26 21:00:00,4117.162142857143,3717.0,22582.5,3691.842105263158,4052.578947368421,42.83302110141619,19.68,1253581.0
2021-02-27 21:00:00,4121.756071428572,3692.0,22832.0,3612.6315789473683,4023.684210526316,42.83302110141619,19.68,1253581.0
2021-02-28 21:00:00,4126.35,3667.0,23081.5,3533.4210526315787,3994.7894736842104,42.83302110141619,19.68,1253581.0
2021-03-01 21:00:00,4129.845483870968,3642.0,23331.0,3454.210526315789,3965.894736842105,42.83302110141619,19.68,1253581.0
2021-03-02 21:00:00,4133.340967741936,3678.0,21241.0,3375.0,3937.0,42.83302110141619,19.68,1253581.0
2021-03-03 21:00:00,4136.836451612903,3731.0,25723.0,3741.0,3726.0,42.83302110141619,19.68,1253581.0
2021-03-04 21:00:00,4140.331935483871,3741.0,28330.0,3892.5,3565.0,42.83302110141619,19.68,1253581.0
2021-03-05 21:00:00,4143.827419354839,3784.5,27856.0,4044.0,3404.0,42.83302110141619,19.68,1253581.0
2021-03-06 21:00:00,4147.322903225807,3828.0,27382.0,4049.0,4021.0,42.83302110141619,19.68,1253581.0
2021-03-07 21:00:00,4150.818387096774,3871.5,26908.0,4133.0,4149.5,42.83302110141619,19.68,1253581.0
2021-03-08 21:00:00,4154.313870967742,3915.0,26434.0,4217.0,4278.0,42.83302110141619,19.68,1253581.0
2021-03-09 21:00:00,4157.80935483871,3974.0,30584.0,4202.833333333333,4247.041666666667,42.83302110141619,19.68,1253581.0
2021-03-10 21:00:00,4161.304838709678,4060.0,25108.0,4188.666666666667,4216.083333333333,42.83302110141619,19.68,1253581.0
2021-03-11 21:00:00,4164.800322580645,4125.0,30980.0,4174.5,4185.125,42.83302110141619,19.68,1253581.0
2021-03-12 21:00:00,4168.295806451613,4068.0,30956.5,4160.333333333333,4154.166666666667,42.83302110141619,19.68,1253581.0
2021-03-13 21:00:00,4171.791290322581,4011.0,30933.0,4146.166666666667,4123.208333333333,42.83302110141619,19.68,1253581.0
2021-03-14 21:00:00,4175.286774193549,3954.0,30909.5,4132.0,4092.25,42.83302110141619,19.68,1253581.0
2021-03-15 21:00:00,4178.782258064516,3897.0,30886.0,4117.833333333333,4061.2916666666665,42.83302110141619,19.68,1253581.0
2021-03-16 21:00:00,4182.277741935484,3937.0,26980.0,4103.666666666667,4030.3333333333335,42.83302110141619,19.68,1253581.0
2021-03-17 21:00:00,4185.773225806452,3799.0,30113.0,4089.5,3999.375,42.83302110141619,19.68,1253581.0
2021-03-18 21:00:00,4189.26870967742,3724.0,29852.0,4075.3333333333335,3968.4166666666665,42.83302110141619,19.68,1253581.0
2021-03-19 21:00:00,4192.764193548387,3775.5,28883.75,4061.1666666666665,3937.4583333333335,42.83302110141619,19.68,1253581.0
2021-03-20 21:00:00,4196.259677419355,3827.0,27915.5,4047.0,3906.5,42.83302110141619,19.68,1253581.0
2021-03-21 21:00:00,4199.755161290323,3878.5,26947.25,4032.8333333333335,3875.5416666666665,42.83302110141619,19.68,1253581.0
2021-03-22 21:00:00,4203.250645161291,3930.0,25979.0,4018.6666666666665,3844.5833333333335,42.83302110141619,19.68,1253581.0
2021-03-23 21:00:00,4206.746129032258,3923.0,29489.0,4004.5,3813.625,42.83302110141619,19.68,1253581.0
2021-03-24 21:00:00,4210.241612903226,3863.0,22459.0,3990.3333333333335,3782.6666666666665,42.83302110141619,19.68,1253581.0
2021-03-25 21:00:00,4213.737096774194,3692.0,30111.0,3976.1666666666665,3751.7083333333335,42.83302110141619,19.68,1253581.0
2021-03-26 21:00:00,4217.232580645162,3662.0,29860.0,3962.0,3720.75,42.83302110141619,19.68,1253581.0
2021-03-27 21:00:00,4220.728064516129,3632.0,29609.0,3947.8333333333335,3689.791666666667,42.83302110141619,19.68,1253581.0
2021-03-28 21:00:00,4224.223548387097,3602.0,29358.0,3933.6666666666665,3658.8333333333335,42.83302110141619,19.68,1253581.0
2021-03-29 21:00:00,4227.7190322580645,3572.0,29107.0,3919.5,3627.875,42.83302110141619,19.68,1253581.0
2021-03-30 21:00:00,4231.214516129033,3612.0,22993.0,3905.3333333333335,3596.916666666667,42.83302110141619,19.68,1253581.0
2021-03-31 21:00:00,4234.71,3741.0,28049.0,3891.1666666666665,3565.9583333333335,42.83302110141619,19.68,1253581.0
2021-04-01 21:00:00,4241.754,3737.0,15698.0,3877.0,3535.0,42.83302110141619,19.68,1253581.0
2021-04-02 21:00:00,4248.798,3753.25,18295.75,3435.0,3799.0,42.83302110141619,19.68,1253581.0
2021-04-03 21:00:00,4255.842,3769.5,20893.5,3878.0,3730.0,42.83302110141619,19.68,1253581.0
2021-04-04 21:00:00,4262.886,3785.75,23491.25,4046.5,3553.5,42.83302110141619,19.68,1253581.0
2021-04-05 21:00:00,4269.93,3802.0,26089.0,4215.0,3377.0,42.83302110141619,19.68,1253581.0
2021-04-06 21:00:00,4276.974,3845.0,20265.0,4234.666666666667,3698.0,42.83302110141619,19.68,1253581.0
2021-04-07 21:00:00,4284.018,3791.0,33412.0,4254.333333333333,4019.0,42.83302110141619,19.68,1253581.0
2021-04-08 21:00:00,4291.062,3767.0,26778.0,4274.0,4340.0,42.83302110141619,19.68,1253581.0
2021-04-09 21:00:00,4298.106,3756.75,26199.75,4573.0,4637.5,42.83302110141619,19.68,1253581.0
2021-04-10 21:00:00,4305.15,3746.5,25621.5,4872.0,4935.0,42.83302110141619,19.68,1253581.0
2021-04-11 21:00:00,4312.194,3736.25,25043.25,4895.0,4400.0,42.83302110141619,19.68,1253581.0
2021-04-12 21:00:00,4319.238,3726.0,24465.0,4841.1,4361.6,42.83302110141619,19.68,1253581.0
2021-04-13 21:00:00,4326.282,3730.0,25558.0,4787.2,4323.2,42.83302110141619,19.68,1253581.0
2021-04-14 21:00:00,4333.326,3807.0,19135.0,4733.3,4284.8,42.83302110141619,19.68,1253581.0
2021-04-15 21:00:00,4340.37,3716.0,24295.0,4679.4,4246.4,42.83302110141619,19.68,1253581.0
2021-04-16 21:00:00,4347.414,3738.25,24233.25,4625.5,4208.0,42.83302110141619,19.68,1253581.0
2021-04-17 21:00:00,4354.458,3760.5,24171.5,4571.6,4169.6,42.83302110141619,19.68,1253581.0
2021-04-18 21:00:00,4361.502,3782.75,24109.75,4517.7,4131.2,42.83302110141619,19.68,1253581.0
2021-04-19 21:00:00,4368.546,3805.0,24048.0,4463.8,4092.8,42.83302110141619,19.68,1253581.0
2021-04-20 21:00:00,4375.59,3894.0,27131.0,4409.9,4054.4,42.83302110141619,19.68,1253581.0
2021-04-21 21:00:00,4382.634,3989.0,24350.0,4356.0,4016.0,42.83302110141619,19.68,1253581.0
2021-04-22 21:00:00,4389.678,3927.0,26043.0,4302.1,3977.6,42.83302110141619,19.68,1253581.0
2021-04-23 21:00:00,4396.722,3962.5,28291.0,4248.2,3939.2,42.83302110141619,19.68,1253581.0
2021-04-24 21:00:00,4403.766,3998.0,30539.0,4194.3,3900.8,42.83302110141619,19.68,1253581.0
2021-04-25 21:00:00,4410.81,4033.5,32787.0,4140.4,3862.4,42.83302110141619,19.68,1253581.0
2021-04-26 21:00:00,4417.853999999999,4069.0,35035.0,4086.5,3824.0,42.83302110141619,19.68,1253581.0
2021-04-27 21:00:00,4424.898,3936.0,27787.0,4032.6,3785.6,42.83302110141619,19.68,1253581.0
2021-04-28 21:00:00,4431.942,3902.0,26891.5,3978.7,3747.2,42.83302110141619,19.68,1253581.0
2021-04-29 21:00:00,4438.986,3868.0,25996.0,3924.8,3708.8,42.83302110141619,19.68,1253581.0
2021-04-30 21:00:00,4446.03,3911.5,25705.75,3870.9,3670.4,42.83302110141619,19.68,1253581.0
2021-05-01 21:00:00,4453.879354838709,3955.0,25415.5,3817.0,3632.0,42.83302110141619,19.68,1253581.0
2021-05-02 21:00:00,4461.728709677419,3998.5,25125.25,3826.3333333333335,3855.3333333333335,42.83302110141619,19.68,1253581.0
2021-05-03 21:00:00,4469.5780645161285,4042.0,24835.0,3835.6666666666665,4078.6666666666665,42.83302110141619,19.68,1253581.0
2021-05-04 21:00:00,4477.427419354838,4044.0,18788.0,3845.0,4302.0,42.83302110141619,19.68,1253581.0
2021-05-05 21:00:00,4485.276774193548,4215.0,25434.0,4427.0,3424.0,42.83302110141619,19.68,1253581.0
2021-05-06 21:00:00,4493.126129032258,4427.0,27894.0,4111.0,3949.0,42.83302110141619,19.68,1253581.0
2021-05-07 21:00:00,4500.975483870968,4407.75,27452.75,3795.0,4474.0,42.83302110141619,19.68,1253581.0
2021-05-08 21:00:00,4508.824838709677,4388.5,27011.5,4200.0,4440.0,42.83302110141619,19.68,1253581.0
2021-05-09 21:00:00,4516.674193548387,4369.25,26570.25,4524.5,4614.0,42.83302110141619,19.68,1253581.0
2021-05-10 21:00:00,4524.5235483870965,4350.0,26129.0,4849.0,4788.0,42.83302110141619,19.68,1253581.0
2021-05-11 21:00:00,4532.372903225806,4506.0,10868.0,4802.681818181818,4728.954545454545,42.83302110141619,19.68,1253581.0
2021-05-12 21:00:00,4540.222258064516,4497.833333333333,13160.333333333334,4756.363636363636,4669.909090909091,42.83302110141619,19.68,1253581.0
2021-05-13 21:00:00,4548.071612903225,4489.666666666667,15452.666666666668,4710.045454545455,4610.863636363636,42.83302110141619,19.68,1253581.0
2021-05-14 21:00:00,4555.920967741935,4481.5,17745.0,4663.727272727273,4551.818181818182,42.83302110141619,19.68,1253581.0
2021-05-15 21:00:00,4563.7703225806445,4473.333333333333,20037.333333333336,4617.409090909091,4492.772727272727,42.83302110141619,19.68,1253581.0
2021-05-16 21:00:00,4571.619677419355,4465.166666666667,22329.666666666668,4571.090909090909,4433.727272727273,42.83302110141619,19.68,1253581.0
2021-05-17 21:00:00,4579.4690322580645,4457.0,24622.0,4524.772727272727,4374.681818181818,42.83302110141619,19.68,1253581.0
2021-05-18 21:00:00,4587.318387096774,4302.0,26718.0,4478.454545454545,4315.636363636364,42.83302110141619,19.68,1253581.0
2021-05-19 21:00:00,4595.167741935484,4112.0,26079.0,4432.136363636364,4256.590909090909,42.83302110141619,19.68,1253581.0
2021-05-20 21:00:00,4603.017096774193,3991.0,34609.0,4385.818181818182,4197.545454545454,42.83302110141619,19.68,1253581.0
2021-05-21 21:00:00,4610.866451612903,3999.25,33668.0,4339.5,4138.5,42.83302110141619,19.68,1253581.0
2021-05-22 21:00:00,4618.7158064516125,4007.5,32727.0,4293.181818181818,4079.4545454545455,42.83302110141619,19.68,1253581.0
2021-05-23 21:00:00,4626.565161290322,4015.75,31786.0,4246.863636363636,4020.409090909091,42.83302110141619,19.68,1253581.0
2021-05-24 21:00:00,4634.414516129032,4024.0,30845.0,4200.545454545454,3961.3636363636365,42.83302110141619,19.68,1253581.0
2021-05-25 21:00:00,4642.263870967741,3970.0,30574.5,4154.227272727273,3902.318181818182,42.83302110141619,19.68,1253581.0
2021-05-26 21:00:00,4650.113225806452,3916.0,30304.0,4107.909090909091,3843.272727272727,42.83302110141619,19.68,1253581.0
2021-05-27 21:00:00,4657.962580645161,4010.0,29560.0,4061.590909090909,3784.227272727273,42.83302110141619,19.68,1253581.0
2021-05-28 21:00:00,4665.811935483871,3980.25,30196.75,4015.272727272727,3725.181818181818,42.83302110141619,19.68,1253581.0
2021-05-29 21:00:00,4673.6612903225805,3950.5,30833.5,3968.9545454545455,3666.1363636363635,42.83302110141619,19.68,1253581.0
2021-05-30 21:00:00,4681.51064516129,3920.75,31470.25,3922.6363636363635,3607.090909090909,42.83302110141619,19.68,1253581.0
2021-05-31 21:00:00,4689.36,3891.0,32107.0,3876.318181818182,3548.0454545454545,42.83302110141619,19.68,1253581.0
2021-06-01 21:00:00,4671.483666666666,4092.0,30274.0,3830.0,3489.0,42.83302110141619,19.68,1253581.0
2021-06-02 21:00:00,4653.607333333333,4158.0,33139.0,3817.0,3696.6666666666665,42.83302110141619,19.68,1253581.0
2021-06-03 21:00:00,4635.731,4129.0,26865.0,3804.0,3904.3333333333335,42.83302110141619,19.68,1253581.0
2021-06-04 21:00:00,4617.854666666666,4109.0,28118.0,3791.0,4112.0,42.83302110141619,19.68,1253581.0
2021-06-05 21:00:00,4599.978333333333,4089.0,29371.0,4368.0,3390.0,42.83302110141619,19.68,1253581.0
2021-06-06 21:00:00,4582.102,4069.0,30624.0,4068.5,3950.5,42.83302110141619,19.68,1253581.0
2021-06-07 21:00:00,4564.225666666666,4049.0,31877.0,3769.0,4511.0,42.83302110141619,19.68,1253581.0
2021-06-08 21:00:00,4546.349333333333,3871.0,31364.0,4123.5,4736.0,42.83302110141619,19.68,1253581.0
2021-06-09 21:00:00,4528.473,3844.0,36419.0,4478.0,4961.0,42.83302110141619,19.68,1253581.0
2021-06-10 21:00:00,4510.596666666666,3663.0,31184.0,4966.0,4899.0,42.83302110141619,19.68,1253581.0
2021-06-11 21:00:00,4492.720333333333,3642.25,31296.0,4903.5,5030.0,42.83302110141619,19.68,1253581.0
2021-06-12 21:00:00,4474.844,3621.5,31408.0,4841.0,5161.0,42.83302110141619,19.68,1253581.0
2021-06-13 21:00:00,4456.967666666666,3600.75,31520.0,4786.0526315789475,5074.736842105263,42.83302110141619,19.68,1253581.0
2021-06-14 21:00:00,4439.091333333333,3580.0,31632.0,4731.105263157895,4988.473684210527,42.83302110141619,19.68,1253581.0
2021-06-15 21:00:00,4421.215,3404.0,34769.0,4676.1578947368425,4902.210526315789,42.83302110141619,19.68,1253581.0
2021-06-16 21:00:00,4403.3386666666665,3377.0,44950.0,4621.210526315789,4815.9473684210525,42.83302110141619,19.68,1253581.0
2021-06-17 21:00:00,4385.462333333333,3424.0,37172.0,4566.263157894737,4729.684210526316,42.83302110141619,19.68,1253581.0
2021-06-18 21:00:00,4367.585999999999,3415.5,38171.5,4511.315789473684,4643.421052631579,42.83302110141619,19.68,1253581.0
2021-06-19 21:00:00,4349.709666666667,3407.0,39171.0,4456.368421052632,4557.1578947368425,42.83302110141619,19.68,1253581.0
2021-06-20 21:00:00,4331.833333333333,3398.5,40170.5,4401.421052631579,4470.894736842105,42.83302110141619,19.68,1253581.0
2021-06-21 21:00:00,4313.956999999999,3390.0,41170.0,4346.473684210527,4384.631578947368,42.83302110141619,19.68,1253581.0
2021-06-22 21:00:00,4296.080666666667,3445.0,32821.0,4291.526315789473,4298.368421052632,42.83302110141619,19.68,1253581.0
2021-06-23 21:00:00,4278.204333333333,3421.0,32059.0,4236.578947368421,4212.105263157895,42.83302110141619,19.68,1253581.0
2021-06-24 21:00:00,4260.328,3520.0,25952.0,4181.631578947368,4125.842105263158,42.83302110141619,19.68,1253581.0
2021-06-25 21:00:00,4242.451666666666,3528.25,27493.25,4126.684210526316,4039.578947368421,42.83302110141619,19.68,1253581.0
2021-06-26 21:00:00,4224.575333333333,3536.5,29034.5,4071.7368421052633,3953.315789473684,42.83302110141619,19.68,1253581.0
2021-06-27 21:00:00,4206.699,3544.75,30575.75,4016.7894736842104,3867.0526315789475,42.83302110141619,19.68,1253581.0
2021-06-28 21:00:00,4188.822666666666,3553.0,32117.0,3961.842105263158,3780.789473684211,42.83302110141619,19.68,1253581.0
2021-06-29 21:00:00,4170.946333333333,3599.0,38973.0,3906.8947368421054,3694.5263157894738,42.83302110141619,19.68,1253581.0
2021-06-30 21:00:00,4153.07,3710.0,29177.0,3851.9473684210525,3608.2631578947367,42.83302110141619,19.68,1253581.0
2021-07-01 21:00:00,4163.070967741935,3789.0,23627.0,3797.0,3522.0,42.83302110141619,19.68,1253581.0
2021-07-02 21:00:00,4173.071935483871,3804.5,25230.0,3787.0,3678.3333333333335,42.83302110141619,19.68,1253581.0
2021-07-03 21:00:00,4183.072903225806,3820.0,26833.0,3777.0,3834.6666666666665,42.83302110141619,19.68,1253581.0
2021-07-04 21:00:00,4193.073870967742,3835.5,28436.0,3767.0,3991.0,42.83302110141619,19.68,1253581.0
2021-07-05 21:00:00,4203.074838709677,3851.0,30039.0,3819.0,4082.0,42.83302110141619,19.68,1253581.0
2021-07-06 21:00:00,4213.075806451613,3795.0,35462.0,3871.0,4173.0,42.83302110141619,19.68,1253581.0
2021-07-07 21:00:00,4223.076774193548,3769.0,24531.0,3892.0,4408.0,42.83302110141619,19.68,1253581.0
2021-07-08 21:00:00,4233.077741935484,3892.0,28385.0,4142.0,4676.0,42.83302110141619,19.68,1253581.0
2021-07-09 21:00:00,4243.078709677419,3913.25,28951.5,4392.0,4944.0,42.83302110141619,19.68,1253581.0
2021-07-10 21:00:00,4253.079677419355,3934.5,29518.0,4955.0,4998.0,42.83302110141619,19.68,1253581.0
2021-07-11 21:00:00,4263.080645161291,3955.75,30084.5,4866.5,5060.5,42.83302110141619,19.68,1253581.0
2021-07-12 21:00:00,4273.0816129032255,3977.0,30651.0,4778.0,5123.0,42.83302110141619,19.68,1253581.0
2021-07-13 21:00:00,4283.082580645161,4021.0,25460.0,4723.285714285715,5056.380952380952,42.83302110141619,19.68,1253581.0
2021-07-14 21:00:00,4293.083548387097,4173.0,24877.0,4668.571428571428,4989.761904761905,42.83302110141619,19.68,1253581.0
2021-07-15 21:00:00,4303.084516129033,4137.0,29028.0,4613.857142857143,4923.142857142857,42.83302110141619,19.68,1253581.0
2021-07-16 21:00:00,4313.085483870967,4139.4,29480.0,4559.142857142857,4856.523809523809,42.83302110141619,19.68,1253581.0
2021-07-17 21:00:00,4323.086451612903,4141.8,29932.0,4504.428571428572,4789.9047619047615,42.83302110141619,19.68,1253581.0
2021-07-18 21:00:00,4333.087419354839,4144.2,30384.0,4449.714285714285,4723.285714285715,42.83302110141619,19.68,1253581.0
2021-07-19 21:00:00,4343.088387096775,4146.6,30836.0,4395.0,4656.666666666667,42.83302110141619,19.68,1253581.0
2021-07-20 21:00:00,4353.08935483871,4149.0,31288.0,4340.285714285715,4590.047619047619,42.83302110141619,19.68,1253581.0
2021-07-21 21:00:00,4363.090322580645,4121.0,24256.0,4285.571428571428,4523.428571428572,42.83302110141619,19.68,1253581.0
2021-07-22 21:00:00,4373.091290322581,4271.0,27947.0,4230.857142857143,4456.809523809524,42.83302110141619,19.68,1253581.0
2021-07-23 21:00:00,4383.0922580645165,4308.75,28231.75,4176.142857142857,4390.190476190476,42.83302110141619,19.68,1253581.0
2021-07-24 21:00:00,4393.093225806452,4346.5,28516.5,4121.428571428572,4323.571428571428,42.83302110141619,19.68,1253581.0
2021-07-25 21:00:00,4403.094193548387,4384.25,28801.25,4066.714285714286,4256.952380952381,42.83302110141619,19.68,1253581.0
2021-07-26 21:00:00,4413.095161290323,4422.0,29086.0,4012.0,4190.333333333333,42.83302110141619,19.68,1253581.0
2021-07-27 21:00:00,4423.096129032258,4308.0,25173.0,3957.285714285714,4123.714285714285,42.83302110141619,19.68,1253581.0
2021-07-28 21:00:00,4433.097096774194,4427.0,27792.0,3902.5714285714284,4057.095238095238,42.83302110141619,19.68,1253581.0
2021-07-29 21:00:00,4443.098064516129,4369.0,28618.0,3847.857142857143,3990.4761904761904,42.83302110141619,19.68,1253581.0
2021-07-30 21:00:00,4453.099032258065,4312.5,28961.5,3793.142857142857,3923.857142857143,42.83302110141619,19.68,1253581.0
2021-07-31 21:00:00,4463.1,4256.0,29305.0,3738.4285714285716,3857.2380952380954,42.83302110141619,19.68,1253581.0
2021-08-01 21:00:00,4474.601290322581,4199.5,29648.5,3683.714285714286,3790.6190476190477,42.83302110141619,19.68,1253581.0
2021-08-02 21:00:00,4486.102580645162,4143.0,29992.0,3629.0,3724.0,42.83302110141619,19.68,1253581.0
2021-08-03 21:00:00,4497.603870967742,4291.0,25848.0,3974.0,3807.0,42.83302110141619,19.68,1253581.0
2021-08-04 21:00:00,4509.105161290323,4217.0,27471.0,3650.0,4024.0,42.83302110141619,19.68,1253581.0
2021-08-05 21:00:00,4520.606451612904,4274.0,27525.0,3747.0,4080.5,42.83302110141619,19.68,1253581.0
2021-08-06 21:00:00,4532.107741935484,4321.4,27856.4,3844.0,4137.0,42.83302110141619,19.68,1253581.0
2021-08-07 21:00:00,4543.609032258065,4368.8,28187.8,3863.0,4301.0,42.83302110141619,19.68,1253581.0
2021-08-08 21:00:00,4555.1103225806455,4416.2,28519.2,4070.5,4686.0,42.83302110141619,19.68,1253581.0
2021-08-09 21:00:00,4566.611612903226,4463.6,28850.6,4278.0,5071.0,42.83302110141619,19.68,1253581.0
2021-08-10 21:00:00,4578.112903225807,4511.0,29182.0,4599.0,4739.5,42.83302110141619,19.68,1253581.0
2021-08-11 21:00:00,4589.614193548387,4474.0,23919.0,4920.0,4408.0,42.83302110141619,19.68,1253581.0
2021-08-12 21:00:00,4601.115483870968,4511.0,23004.0,4800.0,5034.0,42.83302110141619,19.68,1253581.0
2021-08-13 21:00:00,4612.616774193549,4485.25,24040.0,4740.857142857143,4981.428571428572,42.83302110141619,19.68,1253581.0
2021-08-14 21:00:00,4624.118064516129,4459.5,25076.0,4681.714285714285,4928.857142857143,42.83302110141619,19.68,1253581.0
2021-08-15 21:00:00,4635.61935483871,4433.75,26112.0,4622.571428571428,4876.285714285715,42.83302110141619,19.68,1253581.0
2021-08-16 21:00:00,4647.120645161291,4408.0,27148.0,4563.428571428572,4823.714285714285,42.83302110141619,19.68,1253581.0
2021-08-17 21:00:00,4658.621935483871,4301.0,29283.0,4504.285714285715,4771.142857142857,42.83302110141619,19.68,1253581.0
2021-08-18 21:00:00,4670.123225806452,4238.0,34292.0,4445.142857142857,4718.571428571428,42.83302110141619,19.68,1253581.0
2021-08-19 21:00:00,4681.624516129033,4265.0,31090.0,4386.0,4666.0,42.83302110141619,19.68,1253581.0
2021-08-20 21:00:00,4693.125806451613,4274.5,30116.75,4326.857142857143,4613.428571428572,42.83302110141619,19.68,1253581.0
2021-08-21 21:00:00,4704.627096774194,4284.0,29143.5,4267.714285714285,4560.857142857143,42.83302110141619,19.68,1253581.0
2021-08-22 21:00:00,4716.128387096775,4293.5,28170.25,4208.571428571428,4508.285714285715,42.83302110141619,19.68,1253581.0
2021-08-23 21:00:00,4727.629677419355,4303.0,27197.0,4149.428571428572,4455.714285714286,42.83302110141619,19.68,1253581.0
2021-08-24 21:00:00,4739.130967741936,4364.0,28342.0,4090.285714285714,4403.142857142857,42.83302110141619,19.68,1253581.0
2021-08-25 21:00:00,4750.6322580645165,4392.0,27436.0,4031.142857142857,4350.571428571428,42.83302110141619,19.68,1253581.0
2021-08-26 21:00:00,4762.133548387097,4333.0,25390.0,3972.0,4298.0,42.83302110141619,19.68,1253581.0
2021-08-27 21:00:00,4773.634838709678,4301.6,26393.2,3912.8571428571427,4245.428571428572,42.83302110141619,19.68,1253581.0
2021-08-28 21:00:00,4785.136129032258,4270.2,27396.4,3853.714285714286,4192.857142857143,42.83302110141619,19.68,1253581.0
2021-08-29 21:00:00,4796.637419354839,4238.8,28399.6,3794.5714285714284,4140.285714285715,42.83302110141619,19.68,1253581.0
2021-08-30 21:00:00,4808.13870967742,4207.4,29402.8,3735.4285714285716,4087.714285714286,42.83302110141619,19.68,1253581.0
2021-08-31 21:00:00,4819.64,4176.0,30406.0,3676.285714285714,4035.1428571428573,42.83302110141619,19.68,1253581.0
2021-09-01 21:00:00,4823.201333333333,4241.0,27177.0,3617.142857142857,3982.5714285714284,42.83302110141619,19.68,1253581.0
2021-09-02 21:00:00,4826.7626666666665,4310.0,28282.0,3558.0,3930.0,42.83302110141619,19.68,1253581.0
2021-09-03 21:00:00,4830.3240000000005,4330.0,26824.5,4060.0,3716.0,42.83302110141619,19.68,1253581.0
2021-09-04 21:00:00,4833.885333333334,4350.0,25367.0,3927.6666666666665,3861.0,42.83302110141619,19.68,1253581.0
2021-09-05 21:00:00,4837.446666666667,4370.0,23909.5,3795.3333333333335,4006.0,42.83302110141619,19.68,1253581.0
2021-09-06 21:00:00,4841.008,4390.0,22452.0,3663.0,4151.0,42.83302110141619,19.68,1253581.0
2021-09-07 21:00:00,4844.569333333334,4478.0,35057.0,3881.3333333333335,4423.333333333333,42.83302110141619,19.68,1253581.0
2021-09-08 21:00:00,4848.130666666667,4392.0,27160.0,4099.666666666667,4695.666666666667,42.83302110141619,19.68,1253581.0
2021-09-09 21:00:00,4851.692,4278.0,29681.0,4318.0,4968.0,42.83302110141619,19.68,1253581.0
2021-09-10 21:00:00,4855.253333333333,4293.5,28158.75,4599.5,4676.0,42.83302110141619,19.68,1253581.0
2021-09-11 21:00:00,4858.814666666667,4309.0,26636.5,4881.0,4384.0,42.83302110141619,19.68,1253581.0
2021-09-12 21:00:00,4862.376,4324.5,25114.25,4792.0,5124.0,42.83302110141619,19.68,1253581.0
2021-09-13 21:00:00,4865.937333333333,4340.0,23592.0,4738.15,5063.95,42.83302110141619,19.68,1253581.0
2021-09-14 21:00:00,4869.498666666666,4440.0,20340.0,4684.3,5003.9,42.83302110141619,19.68,1253581.0
2021-09-15 21:00:00,4873.06,4350.5,28530.0,4630.45,4943.85,42.83302110141619,19.68,1253581.0
2021-09-16 21:00:00,4876.6213333333335,4261.0,36720.0,4576.6,4883.8,42.83302110141619,19.68,1253581.0
2021-09-17 21:00:00,4880.182666666667,4243.75,32546.5,4522.75,4823.75,42.83302110141619,19.68,1253581.0
2021-09-18 21:00:00,4883.744,4226.5,28373.0,4468.9,4763.7,42.83302110141619,19.68,1253581.0
2021-09-19 21:00:00,4887.305333333333,4209.25,24199.5,4415.05,4703.65,42.83302110141619,19.68,1253581.0
2021-09-20 21:00:00,4890.866666666667,4192.0,20026.0,4361.2,4643.6,42.83302110141619,19.68,1253581.0
2021-09-21 21:00:00,4894.428,4330.0,26156.0,4307.35,4583.55,42.83302110141619,19.68,1253581.0
2021-09-22 21:00:00,4897.989333333333,4447.0,27195.0,4253.5,4523.5,42.83302110141619,19.68,1253581.0
2021-09-23 21:00:00,4901.550666666666,4441.0,21213.0,4199.65,4463.45,42.83302110141619,19.68,1253581.0
2021-09-24 21:00:00,4905.112,4442.5,22479.5,4145.8,4403.4,42.83302110141619,19.68,1253581.0
2021-09-25 21:00:00,4908.673333333333,4444.0,23746.0,4091.95,4343.35,42.83302110141619,19.68,1253581.0
2021-09-26 21:00:00,4912.234666666666,4445.5,25012.5,4038.1,4283.3,42.83302110141619,19.68,1253581.0
2021-09-27 21:00:00,4915.795999999999,4447.0,26279.0,3984.25,4223.25,42.83302110141619,19.68,1253581.0
2021-09-28 21:00:00,4919.357333333333,4455.0,22412.0,3930.4,4163.2,42.83302110141619,19.68,1253581.0
2021-09-29 21:00:00,4922.9186666666665,4595.0,25869.0,3876.55,4103.15,42.83302110141619,19.68,1253581.0
2021-09-30 21:00:00,4926.48,4505.0,21162.0,3822.7,4043.1000000000004,42.83302110141619,19.68,1253581.0
2021-10-01 21:00:00,4943.484193548386,4563.25,22573.25,3768.85,3983.05,42.83302110141619,19.68,1253581.0
2021-10-02 21:00:00,4960.488387096774,4621.5,23984.5,3715.0,3923.0,42.83302110141619,19.68,1253581.0
2021-10-03 21:00:00,4977.492580645161,4679.75,25395.75,4125.0,3805.0,42.83302110141619,19.68,1253581.0
2021-10-04 21:00:00,4994.496774193548,4738.0,26807.0,4315.5,3625.0,42.83302110141619,19.68,1253581.0
2021-10-05 21:00:00,5011.500967741935,4872.0,24729.0,4506.0,3445.0,42.83302110141619,19.68,1253581.0
2021-10-06 21:00:00,5028.505161290323,4849.0,21377.0,3375.0,4149.0,42.83302110141619,19.68,1253581.0
2021-10-07 21:00:00,5045.509354838709,4966.0,34825.0,3924.5,4170.5,42.83302110141619,19.68,1253581.0
2021-10-08 21:00:00,5062.513548387096,4938.25,32136.25,4474.0,4192.0,42.83302110141619,19.68,1253581.0
2021-10-09 21:00:00,5079.517741935483,4910.5,29447.5,4627.666666666667,4277.333333333333,42.83302110141619,19.68,1253581.0
2021-10-10 21:00:00,5096.521935483871,4882.75,26758.75,4781.333333333333,4362.666666666667,42.83302110141619,19.68,1253581.0
2021-10-11 21:00:00,5113.526129032258,4855.0,24070.0,4935.0,4448.0,42.83302110141619,19.68,1253581.0
2021-10-12 21:00:00,5130.530322580645,5021.0,35575.0,4875.809523809524,4411.238095238095,42.83302110141619,19.68,1253581.0
2021-10-13 21:00:00,5147.534516129032,4877.0,25926.0,4816.619047619048,4374.476190476191,42.83302110141619,19.68,1253581.0
2021-10-14 21:00:00,5164.538709677419,4961.0,24710.0,4757.428571428572,4337.714285714285,42.83302110141619,19.68,1253581.0
2021-10-15 21:00:00,5181.542903225806,4983.0,26113.0,4698.238095238095,4300.952380952381,42.83302110141619,19.68,1253581.0
2021-10-16 21:00:00,5198.547096774193,5005.0,27516.0,4639.047619047619,4264.190476190476,42.83302110141619,19.68,1253581.0
2021-10-17 21:00:00,5215.55129032258,5027.0,28919.0,4579.857142857143,4227.428571428572,42.83302110141619,19.68,1253581.0
2021-10-18 21:00:00,5232.555483870968,5049.0,30322.0,4520.666666666667,4190.666666666667,42.83302110141619,19.68,1253581.0
2021-10-19 21:00:00,5249.559677419355,5071.0,31725.0,4461.476190476191,4153.9047619047615,42.83302110141619,19.68,1253581.0
2021-10-20 21:00:00,5266.563870967741,4968.0,38652.0,4402.285714285715,4117.142857142857,42.83302110141619,19.68,1253581.0
2021-10-21 21:00:00,5283.568064516128,4924.0,40192.0,4343.0952380952385,4080.3809523809523,42.83302110141619,19.68,1253581.0
2021-10-22 21:00:00,5300.572258064516,4946.0,37406.5,4283.9047619047615,4043.6190476190477,42.83302110141619,19.68,1253581.0
2021-10-23 21:00:00,5317.576451612903,4968.0,34621.0,4224.714285714286,4006.857142857143,42.83302110141619,19.68,1253581.0
2021-10-24 21:00:00,5334.58064516129,4990.0,31835.5,4165.523809523809,3970.095238095238,42.83302110141619,19.68,1253581.0
2021-10-25 21:00:00,5351.584838709677,5012.0,29050.0,4106.333333333333,3933.3333333333335,42.83302110141619,19.68,1253581.0
2021-10-26 21:00:00,5368.589032258064,4966.0,28202.0,4047.142857142857,3896.5714285714284,42.83302110141619,19.68,1253581.0
2021-10-27 21:00:00,5385.593225806451,4929.0,29974.0,3987.9523809523807,3859.809523809524,42.83302110141619,19.68,1253581.0
2021-10-28 21:00:00,5402.597419354838,5026.0,28171.0,3928.7619047619046,3823.0476190476193,42.83302110141619,19.68,1253581.0
2021-10-29 21:00:00,5419.601612903225,5012.0,30165.0,3869.5714285714284,3786.285714285714,42.83302110141619,19.68,1253581.0
2021-10-30 21:00:00,5436.605806451613,4998.0,32159.0,3810.3809523809523,3749.5238095238096,42.83302110141619,19.68,1253581.0
2021-10-31 21:00:00,5453.61,4984.0,34153.0,3751.190476190476,3712.7619047619046,42.83302110141619,19.68,1253581.0
2021-11-01 21:00:00,5458.370666666667,4970.0,36147.0,3692.0,3676.0,42.83302110141619,19.68,1253581.0
2021-11-02 21:00:00,5463.131333333333,5071.0,29409.0,3915.0,3785.0,42.83302110141619,19.68,1253581.0
2021-11-03 21:00:00,5467.892,4975.5,28575.0,4138.0,3894.0,42.83302110141619,19.68,1253581.0
2021-11-04 21:00:00,5472.652666666667,4880.0,27741.0,4190.0,3657.5,42.83302110141619,19.68,1253581.0
2021-11-05 21:00:00,5477.413333333333,4858.0,30004.25,4242.0,3421.0,42.83302110141619,19.68,1253581.0
2021-11-06 21:00:00,5482.174,4836.0,32267.5,4331.666666666667,3724.0,42.83302110141619,19.68,1253581.0
2021-11-07 21:00:00,5486.934666666666,4814.0,34530.75,4421.333333333333,4027.0,42.83302110141619,19.68,1253581.0
2021-11-08 21:00:00,5491.695333333333,4792.0,36794.0,4511.0,4330.0,42.83302110141619,19.68,1253581.0
2021-11-09 21:00:00,5496.456,4920.0,28925.0,4766.0,4661.5,42.83302110141619,19.68,1253581.0
2021-11-10 21:00:00,5501.216666666666,4881.0,31957.0,5021.0,4993.0,42.83302110141619,19.68,1253581.0
2021-11-11 21:00:00,5505.977333333333,4935.0,26265.0,4966.0,4478.0,42.83302110141619,19.68,1253581.0
2021-11-12 21:00:00,5510.738,4898.25,24959.0,4894.05,4436.65,42.83302110141619,19.68,1253581.0
2021-11-13 21:00:00,5515.498666666666,4861.5,23653.0,4822.1,4395.3,42.83302110141619,19.68,1253581.0
2021-11-14 21:00:00,5520.259333333333,4824.75,22347.0,4750.15,4353.95,42.83302110141619,19.68,1253581.0
2021-11-15 21:00:00,5525.02,4788.0,21041.0,4678.2,4312.6,42.83302110141619,19.68,1253581.0
2021-11-16 21:00:00,5529.780666666667,4899.0,27622.0,4606.25,4271.25,42.83302110141619,19.68,1253581.0
2021-11-17 21:00:00,5534.541333333334,4998.0,27910.0,4534.3,4229.9,42.83302110141619,19.68,1253581.0
2021-11-18 21:00:00,5539.302,4993.0,25600.0,4462.35,4188.55,42.83302110141619,19.68,1253581.0
2021-11-19 21:00:00,5544.062666666667,4957.75,26101.25,4390.4,4147.2,42.83302110141619,19.68,1253581.0
2021-11-20 21:00:00,5548.823333333334,4922.5,26602.5,4318.45,4105.85,42.83302110141619,19.68,1253581.0
2021-11-21 21:00:00,5553.584,4887.25,27103.75,4246.5,4064.5,42.83302110141619,19.68,1253581.0
2021-11-22 21:00:00,5558.344666666667,4852.0,27605.0,4174.55,4023.15,42.83302110141619,19.68,1253581.0
2021-11-23 21:00:00,5563.105333333334,4916.0,26094.0,4102.6,3981.8,42.83302110141619,19.68,1253581.0
2021-11-24 21:00:00,5567.866,4927.0,20847.0,4030.65,3940.45,42.83302110141619,19.68,1253581.0
2021-11-25 21:00:00,5572.626666666667,4849.0,23629.0,3958.7,3899.1,42.83302110141619,19.68,1253581.0
2021-11-26 21:00:00,5577.387333333333,4804.75,26176.75,3886.75,3857.75,42.83302110141619,19.68,1253581.0
2021-11-27 21:00:00,5582.148,4760.5,28724.5,3814.8,3816.4,42.83302110141619,19.68,1253581.0
2021-11-28 21:00:00,5586.908666666667,4716.25,31272.25,3742.85,3775.05,42.83302110141619,19.68,1253581.0
2021-11-29 21:00:00,5591.669333333333,4672.0,33820.0,3670.8999999999996,3733.7,42.83302110141619,19.68,1253581.0
2021-11-30 21:00:00,5596.43,4684.0,24784.0,3598.95,3692.35,42.83302110141619,19.68,1253581.0
2021-12-01 21:00:00,5588.801612903226,4650.0,26412.0,3527.0,3651.0,42.83302110141619,19.68,1253581.0
2021-12-02 21:00:00,5581.173225806452,4705.8,26957.0,3594.6666666666665,3739.3333333333335,42.83302110141619,19.68,1253581.0
2021-12-03 21:00:00,5573.544838709678,4761.6,27502.0,3662.3333333333335,3827.6666666666665,42.83302110141619,19.68,1253581.0
2021-12-04 21:00:00,5565.916451612903,4817.4,28047.0,3730.0,3916.0,42.83302110141619,19.68,1253581.0
2021-12-05 21:00:00,5558.288064516129,4873.2,28592.0,3827.0,4023.3333333333335,42.83302110141619,19.68,1253581.0
2021-12-06 21:00:00,5550.659677419355,4929.0,29137.0,3924.0,4130.666666666667,42.83302110141619,19.68,1253581.0
2021-12-07 21:00:00,5543.03129032258,4841.0,25061.0,4021.0,4238.0,42.83302110141619,19.68,1253581.0
2021-12-08 21:00:00,5535.402903225807,4778.0,28119.0,4447.0,4447.0,42.83302110141619,19.68,1253581.0
2021-12-09 21:00:00,5527.774516129032,4800.0,23819.0,4662.0,4649.5,42.83302110141619,19.68,1253581.0
2021-12-10 21:00:00,5520.146129032259,4774.75,24352.5,4877.0,4852.0,42.83302110141619,19.68,1253581.0
2021-12-11 21:00:00,5512.517741935484,4749.5,24886.0,4957.458333333333,4896.541666666667,42.83302110141619,19.68,1253581.0
2021-12-12 21:00:00,5504.88935483871,4724.25,25419.5,5037.916666666667,4941.083333333333,42.83302110141619,19.68,1253581.0
2021-12-13 21:00:00,5497.260967741936,4699.0,25953.0,5118.375,4985.625,42.83302110141619,19.68,1253581.0
2021-12-14 21:00:00,5489.632580645161,4486.0,40408.0,5198.833333333333,5030.166666666667,42.83302110141619,19.68,1253581.0
2021-12-15 21:00:00,5482.004193548387,4400.0,31975.0,5279.291666666667,5074.708333333333,42.83302110141619,19.68,1253581.0
2021-12-16 21:00:00,5474.375806451613,4408.0,28115.0,5359.75,5119.25,42.83302110141619,19.68,1253581.0
2021-12-17 21:00:00,5466.747419354839,4402.0,27052.25,5440.208333333333,5163.791666666667,42.83302110141619,19.68,1253581.0
2021-12-18 21:00:00,5459.119032258064,4396.0,25989.5,5520.666666666667,5208.333333333333,42.83302110141619,19.68,1253581.0
2021-12-19 21:00:00,5451.490645161291,4390.0,24926.75,5601.125,5252.875,42.83302110141619,19.68,1253581.0
2021-12-20 21:00:00,5443.862258064516,4384.0,23864.0,5681.583333333333,5297.416666666667,42.83302110141619,19.68,1253581.0
2021-12-21 21:00:00,5436.2338709677415,4448.0,22593.0,5762.041666666667,5341.958333333333,42.83302110141619,19.68,1253581.0
2021-12-22 21:00:00,5428.605483870968,4478.0,22545.0,5842.5,5386.5,42.83302110141619,19.68,1253581.0
2021-12-23 21:00:00,5420.977096774193,4649.0,20889.0,5922.958333333333,5431.041666666667,42.83302110141619,19.68,1253581.0
2021-12-24 21:00:00,5413.348709677419,4679.75,21430.75,6003.416666666666,5475.583333333333,42.83302110141619,19.68,1253581.0
2021-12-25 21:00:00,5405.720322580645,4710.5,21972.5,6083.875,5520.125,42.83302110141619,19.68,1253581.0
2021-12-26 21:00:00,5398.091935483871,4741.25,22514.25,6164.333333333333,5564.666666666667,42.83302110141619,19.68,1253581.0
2021-12-27 21:00:00,5390.463548387097,4772.0,23056.0,6244.791666666666,5609.208333333333,42.83302110141619,19.68,1253581.0
2021-12-28 21:00:00,5382.8351612903225,4695.0,22126.0,6325.25,5653.75,42.83302110141619,19.68,1253581.0
2021-12-29 21:00:00,5375.206774193548,4683.0,20970.0,6405.708333333333,5698.291666666667,42.83302110141619,19.68,1253581.0
2021-12-30 21:00:00,5367.578387096774,4697.0,19584.0,6486.166666666666,5742.833333333333,42.83302110141619,19.68,1253581.0
2021-12-31 21:00:00,5359.95,4751.25,20403.75,6566.625,5787.375,42.83302110141619,19.68,1253581.0
2022-01-01 21:00:00,5368.772258064516,4805.5,21223.5,6647.083333333333,5831.916666666667,42.83302110141619,19.68,1253581.0
2022-01-02 21:00:00,5377.594516129032,4859.75,22043.25,6727.541666666666,5876.458333333333,42.83302110141619,19.68,1253581.0
2022-01-03 21:00:00,5386.416774193548,4914.0,22863.0,6808.0,5921.0,42.83302110141619,19.68,1253581.0
2022-01-04 21:00:00,5395.239032258064,5036.0,22372.0,6689.666666666667,5319.333333333333,42.83302110141619,19.68,1253581.0
2022-01-05 21:00:00,5404.06129032258,4985.0,25797.0,6571.333333333333,4717.666666666667,42.83302110141619,19.68,1253581.0
2022-01-06 21:00:00,5412.883548387096,4993.0,22947.0,6453.0,4116.0,42.83302110141619,19.68,1253581.0
2022-01-07 21:00:00,5421.705806451612,5012.0,23393.75,5158.5,3855.0,42.83302110141619,19.68,1253581.0
2022-01-08 21:00:00,5430.528064516129,5031.0,23840.5,3864.0,3594.0,42.83302110141619,19.68,1253581.0
2022-01-09 21:00:00,5439.350322580645,5050.0,24287.25,3916.0,3665.0,42.83302110141619,19.68,1253581.0
2022-01-10 21:00:00,5448.172580645161,5069.0,24734.0,4126.5,3775.5,42.83302110141619,19.68,1253581.0
2022-01-11 21:00:00,5456.994838709677,5040.0,22401.0,4337.0,3886.0,42.83302110141619,19.68,1253581.0
2022-01-12 21:00:00,5465.8170967741935,5161.0,23737.0,3967.0,3911.0,42.83302110141619,19.68,1253581.0
2022-01-13 21:00:00,5474.63935483871,5123.0,22840.0,4045.5714285714284,4016.7619047619046,42.83302110141619,19.68,1253581.0
2022-01-14 21:00:00,5483.461612903226,5123.2,24777.8,4124.142857142857,4122.523809523809,42.83302110141619,19.68,1253581.0
2022-01-15 21:00:00,5492.283870967742,5123.4,26715.6,4202.714285714285,4228.285714285715,42.83302110141619,19.68,1253581.0
2022-01-16 21:00:00,5501.106129032258,5123.6,28653.4,4281.285714285715,4334.047619047619,42.83302110141619,19.68,1253581.0
2022-01-17 21:00:00,5509.928387096774,5123.8,30591.2,4359.857142857143,4439.809523809524,42.83302110141619,19.68,1253581.0
2022-01-18 21:00:00,5518.75064516129,5124.0,32529.0,4438.428571428572,4545.571428571428,42.83302110141619,19.68,1253581.0
2022-01-19 21:00:00,5527.572903225806,5187.0,32986.0,4517.0,4651.333333333333,42.83302110141619,19.68,1253581.0
2022-01-20 21:00:00,5536.395161290322,5322.0,26465.0,4595.571428571428,4757.0952380952385,42.83302110141619,19.68,1253581.0
2022-01-21 21:00:00,5545.217419354838,5312.0,25929.75,4674.142857142857,4862.857142857143,42.83302110141619,19.68,1253581.0
2022-01-22 21:00:00,5554.039677419354,5302.0,25394.5,4752.714285714285,4968.619047619048,42.83302110141619,19.68,1253581.0
2022-01-23 21:00:00,5562.86193548387,5292.0,24859.25,4831.285714285714,5074.380952380952,42.83302110141619,19.68,1253581.0
2022-01-24 21:00:00,5571.684193548387,5282.0,24324.0,4909.857142857143,5180.142857142857,42.83302110141619,19.68,1253581.0
2022-01-25 21:00:00,5580.506451612903,5329.0,19196.0,4988.428571428572,5285.9047619047615,42.83302110141619,19.68,1253581.0
2022-01-26 21:00:00,5589.328709677419,5444.0,30736.0,5067.0,5391.666666666666,42.83302110141619,19.68,1253581.0
2022-01-27 21:00:00,5598.150967741935,5628.0,33993.0,5145.571428571428,5497.428571428572,42.83302110141619,19.68,1253581.0
2022-01-28 21:00:00,5606.973225806451,5608.833333333333,31651.666666666668,5224.142857142857,5603.190476190476,42.83302110141619,19.68,1253581.0
2022-01-29 21:00:00,5615.795483870968,5589.666666666667,29310.333333333332,5302.714285714286,5708.952380952381,42.83302110141619,19.68,1253581.0
2022-01-30 21:00:00,5624.617741935484,5570.5,26969.0,5381.285714285714,5814.714285714286,42.83302110141619,19.68,1253581.0
2022-01-31 21:00:00,5633.44,5551.333333333333,24627.666666666664,5459.857142857143,5920.476190476191,42.83302110141619,19.68,1253581.0
2022-02-01 21:00:00,5659.936428571428,5532.166666666667,22286.333333333332,5538.428571428572,6026.238095238095,42.83302110141619,19.39,1137462.0
2022-02-02 21:00:00,5686.432857142857,5513.0,19945.0,5617.0,6132.0,42.83302110141619,19.39,1137462.0
2022-02-03 21:00:00,5712.9292857142855,5617.0,24507.0,6276.0,6177.0,42.83302110141619,19.39,1137462.0
2022-02-04 21:00:00,5739.425714285714,5575.0,29891.5,6352.333333333333,5371.666666666667,42.83302110141619,19.39,1137462.0
2022-02-05 21:00:00,5765.922142857143,5533.0,35276.0,6428.666666666667,4566.333333333333,42.83302110141619,19.39,1137462.0
2022-02-06 21:00:00,5792.418571428571,5491.0,40660.5,6505.0,3761.0,42.83302110141619,19.39,1137462.0
2022-02-07 21:00:00,5818.915,5449.0,46045.0,5163.0,3829.5,42.83302110141619,19.39,1137462.0
2022-02-08 21:00:00,5845.411428571429,5594.0,46295.0,3821.0,3898.0,42.83302110141619,19.39,1137462.0
2022-02-09 21:00:00,5871.907857142857,5535.0,34075.0,4003.0,3915.3333333333335,42.83302110141619,19.39,1137462.0
2022-02-10 21:00:00,5898.404285714286,5573.0,31834.0,4185.0,3932.6666666666665,42.83302110141619,19.39,1137462.0
2022-02-11 21:00:00,5924.9007142857145,5594.0,30078.5,4367.0,3950.0,42.83302110141619,19.39,1137462.0
2022-02-12 21:00:00,5951.397142857143,5615.0,28323.0,4404.166666666667,4040.1666666666665,42.83302110141619,19.39,1137462.0
2022-02-13 21:00:00,5977.893571428572,5636.0,26567.5,4441.333333333333,4130.333333333333,42.83302110141619,19.39,1137462.0
2022-02-14 21:00:00,6004.389999999999,5657.0,24812.0,4478.5,4220.5,42.83302110141619,19.39,1137462.0
2022-02-15 21:00:00,6030.886428571428,5433.0,31932.0,4515.666666666667,4310.666666666667,42.83302110141619,19.39,1137462.0
2022-02-16 21:00:00,6057.382857142857,5507.0,41946.0,4552.833333333333,4400.833333333333,42.83302110141619,19.39,1137462.0
2022-02-17 21:00:00,6083.879285714285,5539.0,29733.0,4590.0,4491.0,42.83302110141619,19.39,1137462.0
2022-02-18 21:00:00,6110.375714285714,5614.25,29342.5,4627.166666666667,4581.166666666667,42.83302110141619,19.39,1137462.0
2022-02-19 21:00:00,6136.872142857143,5689.5,28952.0,4664.333333333333,4671.333333333333,42.83302110141619,19.39,1137462.0
2022-02-20 21:00:00,6163.368571428571,5764.75,28561.5,4701.5,4761.5,42.83302110141619,19.39,1137462.0
2022-02-21 21:00:00,6189.865,5840.0,28171.0,4738.666666666667,4851.666666666667,42.83302110141619,19.39,1137462.0
2022-02-22 21:00:00,6216.361428571428,5982.0,38126.0,4775.833333333333,4941.833333333333,42.83302110141619,19.39,1137462.0
2022-02-23 21:00:00,6242.857857142857,6453.0,46313.0,4813.0,5032.0,42.83302110141619,19.39,1137462.0
2022-02-24 21:00:00,6269.354285714286,5966.0,56895.0,4850.166666666667,5122.166666666667,42.83302110141619,19.39,1137462.0
2022-02-25 21:00:00,6295.850714285714,6165.0,51338.75,4887.333333333333,5212.333333333334,42.83302110141619,19.39,1137462.0
2022-02-26 21:00:00,6322.347142857143,6364.0,45782.5,4924.5,5302.5,42.83302110141619,19.39,1137462.0
2022-02-27 21:00:00,6348.843571428572,6563.0,40226.25,4961.666666666667,5392.666666666667,42.83302110141619,19.39,1137462.0
2022-02-28 21:00:00,6375.34,6762.0,34670.0,4998.833333333333,5482.833333333334,42.83302110141619,19.39,1137462.0
2022-03-01 21:00:00,6410.487741935484,6660.0,43978.0,5036.0,5573.0,42.83302110141619,19.57,1411223.0
2022-03-02 21:00:00,6445.635483870968,6808.0,27985.0,5536.0,6067.0,42.83302110141619,19.57,1411223.0
2022-03-03 21:00:00,6480.783225806452,6276.0,29792.0,6626.0,6135.0,42.83302110141619,19.57,1411223.0
2022-03-04 21:00:00,6515.930967741936,6311.0,28716.25,6076.4,5679.2,42.83302110141619,19.57,1411223.0
2022-03-05 21:00:00,6551.078709677419,6346.0,27640.5,5526.8,5223.4,42.83302110141619,19.57,1411223.0
2022-03-06 21:00:00,6586.226451612904,6381.0,26564.75,4977.2,4767.6,42.83302110141619,19.57,1411223.0
2022-03-07 21:00:00,6621.374193548388,6416.0,25489.0,4427.6,4311.8,42.83302110141619,19.57,1411223.0
2022-03-08 21:00:00,6656.521935483871,7074.0,24475.0,3878.0,3856.0,42.83302110141619,19.57,1411223.0
2022-03-09 21:00:00,6691.669677419355,6961.0,22024.0,3760.0,4017.0,42.83302110141619,19.57,1411223.0
2022-03-10 21:00:00,6726.817419354838,6707.0,19916.0,3642.0,4178.0,42.83302110141619,19.57,1411223.0
2022-03-11 21:00:00,6761.965161290323,6563.25,20677.75,4433.0,3878.0,42.83302110141619,19.57,1411223.0
2022-03-12 21:00:00,6797.112903225807,6419.5,21439.5,4459.285714285715,3962.714285714286,42.83302110141619,19.57,1411223.0
2022-03-13 21:00:00,6832.26064516129,6275.75,22201.25,4485.571428571428,4047.4285714285716,42.83302110141619,19.57,1411223.0
2022-03-14 21:00:00,6867.408387096774,6132.0,22963.0,4511.857142857143,4132.142857142857,42.83302110141619,19.57,1411223.0
2022-03-15 21:00:00,6902.5561290322585,6067.0,23152.0,4538.142857142857,4216.857142857143,42.83302110141619,19.57,1411223.0
2022-03-16 21:00:00,6937.703870967742,5936.0,30900.0,4564.428571428572,4301.571428571428,42.83302110141619,19.57,1411223.0
2022-03-17 21:00:00,6972.851612903226,5629.0,25471.0,4590.714285714285,4386.285714285714,42.83302110141619,19.57,1411223.0
2022-03-18 21:00:00,7007.99935483871,5713.5,25160.5,4617.0,4471.0,42.83302110141619,19.57,1411223.0
2022-03-19 21:00:00,7043.147096774193,5798.0,24850.0,4643.285714285715,4555.714285714285,42.83302110141619,19.57,1411223.0
2022-03-20 21:00:00,7078.294838709678,5882.5,24539.5,4669.571428571428,4640.428571428572,42.83302110141619,19.57,1411223.0
2022-03-21 21:00:00,7113.442580645162,5967.0,24229.0,4695.857142857143,4725.142857142857,42.83302110141619,19.57,1411223.0
2022-03-22 21:00:00,7148.590322580645,6192.0,20808.0,4722.142857142857,4809.857142857143,42.83302110141619,19.57,1411223.0
2022-03-23 21:00:00,7183.738064516129,5943.0,28381.0,4748.428571428572,4894.571428571428,42.83302110141619,19.57,1411223.0
2022-03-24 21:00:00,7218.885806451613,6027.0,23896.0,4774.714285714285,4979.285714285714,42.83302110141619,19.57,1411223.0
2022-03-25 21:00:00,7254.033548387097,6025.25,23131.75,4801.0,5064.0,42.83302110141619,19.57,1411223.0
2022-03-26 21:00:00,7289.181290322581,6023.5,22367.5,4827.285714285715,5148.714285714285,42.83302110141619,19.57,1411223.0
2022-03-27 21:00:00,7324.329032258064,6021.75,21603.25,4853.571428571428,5233.428571428572,42.83302110141619,19.57,1411223.0
2022-03-28 21:00:00,7359.476774193548,6020.0,20839.0,4879.857142857143,5318.142857142857,42.83302110141619,19.57,1411223.0
2022-03-29 21:00:00,7394.624516129033,5930.0,19381.0,4906.142857142857,5402.857142857143,42.83302110141619,19.57,1411223.0
2022-03-30 21:00:00,7429.772258064516,5705.0,21703.0,4932.428571428572,5487.571428571428,42.83302110141619,19.57,1411223.0
2022-03-31 21:00:00,7464.92,5566.0,29041.0,4958.714285714285,5572.285714285714,42.83302110141619,19.57,1411223.0
2022-04-01 21:00:00,7455.409666666666,5653.25,26209.75,4985.0,5657.0,42.83302110141619,19.83,1462053.0
2022-04-02 21:00:00,7445.899333333334,5740.5,23378.5,5294.0,5810.0,42.83302110141619,19.83,1462053.0
2022-04-03 21:00:00,7436.389,5827.75,20547.25,5603.0,5963.0,42.83302110141619,19.83,1462053.0
2022-04-04 21:00:00,7426.878666666666,5915.0,17716.0,5912.0,6116.0,42.83302110141619,19.83,1462053.0
2022-04-05 21:00:00,7417.368333333334,5912.0,23711.0,6400.0,5848.0,42.83302110141619,19.83,1462053.0
2022-04-06 21:00:00,7407.858,5827.0,24631.0,5227.5,5056.0,42.83302110141619,19.83,1462053.0
2022-04-07 21:00:00,7398.347666666667,5921.0,20317.0,4055.0,4264.0,42.83302110141619,19.83,1462053.0
2022-04-08 21:00:00,7388.837333333333,5985.0,20824.5,4071.0,3724.0,42.83302110141619,19.83,1462053.0
2022-04-09 21:00:00,7379.327,6049.0,21332.0,3885.5,4005.5,42.83302110141619,19.83,1462053.0
2022-04-10 21:00:00,7369.816666666667,6113.0,21839.5,3700.0,4287.0,42.83302110141619,19.83,1462053.0
2022-04-11 21:00:00,7360.306333333333,6177.0,22347.0,3761.5714285714284,4341.571428571428,42.83302110141619,19.83,1462053.0
2022-04-12 21:00:00,7350.796,6135.0,24682.0,3823.1428571428573,4396.142857142857,42.83302110141619,19.83,1462053.0
2022-04-13 21:00:00,7341.285666666667,6288.0,23594.0,3884.714285714286,4450.714285714285,42.83302110141619,19.83,1462053.0
2022-04-14 21:00:00,7331.775333333333,6468.0,13029.0,3946.285714285714,4505.285714285715,42.83302110141619,19.83,1462053.0
2022-04-15 21:00:00,7322.264999999999,6436.0,16697.8,4007.8571428571427,4559.857142857143,42.83302110141619,19.83,1462053.0
2022-04-16 21:00:00,7312.754666666667,6404.0,20366.6,4069.4285714285716,4614.428571428572,42.83302110141619,19.83,1462053.0
2022-04-17 21:00:00,7303.244333333333,6372.0,24035.4,4131.0,4669.0,42.83302110141619,19.83,1462053.0
2022-04-18 21:00:00,7293.733999999999,6340.0,27704.2,4192.571428571428,4723.571428571428,42.83302110141619,19.83,1462053.0
2022-04-19 21:00:00,7284.223666666667,6308.0,31373.0,4254.142857142857,4778.142857142857,42.83302110141619,19.83,1462053.0
2022-04-20 21:00:00,7274.713333333333,6313.0,22881.0,4315.714285714285,4832.714285714285,42.83302110141619,19.83,1462053.0
2022-04-21 21:00:00,7265.202999999999,6355.0,27900.0,4377.285714285714,4887.285714285714,42.83302110141619,19.83,1462053.0
2022-04-22 21:00:00,7255.692666666667,6366.25,26808.5,4438.857142857143,4941.857142857143,42.83302110141619,19.83,1462053.0
2022-04-23 21:00:00,7246.182333333333,6377.5,25717.0,4500.428571428572,4996.428571428572,42.83302110141619,19.83,1462053.0
2022-04-24 21:00:00,7236.672,6388.75,24625.5,4562.0,5051.0,42.83302110141619,19.83,1462053.0
2022-04-25 21:00:00,7227.161666666667,6400.0,23534.0,4623.571428571428,5105.571428571428,42.83302110141619,19.83,1462053.0
2022-04-26 21:00:00,7217.651333333333,6987.0,33719.0,4685.142857142857,5160.142857142857,42.83302110141619,19.83,1462053.0
2022-04-27 21:00:00,7208.141,6914.0,26485.0,4746.714285714286,5214.714285714285,42.83302110141619,19.83,1462053.0
2022-04-28 21:00:00,7198.630666666666,7104.0,25313.0,4808.285714285714,5269.285714285714,42.83302110141619,19.83,1462053.0
2022-04-29 21:00:00,7189.120333333333,7045.333333333333,24379.333333333332,4869.857142857143,5323.857142857143,42.83302110141619,19.83,1462053.0
2022-04-30 21:00:00,7179.61,6986.666666666667,23445.666666666668,4931.428571428572,5378.428571428572,42.83302110141619,19.83,1462053.0
2022-05-01 21:00:00,7190.883225806451,6928.0,22512.0,4993.0,5433.0,42.83302110141619,19.98,1461029.0
2022-05-02 21:00:00,7202.156451612903,6869.333333333333,21578.333333333332,5271.0,5666.666666666667,42.83302110141619,19.98,1461029.0
2022-05-03 21:00:00,7213.429677419354,6810.666666666667,20644.666666666668,5549.0,5900.333333333333,42.83302110141619,19.98,1461029.0
2022-05-04 21:00:00,7224.702903225806,6752.0,19711.0,5827.0,6134.0,42.83302110141619,19.98,1461029.0
2022-05-05 21:00:00,7235.976129032258,6400.0,30262.0,6409.0,5657.0,42.83302110141619,19.98,1461029.0
2022-05-06 21:00:00,7247.249354838709,6378.25,27831.25,5274.5,5032.0,42.83302110141619,19.98,1461029.0
2022-05-07 21:00:00,7258.522580645161,6356.5,25400.5,4140.0,4407.0,42.83302110141619,19.98,1461029.0
2022-05-08 21:00:00,7269.795806451612,6334.75,22969.75,3915.0,4120.0,42.83302110141619,19.98,1461029.0
2022-05-09 21:00:00,7281.069032258064,6313.0,20539.0,3690.0,3833.0,42.83302110141619,19.98,1461029.0
2022-05-10 21:00:00,7292.342258064516,6476.0,25620.0,3837.0,4033.0,42.83302110141619,19.98,1461029.0
2022-05-11 21:00:00,7303.615483870967,6342.0,29055.0,3903.0,3972.0,42.83302110141619,19.98,1461029.0
2022-05-12 21:00:00,7314.888709677419,6369.0,18659.0,3969.0,3911.0,42.83302110141619,19.98,1461029.0
2022-05-13 21:00:00,7326.16193548387,6305.75,19315.25,4022.0,3990.8,42.83302110141619,19.98,1461029.0
2022-05-14 21:00:00,7337.435161290322,6242.5,19971.5,4075.0,4070.6,42.83302110141619,19.98,1461029.0
2022-05-15 21:00:00,7348.708387096774,6179.25,20627.75,4128.0,4150.4,42.83302110141619,19.98,1461029.0
2022-05-16 21:00:00,7359.981612903226,6116.0,21284.0,4181.0,4230.2,42.83302110141619,19.98,1461029.0
2022-05-17 21:00:00,7371.254838709678,6134.0,20288.0,4234.0,4310.0,42.83302110141619,19.98,1461029.0
2022-05-18 21:00:00,7382.528064516129,6072.0,28534.0,4287.0,4389.8,42.83302110141619,19.98,1461029.0
2022-05-19 21:00:00,7393.801290322581,6109.0,45978.0,4340.0,4469.6,42.83302110141619,19.98,1461029.0
2022-05-20 21:00:00,7405.074516129032,6202.25,41845.25,4393.0,4549.4,42.83302110141619,19.98,1461029.0
2022-05-21 21:00:00,7416.347741935484,6295.5,37712.5,4446.0,4629.2,42.83302110141619,19.98,1461029.0
2022-05-22 21:00:00,7427.620967741936,6388.75,33579.75,4499.0,4709.0,42.83302110141619,19.98,1461029.0
2022-05-23 21:00:00,7438.894193548387,6482.0,29447.0,4552.0,4788.8,42.83302110141619,19.98,1461029.0
2022-05-24 21:00:00,7450.167419354839,6383.0,27640.0,4605.0,4868.6,42.83302110141619,19.98,1461029.0
2022-05-25 21:00:00,7461.44064516129,6533.0,30752.0,4658.0,4948.4,42.83302110141619,19.98,1461029.0
2022-05-26 21:00:00,7472.713870967742,6353.0,33978.0,4711.0,5028.2,42.83302110141619,19.98,1461029.0
2022-05-27 21:00:00,7483.987096774194,6340.75,32650.25,4764.0,5108.0,42.83302110141619,19.98,1461029.0
2022-05-28 21:00:00,7495.260322580645,6328.5,31322.5,4817.0,5187.8,42.83302110141619,19.98,1461029.0
2022-05-29 21:00:00,7506.533548387097,6316.25,29994.75,4870.0,5267.6,42.83302110141619,19.98,1461029.0
2022-05-30 21:00:00,7517.806774193548,6304.0,28667.0,4923.0,5347.4,42.83302110141619,19.98,1461029.0
2022-05-31 21:00:00,7529.08,6356.0,24278.0,4976.0,5427.2,42.83302110141619,19.98,1461029.0
2022-06-01 21:00:00,7498.353333333333,6468.0,24815.0,5029.0,5507.0,42.83302110141619,19.66,1545111.0
2022-06-02 21:00:00,7467.626666666667,6453.0,23100.0,5326.333333333333,5695.333333333333,42.83302110141619,19.66,1545111.0
2022-06-03 21:00:00,7436.9,6466.0,22528.25,5623.666666666667,5883.666666666667,42.83302110141619,19.66,1545111.0
2022-06-04 21:00:00,7406.173333333333,6479.0,21956.5,5921.0,6072.0,42.83302110141619,19.66,1545111.0
2022-06-05 21:00:00,7375.446666666667,6492.0,21384.75,6194.0,4820.0,42.83302110141619,19.66,1545111.0
2022-06-06 21:00:00,7344.72,6505.0,20813.0,6467.0,3568.0,42.83302110141619,19.66,1545111.0
2022-06-07 21:00:00,7313.993333333333,6467.0,27243.0,4157.0,4182.0,42.83302110141619,19.66,1545111.0
2022-06-08 21:00:00,7283.266666666666,6210.0,28912.0,3849.0,4096.5,42.83302110141619,19.66,1545111.0
2022-06-09 21:00:00,7252.54,5920.0,28057.0,3541.0,4011.0,42.83302110141619,19.66,1545111.0
2022-06-10 21:00:00,7221.813333333333,5902.0,27274.5,3692.0,4022.0,42.83302110141619,19.66,1545111.0
2022-06-11 21:00:00,7191.086666666666,5884.0,26492.0,3817.5,3931.5,42.83302110141619,19.66,1545111.0
2022-06-12 21:00:00,7160.36,5866.0,25709.5,3943.0,3841.0,42.83302110141619,19.66,1545111.0
2022-06-13 21:00:00,7129.633333333333,5848.0,24927.0,4025.55,3945.75,42.83302110141619,19.66,1545111.0
2022-06-14 21:00:00,7098.906666666667,5657.0,27140.0,4108.1,4050.5,42.83302110141619,19.66,1545111.0
2022-06-15 21:00:00,7068.18,5473.0,31942.0,4190.65,4155.25,42.83302110141619,19.66,1545111.0
2022-06-16 21:00:00,7037.453333333333,5454.0,26351.0,4273.2,4260.0,42.83302110141619,19.66,1545111.0
2022-06-17 21:00:00,7006.7266666666665,5335.5,28968.75,4355.75,4364.75,42.83302110141619,19.66,1545111.0
2022-06-18 21:00:00,6976.0,5217.0,31586.5,4438.3,4469.5,42.83302110141619,19.66,1545111.0
2022-06-19 21:00:00,6945.273333333333,5098.5,34204.25,4520.85,4574.25,42.83302110141619,19.66,1545111.0
2022-06-20 21:00:00,6914.546666666666,4980.0,36822.0,4603.4,4679.0,42.83302110141619,19.66,1545111.0
2022-06-21 21:00:00,6883.82,4499.0,35155.0,4685.95,4783.75,42.83302110141619,19.66,1545111.0
2022-06-22 21:00:00,6853.093333333333,4744.0,38632.0,4768.5,4888.5,42.83302110141619,19.66,1545111.0
2022-06-23 21:00:00,6822.366666666667,4664.0,32617.0,4851.05,4993.25,42.83302110141619,19.66,1545111.0
2022-06-24 21:00:00,6791.639999999999,4745.25,31880.25,4933.6,5098.0,42.83302110141619,19.66,1545111.0
2022-06-25 21:00:00,6760.913333333333,4826.5,31143.5,5016.15,5202.75,42.83302110141619,19.66,1545111.0
2022-06-26 21:00:00,6730.1866666666665,4907.75,30406.75,5098.7,5307.5,42.83302110141619,19.66,1545111.0
2022-06-27 21:00:00,6699.46,4989.0,29670.0,5181.25,5412.25,42.83302110141619,19.66,1545111.0
2022-06-28 21:00:00,6668.733333333333,4903.0,26733.0,5263.8,5517.0,42.83302110141619,19.66,1545111.0
2022-06-29 21:00:00,6638.006666666666,4910.0,25836.0,5346.35,5621.75,42.83302110141619,19.66,1545111.0
2022-06-30 21:00:00,6607.28,4708.0,38871.0,5428.9,5726.5,42.83302110141619,19.66,1545111.0
2022-07-01 21:00:00,6545.542258064516,4574.5,36637.5,5511.45,5831.25,42.83302110141619,19.68,1253581.0
2022-07-02 21:00:00,6483.804516129032,4441.0,34404.0,5594.0,5936.0,42.83302110141619,19.68,1253581.0
2022-07-03 21:00:00,6422.066774193549,4307.5,32170.5,7074.0,6288.0,42.83302110141619,19.68,1253581.0
2022-07-04 21:00:00,6360.329032258064,4174.0,29937.0,6005.0,6109.0,42.83302110141619,19.68,1253581.0
2022-07-05 21:00:00,6298.591290322581,4055.0,46630.0,6107.5,4848.5,42.83302110141619,19.68,1253581.0
2022-07-06 21:00:00,6236.853548387096,4140.0,44418.0,6210.0,3588.0,42.83302110141619,19.68,1253581.0
2022-07-07 21:00:00,6175.115806451613,4157.0,33946.0,4116.0,4193.0,42.83302110141619,19.68,1253581.0
2022-07-08 21:00:00,6113.378064516129,4146.75,31032.25,3855.0,4155.5,42.83302110141619,19.68,1253581.0
2022-07-09 21:00:00,6051.640322580645,4136.5,28118.5,3594.0,4118.0,42.83302110141619,19.68,1253581.0
2022-07-10 21:00:00,5989.902580645161,4126.25,25204.75,3896.0,4018.0,42.83302110141619,19.68,1253581.0
2022-07-11 21:00:00,5928.1648387096775,4116.0,22291.0,4198.0,3918.0,42.83302110141619,19.68,1253581.0
2022-07-12 21:00:00,5866.427096774193,3761.0,33915.0,3995.0,3795.0,42.83302110141619,19.68,1253581.0
2022-07-13 21:00:00,5804.68935483871,3568.0,43524.0,4068.3333333333335,3882.3333333333335,42.83302110141619,19.68,1253581.0
2022-07-14 21:00:00,5742.951612903225,3588.0,31057.0,4141.666666666667,3969.6666666666665,42.83302110141619,19.68,1253581.0
2022-07-15 21:00:00,5681.213870967742,3644.0,32691.25,4215.0,4057.0,42.83302110141619,19.68,1253581.0
2022-07-16 21:00:00,5619.476129032258,3700.0,34325.5,4288.333333333333,4144.333333333333,42.83302110141619,19.68,1253581.0
2022-07-17 21:00:00,5557.738387096774,3756.0,35959.75,4361.666666666667,4231.666666666667,42.83302110141619,19.68,1253581.0
2022-07-18 21:00:00,5496.00064516129,3812.0,37594.0,4435.0,4319.0,42.83302110141619,19.68,1253581.0
2022-07-19 21:00:00,5434.262903225806,3935.0,35675.0,4508.333333333333,4406.333333333333,42.83302110141619,19.68,1253581.0
2022-07-20 21:00:00,5372.525161290322,3720.0,28284.0,4581.666666666667,4493.666666666667,42.83302110141619,19.68,1253581.0
2022-07-21 21:00:00,5310.787419354839,3704.0,30519.0,4655.0,4581.0,42.83302110141619,19.68,1253581.0
2022-07-22 21:00:00,5249.049677419354,3724.75,31264.5,4728.333333333333,4668.333333333333,42.83302110141619,19.68,1253581.0
2022-07-23 21:00:00,5187.311935483871,3745.5,32010.0,4801.666666666667,4755.666666666667,42.83302110141619,19.68,1253581.0
2022-07-24 21:00:00,5125.574193548388,3766.25,32755.5,4875.0,4843.0,42.83302110141619,19.68,1253581.0
2022-07-25 21:00:00,5063.836451612903,3787.0,33501.0,4948.333333333333,4930.333333333333,42.83302110141619,19.68,1253581.0
2022-07-26 21:00:00,5002.098709677419,3826.0,34128.0,5021.666666666666,5017.666666666666,42.83302110141619,19.68,1253581.0
2022-07-27 21:00:00,4940.360967741935,3957.0,33199.0,5095.0,5105.0,42.83302110141619,19.68,1253581.0
2022-07-28 21:00:00,4878.623225806452,4289.0,32535.0,5168.333333333333,5192.333333333333,42.83302110141619,19.68,1253581.0
2022-07-29 21:00:00,4816.885483870968,4177.0,31808.5,5241.666666666666,5279.666666666666,42.83302110141619,19.68,1253581.0
2022-07-30 21:00:00,4755.147741935483,4065.0,31082.0,5315.0,5367.0,42.83302110141619,19.68,1253581.0
2022-07-31 21:00:00,4693.41,3953.0,30355.5,5388.333333333333,5454.333333333333,42.83302110141619,19.68,1253581.0
2022-08-01 21:00:00,4689.808064516129,3841.0,29629.0,5461.666666666666,5541.666666666666,42.83302110141619,19.39,1137462.0
2022-08-02 21:00:00,4686.206129032258,3864.0,23199.0,5535.0,5629.0,42.83302110141619,19.39,1137462.0
2022-08-03 21:00:00,4682.604193548387,3821.0,29146.0,6961.0,6468.0,42.83302110141619,19.39,1137462.0
2022-08-04 21:00:00,4679.002258064516,3878.0,18800.0,6614.0,5582.666666666667,42.83302110141619,19.39,1137462.0
2022-08-05 21:00:00,4675.4003225806455,3938.25,20455.25,6267.0,4697.333333333333,42.83302110141619,19.39,1137462.0
2022-08-06 21:00:00,4671.798387096774,3998.5,22110.5,5920.0,3812.0,42.83302110141619,19.39,1137462.0
2022-08-07 21:00:00,4668.196451612903,4058.75,23765.75,5015.5,3774.5,42.83302110141619,19.39,1137462.0
2022-08-08 21:00:00,4664.594516129032,4119.0,25421.0,4111.0,3737.0,42.83302110141619,19.39,1137462.0
2022-08-09 21:00:00,4660.992580645161,4111.0,18789.0,3683.0,4096.0,42.83302110141619,19.39,1137462.0
2022-08-10 21:00:00,4657.39064516129,4264.0,20210.0,3930.5,3982.5,42.83302110141619,19.39,1137462.0
2022-08-11 21:00:00,4653.788709677419,4407.0,29127.0,4178.0,3869.0,42.83302110141619,19.39,1137462.0
2022-08-12 21:00:00,4650.186774193548,4350.75,27389.25,3737.0,3867.0,42.83302110141619,19.39,1137462.0
2022-08-13 21:00:00,4646.584838709678,4294.5,25651.5,3824.4285714285716,3967.0,42.83302110141619,19.39,1137462.0
2022-08-14 21:00:00,4642.982903225807,4238.25,23913.75,3911.8571428571427,4067.0,42.83302110141619,19.39,1137462.0
2022-08-15 21:00:00,4639.380967741936,4182.0,22176.0,3999.285714285714,4167.0,42.83302110141619,19.39,1137462.0
2022-08-16 21:00:00,4635.779032258064,4193.0,23018.0,4086.714285714286,4267.0,42.83302110141619,19.39,1137462.0
2022-08-17 21:00:00,4632.177096774193,4043.0,27851.0,4174.142857142857,4367.0,42.83302110141619,19.39,1137462.0
2022-08-18 21:00:00,4628.575161290322,4093.0,27827.0,4261.571428571428,4467.0,42.83302110141619,19.39,1137462.0
2022-08-19 21:00:00,4624.973225806451,4128.25,28164.5,4349.0,4567.0,42.83302110141619,19.39,1137462.0
2022-08-20 21:00:00,4621.3712903225805,4163.5,28502.0,4436.428571428572,4667.0,42.83302110141619,19.39,1137462.0
2022-08-21 21:00:00,4617.76935483871,4198.75,28839.5,4523.857142857143,4767.0,42.83302110141619,19.39,1137462.0
2022-08-22 21:00:00,4614.167419354839,4234.0,29177.0,4611.285714285715,4867.0,42.83302110141619,19.39,1137462.0
2022-08-23 21:00:00,4610.565483870968,4308.0,35028.0,4698.714285714286,4967.0,42.83302110141619,19.39,1137462.0
2022-08-24 21:00:00,4606.963548387097,4258.0,24701.0,4786.142857142857,5067.0,42.83302110141619,19.39,1137462.0
2022-08-25 21:00:00,4603.361612903226,4172.0,22107.0,4873.571428571428,5167.0,42.83302110141619,19.39,1137462.0
2022-08-26 21:00:00,4599.759677419354,4165.0,23932.0,4961.0,5267.0,42.83302110141619,19.39,1137462.0
2022-08-27 21:00:00,4596.157741935484,4158.0,25757.0,5048.428571428572,5367.0,42.83302110141619,19.39,1137462.0
2022-08-28 21:00:00,4592.555806451613,4151.0,27582.0,5135.857142857143,5467.0,42.83302110141619,19.39,1137462.0
2022-08-29 21:00:00,4588.953870967742,4144.0,29407.0,5223.285714285714,5567.0,42.83302110141619,19.39,1137462.0
2022-08-30 21:00:00,4585.351935483871,4069.0,26243.0,5310.714285714286,5667.0,42.83302110141619,19.39,1137462.0
2022-08-31 21:00:00,4581.75,3994.0,23079.0,5398.142857142857,5767.0,42.83302110141619,19.39,1137462.0
2022-09-01 21:00:00,4566.860333333333,3915.0,23887.0,5485.571428571428,5867.0,42.83302110141619,19.57,1411223.0
2022-09-02 21:00:00,4551.970666666667,3885.5,23280.5,5573.0,5967.0,42.83302110141619,19.57,1411223.0
2022-09-03 21:00:00,4537.081,3856.0,22674.0,6707.0,6463.0,42.83302110141619,19.57,1411223.0
2022-09-04 21:00:00,4522.191333333333,3826.5,22067.5,6591.5,5968.0,42.83302110141619,19.57,1411223.0
2022-09-05 21:00:00,4507.301666666666,3797.0,21461.0,6476.0,5473.0,42.83302110141619,19.57,1411223.0
2022-09-06 21:00:00,4492.412,3690.0,31664.0,5793.0,3935.0,42.83302110141619,19.57,1411223.0
2022-09-07 21:00:00,4477.522333333333,3541.0,33669.0,5028.5,3911.0,42.83302110141619,19.57,1411223.0
2022-09-08 21:00:00,4462.632666666666,3594.0,26566.0,4264.0,3887.0,42.83302110141619,19.57,1411223.0
2022-09-09 21:00:00,4447.743,3670.0,25786.75,4271.666666666667,3911.3333333333335,42.83302110141619,19.57,1411223.0
2022-09-10 21:00:00,4432.8533333333335,3746.0,25007.5,4279.333333333333,3935.6666666666665,42.83302110141619,19.57,1411223.0
2022-09-11 21:00:00,4417.9636666666665,3822.0,24228.25,4287.0,3960.0,42.83302110141619,19.57,1411223.0
2022-09-12 21:00:00,4403.0740000000005,3898.0,23449.0,4324.65,4038.95,42.83302110141619,19.57,1411223.0
2022-09-13 21:00:00,4388.184333333334,3856.0,21413.0,4362.3,4117.9,42.83302110141619,19.57,1411223.0
2022-09-14 21:00:00,4373.294666666667,3724.0,19372.0,4399.95,4196.85,42.83302110141619,19.57,1411223.0
2022-09-15 21:00:00,4358.405000000001,3726.6,21707.4,4437.6,4275.8,42.83302110141619,19.57,1411223.0
2022-09-16 21:00:00,4343.515333333334,3729.2,24042.8,4475.25,4354.75,42.83302110141619,19.57,1411223.0
2022-09-17 21:00:00,4328.625666666667,3731.8,26378.2,4512.9,4433.7,42.83302110141619,19.57,1411223.0
2022-09-18 21:00:00,4313.736,3734.4,28713.6,4550.55,4512.65,42.83302110141619,19.57,1411223.0
2022-09-19 21:00:00,4298.846333333334,3737.0,31049.0,4588.2,4591.6,42.83302110141619,19.57,1411223.0
2022-09-20 21:00:00,4283.956666666667,3887.0,30663.0,4625.85,4670.55,42.83302110141619,19.57,1411223.0
2022-09-21 21:00:00,4269.067,3826.0,24587.0,4663.5,4749.5,42.83302110141619,19.57,1411223.0
2022-09-22 21:00:00,4254.177333333334,3736.0,27044.0,4701.15,4828.45,42.83302110141619,19.57,1411223.0
2022-09-23 21:00:00,4239.287666666667,3682.75,26823.25,4738.8,4907.4,42.83302110141619,19.57,1411223.0
2022-09-24 21:00:00,4224.398,3629.5,26602.5,4776.45,4986.35,42.83302110141619,19.57,1411223.0
2022-09-25 21:00:00,4209.508333333333,3576.25,26381.75,4814.1,5065.3,42.83302110141619,19.57,1411223.0
2022-09-26 21:00:00,4194.618666666667,3523.0,26161.0,4851.75,5144.25,42.83302110141619,19.57,1411223.0
2022-09-27 21:00:00,4179.729,3226.0,36951.0,4889.4,5223.2,42.83302110141619,19.57,1411223.0
2022-09-28 21:00:00,4164.839333333333,3342.0,34475.0,4927.05,5302.15,42.83302110141619,19.57,1411223.0
2022-09-29 21:00:00,4149.949666666667,3416.0,24306.0,4964.7,5381.1,42.83302110141619,19.57,1411223.0
2022-09-30 21:00:00,4135.06,3465.5,24132.0,5002.35,5460.05,42.83302110141619,19.57,1411223.0
2022-10-01 21:00:00,4136.262258064517,3515.0,23958.0,5040.0,5539.0,42.83302110141619,19.83,1462053.0
2022-10-02 21:00:00,4137.464516129033,3564.5,23784.0,5667.0,6192.0,42.83302110141619,19.83,1462053.0
2022-10-03 21:00:00,4138.666774193549,3614.0,23610.0,6361.0,6308.0,42.83302110141619,19.83,1462053.0
2022-10-04 21:00:00,4139.869032258065,3642.0,23933.0,6351.5,5881.0,42.83302110141619,19.83,1462053.0
2022-10-05 21:00:00,4141.071290322581,3700.0,24441.0,6342.0,5454.0,42.83302110141619,19.83,1462053.0
2022-10-06 21:00:00,4142.273548387097,3837.0,20221.0,5697.0,4911.333333333333,42.83302110141619,19.83,1462053.0
2022-10-07 21:00:00,4143.475806451614,3800.75,21402.5,5052.0,4368.666666666667,42.83302110141619,19.83,1462053.0
2022-10-08 21:00:00,4144.678064516129,3764.5,22584.0,4407.0,3826.0,42.83302110141619,19.83,1462053.0
2022-10-09 21:00:00,4145.880322580645,3728.25,23765.5,4071.5,3838.0,42.83302110141619,19.83,1462053.0
2022-10-10 21:00:00,4147.082580645161,3692.0,24947.0,3736.0,3850.0,42.83302110141619,19.83,1462053.0
2022-10-11 21:00:00,4148.284838709677,3736.0,24390.0,4112.0,3898.0,42.83302110141619,19.83,1462053.0
2022-10-12 21:00:00,4149.487096774194,3665.0,22814.0,4161.952380952381,3990.4761904761904,42.83302110141619,19.83,1462053.0
2022-10-13 21:00:00,4150.68935483871,3833.0,29867.0,4211.9047619047615,4082.9523809523807,42.83302110141619,19.83,1462053.0
2022-10-14 21:00:00,4151.891612903226,3877.5,33991.25,4261.857142857143,4175.428571428572,42.83302110141619,19.83,1462053.0
2022-10-15 21:00:00,4153.093870967742,3922.0,38115.5,4311.809523809524,4267.9047619047615,42.83302110141619,19.83,1462053.0
2022-10-16 21:00:00,4154.296129032258,3966.5,42239.75,4361.761904761905,4360.380952380952,42.83302110141619,19.83,1462053.0
2022-10-17 21:00:00,4155.498387096774,4011.0,46364.0,4411.714285714285,4452.857142857143,42.83302110141619,19.83,1462053.0
2022-10-18 21:00:00,4156.700645161291,4118.0,42105.0,4461.666666666667,4545.333333333333,42.83302110141619,19.83,1462053.0
2022-10-19 21:00:00,4157.902903225807,4096.0,37902.0,4511.619047619048,4637.809523809524,42.83302110141619,19.83,1462053.0
2022-10-20 21:00:00,4159.105161290323,4101.0,27213.0,4561.571428571428,4730.285714285715,42.83302110141619,19.83,1462053.0
2022-10-21 21:00:00,4160.307419354839,4107.5,28540.25,4611.523809523809,4822.761904761905,42.83302110141619,19.83,1462053.0
2022-10-22 21:00:00,4161.509677419355,4114.0,29867.5,4661.476190476191,4915.238095238095,42.83302110141619,19.83,1462053.0
2022-10-23 21:00:00,4162.711935483872,4120.5,31194.75,4711.428571428572,5007.714285714286,42.83302110141619,19.83,1462053.0
2022-10-24 21:00:00,4163.914193548387,4127.0,32522.0,4761.380952380952,5100.190476190476,42.83302110141619,19.83,1462053.0
2022-10-25 21:00:00,4165.116451612903,4121.0,35325.0,4811.333333333333,5192.666666666667,42.83302110141619,19.83,1462053.0
2022-10-26 21:00:00,4166.318709677419,4147.0,30639.0,4861.285714285714,5285.142857142857,42.83302110141619,19.83,1462053.0
2022-10-27 21:00:00,4167.520967741935,3989.0,35395.0,4911.238095238095,5377.619047619048,42.83302110141619,19.83,1462053.0
2022-10-28 21:00:00,4168.723225806451,4050.0,35523.5,4961.190476190476,5470.0952380952385,42.83302110141619,19.83,1462053.0
2022-10-29 21:00:00,4169.925483870968,4111.0,35652.0,5011.142857142857,5562.571428571428,42.83302110141619,19.83,1462053.0
2022-10-30 21:00:00,4171.127741935484,4172.0,35780.5,5061.0952380952385,5655.047619047619,42.83302110141619,19.83,1462053.0
2022-10-31 21:00:00,4172.33,4233.0,35909.0,5111.047619047619,5747.523809523809,42.83302110141619,19.83,1462053.0
2022-11-01 21:00:00,4179.446333333333,4398.0,28666.0,5161.0,5840.0,42.83302110141619,19.98,1461029.0
2022-11-02 21:00:00,4186.562666666667,4337.0,27829.0,5485.666666666667,6054.0,42.83302110141619,19.98,1461029.0
2022-11-03 21:00:00,4193.679,4367.0,28196.0,5810.333333333333,6268.0,42.83302110141619,19.98,1461029.0
2022-11-04 21:00:00,4200.7953333333335,4365.5,26096.75,6135.0,6482.0,42.83302110141619,19.98,1461029.0
2022-11-05 21:00:00,4207.911666666667,4364.0,23997.5,6369.0,4980.0,42.83302110141619,19.98,1461029.0
2022-11-06 21:00:00,4215.028,4362.5,21898.25,5065.0,4511.5,42.83302110141619,19.98,1461029.0
2022-11-07 21:00:00,4222.144333333334,4361.0,19799.0,3761.0,4043.0,42.83302110141619,19.98,1461029.0
2022-11-08 21:00:00,4229.260666666666,4198.0,27329.0,4125.0,3736.0,42.83302110141619,19.98,1461029.0
2022-11-09 21:00:00,4236.377,4178.0,28322.0,3895.0,3870.0,42.83302110141619,19.98,1461029.0
2022-11-10 21:00:00,4243.493333333333,4287.0,26116.0,3665.0,4004.0,42.83302110141619,19.98,1461029.0
2022-11-11 21:00:00,4250.609666666666,4223.5,25919.75,3734.4285714285716,4098.190476190476,42.83302110141619,19.98,1461029.0
2022-11-12 21:00:00,4257.726,4160.0,25723.5,3803.8571428571427,4192.380952380952,42.83302110141619,19.98,1461029.0
2022-11-13 21:00:00,4264.842333333333,4096.5,25527.25,3873.285714285714,4286.571428571428,42.83302110141619,19.98,1461029.0
2022-11-14 21:00:00,4271.958666666666,4033.0,25331.0,3942.714285714286,4380.761904761905,42.83302110141619,19.98,1461029.0
2022-11-15 21:00:00,4279.075,4022.0,22705.0,4012.1428571428573,4474.952380952381,42.83302110141619,19.98,1461029.0
2022-11-16 21:00:00,4286.191333333333,3850.0,33692.0,4081.5714285714284,4569.142857142857,42.83302110141619,19.98,1461029.0
2022-11-17 21:00:00,4293.307666666667,3880.8,33429.2,4151.0,4663.333333333333,42.83302110141619,19.98,1461029.0
2022-11-18 21:00:00,4300.424,3911.6,33166.4,4220.428571428572,4757.523809523809,42.83302110141619,19.98,1461029.0
2022-11-19 21:00:00,4307.540333333333,3942.4,32903.6,4289.857142857143,4851.714285714285,42.83302110141619,19.98,1461029.0
2022-11-20 21:00:00,4314.656666666667,3973.2,32640.8,4359.285714285715,4945.9047619047615,42.83302110141619,19.98,1461029.0
2022-11-21 21:00:00,4321.773,4004.0,32378.0,4428.714285714286,5040.0952380952385,42.83302110141619,19.98,1461029.0
2022-11-22 21:00:00,4328.8893333333335,4105.0,29746.0,4498.142857142857,5134.285714285714,42.83302110141619,19.98,1461029.0
2022-11-23 21:00:00,4336.005666666666,4040.0,27208.0,4567.571428571428,5228.476190476191,42.83302110141619,19.98,1461029.0
2022-11-24 21:00:00,4343.121999999999,4140.0,22353.0,4637.0,5322.666666666667,42.83302110141619,19.98,1461029.0
2022-11-25 21:00:00,4350.238333333333,4159.75,24903.75,4706.428571428572,5416.857142857143,42.83302110141619,19.98,1461029.0
2022-11-26 21:00:00,4357.354666666666,4179.5,27454.5,4775.857142857143,5511.047619047619,42.83302110141619,19.98,1461029.0
2022-11-27 21:00:00,4364.471,4199.25,30005.25,4845.285714285714,5605.238095238095,42.83302110141619,19.98,1461029.0
2022-11-28 21:00:00,4371.587333333333,4219.0,32556.0,4914.714285714286,5699.428571428572,42.83302110141619,19.98,1461029.0
2022-11-29 21:00:00,4378.703666666666,4234.0,27172.0,4984.142857142857,5793.619047619048,42.83302110141619,19.98,1461029.0
2022-11-30 21:00:00,4385.82,4078.0,36073.0,5053.571428571428,5887.809523809524,42.83302110141619,19.98,1461029.0
2022-12-01 21:00:00,4378.198064516128,3952.0,33228.0,5123.0,5982.0,42.83302110141619,19.66,1545111.0
2022-12-02 21:00:00,4370.576129032258,3987.5,34488.25,5511.333333333333,6115.666666666667,42.83302110141619,19.66,1545111.0
2022-12-03 21:00:00,4362.954193548387,4023.0,35748.5,5899.666666666667,6249.333333333333,42.83302110141619,19.66,1545111.0
2022-12-04 21:00:00,4355.332258064516,4058.5,37008.75,6288.0,6383.0,42.83302110141619,19.66,1545111.0
2022-12-05 21:00:00,4347.710322580645,4094.0,38269.0,6116.0,4499.0,42.83302110141619,19.66,1545111.0
2022-12-06 21:00:00,4340.088387096774,3969.0,31210.0,4842.0,4296.0,42.83302110141619,19.66,1545111.0
2022-12-07 21:00:00,4332.466451612903,3943.0,26890.0,3568.0,4093.0,42.83302110141619,19.66,1545111.0
2022-12-08 21:00:00,4324.844516129032,3995.0,25641.0,3712.0,4097.0,42.83302110141619,19.66,1545111.0
2022-12-09 21:00:00,4317.222580645161,3967.75,27248.0,3856.0,4101.0,42.83302110141619,19.66,1545111.0
2022-12-10 21:00:00,4309.60064516129,3940.5,28855.0,3833.0,4105.0,42.83302110141619,19.66,1545111.0
2022-12-11 21:00:00,4301.978709677419,3913.25,30462.0,3891.5,3997.0,42.83302110141619,19.66,1545111.0
2022-12-12 21:00:00,4294.3567741935485,3886.0,32069.0,3950.0,3889.0,42.83302110141619,19.66,1545111.0
2022-12-13 21:00:00,4286.734838709677,3950.0,24267.0,3945.285714285714,3893.4285714285716,42.83302110141619,19.66,1545111.0
2022-12-14 21:00:00,4279.112903225806,3878.0,15781.0,3940.5714285714284,3897.8571428571427,42.83302110141619,19.66,1545111.0
2022-12-15 21:00:00,4271.490967741936,3918.0,25393.0,3935.8571428571427,3902.285714285714,42.83302110141619,19.66,1545111.0
2022-12-16 21:00:00,4263.869032258064,3905.75,25520.0,3931.1428571428573,3906.714285714286,42.83302110141619,19.66,1545111.0
2022-12-17 21:00:00,4256.247096774194,3893.5,25647.0,3926.4285714285716,3911.1428571428573,42.83302110141619,19.66,1545111.0
2022-12-18 21:00:00,4248.6251612903225,3881.25,25774.0,3921.714285714286,3915.5714285714284,42.83302110141619,19.66,1545111.0
2022-12-19 21:00:00,4241.003225806451,3869.0,25901.0,3917.0,3920.0,42.83302110141619,19.66,1545111.0
2022-12-20 21:00:00,4233.381290322581,3960.0,25490.0,3912.285714285714,3924.4285714285716,42.83302110141619,19.66,1545111.0
2022-12-21 21:00:00,4225.759354838709,3898.0,21174.0,3907.5714285714284,3928.8571428571427,42.83302110141619,19.66,1545111.0
2022-12-22 21:00:00,4218.137419354839,3830.0,27726.0,3902.8571428571427,3933.285714285714,42.83302110141619,19.66,1545111.0
2022-12-23 21:00:00,4210.515483870968,3897.5,27636.5,3898.1428571428573,3937.714285714286,42.83302110141619,19.66,1545111.0
2022-12-24 21:00:00,4202.893548387096,3965.0,27547.0,3893.4285714285716,3942.1428571428573,42.83302110141619,19.66,1545111.0
2022-12-25 21:00:00,4195.271612903226,4032.5,27457.5,3888.714285714286,3946.5714285714284,42.83302110141619,19.66,1545111.0
2022-12-26 21:00:00,4187.649677419355,4100.0,27368.0,3884.0,3951.0,42.83302110141619,19.66,1545111.0
2022-12-27 21:00:00,4180.027741935483,4087.0,19952.0,3879.285714285714,3955.4285714285716,42.83302110141619,19.66,1545111.0
2022-12-28 21:00:00,4172.405806451613,4090.0,18145.0,3874.5714285714284,3959.8571428571427,42.83302110141619,19.66,1545111.0
2022-12-29 21:00:00,4164.783870967742,4174.0,24970.0,3869.8571428571427,3964.285714285714,42.83302110141619,19.66,1545111.0
2022-12-30 21:00:00,4157.161935483871,4193.75,24862.75,3865.1428571428573,3968.714285714286,42.83302110141619,19.66,1545111.0
2022-12-31 21:00:00,4149.54,4213.5,24755.5,3860.4285714285716,3973.1428571428573,42.83302110141619,19.66,1545111.0
2023-01-01 21:00:00,4147.254193548387,4233.25,24648.25,3855.714285714286,3977.5714285714284,42.83302110141619,19.71,1380410.0
2023-01-02 21:00:00,4144.968387096774,4253.0,24541.0,3851.0,3982.0,42.83302110141619,19.71,1380410.0
2023-01-03 21:00:00,4142.682580645162,4169.0,30017.0,4352.0,3888.0,42.83302110141619,19.71,1380410.0
2023-01-04 21:00:00,4140.3967741935485,4090.0,29682.0,3888.5,3627.5,42.83302110141619,19.71,1380410.0
2023-01-05 21:00:00,4138.110967741935,4052.0,24469.0,3425.0,3367.0,42.83302110141619,19.71,1380410.0
2023-01-06 21:00:00,4135.825161290322,4035.0,26665.0,3316.0,3865.0,42.83302110141619,19.71,1380410.0
2023-01-07 21:00:00,4133.539354838709,4018.0,28861.0,3570.0,3774.0,42.83302110141619,19.71,1380410.0
2023-01-08 21:00:00,4131.253548387097,4001.0,31057.0,3824.0,3683.0,42.83302110141619,19.71,1380410.0
2023-01-09 21:00:00,4128.967741935484,3984.0,33253.0,3805.3333333333335,3700.3333333333335,42.83302110141619,19.71,1380410.0
2023-01-10 21:00:00,4126.681935483871,3911.0,26929.0,3786.6666666666665,3717.6666666666665,42.83302110141619,19.71,1380410.0
2023-01-11 21:00:00,4124.396129032258,3911.0,23574.0,3768.0,3735.0,42.83302110141619,19.71,1380410.0
2023-01-12 21:00:00,4122.1103225806455,3841.0,23502.0,3787.095238095238,3745.5238095238096,42.83302110141619,19.71,1380410.0
2023-01-13 21:00:00,4119.824516129032,3829.5,23391.25,3806.190476190476,3756.0476190476193,42.83302110141619,19.71,1380410.0
2023-01-14 21:00:00,4117.538709677419,3818.0,23280.5,3825.285714285714,3766.5714285714284,42.83302110141619,19.71,1380410.0
2023-01-15 21:00:00,4115.252903225806,3806.5,23169.75,3844.3809523809523,3777.095238095238,42.83302110141619,19.71,1380410.0
2023-01-16 21:00:00,4112.967096774193,3795.0,23059.0,3863.4761904761904,3787.6190476190477,42.83302110141619,19.71,1380410.0
2023-01-17 21:00:00,4110.681290322581,3867.0,27995.0,3882.5714285714284,3798.1428571428573,42.83302110141619,19.71,1380410.0
2023-01-18 21:00:00,4108.395483870968,3889.0,20603.0,3901.6666666666665,3808.6666666666665,42.83302110141619,19.71,1380410.0
2023-01-19 21:00:00,4106.109677419355,3892.0,20105.0,3920.7619047619046,3819.190476190476,42.83302110141619,19.71,1380410.0
2023-01-20 21:00:00,4103.823870967742,3864.2,21708.0,3939.8571428571427,3829.714285714286,42.83302110141619,19.71,1380410.0
2023-01-21 21:00:00,4101.5380645161285,3836.4,23311.0,3958.9523809523807,3840.2380952380954,42.83302110141619,19.71,1380410.0
2023-01-22 21:00:00,4099.252258064516,3808.6,24914.0,3978.0476190476193,3850.7619047619046,42.83302110141619,19.71,1380410.0
2023-01-23 21:00:00,4096.966451612903,3780.8,26517.0,3997.1428571428573,3861.285714285714,42.83302110141619,19.71,1380410.0
2023-01-24 21:00:00,4094.68064516129,3753.0,28120.0,4016.2380952380954,3871.809523809524,42.83302110141619,19.71,1380410.0
2023-01-25 21:00:00,4092.394838709677,3781.0,15967.0,4035.3333333333335,3882.3333333333335,42.83302110141619,19.71,1380410.0
2023-01-26 21:00:00,4090.109032258064,3902.0,21518.0,4054.4285714285716,3892.8571428571427,42.83302110141619,19.71,1380410.0
2023-01-27 21:00:00,4087.8232258064513,3880.25,21637.0,4073.5238095238096,3903.3809523809523,42.83302110141619,19.71,1380410.0
2023-01-28 21:00:00,4085.537419354839,3858.5,21756.0,4092.6190476190477,3913.904761904762,42.83302110141619,19.71,1380410.0
2023-01-29 21:00:00,4083.2516129032256,3836.75,21875.0,4111.714285714285,3924.4285714285716,42.83302110141619,19.71,1380410.0
2023-01-30 21:00:00,4080.965806451613,3815.0,21994.0,4130.809523809524,3934.9523809523807,42.83302110141619,19.71,1380410.0
2023-01-31 21:00:00,4078.68,3783.0,21164.5,4149.9047619047615,3945.4761904761904,42.83302110141619,19.71,1380410.0
2023-02-01 21:00:00,4081.457857142857,3751.0,20335.0,4169.0,3956.0,42.83302110141619,19.24,1253573.0
2023-02-02 21:00:00,4084.235714285714,3851.0,21405.0,3939.0,4017.0,42.83302110141619,19.24,1253573.0
2023-02-03 21:00:00,4087.013571428571,3873.0,21823.75,4283.0,3775.0,42.83302110141619,19.24,1253573.0
2023-02-04 21:00:00,4089.791428571428,3895.0,22242.5,3942.0,3595.5,42.83302110141619,19.24,1253573.0
2023-02-05 21:00:00,4092.569285714286,3917.0,22661.25,3601.0,3416.0,42.83302110141619,19.24,1253573.0
2023-02-06 21:00:00,4095.347142857143,3939.0,23080.0,3687.0,3519.3333333333335,42.83302110141619,19.24,1253573.0
2023-02-07 21:00:00,4098.125,3997.0,27391.0,3773.0,3622.6666666666665,42.83302110141619,19.24,1253573.0
2023-02-08 21:00:00,4100.902857142857,3973.0,19305.0,3859.0,3726.0,42.83302110141619,19.24,1253573.0
2023-02-09 21:00:00,4103.680714285714,3931.0,24158.0,3787.0,3734.5,42.83302110141619,19.24,1253573.0
2023-02-10 21:00:00,4106.458571428571,3937.25,22882.0,3715.0,3743.0,42.83302110141619,19.24,1253573.0
2023-02-11 21:00:00,4109.236428571428,3943.5,21606.0,3753.0,3670.0,42.83302110141619,19.24,1253573.0
2023-02-12 21:00:00,4112.0142857142855,3949.75,20330.0,3771.722222222222,3684.777777777778,42.83302110141619,19.24,1253573.0
2023-02-13 21:00:00,4114.792142857143,3956.0,19054.0,3790.4444444444443,3699.5555555555557,42.83302110141619,19.24,1253573.0
2023-02-14 21:00:00,4117.57,3936.0,20037.0,3809.1666666666665,3714.3333333333335,42.83302110141619,19.24,1253573.0
2023-02-15 21:00:00,4120.347857142857,4069.0,33987.0,3827.8888888888887,3729.1111111111113,42.83302110141619,19.24,1253573.0
2023-02-16 21:00:00,4123.125714285714,4131.0,28924.0,3846.6111111111113,3743.8888888888887,42.83302110141619,19.24,1253573.0
2023-02-17 21:00:00,4125.903571428571,4133.5,26525.5,3865.3333333333335,3758.6666666666665,42.83302110141619,19.24,1253573.0
2023-02-18 21:00:00,4128.681428571428,4136.0,24127.0,3884.0555555555557,3773.4444444444443,42.83302110141619,19.24,1253573.0
2023-02-19 21:00:00,4131.459285714286,4138.5,21728.5,3902.777777777778,3788.222222222222,42.83302110141619,19.24,1253573.0
2023-02-20 21:00:00,4134.237142857143,4141.0,19330.0,3921.5,3803.0,42.83302110141619,19.24,1253573.0
2023-02-21 21:00:00,4137.015,4146.0,25619.0,3940.222222222222,3817.777777777778,42.83302110141619,19.24,1253573.0
2023-02-22 21:00:00,4139.792857142857,4235.0,25455.0,3958.9444444444443,3832.5555555555557,42.83302110141619,19.24,1253573.0
2023-02-23 21:00:00,4142.5707142857145,4202.0,26762.0,3977.6666666666665,3847.3333333333335,42.83302110141619,19.24,1253573.0
2023-02-24 21:00:00,4145.348571428572,4187.0,26431.25,3996.3888888888887,3862.1111111111113,42.83302110141619,19.24,1253573.0
2023-02-25 21:00:00,4148.126428571429,4172.0,26100.5,4015.1111111111113,3876.8888888888887,42.83302110141619,19.24,1253573.0
2023-02-26 21:00:00,4150.904285714286,4157.0,25769.75,4033.8333333333335,3891.6666666666665,42.83302110141619,19.24,1253573.0
2023-02-27 21:00:00,4153.682142857143,4142.0,25439.0,4052.5555555555557,3906.4444444444443,42.83302110141619,19.24,1253573.0
2023-02-28 21:00:00,4156.46,4182.0,24447.0,4071.277777777778,3921.222222222222,42.83302110141619,19.24,1253573.0
2023-03-01 21:00:00,4162.500967741936,4294.0,34965.0,4090.0,3936.0,42.83302110141619,19.6,1288354.0
2023-03-02 21:00:00,4168.541935483871,4352.0,23175.0,4016.0,3776.3333333333335,42.83302110141619,19.6,1288354.0
2023-03-03 21:00:00,4174.582903225806,4315.25,22753.75,3942.0,3616.6666666666665,42.83302110141619,19.6,1288354.0
2023-03-04 21:00:00,4180.623870967742,4278.5,22332.5,3868.0,3457.0,42.83302110141619,19.6,1288354.0
2023-03-05 21:00:00,4186.6648387096775,4241.75,21911.25,3866.0,3543.6666666666665,42.83302110141619,19.6,1288354.0
2023-03-06 21:00:00,4192.705806451613,4205.0,21490.0,3864.0,3630.3333333333335,42.83302110141619,19.6,1288354.0
2023-03-07 21:00:00,4198.746774193548,4180.0,24500.0,3862.0,3717.0,42.83302110141619,19.6,1288354.0
2023-03-08 21:00:00,4204.787741935484,4205.0,25348.0,3772.0,3761.0,42.83302110141619,19.6,1288354.0
2023-03-09 21:00:00,4210.828709677419,4093.0,31296.0,3689.5,3781.5,42.83302110141619,19.6,1288354.0
2023-03-10 21:00:00,4216.869677419355,4065.25,31117.5,3607.0,3802.0,42.83302110141619,19.6,1288354.0
2023-03-11 21:00:00,4222.910645161291,4037.5,30939.0,3627.2272727272725,3814.1363636363635,42.83302110141619,19.6,1288354.0
2023-03-12 21:00:00,4228.951612903225,4009.75,30760.5,3647.4545454545455,3826.2727272727275,42.83302110141619,19.6,1288354.0
2023-03-13 21:00:00,4234.992580645161,3982.0,30582.0,3667.681818181818,3838.409090909091,42.83302110141619,19.6,1288354.0
2023-03-14 21:00:00,4241.033548387097,4017.0,22642.0,3687.909090909091,3850.5454545454545,42.83302110141619,19.6,1288354.0
2023-03-15 21:00:00,4247.074516129032,3933.0,28977.0,3708.1363636363635,3862.681818181818,42.83302110141619,19.6,1288354.0
2023-03-16 21:00:00,4253.115483870967,3920.0,26302.0,3728.3636363636365,3874.818181818182,42.83302110141619,19.6,1288354.0
2023-03-17 21:00:00,4259.156451612903,3886.0,27292.5,3748.590909090909,3886.9545454545455,42.83302110141619,19.6,1288354.0
2023-03-18 21:00:00,4265.197419354839,3852.0,28283.0,3768.818181818182,3899.090909090909,42.83302110141619,19.6,1288354.0
2023-03-19 21:00:00,4271.238387096774,3818.0,29273.5,3789.0454545454545,3911.2272727272725,42.83302110141619,19.6,1288354.0
2023-03-20 21:00:00,4277.279354838709,3784.0,30264.0,3809.272727272727,3923.3636363636365,42.83302110141619,19.6,1288354.0
2023-03-21 21:00:00,4283.320322580645,3664.0,34759.0,3829.5,3935.5,42.83302110141619,19.6,1288354.0
2023-03-22 21:00:00,4289.36129032258,3569.0,32147.0,3849.7272727272725,3947.6363636363635,42.83302110141619,19.6,1288354.0
2023-03-23 21:00:00,4295.402258064516,3512.0,44705.0,3869.9545454545455,3959.7727272727275,42.83302110141619,19.6,1288354.0
2023-03-24 21:00:00,4301.443225806452,3555.75,41111.0,3890.181818181818,3971.909090909091,42.83302110141619,19.6,1288354.0
2023-03-25 21:00:00,4307.484193548386,3599.5,37517.0,3910.409090909091,3984.0454545454545,42.83302110141619,19.6,1288354.0
2023-03-26 21:00:00,4313.525161290322,3643.25,33923.0,3930.6363636363635,3996.181818181818,42.83302110141619,19.6,1288354.0
2023-03-27 21:00:00,4319.566129032258,3687.0,30329.0,3950.8636363636365,4008.318181818182,42.83302110141619,19.6,1288354.0
2023-03-28 21:00:00,4325.607096774193,3707.0,23938.0,3971.090909090909,4020.4545454545455,42.83302110141619,19.6,1288354.0
2023-03-29 21:00:00,4331.648064516128,3788.0,27311.0,3991.318181818182,4032.590909090909,42.83302110141619,19.6,1288354.0
2023-03-30 21:00:00,4337.689032258064,3761.0,25778.0,4011.5454545454545,4044.727272727273,42.83302110141619,19.6,1288354.0
2023-03-31 21:00:00,4343.73,3812.25,25191.25,4031.772727272727,4056.8636363636365,42.83302110141619,19.6,1288354.0
2023-04-01 21:00:00,4347.134666666666,3863.5,24604.5,4052.0,4069.0,42.83302110141619,20.0,1194559.0
2023-04-02 21:00:00,4350.539333333333,3914.75,24017.75,3975.6666666666665,3857.3333333333335,42.83302110141619,20.0,1194559.0
2023-04-03 21:00:00,4353.944,3966.0,23431.0,3899.3333333333335,3645.6666666666665,42.83302110141619,20.0,1194559.0
2023-04-04 21:00:00,4357.348666666666,3868.0,30768.0,3823.0,3434.0,42.83302110141619,20.0,1194559.0
2023-04-05 21:00:00,4360.753333333333,3823.0,25155.0,3762.0,3452.0,42.83302110141619,20.0,1194559.0
2023-04-06 21:00:00,4364.157999999999,3794.0,25059.0,3836.5,3617.5,42.83302110141619,20.0,1194559.0
2023-04-07 21:00:00,4367.562666666667,3817.5,25681.25,3911.0,3783.0,42.83302110141619,20.0,1194559.0
2023-04-08 21:00:00,4370.967333333333,3841.0,26303.5,3896.0,3760.0,42.83302110141619,20.0,1194559.0
2023-04-09 21:00:00,4374.371999999999,3864.5,26925.75,3881.0,3737.0,42.83302110141619,20.0,1194559.0
2023-04-10 21:00:00,4377.776666666667,3888.0,27548.0,3600.0,3904.0,42.83302110141619,20.0,1194559.0
2023-04-11 21:00:00,4381.181333333333,3775.0,32076.0,3659.5,3849.0,42.83302110141619,20.0,1194559.0
2023-04-12 21:00:00,4384.585999999999,3713.0,29407.0,3719.0,3794.0,42.83302110141619,20.0,1194559.0
2023-04-13 21:00:00,4387.990666666667,3702.0,25708.0,3740.0,3811.7368421052633,42.83302110141619,20.0,1194559.0
2023-04-14 21:00:00,4391.395333333333,3723.75,27687.25,3761.0,3829.4736842105262,42.83302110141619,20.0,1194559.0
2023-04-15 21:00:00,4394.799999999999,3745.5,29666.5,3782.0,3847.2105263157896,42.83302110141619,20.0,1194559.0
2023-04-16 21:00:00,4398.2046666666665,3767.25,31645.75,3803.0,3864.9473684210525,42.83302110141619,20.0,1194559.0
2023-04-17 21:00:00,4401.609333333333,3789.0,33625.0,3824.0,3882.684210526316,42.83302110141619,20.0,1194559.0
2023-04-18 21:00:00,4405.014,3735.0,30183.0,3845.0,3900.4210526315787,42.83302110141619,20.0,1194559.0
2023-04-19 21:00:00,4408.4186666666665,3705.0,25983.0,3866.0,3918.157894736842,42.83302110141619,20.0,1194559.0
2023-04-20 21:00:00,4411.823333333333,3691.0,26447.0,3887.0,3935.8947368421054,42.83302110141619,20.0,1194559.0
2023-04-21 21:00:00,4415.228,3677.0,26911.0,3908.0,3953.6315789473683,42.83302110141619,20.0,1194559.0
2023-04-22 21:00:00,4418.632666666666,3663.0,27375.0,3929.0,3971.3684210526317,42.83302110141619,20.0,1194559.0
2023-04-23 21:00:00,4422.037333333333,3649.0,27839.0,3950.0,3989.1052631578946,42.83302110141619,20.0,1194559.0
2023-04-24 21:00:00,4425.442,3635.0,28303.0,3971.0,4006.842105263158,42.83302110141619,20.0,1194559.0
2023-04-25 21:00:00,4428.846666666666,3570.0,26305.0,3992.0,4024.578947368421,42.83302110141619,20.0,1194559.0
2023-04-26 21:00:00,4432.251333333334,3455.0,36367.0,4013.0,4042.315789473684,42.83302110141619,20.0,1194559.0
2023-04-27 21:00:00,4435.656,3338.0,42983.0,4034.0,4060.0526315789475,42.83302110141619,20.0,1194559.0
2023-04-28 21:00:00,4439.060666666666,3358.75,37975.5,4055.0,4077.7894736842104,42.83302110141619,20.0,1194559.0
2023-04-29 21:00:00,4442.465333333334,3379.5,32968.0,4076.0,4095.5263157894738,42.83302110141619,20.0,1194559.0
2023-04-30 21:00:00,4445.87,3400.25,27960.5,4097.0,4113.263157894737,42.83302110141619,20.0,1194559.0
2023-05-01 21:00:00,4438.957419354839,3421.0,22953.0,4118.0,4131.0,42.83302110141619,20.01,1517634.0
2023-05-02 21:00:00,4432.044838709678,3425.0,20643.0,4010.0,3884.6666666666665,42.83302110141619,20.01,1517634.0
2023-05-03 21:00:00,4425.1322580645165,3513.0,25842.5,3902.0,3638.3333333333335,42.83302110141619,20.01,1517634.0
2023-05-04 21:00:00,4418.219677419354,3601.0,31042.0,3794.0,3392.0,42.83302110141619,20.01,1517634.0
2023-05-05 21:00:00,4411.307096774193,3652.5,33721.0,3557.0,3636.5,42.83302110141619,20.01,1517634.0
2023-05-06 21:00:00,4404.394516129032,3704.0,36400.0,3320.0,3881.0,42.83302110141619,20.01,1517634.0
2023-05-07 21:00:00,4397.481935483871,3755.5,39079.0,3834.0,3846.0,42.83302110141619,20.01,1517634.0
2023-05-08 21:00:00,4390.56935483871,3807.0,41758.0,3833.0,3815.0,42.83302110141619,20.01,1517634.0
2023-05-09 21:00:00,4383.656774193549,3709.0,36132.0,3832.0,3784.0,42.83302110141619,20.01,1517634.0
2023-05-10 21:00:00,4376.744193548387,3603.0,24066.0,3605.0,3978.0,42.83302110141619,20.01,1517634.0
2023-05-11 21:00:00,4369.8316129032255,3648.0,25424.0,3653.5,3917.0,42.83302110141619,20.01,1517634.0
2023-05-12 21:00:00,4362.919032258064,3600.25,25975.0,3702.0,3856.0,42.83302110141619,20.01,1517634.0
2023-05-13 21:00:00,4356.006451612903,3552.5,26526.0,3716.0476190476193,3859.6666666666665,42.83302110141619,20.01,1517634.0
2023-05-14 21:00:00,4349.093870967742,3504.75,27077.0,3730.095238095238,3863.3333333333335,42.83302110141619,20.01,1517634.0
2023-05-15 21:00:00,4342.181290322581,3457.0,27628.0,3744.1428571428573,3867.0,42.83302110141619,20.01,1517634.0
2023-05-16 21:00:00,4335.268709677419,3434.0,35354.0,3758.190476190476,3870.6666666666665,42.83302110141619,20.01,1517634.0
2023-05-17 21:00:00,4328.356129032258,3392.0,24509.0,3772.2380952380954,3874.3333333333335,42.83302110141619,20.01,1517634.0
2023-05-18 21:00:00,4321.443548387097,3481.0,25600.0,3786.285714285714,3878.0,42.83302110141619,20.01,1517634.0
2023-05-19 21:00:00,4314.530967741936,3455.25,26600.75,3800.3333333333335,3881.6666666666665,42.83302110141619,20.01,1517634.0
2023-05-20 21:00:00,4307.618387096774,3429.5,27601.5,3814.3809523809523,3885.3333333333335,42.83302110141619,20.01,1517634.0
2023-05-21 21:00:00,4300.705806451613,3403.75,28602.25,3828.4285714285716,3889.0,42.83302110141619,20.01,1517634.0
2023-05-22 21:00:00,4293.793225806451,3378.0,29603.0,3842.4761904761904,3892.6666666666665,42.83302110141619,20.01,1517634.0
2023-05-23 21:00:00,4286.88064516129,3407.0,29407.0,3856.5238095238096,3896.3333333333335,42.83302110141619,20.01,1517634.0
2023-05-24 21:00:00,4279.968064516129,3493.0,28274.0,3870.5714285714284,3900.0,42.83302110141619,20.01,1517634.0
2023-05-25 21:00:00,4273.055483870968,3559.0,29125.0,3884.6190476190477,3903.6666666666665,42.83302110141619,20.01,1517634.0
2023-05-26 21:00:00,4266.142903225807,3520.0,29917.75,3898.6666666666665,3907.3333333333335,42.83302110141619,20.01,1517634.0
2023-05-27 21:00:00,4259.230322580645,3481.0,30710.5,3912.714285714286,3911.0,42.83302110141619,20.01,1517634.0
2023-05-28 21:00:00,4252.317741935483,3442.0,31503.25,3926.7619047619046,3914.6666666666665,42.83302110141619,20.01,1517634.0
2023-05-29 21:00:00,4245.405161290322,3403.0,32296.0,3940.809523809524,3918.3333333333335,42.83302110141619,20.01,1517634.0
2023-05-30 21:00:00,4238.492580645161,3201.0,37728.0,3954.8571428571427,3922.0,42.83302110141619,20.01,1517634.0
2023-05-31 21:00:00,4231.58,3279.0,27842.0,3968.904761904762,3925.6666666666665,42.83302110141619,20.01,1517634.0
2023-06-01 21:00:00,4216.772666666667,3381.0,23749.0,3982.9523809523807,3929.3333333333335,42.83302110141619,19.83,1447697.0
2023-06-02 21:00:00,4201.965333333334,3364.75,23542.0,3997.0,3933.0,42.83302110141619,19.83,1447697.0
2023-06-03 21:00:00,4187.158,3348.5,23335.0,4180.0,3713.0,42.83302110141619,19.83,1447697.0
2023-06-04 21:00:00,4172.350666666666,3332.25,23128.0,3837.0,3481.0,42.83302110141619,19.83,1447697.0
2023-06-05 21:00:00,4157.543333333333,3316.0,22921.0,3550.5,3688.0,42.83302110141619,19.83,1447697.0
2023-06-06 21:00:00,4142.736,3320.0,22503.0,3264.0,3895.0,42.83302110141619,19.83,1447697.0
2023-06-07 21:00:00,4127.928666666667,3264.0,22378.0,3920.0,3923.0,42.83302110141619,19.83,1447697.0
2023-06-08 21:00:00,4113.1213333333335,3367.0,28154.0,3875.0,3866.5,42.83302110141619,19.83,1447697.0
2023-06-09 21:00:00,4098.314,3379.25,27755.25,3830.0,3810.0,42.83302110141619,19.83,1447697.0
2023-06-10 21:00:00,4083.506666666666,3391.5,27356.5,3799.0,3749.0,42.83302110141619,19.83,1447697.0
2023-06-11 21:00:00,4068.6993333333335,3403.75,26957.75,3768.0,3688.0,42.83302110141619,19.83,1447697.0
2023-06-12 21:00:00,4053.892,3416.0,26559.0,3740.0,3862.0,42.83302110141619,19.83,1447697.0
2023-06-13 21:00:00,4039.084666666666,3452.0,28096.0,3751.65,3864.9,42.83302110141619,19.83,1447697.0
2023-06-14 21:00:00,4024.277333333333,3521.0,21331.0,3763.3,3867.8,42.83302110141619,19.83,1447697.0
2023-06-15 21:00:00,4009.47,3743.0,45074.0,3774.95,3870.7,42.83302110141619,19.83,1447697.0
2023-06-16 21:00:00,3994.6626666666666,3739.0,39248.0,3786.6,3873.6,42.83302110141619,19.83,1447697.0
2023-06-17 21:00:00,3979.855333333333,3735.0,33422.0,3798.25,3876.5,42.83302110141619,19.83,1447697.0
2023-06-18 21:00:00,3965.048,3731.0,27596.0,3809.9,3879.4,42.83302110141619,19.83,1447697.0
2023-06-19 21:00:00,3950.2406666666666,3727.0,21770.0,3821.55,3882.3,42.83302110141619,19.83,1447697.0
2023-06-20 21:00:00,3935.433333333333,3614.0,31111.0,3833.2,3885.2,42.83302110141619,19.83,1447697.0
2023-06-21 21:00:00,3920.626,3562.0,27499.0,3844.85,3888.1,42.83302110141619,19.83,1447697.0
2023-06-22 21:00:00,3905.8186666666666,3620.0,28468.0,3856.5,3891.0,42.83302110141619,19.83,1447697.0
2023-06-23 21:00:00,3891.011333333333,3633.75,28383.5,3868.15,3893.9,42.83302110141619,19.83,1447697.0
2023-06-24 21:00:00,3876.204,3647.5,28299.0,3879.8,3896.8,42.83302110141619,19.83,1447697.0
2023-06-25 21:00:00,3861.3966666666665,3661.25,28214.5,3891.45,3899.7,42.83302110141619,19.83,1447697.0
2023-06-26 21:00:00,3846.589333333333,3675.0,28130.0,3903.1,3902.6,42.83302110141619,19.83,1447697.0
2023-06-27 21:00:00,3831.782,3755.0,30823.0,3914.75,3905.5,42.83302110141619,19.83,1447697.0
2023-06-28 21:00:00,3816.974666666667,3772.0,27410.5,3926.4,3908.4,42.83302110141619,19.83,1447697.0
2023-06-29 21:00:00,3802.167333333333,3789.0,23998.0,3938.05,3911.3,42.83302110141619,19.83,1447697.0
2023-06-30 21:00:00,3787.36,3812.5,23318.0,3949.7,3914.2,42.83302110141619,19.83,1447697.0
2023-07-01 21:00:00,3795.2170967741936,3836.0,22638.0,3961.35,3917.1,42.83302110141619,19.71,1380410.0
2023-07-02 21:00:00,3803.074193548387,3859.5,21958.0,3973.0,3920.0,42.83302110141619,19.71,1380410.0
2023-07-03 21:00:00,3810.931290322581,3883.0,21278.0,4205.0,3702.0,42.83302110141619,19.71,1380410.0
2023-07-04 21:00:00,3818.7883870967744,3862.0,29193.0,3925.6666666666665,3816.6666666666665,42.83302110141619,19.71,1380410.0
2023-07-05 21:00:00,3826.645483870968,3911.0,28021.0,3646.3333333333335,3931.3333333333335,42.83302110141619,19.71,1380410.0
2023-07-06 21:00:00,3834.502580645161,3834.0,29414.0,3367.0,4046.0,42.83302110141619,19.71,1380410.0
2023-07-07 21:00:00,3842.3596774193543,3847.75,28408.5,3569.0,3915.5,42.83302110141619,19.71,1380410.0
2023-07-08 21:00:00,3850.2167741935486,3861.5,27403.0,3771.0,3785.0,42.83302110141619,19.71,1380410.0
2023-07-09 21:00:00,3858.073870967742,3875.25,26397.5,3713.0,3758.0,42.83302110141619,19.71,1380410.0
2023-07-10 21:00:00,3865.930967741936,3889.0,25392.0,3728.0,3725.0,42.83302110141619,19.71,1380410.0
2023-07-11 21:00:00,3873.788064516129,3926.0,18187.0,3743.0,3692.0,42.83302110141619,19.71,1380410.0
2023-07-12 21:00:00,3881.6451612903215,3865.0,25711.0,3741.0,3815.0,42.83302110141619,19.71,1380410.0
2023-07-13 21:00:00,3889.502258064517,3881.0,29352.0,3750.0476190476193,3813.5238095238096,42.83302110141619,19.71,1380410.0
2023-07-14 21:00:00,3897.35935483871,3884.5,29022.5,3759.095238095238,3812.0476190476193,42.83302110141619,19.71,1380410.0
2023-07-15 21:00:00,3905.2164516129033,3888.0,28693.0,3768.1428571428573,3810.5714285714284,42.83302110141619,19.71,1380410.0
2023-07-16 21:00:00,3913.0735483870967,3891.5,28363.5,3777.190476190476,3809.095238095238,42.83302110141619,19.71,1380410.0
2023-07-17 21:00:00,3920.93064516129,3895.0,28034.0,3786.2380952380954,3807.6190476190477,42.83302110141619,19.71,1380410.0
2023-07-18 21:00:00,3928.787741935484,3970.5,31268.5,3795.285714285714,3806.1428571428573,42.83302110141619,19.71,1380410.0
2023-07-19 21:00:00,3936.6448387096775,4046.0,34503.0,3804.3333333333335,3804.6666666666665,42.83302110141619,19.71,1380410.0
2023-07-20 21:00:00,3944.501935483871,4035.0,39458.0,3813.3809523809523,3803.190476190476,42.83302110141619,19.71,1380410.0
2023-07-21 21:00:00,3952.359032258064,4042.75,37609.5,3822.4285714285716,3801.714285714286,42.83302110141619,19.71,1380410.0
2023-07-22 21:00:00,3960.216129032258,4050.5,35761.0,3831.4761904761904,3800.2380952380954,42.83302110141619,19.71,1380410.0
2023-07-23 21:00:00,3968.0732258064513,4058.25,33912.5,3840.5238095238096,3798.7619047619046,42.83302110141619,19.71,1380410.0
2023-07-24 21:00:00,3975.930322580645,4066.0,32064.0,3849.5714285714284,3797.285714285714,42.83302110141619,19.71,1380410.0
2023-07-25 21:00:00,3983.787419354839,4062.0,33642.0,3858.6190476190477,3795.809523809524,42.83302110141619,19.71,1380410.0
2023-07-26 21:00:00,3991.644516129032,4026.0,27633.0,3867.6666666666665,3794.3333333333335,42.83302110141619,19.71,1380410.0
2023-07-27 21:00:00,3999.5016129032256,4006.0,30746.0,3876.714285714286,3792.8571428571427,42.83302110141619,19.71,1380410.0
2023-07-28 21:00:00,4007.358709677419,3972.5,29256.25,3885.7619047619046,3791.3809523809523,42.83302110141619,19.71,1380410.0
2023-07-29 21:00:00,4015.215806451613,3939.0,27766.5,3894.809523809524,3789.904761904762,42.83302110141619,19.71,1380410.0
2023-07-30 21:00:00,4023.0729032258064,3905.5,26276.75,3903.8571428571427,3788.4285714285716,42.83302110141619,19.71,1380410.0
2023-07-31 21:00:00,4030.93,3872.0,24787.0,3912.904761904762,3786.9523809523807,42.83302110141619,19.71,1380410.0
2023-08-01 21:00:00,4028.8574193548384,3915.0,21728.0,3921.9523809523807,3785.4761904761904,42.83302110141619,19.24,1253573.0
2023-08-02 21:00:00,4026.784838709677,3824.0,27392.0,3931.0,3784.0,42.83302110141619,19.24,1253573.0
2023-08-03 21:00:00,4024.712258064516,3859.0,28820.0,4093.0,3789.0,42.83302110141619,19.24,1253573.0
2023-08-04 21:00:00,4022.6396774193545,3817.5,28822.5,3901.0,3655.0,42.83302110141619,19.24,1253573.0
2023-08-05 21:00:00,4020.5670967741935,3776.0,28825.0,3709.0,3521.0,42.83302110141619,19.24,1253573.0
2023-08-06 21:00:00,4018.494516129032,3734.5,28827.5,3349.0,4035.0,42.83302110141619,19.24,1253573.0
2023-08-07 21:00:00,4016.421935483871,3693.0,28830.0,3538.5,3892.0,42.83302110141619,19.24,1253573.0
2023-08-08 21:00:00,4014.3493548387096,3771.0,25271.0,3728.0,3749.0,42.83302110141619,19.24,1253573.0
2023-08-09 21:00:00,4012.276774193548,3728.0,27559.0,3752.6666666666665,3751.0,42.83302110141619,19.24,1253573.0
2023-08-10 21:00:00,4010.204193548387,3717.0,21592.0,3777.3333333333335,3753.0,42.83302110141619,19.24,1253573.0
2023-08-11 21:00:00,4008.1316129032257,3733.5,22559.0,3802.0,3755.0,42.83302110141619,19.24,1253573.0
2023-08-12 21:00:00,4006.059032258064,3750.0,23526.0,3807.190476190476,3773.3809523809523,42.83302110141619,19.24,1253573.0
2023-08-13 21:00:00,4003.9864516129032,3766.5,24493.0,3812.3809523809523,3791.7619047619046,42.83302110141619,19.24,1253573.0
2023-08-14 21:00:00,4001.913870967742,3783.0,25460.0,3817.5714285714284,3810.1428571428573,42.83302110141619,19.24,1253573.0
2023-08-15 21:00:00,3999.84129032258,3846.0,20036.0,3822.7619047619046,3828.5238095238096,42.83302110141619,19.24,1253573.0
2023-08-16 21:00:00,3997.7687096774193,3923.0,24931.0,3827.9523809523807,3846.904761904762,42.83302110141619,19.24,1253573.0
2023-08-17 21:00:00,3995.696129032258,3871.0,27139.0,3833.1428571428573,3865.285714285714,42.83302110141619,19.24,1253573.0
2023-08-18 21:00:00,3993.623548387096,3869.75,26245.5,3838.3333333333335,3883.6666666666665,42.83302110141619,19.24,1253573.0
2023-08-19 21:00:00,3991.550967741936,3868.5,25352.0,3843.5238095238096,3902.0476190476193,42.83302110141619,19.24,1253573.0
2023-08-20 21:00:00,3989.478387096774,3867.25,24458.5,3848.714285714286,3920.4285714285716,42.83302110141619,19.24,1253573.0
2023-08-21 21:00:00,3987.405806451613,3866.0,23565.0,3853.904761904762,3938.809523809524,42.83302110141619,19.24,1253573.0
2023-08-22 21:00:00,3985.333225806452,3830.0,26222.0,3859.095238095238,3957.190476190476,42.83302110141619,19.24,1253573.0
2023-08-23 21:00:00,3983.26064516129,3881.0,30031.0,3864.285714285714,3975.5714285714284,42.83302110141619,19.24,1253573.0
2023-08-24 21:00:00,3981.188064516129,3962.0,26875.0,3869.4761904761904,3993.9523809523807,42.83302110141619,19.24,1253573.0
2023-08-25 21:00:00,3979.115483870968,3954.0,25952.75,3874.6666666666665,4012.3333333333335,42.83302110141619,19.24,1253573.0
2023-08-26 21:00:00,3977.042903225806,3946.0,25030.5,3879.8571428571427,4030.714285714286,42.83302110141619,19.24,1253573.0
2023-08-27 21:00:00,3974.970322580645,3938.0,24108.25,3885.0476190476193,4049.095238095238,42.83302110141619,19.24,1253573.0
2023-08-28 21:00:00,3972.897741935484,3930.0,23186.0,3890.2380952380954,4067.4761904761904,42.83302110141619,19.24,1253573.0
2023-08-29 21:00:00,3970.8251612903214,4010.0,28527.0,3895.4285714285716,4085.8571428571427,42.83302110141619,19.24,1253573.0
2023-08-30 21:00:00,3968.752580645161,4025.0,25592.5,3900.6190476190477,4104.238095238095,42.83302110141619,19.24,1253573.0
2023-08-31 21:00:00,3966.68,4040.0,22658.0,3905.809523809524,4122.619047619048,42.83302110141619,19.24,1253573.0
2023-09-01 21:00:00,3963.875,4005.25,22946.25,3911.0,4141.0,42.83302110141619,19.6,1288354.0
2023-09-02 21:00:00,3961.07,3970.5,23234.5,3923.0,3664.0,42.83302110141619,19.6,1288354.0
2023-09-03 21:00:00,3958.265,3935.75,23522.75,4043.0,3735.0,42.83302110141619,19.6,1288354.0
2023-09-04 21:00:00,3955.46,3901.0,23811.0,3823.0,3739.0,42.83302110141619,19.6,1288354.0
2023-09-05 21:00:00,3952.655,3881.0,28211.0,3603.0,3743.0,42.83302110141619,19.6,1288354.0
2023-09-06 21:00:00,3949.85,3832.0,20639.0,3641.0,3735.3333333333335,42.83302110141619,19.6,1288354.0
2023-09-07 21:00:00,3947.045,3830.0,30816.0,3679.0,3727.6666666666665,42.83302110141619,19.6,1288354.0
2023-09-08 21:00:00,3944.24,3793.25,31350.0,3717.0,3720.0,42.83302110141619,19.6,1288354.0
2023-09-09 21:00:00,3941.435,3756.5,31884.0,3634.0,3859.0,42.83302110141619,19.6,1288354.0
2023-09-10 21:00:00,3938.63,3719.75,32418.0,3551.0,3998.0,42.83302110141619,19.6,1288354.0
2023-09-11 21:00:00,3935.825,3683.0,32952.0,3904.0,3778.0,42.83302110141619,19.6,1288354.0
2023-09-12 21:00:00,3933.02,3726.0,28628.0,3904.35,3796.4,42.83302110141619,19.6,1288354.0
2023-09-13 21:00:00,3930.215,3761.0,21504.0,3904.7,3814.8,42.83302110141619,19.6,1288354.0
2023-09-14 21:00:00,3927.41,3785.0,17407.0,3905.05,3833.2,42.83302110141619,19.6,1288354.0
2023-09-15 21:00:00,3924.605,3776.0,21349.0,3905.4,3851.6,42.83302110141619,19.6,1288354.0
2023-09-16 21:00:00,3921.8,3767.0,25291.0,3905.75,3870.0,42.83302110141619,19.6,1288354.0
2023-09-17 21:00:00,3918.995,3758.0,29233.0,3906.1,3888.4,42.83302110141619,19.6,1288354.0
2023-09-18 21:00:00,3916.19,3749.0,33175.0,3906.45,3906.8,42.83302110141619,19.6,1288354.0
2023-09-19 21:00:00,3913.385,3720.0,23248.0,3906.8,3925.2,42.83302110141619,19.6,1288354.0
2023-09-20 21:00:00,3910.58,3678.0,29493.0,3907.15,3943.6,42.83302110141619,19.6,1288354.0
2023-09-21 21:00:00,3907.775,3681.0,27773.0,3907.5,3962.0,42.83302110141619,19.6,1288354.0
2023-09-22 21:00:00,3904.97,3683.75,28753.5,3907.85,3980.4,42.83302110141619,19.6,1288354.0
2023-09-23 21:00:00,3902.165,3686.5,29734.0,3908.2,3998.8,42.83302110141619,19.6,1288354.0
2023-09-24 21:00:00,3899.36,3689.25,30714.5,3908.55,4017.2,42.83302110141619,19.6,1288354.0
2023-09-25 21:00:00,3896.555,3692.0,31695.0,3908.9,4035.6,42.83302110141619,19.6,1288354.0
2023-09-26 21:00:00,3893.75,3771.0,36240.0,3909.25,4054.0,42.83302110141619,19.6,1288354.0
2023-09-27 21:00:00,3890.945,3769.0,32326.0,3909.6,4072.4,42.83302110141619,19.6,1288354.0
2023-09-28 21:00:00,3888.14,3767.0,28412.0,3909.95,4090.8,42.83302110141619,19.6,1288354.0
2023-09-29 21:00:00,3885.335,3752.25,27203.5,3910.3,4109.2,42.83302110141619,19.6,1288354.0
2023-09-30 21:00:00,3882.53,3737.5,25995.0,3910.65,4127.6,42.83302110141619,19.6,1288354.0
2023-10-01 21:00:00,3880.447741935484,3722.75,24786.5,3911.0,4146.0,42.83302110141619,20.0,1194559.0
2023-10-02 21:00:00,3878.365483870968,3708.0,23578.0,3865.6666666666665,3890.0,42.83302110141619,20.0,1194559.0
2023-10-03 21:00:00,3876.283225806452,3715.0,22095.0,3820.3333333333335,3634.0,42.83302110141619,20.0,1194559.0
2023-10-04 21:00:00,3874.200967741936,3607.0,33969.0,3775.0,3378.0,42.83302110141619,20.0,1194559.0
2023-10-05 21:00:00,3872.11870967742,3600.0,29808.0,3648.0,3727.0,42.83302110141619,20.0,1194559.0
2023-10-06 21:00:00,3870.036451612904,3591.25,29567.0,3787.0,3799.0,42.83302110141619,20.0,1194559.0
2023-10-07 21:00:00,3867.954193548387,3582.5,29326.0,3926.0,3871.0,42.83302110141619,20.0,1194559.0
2023-10-08 21:00:00,3865.8719354838713,3573.75,29085.0,3694.0,3678.0,42.83302110141619,20.0,1194559.0
2023-10-09 21:00:00,3863.789677419355,3565.0,28844.0,3666.0,3804.5,42.83302110141619,20.0,1194559.0
2023-10-10 21:00:00,3861.707419354839,3551.0,34732.0,3638.0,3931.0,42.83302110141619,20.0,1194559.0
2023-10-11 21:00:00,3859.625161290323,3638.0,31679.0,3647.2272727272725,3944.818181818182,42.83302110141619,20.0,1194559.0
2023-10-12 21:00:00,3857.542903225807,3737.0,25763.0,3656.4545454545455,3958.6363636363635,42.83302110141619,20.0,1194559.0
2023-10-13 21:00:00,3855.4606451612894,3748.75,27650.75,3665.681818181818,3972.4545454545455,42.83302110141619,20.0,1194559.0
2023-10-14 21:00:00,3853.378387096775,3760.5,29538.5,3674.909090909091,3986.2727272727275,42.83302110141619,20.0,1194559.0
2023-10-15 21:00:00,3851.296129032258,3772.25,31426.25,3684.1363636363635,4000.090909090909,42.83302110141619,20.0,1194559.0
2023-10-16 21:00:00,3849.213870967742,3784.0,33314.0,3693.3636363636365,4013.909090909091,42.83302110141619,20.0,1194559.0
2023-10-17 21:00:00,3847.1316129032257,3810.0,29841.0,3702.590909090909,4027.7272727272725,42.83302110141619,20.0,1194559.0
2023-10-18 21:00:00,3845.04935483871,3758.0,30060.0,3711.818181818182,4041.5454545454545,42.83302110141619,20.0,1194559.0
2023-10-19 21:00:00,3842.9670967741936,3771.0,29051.0,3721.0454545454545,4055.3636363636365,42.83302110141619,20.0,1194559.0
2023-10-20 21:00:00,3840.884838709677,3745.0,29817.75,3730.2727272727275,4069.181818181818,42.83302110141619,20.0,1194559.0
2023-10-21 21:00:00,3838.8025806451615,3719.0,30584.5,3739.5,4083.0,42.83302110141619,20.0,1194559.0
2023-10-22 21:00:00,3836.720322580645,3693.0,31351.25,3748.7272727272725,4096.818181818182,42.83302110141619,20.0,1194559.0
2023-10-23 21:00:00,3834.638064516129,3667.0,32118.0,3757.9545454545455,4110.636363636364,42.83302110141619,20.0,1194559.0
2023-10-24 21:00:00,3832.555806451613,3679.0,31395.0,3767.181818181818,4124.454545454545,42.83302110141619,20.0,1194559.0
2023-10-25 21:00:00,3830.473548387097,3762.0,34585.0,3776.409090909091,4138.272727272727,42.83302110141619,20.0,1194559.0
2023-10-26 21:00:00,3828.391290322581,3775.0,23081.0,3785.6363636363635,4152.090909090909,42.83302110141619,20.0,1194559.0
2023-10-27 21:00:00,3826.3090322580647,3751.0,23940.5,3794.8636363636365,4165.909090909091,42.83302110141619,20.0,1194559.0
2023-10-28 21:00:00,3824.226774193549,3727.0,24800.0,3804.090909090909,4179.727272727273,42.83302110141619,20.0,1194559.0
2023-10-29 21:00:00,3822.144516129032,3703.0,25659.5,3813.318181818182,4193.545454545455,42.83302110141619,20.0,1194559.0
2023-10-30 21:00:00,3820.062258064516,3679.0,26519.0,3822.5454545454545,4207.363636363636,42.83302110141619,20.0,1194559.0
2023-10-31 21:00:00,3817.98,3688.0,23310.0,3831.772727272727,4221.181818181818,42.83302110141619,20.0,1194559.0
2023-11-01 21:00:00,3820.5016666666666,3784.0,33246.0,3841.0,4235.0,42.83302110141619,20.01,1517634.0
2023-11-02 21:00:00,3823.0233333333335,3768.0,22532.0,3798.3333333333335,3959.0,42.83302110141619,20.01,1517634.0
2023-11-03 21:00:00,3825.545,3756.0,23876.0,3755.6666666666665,3683.0,42.83302110141619,20.01,1517634.0
2023-11-04 21:00:00,3828.0666666666666,3744.0,25220.0,3713.0,3407.0,42.83302110141619,20.01,1517634.0
2023-11-05 21:00:00,3830.5883333333336,3732.0,26564.0,3616.0,3614.0,42.83302110141619,20.01,1517634.0
2023-11-06 21:00:00,3833.11,3720.0,27908.0,3740.5,3740.0,42.83302110141619,20.01,1517634.0
2023-11-07 21:00:00,3835.631666666666,3768.0,24289.0,3865.0,3866.0,42.83302110141619,20.01,1517634.0
2023-11-08 21:00:00,3838.153333333333,3743.0,22152.0,3795.5,3818.5,42.83302110141619,20.01,1517634.0
2023-11-09 21:00:00,3840.675,3802.0,28858.0,3726.0,3771.0,42.83302110141619,20.01,1517634.0
2023-11-10 21:00:00,3843.1966666666663,3827.5,28533.25,3737.0,3953.0,42.83302110141619,20.01,1517634.0
2023-11-11 21:00:00,3845.718333333333,3853.0,28208.5,3703.5,3924.0,42.83302110141619,20.01,1517634.0
2023-11-12 21:00:00,3848.24,3878.5,27883.75,3670.0,3895.0,42.83302110141619,20.01,1517634.0
2023-11-13 21:00:00,3850.7616666666663,3904.0,27559.0,3679.5789473684213,3911.157894736842,42.83302110141619,20.01,1517634.0
2023-11-14 21:00:00,3853.283333333333,3978.0,27014.0,3689.157894736842,3927.315789473684,42.83302110141619,20.01,1517634.0
2023-11-15 21:00:00,3855.805,3998.0,28387.0,3698.7368421052633,3943.4736842105262,42.83302110141619,20.01,1517634.0
2023-11-16 21:00:00,3858.326666666667,3931.0,27140.0,3708.315789473684,3959.6315789473683,42.83302110141619,20.01,1517634.0
2023-11-17 21:00:00,3860.848333333333,3936.5,26568.0,3717.8947368421054,3975.7894736842104,42.83302110141619,20.01,1517634.0
2023-11-18 21:00:00,3863.37,3942.0,25996.0,3727.4736842105262,3991.9473684210525,42.83302110141619,20.01,1517634.0
2023-11-19 21:00:00,3865.891666666667,3947.5,25424.0,3737.0526315789475,4008.1052631578946,42.83302110141619,20.01,1517634.0
2023-11-20 21:00:00,3868.413333333333,3953.0,24852.0,3746.6315789473683,4024.2631578947367,42.83302110141619,20.01,1517634.0
2023-11-21 21:00:00,3870.935,3988.0,32306.0,3756.2105263157896,4040.421052631579,42.83302110141619,20.01,1517634.0
2023-11-22 21:00:00,3873.456666666667,3951.0,21690.0,3765.7894736842104,4056.5789473684213,42.83302110141619,20.01,1517634.0
2023-11-23 21:00:00,3875.9783333333335,3890.0,23538.0,3775.3684210526317,4072.7368421052633,42.83302110141619,20.01,1517634.0
2023-11-24 21:00:00,3878.5,3891.75,24445.5,3784.9473684210525,4088.8947368421054,42.83302110141619,20.01,1517634.0
2023-11-25 21:00:00,3881.021666666667,3893.5,25353.0,3794.5263157894738,4105.0526315789475,42.83302110141619,20.01,1517634.0
2023-11-26 21:00:00,3883.5433333333335,3895.25,26260.5,3804.1052631578946,4121.210526315789,42.83302110141619,20.01,1517634.0
2023-11-27 21:00:00,3886.065,3897.0,27168.0,3813.684210526316,4137.368421052632,42.83302110141619,20.01,1517634.0
2023-11-28 21:00:00,3888.5866666666666,3872.0,26346.0,3823.2631578947367,4153.526315789473,42.83302110141619,20.01,1517634.0
2023-11-29 21:00:00,3891.1083333333336,3895.0,18798.0,3832.842105263158,4169.684210526316,42.83302110141619,20.01,1517634.0
2023-11-30 21:00:00,3893.63,3874.0,29459.0,3842.421052631579,4185.842105263158,42.83302110141619,20.01,1517634.0
2023-12-01 21:00:00,3890.580322580645,3850.75,29687.75,3852.0,4202.0,42.83302110141619,19.83,1447697.0
2023-12-02 21:00:00,3887.5306451612905,3827.5,29916.5,3802.0,3965.6666666666665,42.83302110141619,19.83,1447697.0
2023-12-03 21:00:00,3884.480967741936,3804.25,30145.25,3752.0,3729.3333333333335,42.83302110141619,19.83,1447697.0
2023-12-04 21:00:00,3881.431290322581,3781.0,30374.0,3702.0,3493.0,42.83302110141619,19.83,1447697.0
2023-12-05 21:00:00,3878.381612903226,3719.0,38960.0,3577.0,3779.5,42.83302110141619,19.83,1447697.0
2023-12-06 21:00:00,3875.331935483871,3702.0,29968.0,3452.0,4066.0,42.83302110141619,19.83,1447697.0
2023-12-07 21:00:00,3872.282258064516,3740.0,18965.0,3881.0,3830.0,42.83302110141619,19.83,1447697.0
2023-12-08 21:00:00,3869.232580645161,3738.75,20810.0,3821.0,3748.5,42.83302110141619,19.83,1447697.0
2023-12-09 21:00:00,3866.1829032258074,3737.5,22655.0,3761.0,3667.0,42.83302110141619,19.83,1447697.0
2023-12-10 21:00:00,3863.133225806452,3736.25,24500.0,3780.0,3988.0,42.83302110141619,19.83,1447697.0
2023-12-11 21:00:00,3860.083548387097,3735.0,26345.0,3734.0,3963.5,42.83302110141619,19.83,1447697.0
2023-12-12 21:00:00,3857.033870967742,3670.0,28158.0,3688.0,3939.0,42.83302110141619,19.83,1447697.0
2023-12-13 21:00:00,3853.9841935483873,3688.0,23323.0,3684.65,3937.1,42.83302110141619,19.83,1447697.0
2023-12-14 21:00:00,3850.934516129033,3692.0,20013.0,3681.3,3935.2,42.83302110141619,19.83,1447697.0
2023-12-15 21:00:00,3847.8848387096778,3707.75,21497.5,3677.95,3933.3,42.83302110141619,19.83,1447697.0
2023-12-16 21:00:00,3844.8351612903225,3723.5,22982.0,3674.6,3931.4,42.83302110141619,19.83,1447697.0
2023-12-17 21:00:00,3841.785483870968,3739.25,24466.5,3671.25,3929.5,42.83302110141619,19.83,1447697.0
2023-12-18 21:00:00,3838.735806451613,3755.0,25951.0,3667.9,3927.6,42.83302110141619,19.83,1447697.0
2023-12-19 21:00:00,3835.686129032258,3778.0,22715.0,3664.55,3925.7,42.83302110141619,19.83,1447697.0
2023-12-20 21:00:00,3832.6364516129033,3741.0,22128.0,3661.2,3923.8,42.83302110141619,19.83,1447697.0
2023-12-21 21:00:00,3829.586774193549,3738.0,19455.0,3657.85,3921.9,42.83302110141619,19.83,1447697.0
2023-12-22 21:00:00,3826.5370967741937,3744.25,17753.25,3654.5,3920.0,42.83302110141619,19.83,1447697.0
2023-12-23 21:00:00,3823.487419354839,3750.5,16051.5,3651.15,3918.1,42.83302110141619,19.83,1447697.0
2023-12-24 21:00:00,3820.437741935484,3756.75,14349.75,3647.8,3916.2,42.83302110141619,19.83,1447697.0
2023-12-25 21:00:00,3817.38806451613,3763.0,12648.0,3644.45,3914.3,42.83302110141619,19.83,1447697.0
2023-12-26 21:00:00,3814.338387096775,3770.0,20361.0,3641.1,3912.4,42.83302110141619,19.83,1447697.0
2023-12-27 21:00:00,3811.2887096774193,3739.0,20479.0,3637.75,3910.5,42.83302110141619,19.83,1447697.0
2023-12-28 21:00:00,3808.239032258065,3721.0,22534.0,3634.4,3908.6,42.83302110141619,19.83,1447697.0
2023-12-29 21:00:00,3805.1893548387097,3705.75,22556.75,3631.05,3906.7,42.83302110141619,19.83,1447697.0
2023-12-30 21:00:00,3802.139677419355,3690.5,22579.5,3627.7,3904.8,42.83302110141619,19.83,1447697.0
2023-12-31 21:00:00,3799.09,3675.25,22602.25,3624.35,3902.9,42.83302110141619,19.83,1447697.0
2024-01-01 21:00:00,3804.217419354839,3660.0,22625.0,3621.0,3901.0,42.83302110141619,19.37,1402355.0
2024-01-02 21:00:00,3809.344838709677,3621.0,36348.0,3802.0,4195.0,42.83302110141619,19.37,1402355.0
2024-01-03 21:00:00,3814.472258064516,3657.0,21581.0,4104.5,4028.0,42.83302110141619,19.37,1402355.0
2024-01-04 21:00:00,3819.599677419355,3682.0,25717.0,4407.0,3861.0,42.83302110141619,19.37,1402355.0
2024-01-05 21:00:00,3824.727096774194,3694.5,27661.5,3844.0,3963.0,42.83302110141619,19.37,1402355.0
2024-01-06 21:00:00,3829.854516129032,3707.0,29606.0,3963.0,3833.5,42.83302110141619,19.37,1402355.0
2024-01-07 21:00:00,3834.981935483871,3719.5,31550.5,4082.0,3704.0,42.83302110141619,19.37,1402355.0
2024-01-08 21:00:00,3840.10935483871,3732.0,33495.0,3787.0,3901.0,42.83302110141619,19.37,1402355.0
2024-01-09 21:00:00,3845.2367741935486,3757.0,36257.0,3984.5,4463.5,42.83302110141619,19.37,1402355.0
2024-01-10 21:00:00,3850.364193548387,3794.0,34811.0,4182.0,5026.0,42.83302110141619,19.37,1402355.0
2024-01-11 21:00:00,3855.491612903226,3856.0,31472.0,4158.136363636364,4977.0,42.83302110141619,19.37,1402355.0
2024-01-12 21:00:00,3860.6190322580646,3857.5,32516.75,4134.272727272727,4928.0,42.83302110141619,19.37,1402355.0
2024-01-13 21:00:00,3865.746451612904,3859.0,33561.5,4110.409090909091,4879.0,42.83302110141619,19.37,1402355.0
2024-01-14 21:00:00,3870.873870967742,3860.5,34606.25,4086.5454545454545,4830.0,42.83302110141619,19.37,1402355.0
2024-01-15 21:00:00,3876.0012903225806,3862.0,35651.0,4062.681818181818,4781.0,42.83302110141619,19.37,1402355.0
2024-01-16 21:00:00,3881.12870967742,3815.0,32619.0,4038.818181818182,4732.0,42.83302110141619,19.37,1402355.0
2024-01-17 21:00:00,3886.2561290322574,3895.0,30070.0,4014.9545454545455,4683.0,42.83302110141619,19.37,1402355.0
2024-01-18 21:00:00,3891.3835483870967,3939.0,31055.0,3991.090909090909,4634.0,42.83302110141619,19.37,1402355.0
2024-01-19 21:00:00,3896.510967741936,3941.25,30597.75,3967.2272727272725,4585.0,42.83302110141619,19.37,1402355.0
2024-01-20 21:00:00,3901.6383870967743,3943.5,30140.5,3943.3636363636365,4536.0,42.83302110141619,19.37,1402355.0
2024-01-21 21:00:00,3906.765806451613,3945.75,29683.25,3919.5,4487.0,42.83302110141619,19.37,1402355.0
2024-01-22 21:00:00,3911.893225806452,3948.0,29226.0,3895.6363636363635,4438.0,42.83302110141619,19.37,1402355.0
2024-01-23 21:00:00,3917.0206451612894,3994.0,27629.0,3871.772727272727,4389.0,42.83302110141619,19.37,1402355.0
2024-01-24 21:00:00,3922.148064516129,4005.5,30492.5,3847.909090909091,4340.0,42.83302110141619,19.37,1402355.0
2024-01-25 21:00:00,3927.275483870968,4017.0,33356.0,3824.0454545454545,4291.0,42.83302110141619,19.37,1402355.0
2024-01-26 21:00:00,3932.4029032258063,3973.25,34731.5,3800.181818181818,4242.0,42.83302110141619,19.37,1402355.0
2024-01-27 21:00:00,3937.530322580645,3929.5,36107.0,3776.318181818182,4193.0,42.83302110141619,19.37,1402355.0
2024-01-28 21:00:00,3942.657741935484,3885.75,37482.5,3752.4545454545455,4144.0,42.83302110141619,19.37,1402355.0
2024-01-29 21:00:00,3947.7851612903214,3842.0,38858.0,3728.590909090909,4095.0,42.83302110141619,19.37,1402355.0
2024-01-30 21:00:00,3952.912580645161,3798.0,32237.0,3704.727272727273,4046.0,42.83302110141619,19.37,1402355.0
2024-01-31 21:00:00,3958.04,3781.0,30243.0,3680.8636363636365,3997.0,42.83302110141619,19.37,1402355.0
2024-02-01 21:00:00,3962.557931034483,3764.0,28249.0,3657.0,3948.0,42.83302110141619,19.84,1259382.0
2024-02-02 21:00:00,3967.075862068965,3783.75,26903.25,3904.6666666666665,3900.0,42.83302110141619,19.84,1259382.0
2024-02-03 21:00:00,3971.593793103448,3803.5,25557.5,4152.333333333333,3852.0,42.83302110141619,19.84,1259382.0
2024-02-04 21:00:00,3976.111724137931,3823.25,24211.75,4400.0,3804.0,42.83302110141619,19.84,1259382.0
2024-02-05 21:00:00,3980.6296551724135,3843.0,22866.0,3862.0,3936.0,42.83302110141619,19.84,1259382.0
2024-02-06 21:00:00,3985.147586206896,3877.0,28806.0,3964.5,3841.5,42.83302110141619,19.84,1259382.0
2024-02-07 21:00:00,3989.6655172413793,3874.0,28977.0,4067.0,3747.0,42.83302110141619,19.84,1259382.0
2024-02-08 21:00:00,3994.1834482758622,3884.0,25058.0,3976.5,3990.0,42.83302110141619,19.84,1259382.0
2024-02-09 21:00:00,3998.7013793103447,3888.25,26069.75,3886.0,4233.0,42.83302110141619,19.84,1259382.0
2024-02-10 21:00:00,4003.219310344828,3892.5,27081.5,4300.0,4987.0,42.83302110141619,19.84,1259382.0
2024-02-11 21:00:00,4007.7372413793114,3896.75,28093.25,4666.0,4677.0,42.83302110141619,19.84,1259382.0
2024-02-12 21:00:00,4012.255172413793,3901.0,29105.0,5032.0,4367.0,42.83302110141619,19.84,1259382.0
2024-02-13 21:00:00,4016.773103448276,3948.0,23932.0,4957.0,4339.666666666667,42.83302110141619,19.84,1259382.0
2024-02-14 21:00:00,4021.291034482759,3875.0,20281.0,4882.0,4312.333333333333,42.83302110141619,19.84,1259382.0
2024-02-15 21:00:00,4025.808965517241,3809.0,26914.0,4807.0,4285.0,42.83302110141619,19.84,1259382.0
2024-02-16 21:00:00,4030.326896551724,3821.75,26170.0,4732.0,4257.666666666667,42.83302110141619,19.84,1259382.0
2024-02-17 21:00:00,4034.844827586207,3834.5,25426.0,4657.0,4230.333333333333,42.83302110141619,19.84,1259382.0
2024-02-18 21:00:00,4039.3627586206894,3847.25,24682.0,4582.0,4203.0,42.83302110141619,19.84,1259382.0
2024-02-19 21:00:00,4043.880689655172,3860.0,23938.0,4507.0,4175.666666666667,42.83302110141619,19.84,1259382.0
2024-02-20 21:00:00,4048.398620689655,3863.0,41274.0,4432.0,4148.333333333333,42.83302110141619,19.84,1259382.0
2024-02-21 21:00:00,4052.916551724138,3839.0,34783.0,4357.0,4121.0,42.83302110141619,19.84,1259382.0
2024-02-22 21:00:00,4057.434482758621,3853.0,24320.0,4282.0,4093.6666666666665,42.83302110141619,19.84,1259382.0
2024-02-23 21:00:00,4061.952413793104,3870.25,26237.5,4207.0,4066.3333333333335,42.83302110141619,19.84,1259382.0
2024-02-24 21:00:00,4066.4703448275854,3887.5,28155.0,4132.0,4039.0,42.83302110141619,19.84,1259382.0
2024-02-25 21:00:00,4070.988275862069,3904.75,30072.5,4057.0,4011.6666666666665,42.83302110141619,19.84,1259382.0
2024-02-26 21:00:00,4075.506206896552,3922.0,31990.0,3982.0,3984.3333333333335,42.83302110141619,19.84,1259382.0
2024-02-27 21:00:00,4080.0241379310346,3907.0,26527.0,3907.0,3957.0,42.83302110141619,19.84,1259382.0
2024-02-28 21:00:00,4084.542068965517,3970.0,29081.0,3832.0,3929.6666666666665,42.83302110141619,19.84,1259382.0
2024-02-29 21:00:00,4089.06,3966.0,25180.0,3757.0,3902.3333333333335,42.83302110141619,19.84,1259382.0
2024-03-01 21:00:00,4100.579032258064,3971.0,25440.75,3682.0,3875.0,42.83302110141619,19.8,1392471.0
2024-03-02 21:00:00,4112.098064516129,3976.0,25701.5,3902.3333333333335,3880.6666666666665,42.83302110141619,19.8,1392471.0
2024-03-03 21:00:00,4123.617096774194,3981.0,25962.25,4122.666666666667,3886.3333333333335,42.83302110141619,19.8,1392471.0
2024-03-04 21:00:00,4135.136129032258,3986.0,26223.0,4343.0,3892.0,42.83302110141619,19.8,1392471.0
2024-03-05 21:00:00,4146.655161290322,4081.0,25238.0,4124.5,3913.5,42.83302110141619,19.8,1392471.0
2024-03-06 21:00:00,4158.174193548387,4071.0,29432.0,3906.0,3935.0,42.83302110141619,19.8,1392471.0
2024-03-07 21:00:00,4169.693225806452,4094.0,36114.0,4042.0,3690.0,42.83302110141619,19.8,1392471.0
2024-03-08 21:00:00,4181.212258064516,4102.75,34995.75,3979.5,4020.0,42.83302110141619,19.8,1392471.0
2024-03-09 21:00:00,4192.73129032258,4111.5,33877.5,3917.0,4350.0,42.83302110141619,19.8,1392471.0
2024-03-10 21:00:00,4204.250322580645,4120.25,32759.25,4343.0,4964.0,42.83302110141619,19.8,1392471.0
2024-03-11 21:00:00,4215.76935483871,4129.0,31641.0,4739.0,4575.0,42.83302110141619,19.8,1392471.0
2024-03-12 21:00:00,4227.288387096774,4195.0,37276.0,5135.0,4186.0,42.83302110141619,19.8,1392471.0
2024-03-13 21:00:00,4238.807419354838,4295.0,43278.0,5062.9,4167.15,42.83302110141619,19.8,1392471.0
2024-03-14 21:00:00,4250.326451612903,4287.0,29317.0,4990.8,4148.3,42.83302110141619,19.8,1392471.0
2024-03-15 21:00:00,4261.845483870968,4265.5,32905.0,4918.7,4129.45,42.83302110141619,19.8,1392471.0
2024-03-16 21:00:00,4273.364516129032,4244.0,36493.0,4846.6,4110.6,42.83302110141619,19.8,1392471.0
2024-03-17 21:00:00,4284.883548387096,4222.5,40081.0,4774.5,4091.75,42.83302110141619,19.8,1392471.0
2024-03-18 21:00:00,4296.402580645161,4201.0,43669.0,4702.4,4072.9,42.83302110141619,19.8,1392471.0
2024-03-19 21:00:00,4307.921612903226,4272.0,43856.0,4630.3,4054.05,42.83302110141619,19.8,1392471.0
2024-03-20 21:00:00,4319.44064516129,4249.0,30828.0,4558.2,4035.2,42.83302110141619,19.8,1392471.0
2024-03-21 21:00:00,4330.959677419354,4188.0,33979.0,4486.1,4016.35,42.83302110141619,19.8,1392471.0
2024-03-22 21:00:00,4342.478709677419,4200.0,31757.75,4414.0,3997.5,42.83302110141619,19.8,1392471.0
2024-03-23 21:00:00,4353.997741935484,4212.0,29536.5,4341.9,3978.65,42.83302110141619,19.8,1392471.0
2024-03-24 21:00:00,4365.516774193548,4224.0,27315.25,4269.8,3959.8,42.83302110141619,19.8,1392471.0
2024-03-25 21:00:00,4377.035806451613,4236.0,25094.0,4197.7,3940.95,42.83302110141619,19.8,1392471.0
2024-03-26 21:00:00,4388.554838709677,4136.0,36400.0,4125.6,3922.1,42.83302110141619,19.8,1392471.0
2024-03-27 21:00:00,4400.073870967742,4165.0,26088.0,4053.5,3903.25,42.83302110141619,19.8,1392471.0
2024-03-28 21:00:00,4411.592903225806,4194.0,15776.0,3981.4,3884.4,42.83302110141619,19.8,1392471.0
2024-03-29 21:00:00,4423.11193548387,4223.5,19510.5,3909.3,3865.55,42.83302110141619,19.8,1392471.0
2024-03-30 21:00:00,4434.630967741935,4253.0,23245.0,3837.2,3846.7,42.83302110141619,19.8,1392471.0
2024-03-31 21:00:00,4446.15,4282.5,26979.5,3765.1000000000004,3827.85,42.83302110141619,19.8,1392471.0
2024-04-01 21:00:00,4446.629999999999,4312.0,30714.0,3693.0,3809.0,42.83302110141619,19.76,1501905.0
2024-04-02 21:00:00,4447.11,4407.0,55338.0,3887.0,3910.5,42.83302110141619,19.76,1501905.0
2024-04-03 21:00:00,4447.59,4400.0,32810.0,4081.0,4012.0,42.83302110141619,19.76,1501905.0
2024-04-04 21:00:00,4448.07,4343.0,37584.0,4295.0,3868.0,42.83302110141619,19.76,1501905.0
2024-04-05 21:00:00,4448.549999999999,4336.75,34941.5,4127.5,3891.5,42.83302110141619,19.76,1501905.0
2024-04-06 21:00:00,4449.03,4330.5,32299.0,3960.0,3915.0,42.83302110141619,19.76,1501905.0
2024-04-07 21:00:00,4449.51,4324.25,29656.5,3959.0,3723.0,42.83302110141619,19.76,1501905.0
2024-04-08 21:00:00,4449.99,4318.0,27014.0,3928.5,3997.5,42.83302110141619,19.76,1501905.0
2024-04-09 21:00:00,4450.469999999999,4306.0,27668.333333333332,3898.0,4272.0,42.83302110141619,19.76,1501905.0
2024-04-10 21:00:00,4450.95,4294.0,28322.666666666668,4407.5,4596.5,42.83302110141619,19.76,1501905.0
2024-04-11 21:00:00,4451.43,4282.0,28977.0,4917.0,4921.0,42.83302110141619,19.76,1501905.0
2024-04-12 21:00:00,4451.91,4230.0,30372.0,5128.0,4190.0,42.83302110141619,19.76,1501905.0
2024-04-13 21:00:00,4452.389999999999,4178.0,31767.0,5065.45,4195.25,42.83302110141619,19.76,1501905.0
2024-04-14 21:00:00,4452.87,4126.0,33162.0,5002.9,4200.5,42.83302110141619,19.76,1501905.0
2024-04-15 21:00:00,4453.35,4074.0,34557.0,4940.35,4205.75,42.83302110141619,19.76,1501905.0
2024-04-16 21:00:00,4453.83,4012.0,48227.0,4877.8,4211.0,42.83302110141619,19.76,1501905.0
2024-04-17 21:00:00,4454.31,3984.0,34165.0,4815.25,4216.25,42.83302110141619,19.76,1501905.0
2024-04-18 21:00:00,4454.79,3926.0,45007.0,4752.7,4221.5,42.83302110141619,19.76,1501905.0
2024-04-19 21:00:00,4455.27,3937.25,42033.75,4690.15,4226.75,42.83302110141619,19.76,1501905.0
2024-04-20 21:00:00,4455.75,3948.5,39060.5,4627.6,4232.0,42.83302110141619,19.76,1501905.0
2024-04-21 21:00:00,4456.23,3959.75,36087.25,4565.05,4237.25,42.83302110141619,19.76,1501905.0
2024-04-22 21:00:00,4456.71,3971.0,33114.0,4502.5,4242.5,42.83302110141619,19.76,1501905.0
2024-04-23 21:00:00,4457.1900000000005,3942.0,30144.0,4439.95,4247.75,42.83302110141619,19.76,1501905.0
2024-04-24 21:00:00,4457.67,3874.0,49041.0,4377.4,4253.0,42.83302110141619,19.76,1501905.0
2024-04-25 21:00:00,4458.15,3896.0,30111.0,4314.85,4258.25,42.83302110141619,19.76,1501905.0
2024-04-26 21:00:00,4458.63,3876.5,32302.75,4252.3,4263.5,42.83302110141619,19.76,1501905.0
2024-04-27 21:00:00,4459.110000000001,3857.0,34494.5,4189.75,4268.75,42.83302110141619,19.76,1501905.0
2024-04-28 21:00:00,4459.59,3837.5,36686.25,4127.2,4274.0,42.83302110141619,19.76,1501905.0
2024-04-29 21:00:00,4460.07,3818.0,38878.0,4064.65,4279.25,42.83302110141619,19.76,1501905.0
2024-04-30 21:00:00,4460.55,3832.0,31982.5,4002.1000000000004,4284.5,42.83302110141619,19.76,1501905.0
2024-05-01 21:00:00,4447.404838709677,3846.0,25087.0,3939.55,4289.75,42.83302110141619,19.52,1704495.0
2024-05-02 21:00:00,4434.259677419355,3844.0,20438.0,3877.0,4295.0,42.83302110141619,19.52,1704495.0
2024-05-03 21:00:00,4421.114516129032,3865.5,23092.25,4071.0,3984.0,42.83302110141619,19.52,1704495.0
2024-05-04 21:00:00,4407.9693548387095,3887.0,25746.5,4039.0,3964.3333333333335,42.83302110141619,19.52,1704495.0
2024-05-05 21:00:00,4394.824193548388,3908.5,28400.75,4007.0,3944.6666666666665,42.83302110141619,19.52,1704495.0
2024-05-06 21:00:00,4381.679032258065,3930.0,31055.0,3975.0,3925.0,42.83302110141619,19.52,1704495.0
2024-05-07 21:00:00,4368.533870967742,3869.0,36543.0,3836.0,3888.5,42.83302110141619,19.52,1704495.0
2024-05-08 21:00:00,4355.38870967742,3831.0,25888.0,3697.0,3852.0,42.83302110141619,19.52,1704495.0
2024-05-09 21:00:00,4342.243548387097,3809.0,34274.0,3895.0,4311.0,42.83302110141619,19.52,1704495.0
2024-05-10 21:00:00,4329.098387096775,3810.5,34147.25,4423.5,4608.5,42.83302110141619,19.52,1704495.0
2024-05-11 21:00:00,4315.953225806452,3812.0,34020.5,4952.0,4906.0,42.83302110141619,19.52,1704495.0
2024-05-12 21:00:00,4302.808064516129,3813.5,33893.75,5120.0,4260.0,42.83302110141619,19.52,1704495.0
2024-05-13 21:00:00,4289.662903225807,3815.0,33767.0,5060.666666666667,4261.285714285715,42.83302110141619,19.52,1704495.0
2024-05-14 21:00:00,4276.517741935484,3861.0,29448.0,5001.333333333333,4262.571428571428,42.83302110141619,19.52,1704495.0
2024-05-15 21:00:00,4263.372580645161,3804.0,22529.0,4942.0,4263.857142857143,42.83302110141619,19.52,1704495.0
2024-05-16 21:00:00,4250.227419354839,3892.0,29159.0,4882.666666666667,4265.142857142857,42.83302110141619,19.52,1704495.0
2024-05-17 21:00:00,4237.082258064516,3886.0,30498.0,4823.333333333333,4266.428571428572,42.83302110141619,19.52,1704495.0
2024-05-18 21:00:00,4223.937096774193,3880.0,31837.0,4764.0,4267.714285714285,42.83302110141619,19.52,1704495.0
2024-05-19 21:00:00,4210.791935483871,3874.0,33176.0,4704.666666666667,4269.0,42.83302110141619,19.52,1704495.0
2024-05-20 21:00:00,4197.6467741935485,3868.0,34515.0,4645.333333333333,4270.285714285715,42.83302110141619,19.52,1704495.0
2024-05-21 21:00:00,4184.501612903226,3881.0,32103.5,4586.0,4271.571428571428,42.83302110141619,19.52,1704495.0
2024-05-22 21:00:00,4171.356451612904,3894.0,29692.0,4526.666666666667,4272.857142857143,42.83302110141619,19.52,1704495.0
2024-05-23 21:00:00,4158.211290322581,3885.0,25500.0,4467.333333333333,4274.142857142857,42.83302110141619,19.52,1704495.0
2024-05-24 21:00:00,4145.066129032259,3903.75,27053.0,4408.0,4275.428571428572,42.83302110141619,19.52,1704495.0
2024-05-25 21:00:00,4131.920967741936,3922.5,28606.0,4348.666666666667,4276.714285714285,42.83302110141619,19.52,1704495.0
2024-05-26 21:00:00,4118.775806451613,3941.25,30159.0,4289.333333333333,4278.0,42.83302110141619,19.52,1704495.0
2024-05-27 21:00:00,4105.630645161291,3960.0,31712.0,4230.0,4279.285714285715,42.83302110141619,19.52,1704495.0
2024-05-28 21:00:00,4092.485483870968,4034.0,34913.0,4170.666666666667,4280.571428571428,42.83302110141619,19.52,1704495.0
2024-05-29 21:00:00,4079.340322580645,3993.0,37303.0,4111.333333333333,4281.857142857143,42.83302110141619,19.52,1704495.0
2024-05-30 21:00:00,4066.195161290322,4076.0,36336.0,4052.0,4283.142857142857,42.83302110141619,19.52,1704495.0
2024-05-31 21:00:00,4053.05,4037.25,37911.0,3992.6666666666665,4284.428571428572,42.83302110141619,19.52,1704495.0
2024-06-01 21:00:00,4055.112666666667,3998.5,39486.0,3933.333333333333,4285.714285714285,42.83302110141619,19.24,1615283.0
2024-06-02 21:00:00,4057.1753333333336,3959.75,41061.0,3874.0,4287.0,42.83302110141619,19.24,1615283.0
2024-06-03 21:00:00,4059.238,3921.0,42636.0,4094.0,3926.0,42.83302110141619,19.24,1615283.0
2024-06-04 21:00:00,4061.300666666667,3906.0,31356.0,3981.5,3936.0,42.83302110141619,19.24,1615283.0
2024-06-05 21:00:00,4063.3633333333337,3960.0,29003.0,3869.0,3946.0,42.83302110141619,19.24,1615283.0
2024-06-06 21:00:00,4065.426,3975.0,30637.0,3919.0,3932.0,42.83302110141619,19.24,1615283.0
2024-06-07 21:00:00,4067.488666666667,3964.0,31693.5,3811.5,3873.0,42.83302110141619,19.24,1615283.0
2024-06-08 21:00:00,4069.551333333333,3953.0,32750.0,3704.0,3814.0,42.83302110141619,19.24,1615283.0
2024-06-09 21:00:00,4071.614,3942.0,33806.5,4169.666666666667,4117.666666666667,42.83302110141619,19.24,1615283.0
2024-06-10 21:00:00,4073.6766666666663,3931.0,34863.0,4635.333333333333,4421.333333333333,42.83302110141619,19.24,1615283.0
2024-06-11 21:00:00,4075.739333333333,3963.0,26930.0,5101.0,4725.0,42.83302110141619,19.24,1615283.0
2024-06-12 21:00:00,4077.802,3936.0,24793.0,5043.047619047619,4700.047619047619,42.83302110141619,19.24,1615283.0
2024-06-13 21:00:00,4079.864666666667,3946.0,31952.0,4985.0952380952385,4675.0952380952385,42.83302110141619,19.24,1615283.0
2024-06-14 21:00:00,4081.9273333333335,3930.25,32083.5,4927.142857142857,4650.142857142857,42.83302110141619,19.24,1615283.0
2024-06-15 21:00:00,4083.99,3914.5,32215.0,4869.190476190476,4625.190476190476,42.83302110141619,19.24,1615283.0
2024-06-16 21:00:00,4086.052666666667,3898.75,32346.5,4811.238095238095,4600.238095238095,42.83302110141619,19.24,1615283.0
2024-06-17 21:00:00,4088.1153333333336,3883.0,32478.0,4753.285714285715,4575.285714285715,42.83302110141619,19.24,1615283.0
2024-06-18 21:00:00,4090.178,3920.0,25313.0,4695.333333333333,4550.333333333333,42.83302110141619,19.24,1615283.0
2024-06-19 21:00:00,4092.240666666667,3959.0,26883.0,4637.380952380952,4525.380952380952,42.83302110141619,19.24,1615283.0
2024-06-20 21:00:00,4094.3033333333337,3900.0,30043.0,4579.428571428572,4500.428571428572,42.83302110141619,19.24,1615283.0
2024-06-21 21:00:00,4096.366,3889.75,30675.0,4521.476190476191,4475.476190476191,42.83302110141619,19.24,1615283.0
2024-06-22 21:00:00,4098.428666666667,3879.5,31307.0,4463.523809523809,4450.523809523809,42.83302110141619,19.24,1615283.0
2024-06-23 21:00:00,4100.491333333333,3869.25,31939.0,4405.571428571428,4425.571428571428,42.83302110141619,19.24,1615283.0
2024-06-24 21:00:00,4102.554,3859.0,32571.0,4347.619047619048,4400.619047619048,42.83302110141619,19.24,1615283.0
2024-06-25 21:00:00,4104.616666666667,3879.0,30286.0,4289.666666666667,4375.666666666667,42.83302110141619,19.24,1615283.0
2024-06-26 21:00:00,4106.6793333333335,3890.0,30059.0,4231.714285714286,4350.714285714285,42.83302110141619,19.24,1615283.0
2024-06-27 21:00:00,4108.742,3916.0,30025.0,4173.761904761905,4325.761904761905,42.83302110141619,19.24,1615283.0
2024-06-28 21:00:00,4110.804666666667,3959.25,30576.5,4115.809523809524,4300.809523809524,42.83302110141619,19.24,1615283.0
2024-06-29 21:00:00,4112.867333333334,4002.5,31128.0,4057.857142857143,4275.857142857143,42.83302110141619,19.24,1615283.0
2024-06-30 21:00:00,4114.93,4045.75,31679.5,3999.904761904762,4250.9047619047615,42.83302110141619,19.24,1615283.0
2024-07-01 21:00:00,4117.373225806452,4089.0,32231.0,3941.9523809523807,4225.952380952381,42.83302110141619,19.37,1402355.0
2024-07-02 21:00:00,4119.816451612904,4082.0,33849.0,3884.0,4201.0,42.83302110141619,19.37,1402355.0
2024-07-03 21:00:00,4122.259677419355,4067.0,28163.0,4131.0,3971.0,42.83302110141619,19.37,1402355.0
2024-07-04 21:00:00,4124.702903225807,4042.0,27919.0,3981.0,3927.0,42.83302110141619,19.37,1402355.0
2024-07-05 21:00:00,4127.146129032259,4021.25,30420.25,3831.0,3883.0,42.83302110141619,19.37,1402355.0
2024-07-06 21:00:00,4129.58935483871,4000.5,32921.5,3803.0,3834.0,42.83302110141619,19.37,1402355.0
2024-07-07 21:00:00,4132.032580645162,3979.75,35422.75,3775.0,3785.0,42.83302110141619,19.37,1402355.0
2024-07-08 21:00:00,4134.475806451613,3959.0,37924.0,3747.0,3736.0,42.83302110141619,19.37,1402355.0
2024-07-09 21:00:00,4136.919032258064,3918.0,46731.0,3999.5,4412.0,42.83302110141619,19.37,1402355.0
2024-07-10 21:00:00,4139.362258064516,3935.0,23786.0,4252.0,5088.0,42.83302110141619,19.37,1402355.0
2024-07-11 21:00:00,4141.805483870968,3915.0,29917.0,5196.0,4529.0,42.83302110141619,19.37,1402355.0
2024-07-12 21:00:00,4144.248709677419,3917.5,27301.5,5127.476190476191,4497.142857142857,42.83302110141619,19.37,1402355.0
2024-07-13 21:00:00,4146.691935483871,3920.0,24686.0,5058.952380952381,4465.285714285715,42.83302110141619,19.37,1402355.0
2024-07-14 21:00:00,4149.135161290323,3922.5,22070.5,4990.428571428572,4433.428571428572,42.83302110141619,19.37,1402355.0
2024-07-15 21:00:00,4151.578387096774,3925.0,19455.0,4921.9047619047615,4401.571428571428,42.83302110141619,19.37,1402355.0
2024-07-16 21:00:00,4154.021612903226,3932.0,26198.0,4853.380952380952,4369.714285714285,42.83302110141619,19.37,1402355.0
2024-07-17 21:00:00,4156.464838709678,3937.0,26501.0,4784.857142857143,4337.857142857143,42.83302110141619,19.37,1402355.0
2024-07-18 21:00:00,4158.908064516129,3961.0,17859.0,4716.333333333333,4306.0,42.83302110141619,19.37,1402355.0
2024-07-19 21:00:00,4161.351290322581,3963.0,20010.5,4647.809523809524,4274.142857142857,42.83302110141619,19.37,1402355.0
2024-07-20 21:00:00,4163.794516129033,3965.0,22162.0,4579.285714285715,4242.285714285715,42.83302110141619,19.37,1402355.0
2024-07-21 21:00:00,4166.237741935484,3967.0,24313.5,4510.761904761905,4210.428571428572,42.83302110141619,19.37,1402355.0
2024-07-22 21:00:00,4168.680967741936,3969.0,26465.0,4442.238095238095,4178.571428571428,42.83302110141619,19.37,1402355.0
2024-07-23 21:00:00,4171.124193548388,3925.0,35099.0,4373.714285714286,4146.714285714285,42.83302110141619,19.37,1402355.0
2024-07-24 21:00:00,4173.567419354838,3918.0,31917.0,4305.190476190476,4114.857142857143,42.83302110141619,19.37,1402355.0
2024-07-25 21:00:00,4176.01064516129,3942.0,25274.0,4236.666666666667,4083.0,42.83302110141619,19.37,1402355.0
2024-07-26 21:00:00,4178.453870967742,3935.25,28072.0,4168.142857142857,4051.142857142857,42.83302110141619,19.37,1402355.0
2024-07-27 21:00:00,4180.897096774193,3928.5,30870.0,4099.619047619048,4019.285714285714,42.83302110141619,19.37,1402355.0
2024-07-28 21:00:00,4183.340322580645,3921.75,33668.0,4031.095238095238,3987.4285714285716,42.83302110141619,19.37,1402355.0
2024-07-29 21:00:00,4185.783548387097,3915.0,36466.0,3962.5714285714284,3955.5714285714284,42.83302110141619,19.37,1402355.0
2024-07-30 21:00:00,4188.226774193548,3908.0,31112.0,3894.0476190476193,3923.714285714286,42.83302110141619,19.37,1402355.0
2024-07-31 21:00:00,4190.67,3870.0,41794.0,3825.5238095238096,3891.857142857143,42.83302110141619,19.37,1402355.0
2024-08-01 21:00:00,4188.384838709678,3917.0,35650.0,3757.0,3860.0,42.83302110141619,19.84,1259382.0
2024-08-02 21:00:00,4186.0996774193545,3864.0,38838.75,3901.0,4272.0,42.83302110141619,19.84,1259382.0
2024-08-03 21:00:00,4183.814516129032,3811.0,42027.5,4091.5,4083.0,42.83302110141619,19.84,1259382.0
2024-08-04 21:00:00,4181.52935483871,3758.0,45216.25,4282.0,3894.0,42.83302110141619,19.84,1259382.0
2024-08-05 21:00:00,4179.244193548388,3705.0,48405.0,3809.0,3920.0,42.83302110141619,19.84,1259382.0
2024-08-06 21:00:00,4176.959032258064,3697.0,37936.0,3863.5,3837.0,42.83302110141619,19.84,1259382.0
2024-08-07 21:00:00,4174.673870967742,3704.0,34504.0,3918.0,3754.0,42.83302110141619,19.84,1259382.0
2024-08-08 21:00:00,4172.38870967742,3747.0,29244.0,3708.0,3845.0,42.83302110141619,19.84,1259382.0
2024-08-09 21:00:00,4170.103548387096,3732.75,28951.25,3970.5,4384.5,42.83302110141619,19.84,1259382.0
2024-08-10 21:00:00,4167.818387096774,3718.5,28658.5,4233.0,4924.0,42.83302110141619,19.84,1259382.0
2024-08-11 21:00:00,4165.533225806452,3704.25,28365.75,4213.045454545455,4875.772727272727,42.83302110141619,19.84,1259382.0
2024-08-12 21:00:00,4163.2480645161295,3690.0,28073.0,4193.090909090909,4827.545454545455,42.83302110141619,19.84,1259382.0
2024-08-13 21:00:00,4160.962903225806,3723.0,32314.0,4173.136363636364,4779.318181818182,42.83302110141619,19.84,1259382.0
2024-08-14 21:00:00,4158.677741935484,3754.0,25253.0,4153.181818181818,4731.090909090909,42.83302110141619,19.84,1259382.0
2024-08-15 21:00:00,4156.392580645162,3681.0,25981.0,4133.227272727273,4682.863636363636,42.83302110141619,19.84,1259382.0
2024-08-16 21:00:00,4154.107419354838,3689.5,26577.5,4113.272727272727,4634.636363636364,42.83302110141619,19.84,1259382.0
2024-08-17 21:00:00,4151.822258064516,3698.0,27174.0,4093.318181818182,4586.409090909091,42.83302110141619,19.84,1259382.0
2024-08-18 21:00:00,4149.537096774194,3706.5,27770.5,4073.3636363636365,4538.181818181818,42.83302110141619,19.84,1259382.0
2024-08-19 21:00:00,4147.251935483871,3715.0,28367.0,4053.409090909091,4489.954545454545,42.83302110141619,19.84,1259382.0
2024-08-20 21:00:00,4144.966774193548,3754.0,29895.0,4033.4545454545455,4441.727272727273,42.83302110141619,19.84,1259382.0
2024-08-21 21:00:00,4142.681612903226,3826.0,42636.0,4013.5,4393.5,42.83302110141619,19.84,1259382.0
2024-08-22 21:00:00,4140.396451612904,3867.0,32854.0,3993.5454545454545,4345.272727272727,42.83302110141619,19.84,1259382.0
2024-08-23 21:00:00,4138.11129032258,3881.0,35486.0,3973.590909090909,4297.045454545454,42.83302110141619,19.84,1259382.0
2024-08-24 21:00:00,4135.826129032258,3895.0,38118.0,3953.6363636363635,4248.818181818182,42.83302110141619,19.84,1259382.0
2024-08-25 21:00:00,4133.540967741936,3909.0,40750.0,3933.681818181818,4200.590909090909,42.83302110141619,19.84,1259382.0
2024-08-26 21:00:00,4131.255806451612,3923.0,43382.0,3913.727272727273,4152.363636363636,42.83302110141619,19.84,1259382.0
2024-08-27 21:00:00,4128.97064516129,3920.0,34130.0,3893.7727272727275,4104.136363636364,42.83302110141619,19.84,1259382.0
2024-08-28 21:00:00,4126.685483870968,3940.0,31696.0,3873.818181818182,4055.909090909091,42.83302110141619,19.84,1259382.0
2024-08-29 21:00:00,4124.4003225806455,3977.0,30590.0,3853.8636363636365,4007.681818181818,42.83302110141619,19.84,1259382.0
2024-08-30 21:00:00,4122.115161290322,3965.5,31570.5,3833.909090909091,3959.4545454545455,42.83302110141619,19.84,1259382.0
2024-08-31 21:00:00,4119.83,3954.0,32551.0,3813.9545454545455,3911.227272727273,42.83302110141619,19.84,1259382.0
2024-09-01 21:00:00,4121.894,3942.5,33531.5,3794.0,3863.0,42.83302110141619,19.8,1392471.0
2024-09-02 21:00:00,4123.958,3931.0,34512.0,3812.5,3887.0,42.83302110141619,19.8,1392471.0
2024-09-03 21:00:00,4126.022,3886.0,34834.0,3831.0,3911.0,42.83302110141619,19.8,1392471.0
2024-09-04 21:00:00,4128.086,3917.0,28128.0,3849.5,3935.0,42.83302110141619,19.8,1392471.0
2024-09-05 21:00:00,4130.15,3898.0,30631.0,3868.0,3959.0,42.83302110141619,19.8,1392471.0
2024-09-06 21:00:00,4132.214,3894.75,31168.75,3901.5,3820.0,42.83302110141619,19.8,1392471.0
2024-09-07 21:00:00,4134.278,3891.5,31706.5,3935.0,3681.0,42.83302110141619,19.8,1392471.0
2024-09-08 21:00:00,4136.342,3888.25,32244.25,3918.0,3979.5,42.83302110141619,19.8,1392471.0
2024-09-09 21:00:00,4138.406,3885.0,32782.0,3901.0,4278.0,42.83302110141619,19.8,1392471.0
2024-09-10 21:00:00,4140.47,3901.0,39520.0,4350.0,4815.0,42.83302110141619,19.8,1392471.0
2024-09-11 21:00:00,4142.534,3852.0,43543.0,4603.0,4511.5,42.83302110141619,19.8,1392471.0
2024-09-12 21:00:00,4144.598,3814.0,51875.0,4856.0,4208.0,42.83302110141619,19.8,1392471.0
2024-09-13 21:00:00,4146.662,3794.5,46033.75,4803.368421052632,4188.578947368421,42.83302110141619,19.8,1392471.0
2024-09-14 21:00:00,4148.726,3775.0,40192.5,4750.736842105263,4169.1578947368425,42.83302110141619,19.8,1392471.0
2024-09-15 21:00:00,4150.79,3755.5,34351.25,4698.105263157895,4149.736842105263,42.83302110141619,19.8,1392471.0
2024-09-16 21:00:00,4152.854,3736.0,28510.0,4645.473684210527,4130.315789473684,42.83302110141619,19.8,1392471.0
2024-09-17 21:00:00,4154.918,3845.0,29091.0,4592.842105263158,4110.894736842105,42.83302110141619,19.8,1392471.0
2024-09-18 21:00:00,4156.982,3876.0,60543.0,4540.210526315789,4091.4736842105262,42.83302110141619,19.8,1392471.0
2024-09-19 21:00:00,4159.046,3947.0,30067.0,4487.578947368421,4072.0526315789475,42.83302110141619,19.8,1392471.0
2024-09-20 21:00:00,4161.11,3957.25,31195.75,4434.9473684210525,4052.6315789473683,42.83302110141619,19.8,1392471.0
2024-09-21 21:00:00,4163.174,3967.5,32324.5,4382.315789473684,4033.2105263157896,42.83302110141619,19.8,1392471.0
2024-09-22 21:00:00,4165.238,3977.75,33453.25,4329.684210526316,4013.7894736842104,42.83302110141619,19.8,1392471.0
2024-09-23 21:00:00,4167.302,3988.0,34582.0,4277.0526315789475,3994.3684210526317,42.83302110141619,19.8,1392471.0
2024-09-24 21:00:00,4169.366,4043.0,41907.0,4224.421052631579,3974.9473684210525,42.83302110141619,19.8,1392471.0
2024-09-25 21:00:00,4171.43,4152.0,43642.0,4171.789473684211,3955.5263157894738,42.83302110141619,19.8,1392471.0
2024-09-26 21:00:00,4173.494,4051.0,54467.0,4119.1578947368425,3936.1052631578946,42.83302110141619,19.8,1392471.0
2024-09-27 21:00:00,4175.558,4039.75,48152.0,4066.5263157894738,3916.684210526316,42.83302110141619,19.8,1392471.0
2024-09-28 21:00:00,4177.622,4028.5,41837.0,4013.8947368421054,3897.2631578947367,42.83302110141619,19.8,1392471.0
2024-09-29 21:00:00,4179.686,4017.25,35522.0,3961.2631578947367,3877.842105263158,42.83302110141619,19.8,1392471.0
2024-09-30 21:00:00,4181.75,4006.0,29207.0,3908.6315789473683,3858.4210526315787,42.83302110141619,19.8,1392471.0
2024-10-01 21:00:00,4196.122580645161,4196.0,55833.0,3856.0,3839.0,42.83302110141619,19.76,1501905.0
2024-10-02 21:00:00,4210.495161290322,4182.0,51237.0,3877.4,3858.6,42.83302110141619,19.76,1501905.0
2024-10-03 21:00:00,4224.867741935484,4300.0,45627.0,3898.8,3878.2,42.83302110141619,19.76,1501905.0
2024-10-04 21:00:00,4239.240322580646,4292.75,47430.5,3920.2,3897.8,42.83302110141619,19.76,1501905.0
2024-10-05 21:00:00,4253.612903225807,4285.5,49234.0,3941.6,3917.4,42.83302110141619,19.76,1501905.0
2024-10-06 21:00:00,4267.985483870968,4278.25,51037.5,3963.0,3937.0,42.83302110141619,19.76,1501905.0
2024-10-07 21:00:00,4282.358064516129,4271.0,52841.0,3915.0,3715.0,42.83302110141619,19.76,1501905.0
2024-10-08 21:00:00,4296.73064516129,4252.0,42191.0,3883.5,3985.0,42.83302110141619,19.76,1501905.0
2024-10-09 21:00:00,4311.103225806452,4233.0,43678.0,3852.0,4255.0,42.83302110141619,19.76,1501905.0
2024-10-10 21:00:00,4325.475806451613,4350.0,47486.0,4313.0,4772.0,42.83302110141619,19.76,1501905.0
2024-10-11 21:00:00,4339.848387096774,4330.5,45258.5,4617.0,4481.0,42.83302110141619,19.76,1501905.0
2024-10-12 21:00:00,4354.220967741936,4311.0,43031.0,4921.0,4190.0,42.83302110141619,19.76,1501905.0
2024-10-13 21:00:00,4368.593548387097,4291.5,40803.5,4865.85,4173.15,42.83302110141619,19.76,1501905.0
2024-10-14 21:00:00,4382.966129032258,4272.0,38576.0,4810.7,4156.3,42.83302110141619,19.76,1501905.0
2024-10-15 21:00:00,4397.33870967742,4311.0,48470.0,4755.55,4139.45,42.83302110141619,19.76,1501905.0
2024-10-16 21:00:00,4411.711290322581,4278.0,47752.0,4700.4,4122.6,42.83302110141619,19.76,1501905.0
2024-10-17 21:00:00,4426.083870967742,4255.0,50737.0,4645.25,4105.75,42.83302110141619,19.76,1501905.0
2024-10-18 21:00:00,4440.456451612903,4287.75,47999.25,4590.1,4088.9,42.83302110141619,19.76,1501905.0
2024-10-19 21:00:00,4454.829032258064,4320.5,45261.5,4534.95,4072.05,42.83302110141619,19.76,1501905.0
2024-10-20 21:00:00,4469.201612903226,4353.25,42523.75,4479.8,4055.2,42.83302110141619,19.76,1501905.0
2024-10-21 21:00:00,4483.574193548388,4386.0,39786.0,4424.65,4038.35,42.83302110141619,19.76,1501905.0
2024-10-22 21:00:00,4497.946774193549,4486.0,48325.0,4369.5,4021.5,42.83302110141619,19.76,1501905.0
2024-10-23 21:00:00,4512.31935483871,4603.0,44183.0,4314.35,4004.65,42.83302110141619,19.76,1501905.0
2024-10-24 21:00:00,4526.691935483871,4536.0,49408.0,4259.2,3987.8,42.83302110141619,19.76,1501905.0
2024-10-25 21:00:00,4541.064516129032,4561.25,48010.25,4204.05,3970.95,42.83302110141619,19.76,1501905.0
2024-10-26 21:00:00,4555.437096774193,4586.5,46612.5,4148.9,3954.1,42.83302110141619,19.76,1501905.0
2024-10-27 21:00:00,4569.809677419355,4611.75,45214.75,4093.75,3937.25,42.83302110141619,19.76,1501905.0
2024-10-28 21:00:00,4584.182258064517,4637.0,43817.0,4038.6,3920.4,42.83302110141619,19.76,1501905.0
2024-10-29 21:00:00,4598.554838709678,4696.0,45211.0,3983.45,3903.55,42.83302110141619,19.76,1501905.0
2024-10-30 21:00:00,4612.927419354839,4782.0,41771.0,3928.3,3886.7,42.83302110141619,19.76,1501905.0
2024-10-31 21:00:00,4627.3,4868.0,38331.0,3873.15,3869.85,42.83302110141619,19.76,1501905.0
2024-11-01 21:00:00,4645.928,4852.5,38590.5,3818.0,3853.0,42.83302110141619,19.52,1704495.0
2024-11-02 21:00:00,4664.5560000000005,4837.0,38850.0,4006.5,3897.5,42.83302110141619,19.52,1704495.0
2024-11-03 21:00:00,4683.184,4821.5,39109.5,4195.0,3942.0,42.83302110141619,19.52,1704495.0
2024-11-04 21:00:00,4701.812,4806.0,39369.0,4204.0,3885.0,42.83302110141619,19.52,1704495.0
2024-11-05 21:00:00,4720.4400000000005,4917.0,42740.0,4070.0,3923.0,42.83302110141619,19.52,1704495.0
2024-11-06 21:00:00,4739.068,4952.0,50229.0,3936.0,3961.0,42.83302110141619,19.52,1704495.0
2024-11-07 21:00:00,4757.696,5101.0,55255.0,3895.0,3754.0,42.83302110141619,19.52,1704495.0
2024-11-08 21:00:00,4776.3240000000005,5082.25,56121.5,3854.5,4070.0,42.83302110141619,19.52,1704495.0
2024-11-09 21:00:00,4794.952,5063.5,56988.0,3814.0,4386.0,42.83302110141619,19.52,1704495.0
2024-11-10 21:00:00,4813.58,5044.75,57854.5,4400.5,4447.0,42.83302110141619,19.52,1704495.0
2024-11-11 21:00:00,4832.2080000000005,5026.0,58721.0,4987.0,4508.0,42.83302110141619,19.52,1704495.0
2024-11-12 21:00:00,4850.836,4987.0,74439.0,4906.0,4216.0,42.83302110141619,19.52,1704495.0
2024-11-13 21:00:00,4869.464,4964.0,61095.0,4858.1,4217.65,42.83302110141619,19.52,1704495.0
2024-11-14 21:00:00,4888.092000000001,5088.0,46770.0,4810.2,4219.3,42.83302110141619,19.52,1704495.0
2024-11-15 21:00:00,4906.72,5047.0,47475.5,4762.3,4220.95,42.83302110141619,19.52,1704495.0
2024-11-16 21:00:00,4925.348,5006.0,48181.0,4714.4,4222.6,42.83302110141619,19.52,1704495.0
2024-11-17 21:00:00,4943.976000000001,4965.0,48886.5,4666.5,4224.25,42.83302110141619,19.52,1704495.0
2024-11-18 21:00:00,4962.604,4924.0,49592.0,4618.6,4225.9,42.83302110141619,19.52,1704495.0
2024-11-19 21:00:00,4981.232,4815.0,44223.0,4570.7,4227.55,42.83302110141619,19.52,1704495.0
2024-11-20 21:00:00,4999.860000000001,4772.0,66087.0,4522.8,4229.2,42.83302110141619,19.52,1704495.0
2024-11-21 21:00:00,5018.488,4642.0,45437.0,4474.9,4230.85,42.83302110141619,19.52,1704495.0
2024-11-22 21:00:00,5037.116,4665.25,43761.5,4427.0,4232.5,42.83302110141619,19.52,1704495.0
2024-11-23 21:00:00,5055.744000000001,4688.5,42086.0,4379.1,4234.15,42.83302110141619,19.52,1704495.0
2024-11-24 21:00:00,5074.372,4711.75,40410.5,4331.2,4235.8,42.83302110141619,19.52,1704495.0
2024-11-25 21:00:00,5093.0,4735.0,38735.0,4283.3,4237.45,42.83302110141619,19.52,1704495.0
2024-11-26 21:00:00,5111.628000000001,4798.0,37084.0,4235.4,4239.1,42.83302110141619,19.52,1704495.0
2024-11-27 21:00:00,5130.256,4885.0,41291.0,4187.5,4240.75,42.83302110141619,19.52,1704495.0
2024-11-28 21:00:00,5148.884,5020.0,45798.0,4139.6,4242.4,42.83302110141619,19.52,1704495.0
2024-11-29 21:00:00,5167.512000000001,5033.75,44319.5,4091.7,4244.05,42.83302110141619,19.52,1704495.0
2024-11-30 21:00:00,5186.14,5047.5,42841.0,4043.8,4245.7,42.83302110141619,19.52,1704495.0
2024-12-01 21:00:00,5189.856451612904,5061.25,41362.5,3995.9,4247.35,42.83302110141619,19.24,1615283.0
2024-12-02 21:00:00,5193.572903225807,5075.0,39884.0,3948.0,4249.0,42.83302110141619,19.24,1615283.0
2024-12-03 21:00:00,5197.28935483871,5032.0,51440.0,4295.0,3874.0,42.83302110141619,19.24,1615283.0
2024-12-04 21:00:00,5201.005806451613,5135.0,40814.0,4178.666666666667,3905.6666666666665,42.83302110141619,19.24,1615283.0
2024-12-05 21:00:00,5204.722258064517,5128.0,43242.0,4062.3333333333335,3937.3333333333335,42.83302110141619,19.24,1615283.0
2024-12-06 21:00:00,5208.43870967742,5083.75,45490.5,3946.0,3969.0,42.83302110141619,19.24,1615283.0
2024-12-07 21:00:00,5212.155161290323,5039.5,47739.0,3834.5,3922.5,42.83302110141619,19.24,1615283.0
2024-12-08 21:00:00,5215.871612903226,4995.25,49987.5,3723.0,3876.0,42.83302110141619,19.24,1615283.0
2024-12-09 21:00:00,5219.58806451613,4951.0,52236.0,3736.0,4486.0,42.83302110141619,19.24,1615283.0
2024-12-10 21:00:00,5223.304516129033,4856.0,48613.0,4350.0,4459.5,42.83302110141619,19.24,1615283.0
2024-12-11 21:00:00,5227.020967741936,4921.0,50529.0,4964.0,4433.0,42.83302110141619,19.24,1615283.0
2024-12-12 21:00:00,5230.737419354839,4906.0,45590.0,4758.0,4279.0,42.83302110141619,19.24,1615283.0
2024-12-13 21:00:00,5234.453870967743,4860.75,45353.5,4732.346153846154,4278.076923076923,42.83302110141619,19.24,1615283.0
2024-12-14 21:00:00,5238.170322580646,4815.5,45117.0,4706.692307692308,4277.153846153846,42.83302110141619,19.24,1615283.0
2024-12-15 21:00:00,5241.886774193549,4770.25,44880.5,4681.038461538462,4276.2307692307695,42.83302110141619,19.24,1615283.0
2024-12-16 21:00:00,5245.603225806452,4725.0,44644.0,4655.384615384615,4275.307692307692,42.83302110141619,19.24,1615283.0
2024-12-17 21:00:00,5249.319677419355,4529.0,58347.0,4629.7307692307695,4274.384615384615,42.83302110141619,19.24,1615283.0
2024-12-18 21:00:00,5253.036129032258,4508.0,72855.0,4604.076923076923,4273.461538461538,42.83302110141619,19.24,1615283.0
2024-12-19 21:00:00,5256.752580645161,4433.0,57294.0,4578.423076923077,4272.538461538462,42.83302110141619,19.24,1615283.0
2024-12-20 21:00:00,5260.4690322580645,4464.25,48729.0,4552.7692307692305,4271.615384615385,42.83302110141619,19.24,1615283.0
2024-12-21 21:00:00,5264.185483870968,4495.5,40164.0,4527.115384615385,4270.692307692308,42.83302110141619,19.24,1615283.0
2024-12-22 21:00:00,5267.901935483871,4526.75,31599.0,4501.461538461538,4269.7692307692305,42.83302110141619,19.24,1615283.0
2024-12-23 21:00:00,5271.618387096774,4558.0,23034.0,4475.807692307692,4268.846153846154,42.83302110141619,19.24,1615283.0
2024-12-24 21:00:00,5275.334838709678,4550.5,22527.0,4450.153846153846,4267.923076923077,42.83302110141619,19.24,1615283.0
2024-12-25 21:00:00,5279.051290322581,4543.0,22020.0,4424.5,4267.0,42.83302110141619,19.24,1615283.0
2024-12-26 21:00:00,5282.767741935484,4624.0,26590.0,4398.846153846154,4266.076923076923,42.83302110141619,19.24,1615283.0
2024-12-27 21:00:00,5286.484193548387,4580.0,28883.25,4373.192307692308,4265.153846153846,42.83302110141619,19.24,1615283.0
2024-12-28 21:00:00,5290.200645161291,4536.0,31176.5,4347.538461538462,4264.2307692307695,42.83302110141619,19.24,1615283.0
2024-12-29 21:00:00,5293.917096774194,4492.0,33469.75,4321.884615384615,4263.307692307692,42.83302110141619,19.24,1615283.0
2024-12-30 21:00:00,5297.633548387097,4448.0,35763.0,4296.2307692307695,4262.384615384615,42.83302110141619,19.24,1615283.0
2024-12-31 21:00:00,5301.35,4421.333333333333,38884.333333333336,4270.576923076923,4261.461538461538,42.83302110141619,19.24,1615283.0
2025-01-01 21:00:00,5284.709032258065,4394.666666666667,42005.666666666664,4244.923076923077,4260.538461538462,42.83302110141619,19.23,1239895.0
2025-01-02 21:00:00,5268.068064516129,4368.0,45127.0,4219.2692307692305,4259.615384615385,42.83302110141619,19.23,1239895.0
2025-01-03 21:00:00,5251.427096774194,4367.25,45678.0,4193.615384615385,4258.692307692308,42.83302110141619,19.23,1239895.0
2025-01-04 21:00:00,5234.786129032258,4366.5,46229.0,4167.961538461538,4257.7692307692305,42.83302110141619,19.23,1239895.0
2025-01-05 21:00:00,5218.145161290323,4365.75,46780.0,4142.307692307692,4256.846153846154,42.83302110141619,19.23,1239895.0
2025-01-06 21:00:00,5201.504193548387,4365.0,47331.0,4116.653846153846,4255.923076923077,42.83302110141619,19.23,1239895.0
2025-01-07 21:00:00,5184.863225806452,4354.0,37733.0,4091.0,4255.0,42.83302110141619,19.23,1239895.0
2025-01-08 21:00:00,5168.222258064517,4296.0,43753.0,4100.88,4264.96,42.83302110141619,19.23,1239895.0
2025-01-09 21:00:00,5151.581290322581,4391.0,37060.0,4110.76,4274.92,42.83302110141619,19.23,1239895.0
2025-01-10 21:00:00,5134.940322580645,4402.5,36172.75,4120.64,4284.88,42.83302110141619,19.23,1239895.0
2025-01-11 21:00:00,5118.299354838709,4414.0,35285.5,4130.52,4294.84,42.83302110141619,19.23,1239895.0
2025-01-12 21:00:00,5101.658387096774,4425.5,34398.25,4140.4,4304.8,42.83302110141619,19.23,1239895.0
2025-01-13 21:00:00,5085.017419354839,4437.0,33511.0,4150.28,4314.76,42.83302110141619,19.23,1239895.0
2025-01-14 21:00:00,5068.376451612903,4367.0,32985.0,4160.16,4324.72,42.83302110141619,19.23,1239895.0
2025-01-15 21:00:00,5051.735483870968,4186.0,35336.0,4170.04,4334.68,42.83302110141619,19.23,1239895.0
2025-01-16 21:00:00,5035.094516129032,4190.0,36550.0,4179.92,4344.64,42.83302110141619,19.23,1239895.0
2025-01-17 21:00:00,5018.453548387097,4207.5,35944.0,4189.8,4354.6,42.83302110141619,19.23,1239895.0
2025-01-18 21:00:00,5001.812580645161,4225.0,35338.0,4199.68,4364.56,42.83302110141619,19.23,1239895.0
2025-01-19 21:00:00,4985.171612903226,4242.5,34732.0,4209.56,4374.52,42.83302110141619,19.23,1239895.0
2025-01-20 21:00:00,4968.5306451612905,4260.0,34126.0,4219.44,4384.48,42.83302110141619,19.23,1239895.0
2025-01-21 21:00:00,4951.8896774193545,4208.0,28189.0,4229.32,4394.44,42.83302110141619,19.23,1239895.0
2025-01-22 21:00:00,4935.248709677419,4190.0,32587.0,4239.2,4404.4,42.83302110141619,19.23,1239895.0
2025-01-23 21:00:00,4918.607741935483,4216.0,41098.0,4249.08,4414.36,42.83302110141619,19.23,1239895.0
2025-01-24 21:00:00,4901.966774193548,4231.75,37457.0,4258.96,4424.32,42.83302110141619,19.23,1239895.0
2025-01-25 21:00:00,4885.325806451612,4247.5,33816.0,4268.84,4434.28,42.83302110141619,19.23,1239895.0
2025-01-26 21:00:00,4868.684838709677,4263.25,30175.0,4278.72,4444.24,42.83302110141619,19.23,1239895.0
2025-01-27 21:00:00,4852.043870967742,4279.0,26534.0,4288.6,4454.2,42.83302110141619,19.23,1239895.0
2025-01-28 21:00:00,4835.402903225806,4283.142857142857,27277.571428571428,4298.48,4464.16,42.83302110141619,19.23,1239895.0
2025-01-29 21:00:00,4818.761935483871,4287.285714285715,28021.14285714286,4308.36,4474.12,42.83302110141619,19.23,1239895.0
2025-01-30 21:00:00,4802.120967741935,4291.428571428572,28764.714285714286,4318.24,4484.08,42.83302110141619,19.23,1239895.0
2025-01-31 21:00:00,4785.48,4295.571428571428,29508.285714285714,4328.12,4494.04,42.83302110141619,19.23,1239895.0
2025-02-01 21:00:00,4783.905,4299.714285714285,30251.85714285714,4338.0,4504.0,42.83302110141619,19.05,1188442.0
2025-02-02 21:00:00,4782.33,4303.857142857143,30995.428571428572,4334.666666666667,4292.0,42.83302110141619,19.05,1188442.0
2025-02-03 21:00:00,4780.754999999999,4308.0,31739.0,4331.333333333333,4080.0,42.83302110141619,19.05,1188442.0
2025-02-04 21:00:00,4779.179999999999,4334.0,32931.0,4328.0,3868.0,42.83302110141619,19.05,1188442.0
2025-02-05 21:00:00,4777.605,4403.0,32974.0,4239.333333333333,4046.0,42.83302110141619,19.05,1188442.0
2025-02-06 21:00:00,4776.03,4504.0,37464.0,4150.666666666667,4224.0,42.83302110141619,19.05,1188442.0
2025-02-07 21:00:00,4774.455,4512.333333333333,36978.0,4062.0,4402.0,42.83302110141619,19.05,1188442.0
2025-02-08 21:00:00,4772.88,4520.666666666667,36492.0,4255.0,4409.565217391304,42.83302110141619,19.05,1188442.0
2025-02-09 21:00:00,4771.304999999999,4529.0,36006.0,4448.0,4417.130434782609,42.83302110141619,19.05,1188442.0
2025-02-10 21:00:00,4769.73,4537.333333333333,35520.0,4442.571428571428,4424.695652173913,42.83302110141619,19.05,1188442.0
2025-02-11 21:00:00,4768.155,4545.666666666667,35034.0,4437.142857142857,4432.260869565217,42.83302110141619,19.05,1188442.0
2025-02-12 21:00:00,4766.58,4554.0,34548.0,4431.714285714285,4439.826086956522,42.83302110141619,19.05,1188442.0
2025-02-13 21:00:00,4765.005,4592.0,38629.0,4426.285714285715,4447.391304347826,42.83302110141619,19.05,1188442.0
2025-02-14 21:00:00,4763.43,4570.0,38908.75,4420.857142857143,4454.95652173913,42.83302110141619,19.05,1188442.0
2025-02-15 21:00:00,4761.855,4548.0,39188.5,4415.428571428572,4462.521739130435,42.83302110141619,19.05,1188442.0
2025-02-16 21:00:00,4760.28,4526.0,39468.25,4410.0,4470.086956521739,42.83302110141619,19.05,1188442.0
2025-02-17 21:00:00,4758.705,4504.0,39748.0,4404.571428571428,4477.652173913043,42.83302110141619,19.05,1188442.0
2025-02-18 21:00:00,4757.13,4672.0,49054.0,4399.142857142857,4485.217391304348,42.83302110141619,19.05,1188442.0
2025-02-19 21:00:00,4755.555,4642.0,33500.0,4393.714285714285,4492.782608695652,42.83302110141619,19.05,1188442.0
2025-02-20 21:00:00,4753.98,4664.0,42208.0,4388.285714285715,4500.347826086957,42.83302110141619,19.05,1188442.0
2025-02-21 21:00:00,4752.405,4639.25,40291.0,4382.857142857143,4507.913043478261,42.83302110141619,19.05,1188442.0
2025-02-22 21:00:00,4750.83,4614.5,38374.0,4377.428571428572,4515.478260869565,42.83302110141619,19.05,1188442.0
2025-02-23 21:00:00,4749.255,4589.75,36457.0,4372.0,4523.04347826087,42.83302110141619,19.05,1188442.0
2025-02-24 21:00:00,4747.68,4565.0,34540.0,4366.571428571428,4530.608695652174,42.83302110141619,19.05,1188442.0
2025-02-25 21:00:00,4746.1050000000005,4611.0,32016.0,4361.142857142857,4538.173913043478,42.83302110141619,19.05,1188442.0
2025-02-26 21:00:00,4744.53,4511.0,44115.0,4355.714285714285,4545.739130434783,42.83302110141619,19.05,1188442.0
2025-02-27 21:00:00,4742.955,4554.0,32690.0,4350.285714285715,4553.304347826087,42.83302110141619,19.05,1188442.0
2025-02-28 21:00:00,4741.38,4502.75,35189.25,4344.857142857143,4560.869565217391,42.83302110141619,19.05,1188442.0
2025-03-01 21:00:00,4741.197096774194,4451.5,37688.5,4339.428571428572,4568.434782608696,42.83302110141619,19.15,1387616.0
2025-03-02 21:00:00,4741.014193548387,4400.25,40187.75,4334.0,4576.0,42.83302110141619,19.15,1387616.0
2025-03-03 21:00:00,4740.831290322581,4349.0,42687.0,4417.0,4015.0,42.83302110141619,19.15,1387616.0
2025-03-04 21:00:00,4740.648387096774,4417.0,43750.0,4185.0,3815.0,42.83302110141619,19.15,1387616.0
2025-03-05 21:00:00,4740.465483870968,4480.0,47062.0,4044.0,3980.5,42.83302110141619,19.15,1387616.0
2025-03-06 21:00:00,4740.282580645161,4625.0,49522.0,3903.0,4146.0,42.83302110141619,19.15,1387616.0
2025-03-07 21:00:00,4740.0996774193545,4590.75,49183.75,4071.0,4435.0,42.83302110141619,19.15,1387616.0
2025-03-08 21:00:00,4739.916774193549,4556.5,48845.5,4279.5,4432.346153846154,42.83302110141619,19.15,1387616.0
2025-03-09 21:00:00,4739.733870967742,4522.25,48507.25,4488.0,4429.692307692308,42.83302110141619,19.15,1387616.0
2025-03-10 21:00:00,4739.550967741936,4488.0,48169.0,4484.458333333333,4427.038461538462,42.83302110141619,19.15,1387616.0
2025-03-11 21:00:00,4739.368064516129,4487.0,37439.0,4480.916666666667,4424.384615384615,42.83302110141619,19.15,1387616.0
2025-03-12 21:00:00,4739.185161290323,4539.0,39513.0,4477.375,4421.7307692307695,42.83302110141619,19.15,1387616.0
2025-03-13 21:00:00,4739.002258064516,4576.0,37453.0,4473.833333333333,4419.076923076923,42.83302110141619,19.15,1387616.0
2025-03-14 21:00:00,4738.81935483871,4548.833333333333,37773.0,4470.291666666667,4416.423076923077,42.83302110141619,19.15,1387616.0
2025-03-15 21:00:00,4738.636451612903,4521.666666666667,38093.0,4466.75,4413.7692307692305,42.83302110141619,19.15,1387616.0
2025-03-16 21:00:00,4738.453548387097,4494.5,38413.0,4463.208333333333,4411.115384615385,42.83302110141619,19.15,1387616.0
2025-03-17 21:00:00,4738.27064516129,4467.333333333333,38733.0,4459.666666666667,4408.461538461538,42.83302110141619,19.15,1387616.0
2025-03-18 21:00:00,4738.087741935484,4440.166666666667,39053.0,4456.125,4405.807692307692,42.83302110141619,19.15,1387616.0
2025-03-19 21:00:00,4737.904838709677,4413.0,39373.0,4452.583333333333,4403.153846153846,42.83302110141619,19.15,1387616.0
2025-03-20 21:00:00,4737.721935483871,4375.0,31448.0,4449.041666666667,4400.5,42.83302110141619,19.15,1387616.0
2025-03-21 21:00:00,4737.539032258064,4342.5,34532.5,4445.5,4397.846153846154,42.83302110141619,19.15,1387616.0
2025-03-22 21:00:00,4737.356129032258,4310.0,37617.0,4441.958333333333,4395.192307692308,42.83302110141619,19.15,1387616.0
2025-03-23 21:00:00,4737.173225806451,4277.5,40701.5,4438.416666666667,4392.538461538462,42.83302110141619,19.15,1387616.0
2025-03-24 21:00:00,4736.990322580646,4245.0,43786.0,4434.875,4389.884615384615,42.83302110141619,19.15,1387616.0
2025-03-25 21:00:00,4736.807419354839,4259.0,33518.0,4431.333333333333,4387.2307692307695,42.83302110141619,19.15,1387616.0
2025-03-26 21:00:00,4736.624516129033,4312.0,34542.0,4427.791666666667,4384.576923076923,42.83302110141619,19.15,1387616.0
2025-03-27 21:00:00,4736.441612903226,4419.0,33644.0,4424.25,4381.923076923077,42.83302110141619,19.15,1387616.0
2025-03-28 21:00:00,4736.25870967742,4430.666666666667,32725.0,4420.708333333333,4379.2692307692305,42.83302110141619,19.15,1387616.0
2025-03-29 21:00:00,4736.075806451613,4442.333333333333,31806.0,4417.166666666667,4376.615384615385,42.83302110141619,19.15,1387616.0
2025-03-30 21:00:00,4735.892903225807,4454.0,30887.0,4413.625,4373.961538461538,42.83302110141619,19.15,1387616.0
2025-03-31 21:00:00,4735.71,4465.666666666667,29968.0,4410.083333333333,4371.307692307692,42.83302110141619,19.15,1387616.0
2025-04-01 21:00:00,4724.217333333333,4477.333333333333,29049.0,4406.541666666667,4368.653846153846,42.83302110141619,19.55,1686379.0
2025-04-02 21:00:00,4712.724666666667,4489.0,28130.0,4403.0,4366.0,42.83302110141619,19.55,1686379.0
2025-04-03 21:00:00,4701.232,4328.0,39320.0,4480.0,4011.0,42.83302110141619,19.55,1686379.0
2025-04-04 21:00:00,4689.739333333333,4293.0,41022.75,4292.333333333333,4082.0,42.83302110141619,19.55,1686379.0
2025-04-05 21:00:00,4678.246666666667,4258.0,42725.5,4104.666666666667,4153.0,42.83302110141619,19.55,1686379.0
2025-04-06 21:00:00,4666.754,4223.0,44428.25,3917.0,4224.0,42.83302110141619,19.55,1686379.0
2025-04-07 21:00:00,4655.261333333334,4188.0,46131.0,4092.0,4231.2692307692305,42.83302110141619,19.55,1686379.0
2025-04-08 21:00:00,4643.768666666667,4148.0,45389.0,4267.0,4238.538461538462,42.83302110141619,19.55,1686379.0
2025-04-09 21:00:00,4632.276,4200.0,34352.0,4276.875,4245.807692307692,42.83302110141619,19.55,1686379.0
2025-04-10 21:00:00,4620.783333333334,4212.0,34099.0,4286.75,4253.076923076923,42.83302110141619,19.55,1686379.0
2025-04-11 21:00:00,4609.290666666667,4186.0,33262.75,4296.625,4260.346153846154,42.83302110141619,19.55,1686379.0
2025-04-12 21:00:00,4597.798,4160.0,32426.5,4306.5,4267.615384615385,42.83302110141619,19.55,1686379.0
2025-04-13 21:00:00,4586.305333333334,4134.0,31590.25,4316.375,4274.884615384615,42.83302110141619,19.55,1686379.0
2025-04-14 21:00:00,4574.812666666667,4108.0,30754.0,4326.25,4282.153846153846,42.83302110141619,19.55,1686379.0
2025-04-15 21:00:00,4563.32,4015.0,35510.0,4336.125,4289.423076923077,42.83302110141619,19.55,1686379.0
2025-04-16 21:00:00,4551.827333333334,4011.0,34047.0,4346.0,4296.692307692308,42.83302110141619,19.55,1686379.0
2025-04-17 21:00:00,4540.334666666667,3975.0,27121.0,4355.875,4303.961538461538,42.83302110141619,19.55,1686379.0
2025-04-18 21:00:00,4528.842000000001,3972.75,29561.25,4365.75,4311.2307692307695,42.83302110141619,19.55,1686379.0
2025-04-19 21:00:00,4517.349333333334,3970.5,32001.5,4375.625,4318.5,42.83302110141619,19.55,1686379.0
2025-04-20 21:00:00,4505.856666666667,3968.25,34441.75,4385.5,4325.7692307692305,42.83302110141619,19.55,1686379.0
2025-04-21 21:00:00,4494.3640000000005,3966.0,36882.0,4395.375,4333.038461538462,42.83302110141619,19.55,1686379.0
2025-04-22 21:00:00,4482.8713333333335,4037.0,36788.0,4405.25,4340.307692307692,42.83302110141619,19.55,1686379.0
2025-04-23 21:00:00,4471.3786666666665,4036.0,27165.0,4415.125,4347.576923076923,42.83302110141619,19.55,1686379.0
2025-04-24 21:00:00,4459.886,4057.0,38757.0,4425.0,4354.846153846154,42.83302110141619,19.55,1686379.0
2025-04-25 21:00:00,4448.393333333333,4028.5,36040.5,4434.875,4362.115384615385,42.83302110141619,19.55,1686379.0
2025-04-26 21:00:00,4436.900666666666,4000.0,33324.0,4444.75,4369.384615384615,42.83302110141619,19.55,1686379.0
2025-04-27 21:00:00,4425.408,3971.5,30607.5,4454.625,4376.653846153846,42.83302110141619,19.55,1686379.0
2025-04-28 21:00:00,4413.915333333333,3943.0,27891.0,4464.5,4383.923076923077,42.83302110141619,19.55,1686379.0
2025-04-29 21:00:00,4402.422666666667,3911.0,30744.0,4474.375,4391.192307692308,42.83302110141619,19.55,1686379.0
2025-04-30 21:00:00,4390.93,3891.1666666666665,30679.0,4484.25,4398.461538461538,42.83302110141619,19.55,1686379.0
2025-05-01 21:00:00,4374.197096774194,3871.3333333333335,30614.0,4494.125,4405.7307692307695,41.71333333333333,19.89,1771621.0
2025-05-02 21:00:00,4357.464193548388,3851.5,30549.0,4504.0,4413.0,41.71333333333333,19.89,1771621.0
2025-05-03 21:00:00,4340.731290322581,3831.6666666666665,30484.0,4625.0,3975.0,41.71333333333333,19.89,1771621.0
2025-05-04 21:00:00,4323.998387096774,3811.8333333333335,30419.0,4176.5,4019.5,41.71333333333333,19.89,1771621.0
2025-05-05 21:00:00,4307.265483870968,3792.0,30354.0,3728.0,4064.0,41.71333333333333,19.89,1771621.0
2025-05-06 21:00:00,4290.532580645162,3728.0,37108.0,3925.0,4210.0,41.71333333333333,19.89,1771621.0
2025-05-07 21:00:00,4273.799677419355,3801.0,44679.0,4082.5,4227.7692307692305,41.71333333333333,19.89,1771621.0
2025-05-08 21:00:00,4257.066774193549,3814.0,44418.0,4240.0,4245.538461538462,41.71333333333333,19.89,1771621.0
2025-05-09 21:00:00,4240.333870967742,3835.8,44735.6,4244.75,4263.307692307692,41.71333333333333,19.89,1771621.0
2025-05-10 21:00:00,4223.600967741936,3857.6,45053.2,4249.5,4281.076923076923,41.71333333333333,19.89,1771621.0
2025-05-11 21:00:00,4206.868064516129,3879.4,45370.8,4254.25,4298.846153846154,41.71333333333333,19.89,1771621.0
2025-05-12 21:00:00,4190.135161290323,3901.2,45688.4,4259.0,4316.615384615385,41.71333333333333,19.89,1771621.0
2025-05-13 21:00:00,4173.402258064516,3923.0,46006.0,4263.75,4334.384615384615,41.71333333333333,19.89,1771621.0
2025-05-14 21:00:00,4156.66935483871,3868.0,33668.0,4268.5,4352.153846153846,41.71333333333333,19.89,1771621.0
2025-05-15 21:00:00,4139.936451612904,3815.0,30230.0,4273.25,4369.923076923077,41.71333333333333,19.89,1771621.0
2025-05-16 21:00:00,4123.203548387097,3838.25,30815.0,4278.0,4387.692307692308,41.71333333333333,19.89,1771621.0
2025-05-17 21:00:00,4106.47064516129,3861.5,31400.0,4282.75,4405.461538461538,41.71333333333333,19.89,1771621.0
2025-05-18 21:00:00,4089.737741935484,3884.75,31985.0,4287.5,4423.2307692307695,41.71333333333333,19.89,1771621.0
2025-05-19 21:00:00,4073.0048387096776,3908.0,32570.0,4292.25,4441.0,41.71333333333333,19.89,1771621.0
2025-05-20 21:00:00,4056.271935483871,3894.0,33189.0,4297.0,4458.7692307692305,41.71333333333333,19.89,1771621.0
2025-05-21 21:00:00,4039.5390322580647,3820.0,29791.0,4301.75,4476.538461538462,41.71333333333333,19.89,1771621.0
2025-05-22 21:00:00,4022.806129032258,3827.0,26560.0,4306.5,4494.307692307692,41.71333333333333,19.89,1771621.0
2025-05-23 21:00:00,4006.073225806452,3837.25,25826.25,4311.25,4512.076923076923,41.71333333333333,19.89,1771621.0
2025-05-24 21:00:00,3989.340322580645,3847.5,25092.5,4316.0,4529.846153846154,41.71333333333333,19.89,1771621.0
2025-05-25 21:00:00,3972.607419354839,3857.75,24358.75,4320.75,4547.615384615385,41.71333333333333,19.89,1771621.0
2025-05-26 21:00:00,3955.8745161290326,3868.0,23625.0,4325.5,4565.384615384615,41.71333333333333,19.89,1771621.0
2025-05-27 21:00:00,3939.141612903226,3899.0,26860.0,4330.25,4583.153846153846,41.71333333333333,19.89,1771621.0
2025-05-28 21:00:00,3922.408709677419,3932.0,30071.0,4335.0,4600.923076923077,41.71333333333333,19.89,1771621.0
2025-05-29 21:00:00,3905.675806451613,3878.0,30587.0,4339.75,4618.692307692308,41.71333333333333,19.89,1771621.0
2025-05-30 21:00:00,3888.942903225807,3892.0,30160.2,4344.5,4636.461538461538,41.71333333333333,19.89,1771621.0
2025-05-31 21:00:00,3872.21,3906.0,29733.4,4349.25,4654.2307692307695,41.71333333333333,19.89,1771621.0
2025-06-01 21:00:00,3875.4003333333335,3920.0,29306.6,4354.0,4672.0,41.48824561403509,19.8,1692310.0
2025-06-02 21:00:00,3878.5906666666665,3934.0,28879.8,4593.0,4375.0,41.48824561403509,19.8,1692310.0
2025-06-03 21:00:00,3881.781,3948.0,28453.0,4499.0,3966.0,41.48824561403509,19.8,1692310.0
2025-06-04 21:00:00,3884.971333333333,3903.0,27788.0,4150.0,4033.0,41.48824561403509,19.8,1692310.0
2025-06-05 21:00:00,3888.161666666667,3917.0,28785.0,3801.0,4100.0,41.48824561403509,19.8,1692310.0
2025-06-06 21:00:00,3891.352,3903.75,30024.0,3952.3333333333335,4120.846153846154,41.48824561403509,19.8,1692310.0
2025-06-07 21:00:00,3894.542333333333,3890.5,31263.0,4103.666666666667,4141.692307692308,41.48824561403509,19.8,1692310.0
2025-06-08 21:00:00,3897.732666666667,3877.25,32502.0,4255.0,4162.538461538462,41.48824561403509,19.8,1692310.0
2025-06-09 21:00:00,3900.923,3864.0,33741.0,4256.782608695652,4183.384615384615,41.48824561403509,19.8,1692310.0
2025-06-10 21:00:00,3904.113333333333,3839.0,27927.0,4258.565217391304,4204.2307692307695,41.48824561403509,19.8,1692310.0
2025-06-11 21:00:00,3907.3036666666662,3839.0,24673.0,4260.347826086957,4225.076923076923,41.48824561403509,19.8,1692310.0
2025-06-12 21:00:00,3910.494,3927.0,40834.0,4262.130434782609,4245.923076923077,41.48824561403509,19.8,1692310.0
2025-06-13 21:00:00,3913.6843333333336,3961.25,43067.0,4263.913043478261,4266.7692307692305,41.48824561403509,19.8,1692310.0
2025-06-14 21:00:00,3916.8746666666666,3995.5,45300.0,4265.695652173913,4287.615384615385,41.48824561403509,19.8,1692310.0
2025-06-15 21:00:00,3920.065,4029.75,47533.0,4267.478260869565,4308.461538461538,41.48824561403509,19.8,1692310.0
2025-06-16 21:00:00,3923.2553333333335,4064.0,49766.0,4269.260869565217,4329.307692307692,41.48824561403509,19.8,1692310.0
2025-06-17 21:00:00,3926.4456666666665,4100.0,34097.0,4271.04347826087,4350.153846153846,41.48824561403509,19.8,1692310.0
2025-06-18 21:00:00,3929.636,4104.0,24084.0,4272.826086956522,4371.0,41.48824561403509,19.8,1692310.0
2025-06-19 21:00:00,3932.826333333333,4118.0,31259.0,4274.608695652174,4391.846153846154,41.48824561403509,19.8,1692310.0
2025-06-20 21:00:00,3936.016666666667,4084.25,33719.75,4276.391304347826,4412.692307692308,41.48824561403509,19.8,1692310.0
2025-06-21 21:00:00,3939.207,4050.5,36180.5,4278.173913043478,4433.538461538462,41.48824561403509,19.8,1692310.0
2025-06-22 21:00:00,3942.397333333333,4016.75,38641.25,4279.95652173913,4454.384615384615,41.48824561403509,19.8,1692310.0
2025-06-23 21:00:00,3945.587666666667,3983.0,41102.0,4281.739130434783,4475.2307692307695,41.48824561403509,19.8,1692310.0
2025-06-24 21:00:00,3948.778,3965.0,30608.0,4283.521739130435,4496.076923076923,41.48824561403509,19.8,1692310.0
2025-06-25 21:00:00,3951.968333333333,4011.0,29932.0,4285.304347826087,4516.923076923077,41.48824561403509,19.8,1692310.0
2025-06-26 21:00:00,3955.1586666666662,4002.4,28971.0,4287.086956521739,4537.7692307692305,41.48824561403509,19.8,1692310.0
2025-06-27 21:00:00,3958.349,3993.8,28010.0,4288.869565217391,4558.615384615385,41.48824561403509,19.8,1692310.0
2025-06-28 21:00:00,3961.5393333333336,3985.2,27049.0,4290.652173913043,4579.461538461538,41.48824561403509,19.8,1692310.0
2025-06-29 21:00:00,3964.7296666666666,3976.6,26088.0,4292.434782608696,4600.307692307692,41.48824561403509,19.8,1692310.0
2025-06-30 21:00:00,3967.92,3968.0,25127.0,4294.217391304348,4621.153846153846,41.48824561403509,19.8,1692310.0
2025-07-01 21:00:00,3955.0,4062.0,33335.0,4296.0,4642.0,42.98768115942029,19.23,1239895.0
2025-07-02 21:00:00,4011.5,4091.0,27469.0,4246.666666666667,4397.333333333333,42.98768115942029,19.23,1239895.0
2025-07-03 21:00:00,4036.0,4062.0,20179.0,4197.333333333333,4152.666666666667,42.98768115942029,19.23,1239895.0
2025-07-04 21:00:00,4032.5,4083.5,24224.75,4148.0,3908.0,42.98768115942029,19.23,1239895.0
2025-07-05 21:00:00,4032.5,4105.0,28270.5,3814.0,4104.0,42.98768115942029,19.23,1239895.0
2025-07-06 21:00:00,4032.5,4126.5,32316.25,3985.5,4253.5,42.98768115942029,19.23,1239895.0
2025-07-07 21:00:00,4020.5,4148.0,36362.0,4157.0,4403.0,42.98768115942029,19.23,1239895.0
2025-07-08 21:00:00,4078.5,4157.0,36042.0,4384.0,4413.44,42.98768115942029,19.23,1239895.0
2025-07-09 21:00:00,4103.0,4146.0,36369.0,4384.291666666667,4423.88,42.98768115942029,19.23,1239895.0
2025-07-10 21:00:00,4105.5,4174.0,35912.0,4384.583333333333,4434.32,42.98768115942029,19.23,1239895.0
2025-07-11 21:00:00,4107.0,4167.0,37507.75,4384.875,4444.76,42.98768115942029,19.23,1239895.0
2025-07-12 21:00:00,4107.0,4160.0,39103.5,4385.166666666667,4455.2,42.98768115942029,19.23,1239895.0
2025-07-13 21:00:00,4107.0,4153.0,40699.25,4385.458333333333,4465.64,42.98768115942029,19.23,1239895.0
2025-07-14 21:00:00,4155.0,4146.0,42295.0,4385.75,4476.08,42.98768115942029,19.23,1239895.0
2025-07-15 21:00:00,4126.0,4224.0,33673.0,4386.041666666667,4486.52,42.98768115942029,19.23,1239895.0
2025-07-16 21:00:00,4146.5,4210.0,42903.0,4386.333333333333,4496.96,42.98768115942029,19.23,1239895.0
2025-07-17 21:00:00,4156.0,4315.0,49708.0,4386.625,4507.4,42.98768115942029,19.23,1239895.0
2025-07-18 21:00:00,4230.5,4302.25,46171.75,4386.916666666667,4517.84,42.98768115942029,19.23,1239895.0
2025-07-19 21:00:00,4230.5,4289.5,42635.5,4387.208333333333,4528.28,42.98768115942029,19.23,1239895.0
2025-07-20 21:00:00,4230.5,4276.75,39099.25,4387.5,4538.72,42.98768115942029,19.23,1239895.0
2025-07-21 21:00:00,4198.0,4264.0,35563.0,4387.791666666667,4549.16,42.98768115942029,19.23,1239895.0
2025-07-22 21:00:00,4193.5,4315.0,34454.0,4388.083333333333,4559.6,42.98768115942029,19.23,1239895.0
2025-07-23 21:00:00,4220.0,4330.0,33238.0,4388.375,4570.04,42.98768115942029,19.23,1239895.0
2025-07-24 21:00:00,4235.5,4273.0,35762.0,4388.666666666667,4580.48,42.98768115942029,19.23,1239895.0
2025-07-25 21:00:00,4204.5,4268.25,34426.75,4388.958333333333,4590.92,42.98768115942029,19.23,1239895.0
2025-07-26 21:00:00,4204.5,4263.5,33091.5,4389.25,4601.36,42.98768115942029,19.23,1239895.0
2025-07-27 21:00:00,4204.5,4258.75,31756.25,4389.541666666667,4611.8,42.98768115942029,19.23,1239895.0
2025-07-28 21:00:00,4205.0,4254.0,30421.0,4389.833333333333,4622.24,42.98768115942029,19.23,1239895.0
2025-07-29 21:00:00,4179.5,4278.0,29261.0,4390.125,4632.68,42.98768115942029,19.23,1239895.0
2025-07-30 21:00:00,4207.0,4230.0,25371.0,4390.416666666667,4643.12,42.98768115942029,19.23,1239895.0
2025-07-31 21:00:00,4207.0,4245.0,31463.0,4390.708333333333,4653.56,42.98768115942029,19.23,1239895.0
2025-08-01 21:00:00,4200.5,4256.25,32066.5,4391.0,4664.0,45.09944444444445,19.05,1188442.0
2025-08-02 21:00:00,4200.5,4267.5,32670.0,4327.333333333333,4407.333333333333,45.09944444444445,19.05,1188442.0
2025-08-03 21:00:00,4200.5,4278.75,33273.5,4263.666666666667,4150.666666666667,45.09944444444445,19.05,1188442.0
2025-08-04 21:00:00,4171.5,4290.0,33877.0,4200.0,3894.0,45.09944444444445,19.05,1188442.0
2025-08-05 21:00:00,4226.5,4267.0,26732.0,3893.0,4118.0,45.09944444444445,19.05,1188442.0
2025-08-06 21:00:00,4224.5,4240.0,27356.0,4019.5,4295.0,45.09944444444445,19.05,1188442.0
2025-08-07 21:00:00,4209.0,4255.0,34284.0,4146.0,4472.0,45.09944444444445,19.05,1188442.0
2025-08-08 21:00:00,4218.0,4291.75,35345.5,4279.5,4475.72,45.09944444444445,19.05,1188442.0
2025-08-09 21:00:00,4218.0,4328.5,36407.0,4413.0,4479.44,45.09944444444445,19.05,1188442.0
2025-08-10 21:00:00,4218.0,4365.25,37468.5,4416.782608695652,4483.16,45.09944444444445,19.05,1188442.0
2025-08-11 21:00:00,4259.5,4402.0,38530.0,4420.565217391304,4486.88,45.09944444444445,19.05,1188442.0
2025-08-12 21:00:00,4344.0,4435.0,31452.0,4424.347826086957,4490.6,45.09944444444445,19.05,1188442.0
2025-08-13 21:00:00,4360.0,4403.0,33741.0,4428.130434782609,4494.32,45.09944444444445,19.05,1188442.0
2025-08-14 21:00:00,4346.5,4472.0,23548.0,4431.913043478261,4498.04,45.09944444444445,19.05,1188442.0
2025-08-15 21:00:00,4378.5,4484.25,27008.75,4435.695652173913,4501.76,45.09944444444445,19.05,1188442.0
2025-08-16 21:00:00,4378.5,4496.5,30469.5,4439.478260869565,4505.48,45.09944444444445,19.05,1188442.0
2025-08-17 21:00:00,4378.5,4508.75,33930.25,4443.260869565217,4509.2,45.09944444444445,19.05,1188442.0
2025-08-18 21:00:00,4455.5,4521.0,37391.0,4447.04347826087,4512.92,45.09944444444445,19.05,1188442.0
2025-08-19 21:00:00,4462.5,4498.0,31272.0,4450.826086956522,4516.64,45.09944444444445,19.05,1188442.0
2025-08-20 21:00:00,4421.5,4460.0,28598.0,4454.608695652174,4520.36,45.09944444444445,19.05,1188442.0
2025-08-21 21:00:00,4406.5,4529.0,30137.0,4458.391304347826,4524.08,45.09944444444445,19.05,1188442.0
2025-08-22 21:00:00,4443.5,4514.25,28384.5,4462.173913043478,4527.8,45.09944444444445,19.05,1188442.0
2025-08-23 21:00:00,4443.5,4499.5,26632.0,4465.95652173913,4531.52,45.09944444444445,19.05,1188442.0
2025-08-24 21:00:00,4443.5,4484.75,24879.5,4469.739130434783,4535.24,45.09944444444445,19.05,1188442.0
2025-08-25 21:00:00,4419.0,4470.0,23127.0,4473.521739130435,4538.96,45.09944444444445,19.05,1188442.0
2025-08-26 21:00:00,4403.0,4488.0,33722.0,4477.304347826087,4542.68,45.09944444444445,19.05,1188442.0
2025-08-27 21:00:00,4411.0,4449.0,26195.0,4481.086956521739,4546.4,45.09944444444445,19.05,1188442.0
2025-08-28 21:00:00,4370.0,4380.0,32100.0,4484.869565217391,4550.12,45.09944444444445,19.05,1188442.0
2025-08-29 21:00:00,4349.0,4392.4,32489.8,4488.652173913043,4553.84,45.09944444444445,19.05,1188442.0
2025-08-30 21:00:00,4349.0,4404.8,32879.6,4492.434782608696,4557.56,45.09944444444445,19.05,1188442.0
2025-08-31 21:00:00,4349.0,4417.2,33269.4,4496.217391304348,4561.28,45.09944444444445,19.05,1188442.0
2025-09-01 21:00:00,4349.0,4429.6,33659.2,4500.0,4565.0,42.83302110141619,19.15,1387616.0
2025-09-02 21:00:00,4389.5,4442.0,34049.0,4404.0,4316.666666666667,42.83302110141619,19.15,1387616.0
2025-09-03 21:00:00,4344.0,4448.0,35029.0,4308.0,4068.3333333333335,42.83302110141619,19.15,1387616.0
2025-09-04 21:00:00,4387.0,4454.2,32505.0,4212.0,3820.0,42.83302110141619,19.15,1387616.0
2025-09-05 21:00:00,4387.0,4460.4,29981.0,4025.5,4067.5,42.83302110141619,19.15,1387616.0
2025-09-06 21:00:00,4387.0,4466.6,27457.0,3839.0,4315.0,42.83302110141619,19.15,1387616.0
2025-09-07 21:00:00,4387.0,4472.8,24933.0,4174.0,4521.0,42.83302110141619,19.15,1387616.0
2025-09-08 21:00:00,4384.5,4479.0,22409.0,4314.0,4502.384615384615,42.83302110141619,19.15,1387616.0
2025-09-09 21:00:00,4409.0,4413.0,34478.0,4454.0,4483.7692307692305,42.83302110141619,19.15,1387616.0
2025-09-10 21:00:00,4364.5,4454.0,26326.0,4455.375,4465.153846153846,42.83302110141619,19.15,1387616.0
2025-09-11 21:00:00,4402.5,4445.0,32247.0,4456.75,4446.538461538462,42.83302110141619,19.15,1387616.0
2025-09-12 21:00:00,4400.5,4445.0,32247.0,4458.125,4427.923076923077,42.83302110141619,19.15,1387616.0
2025-09-13 21:00:00,4400.5,4445.0,32247.0,4459.5,4409.307692307692,42.83302110141619,19.15,1387616.0
2025-09-14 21:00:00,4400.5,4445.0,32247.0,4460.875,4390.692307692308,42.83302110141619,19.15,1387616.0
2025-09-15 21:00:00,4400.5,4445.0,32247.0,4462.25,4372.076923076923,42.83302110141619,19.15,1387616.0
2025-09-16 21:00:00,4400.5,4445.0,32247.0,4463.625,4353.461538461538,42.83302110141619,19.15,1387616.0
2025-09-17 21:00:00,4419.5,4445.0,32247.0,4465.0,4334.846153846154,42.83302110141619,19.15,1387616.0
2025-09-18 21:00:00,4364.5,4445.0,32247.0,4466.375,4316.2307692307695,42.83302110141619,19.15,1387616.0
2025-09-19 21:00:00,4376.0,4445.0,32247.0,4467.75,4297.615384615385,42.83302110141619,19.15,1387616.0
2025-09-20 21:00:00,4376.0,4445.0,32247.0,4469.125,4279.0,42.83302110141619,19.15,1387616.0
2025-09-21 21:00:00,4376.0,4445.0,32247.0,4470.5,4260.384615384615,42.83302110141619,19.15,1387616.0
2025-09-22 21:00:00,4384.0,4445.0,32247.0,4471.875,4241.7692307692305,42.83302110141619,19.15,1387616.0
2025-09-23 21:00:00,4282.0,4445.0,32247.0,4473.25,4223.153846153846,42.83302110141619,19.15,1387616.0
2025-09-24 21:00:00,4320.5,4445.0,32247.0,4474.625,4204.538461538462,42.83302110141619,19.15,1387616.0
2025-09-25 21:00:00,4361.0,4445.0,32247.0,4476.0,4185.923076923077,42.83302110141619,19.15,1387616.0
2025-09-26 21:00:00,4360.5,4445.0,32247.0,4477.375,4167.307692307692,42.83302110141619,19.15,1387616.0
2025-09-27 21:00:00,4360.5,4445.0,32247.0,4478.75,4148.692307692308,42.83302110141619,19.15,1387616.0
2025-09-28 21:00:00,4360.5,4445.0,32247.0,4480.125,4130.076923076923,42.83302110141619,19.15,1387616.0
2025-09-29 21:00:00,4342.0,4445.0,32247.0,4481.5,4111.461538461538,42.83302110141619,19.15,1387616.0
2025-09-30 21:00:00,4282.0,4445.0,32247.0,4482.875,4092.846153846154,42.83302110141619,19.15,1387616.0
2025-10-01 21:00:00,4346.0,4445.0,32247.0,4484.25,4074.230769230769,42.83302110141619,19.55,1686379.0
2025-10-02 21:00:00,4389.5,4445.0,32247.0,4485.625,4055.6153846153848,42.83302110141619,19.55,1686379.0
2025-10-03 21:00:00,4422.0,4445.0,32247.0,4487.0,4037.0,42.83302110141619,19.55,1686379.0
2025-10-04 21:00:00,4422.0,4445.0,32247.0,4170.0,3827.0,42.83302110141619,19.55,1686379.0
2025-10-05 21:00:00,4422.0,4445.0,32247.0,4004.5,4045.5,42.83302110141619,19.55,1686379.0
2025-10-06 21:00:00,4379.0,4445.0,32247.0,3839.0,4264.0,42.83302110141619,19.55,1686379.0
2025-10-07 21:00:00,4405.5,4445.0,32247.0,4230.0,4498.0,42.83302110141619,19.55,1686379.0
2025-10-08 21:00:00,4442.5,4445.0,32247.0,4337.5,4480.888888888889,42.83302110141619,19.55,1686379.0
2025-10-09 21:00:00,4486.5,4445.0,32247.0,4445.0,4463.777777777777,42.83302110141619,19.55,1686379.0
2025-10-10 21:00:00,4505.5,4445.0,32247.0,4448.76,4446.666666666667,42.83302110141619,19.55,1686379.0
2025-10-11 21:00:00,4505.5,4445.0,32247.0,4452.52,4429.555555555556,42.83302110141619,19.55,1686379.0
2025-10-12 21:00:00,4505.5,4445.0,32247.0,4456.28,4412.444444444444,42.83302110141619,19.55,1686379.0
2025-10-13 21:00:00,4415.0,4445.0,32247.0,4460.04,4395.333333333333,42.83302110141619,19.55,1686379.0
2025-10-14 21:00:00,4403.5,4445.0,32247.0,4463.8,4378.222222222223,42.83302110141619,19.55,1686379.0
2025-10-15 21:00:00,4411.5,4445.0,32247.0,4467.56,4361.111111111111,42.83302110141619,19.55,1686379.0
2025-10-16 21:00:00,4411.0,4445.0,32247.0,4471.32,4344.0,42.83302110141619,19.55,1686379.0
2025-10-17 21:00:00,4412.0,4445.0,32247.0,4475.08,4326.888888888889,42.83302110141619,19.55,1686379.0
2025-10-18 21:00:00,4412.0,4445.0,32247.0,4478.84,4309.777777777777,42.83302110141619,19.55,1686379.0
2025-10-19 21:00:00,4412.0,4445.0,32247.0,4482.6,4292.666666666667,42.83302110141619,19.55,1686379.0
2025-10-20 21:00:00,4412.0,4445.0,32247.0,4486.36,4275.555555555556,42.83302110141619,19.55,1686379.0
2025-10-21 21:00:00,4452.5,4445.0,32247.0,4490.12,4258.444444444444,42.83302110141619,19.55,1686379.0
2025-10-22 21:00:00,4398.0,4445.0,32247.0,4493.88,4241.333333333333,42.83302110141619,19.55,1686379.0
2025-10-23 21:00:00,4381.5,4445.0,32247.0,4497.64,4224.222222222223,42.83302110141619,19.55,1686379.0
2025-10-24 21:00:00,4381.5,4445.0,32247.0,4501.4,4207.111111111111,42.83302110141619,19.55,1686379.0
2025-10-25 21:00:00,4381.5,4445.0,32247.0,4505.16,4190.0,42.83302110141619,19.55,1686379.0
2025-10-26 21:00:00,4381.5,4445.0,32247.0,4508.92,4172.888888888889,42.83302110141619,19.55,1686379.0
2025-10-27 21:00:00,4381.5,4445.0,32247.0,4512.68,4155.777777777777,42.83302110141619,19.55,1686379.0
2025-10-28 21:00:00,4381.5,4445.0,32247.0,4516.44,4138.666666666667,42.83302110141619,19.55,1686379.0
2025-10-29 21:00:00,4381.5,4445.0,32247.0,4520.2,4121.555555555556,42.83302110141619,19.55,1686379.0
2025-10-30 21:00:00,4381.5,4445.0,32247.0,4523.96,4104.444444444444,42.83302110141619,19.55,1686379.0
2025-10-31 21:00:00,4381.5,4445.0,32247.0,4527.72,4087.3333333333335,42.83302110141619,19.55,1686379.0
2025-11-01 21:00:00,4381.5,4445.0,32247.0,4531.48,4070.222222222222,42.83302110141619,19.89,1771621.0
2025-11-02 21:00:00,4381.5,4445.0,32247.0,4535.24,4053.1111111111113,42.83302110141619,19.89,1771621.0
2025-11-03 21:00:00,4381.5,4445.0,32247.0,4539.0,4036.0,42.83302110141619,19.89,1771621.0
2025-11-04 21:00:00,4381.5,4445.0,32247.0,4335.0,4129.0,42.83302110141619,19.89,1771621.0
2025-11-05 21:00:00,4381.5,4445.0,32247.0,4131.0,4222.0,42.83302110141619,19.89,1771621.0
2025-11-06 21:00:00,4381.5,4445.0,32247.0,3927.0,4315.0,42.83302110141619,19.89,1771621.0
2025-11-07 21:00:00,4381.5,4445.0,32247.0,4181.0,4312.846153846154,42.83302110141619,19.89,1771621.0
2025-11-08 21:00:00,4381.5,4445.0,32247.0,4435.0,4310.692307692308,42.83302110141619,19.89,1771621.0
2025-11-09 21:00:00,4381.5,4445.0,32247.0,4441.541666666667,4308.538461538462,42.83302110141619,19.89,1771621.0
2025-11-10 21:00:00,4381.5,4445.0,32247.0,4448.083333333333,4306.384615384615,42.83302110141619,19.89,1771621.0
2025-11-11 21:00:00,4381.5,4445.0,32247.0,4454.625,4304.2307692307695,42.83302110141619,19.89,1771621.0
2025-11-12 21:00:00,4381.5,4445.0,32247.0,4461.166666666667,4302.076923076923,42.83302110141619,19.89,1771621.0
2025-11-13 21:00:00,4381.5,4445.0,32247.0,4467.708333333333,4299.923076923077,42.83302110141619,19.89,1771621.0
2025-11-14 21:00:00,4381.5,4445.0,32247.0,4474.25,4297.7692307692305,42.83302110141619,19.89,1771621.0
2025-11-15 21:00:00,4381.5,4445.0,32247.0,4480.791666666667,4295.615384615385,42.83302110141619,19.89,1771621.0
2025-11-16 21:00:00,4381.5,4445.0,32247.0,4487.333333333333,4293.461538461538,42.83302110141619,19.89,1771621.0
2025-11-17 21:00:00,4381.5,4445.0,32247.0,4493.875,4291.307692307692,42.83302110141619,19.89,1771621.0
2025-11-18 21:00:00,4381.5,4445.0,32247.0,4500.416666666667,4289.153846153846,42.83302110141619,19.89,1771621.0
2025-11-19 21:00:00,4381.5,4445.0,32247.0,4506.958333333333,4287.0,42.83302110141619,19.89,1771621.0
2025-11-20 21:00:00,4381.5,4445.0,32247.0,4513.5,4284.846153846154,42.83302110141619,19.89,1771621.0
2025-11-21 21:00:00,4381.5,4445.0,32247.0,4520.041666666667,4282.692307692308,42.83302110141619,19.89,1771621.0
2025-11-22 21:00:00,4381.5,4445.0,32247.0,4526.583333333333,4280.538461538462,42.83302110141619,19.89,1771621.0
2025-11-23 21:00:00,4381.5,4445.0,32247.0,4533.125,4278.384615384615,42.83302110141619,19.89,1771621.0
2025-11-24 21:00:00,4381.5,4445.0,32247.0,4539.666666666667,4276.2307692307695,42.83302110141619,19.89,1771621.0
2025-11-25 21:00:00,4381.5,4445.0,32247.0,4546.208333333333,4274.076923076923,42.83302110141619,19.89,1771621.0
2025-11-26 21:00:00,4381.5,4445.0,32247.0,4552.75,4271.923076923077,42.83302110141619,19.89,1771621.0
2025-11-27 21:00:00,4381.5,4445.0,32247.0,4559.291666666667,4269.7692307692305,42.83302110141619,19.89,1771621.0
2025-11-28 21:00:00,4381.5,4445.0,32247.0,4565.833333333333,4267.615384615385,42.83302110141619,19.89,1771621.0
2025-11-29 21:00:00,4381.5,4445.0,32247.0,4572.375,4265.461538461538,42.83302110141619,19.89,1771621.0
2025-11-30 21:00:00,4381.5,4445.0,32247.0,4578.916666666667,4263.307692307692,42.83302110141619,19.89,1771621.0
2025-12-01 21:00:00,4381.5,4445.0,32247.0,4585.458333333333,4261.153846153846,42.83302110141619,19.8,1692310.0
2025-12-02 21:00:00,4381.5,4445.0,32247.0,4592.0,4259.0,42.83302110141619,19.8,1692310.0
2025-12-03 21:00:00,4381.5,4445.0,32247.0,4576.0,4057.0,42.83302110141619,19.8,1692310.0
2025-12-04 21:00:00,4381.5,4445.0,32247.0,4415.333333333333,4148.0,42.83302110141619,19.8,1692310.0
2025-12-05 21:00:00,4381.5,4445.0,32247.0,4254.666666666667,4239.0,42.83302110141619,19.8,1692310.0
2025-12-06 21:00:00,4381.5,4445.0,32247.0,4094.0,4330.0,42.83302110141619,19.8,1692310.0
2025-12-07 21:00:00,4381.5,4445.0,32247.0,4248.5,4330.0,42.83302110141619,19.8,1692310.0
2025-12-08 21:00:00,4381.5,4445.0,32247.0,4403.0,4330.0,42.83302110141619,19.8,1692310.0
2025-12-09 21:00:00,4381.5,4445.0,32247.0,4403.0,4330.0,42.83302110141619,19.8,1692310.0
2025-12-10 21:00:00,4381.5,4445.0,32247.0,4403.0,4330.0,42.83302110141619,19.8,1692310.0
2025-12-11 21:00:00,4381.5,4445.0,32247.0,4403.0,4330.0,42.83302110141619,19.8,1692310.0
2025-12-12 21:00:00,4381.5,4445.0,32247.0,4403.0,4330.0,42.83302110141619,19.8,1692310.0
2025-12-13 21:00:00,4381.5,4445.0,32247.0,4403.0,4330.0,42.83302110141619,19.8,1692310.0
2025-12-14 21:00:00,4381.5,4445.0,32247.0,4403.0,4330.0,42.83302110141619,19.8,1692310.0
2025-12-15 21:00:00,4381.5,4445.0,32247.0,4403.0,4330.0,42.83302110141619,19.8,1692310.0
2025-12-16 21:00:00,4381.5,4445.0,32247.0,4403.0,4330.0,42.83302110141619,19.8,1692310.0
2025-12-17 21:00:00,4381.5,4445.0,32247.0,4403.0,4330.0,42.83302110141619,19.8,1692310.0
2025-12-18 21:00:00,4381.5,4445.0,32247.0,4403.0,4330.0,42.83302110141619,19.8,1692310.0
2025-12-19 21:00:00,4381.5,4445.0,32247.0,4403.0,4330.0,42.83302110141619,19.8,1692310.0
2025-12-20 21:00:00,4381.5,4445.0,32247.0,4403.0,4330.0,42.83302110141619,19.8,1692310.0
2025-12-21 21:00:00,4381.5,4445.0,32247.0,4403.0,4330.0,42.83302110141619,19.8,1692310.0
2025-12-22 21:00:00,4381.5,4445.0,32247.0,4403.0,4330.0,42.83302110141619,19.8,1692310.0
2025-12-23 21:00:00,4381.5,4445.0,32247.0,4403.0,4330.0,42.83302110141619,19.8,1692310.0
2025-12-24 21:00:00,4381.5,4445.0,32247.0,4403.0,4330.0,42.83302110141619,19.8,1692310.0
2025-12-25 21:00:00,4381.5,4445.0,32247.0,4403.0,4330.0,42.83302110141619,19.8,1692310.0
2025-12-26 21:00:00,4381.5,4445.0,32247.0,4403.0,4330.0,42.83302110141619,19.8,1692310.0
2025-12-27 21:00:00,4381.5,4445.0,32247.0,4403.0,4330.0,42.83302110141619,19.8,1692310.0
