datetime,symbol,open,high,low,close,volume
2005-05-02 21:00:00,MYX:FCPO1!,1428.0,1436.0,1425.0,1433.0,2057.0
2005-05-03 21:00:00,MYX:FCPO1!,1435.0,1435.0,1411.0,1411.0,4684.0
2005-05-04 21:00:00,MYX:FCPO1!,1415.0,1420.0,1405.0,1413.0,3817.0
2005-05-05 21:00:00,MYX:FCPO1!,1414.0,1423.0,1410.0,1416.0,2442.0
2005-05-09 10:00:00,MYX:FCPO1!,1430.0,1432.0,1415.0,1422.0,2646.0
2005-05-09 21:00:00,MYX:FCPO1!,1432.0,1436.0,1426.0,1429.0,3131.0
2005-05-10 21:00:00,MYX:FCPO1!,1425.0,1426.0,1381.0,1405.0,6371.0
2005-05-11 21:00:00,MYX:FCPO1!,1401.0,1414.0,1396.0,1414.0,2346.0
2005-05-12 21:00:00,MYX:FCPO1!,1407.0,1413.0,1402.0,1407.0,1575.0
2005-05-16 10:00:00,MYX:FCPO1!,1398.0,1402.0,1389.0,1400.0,4528.0
2005-05-16 21:00:00,MYX:FCPO1!,1395.0,1404.0,1381.0,1382.0,5044.0
2005-05-17 21:00:00,MYX:FCPO1!,1377.0,1398.0,1377.0,1392.0,3907.0
2005-05-18 21:00:00,MYX:FCPO1!,1399.0,1403.0,1390.0,1393.0,3362.0
2005-05-19 21:00:00,MYX:FCPO1!,1389.0,1391.0,1380.0,1384.0,2624.0
2005-05-23 21:00:00,MYX:FCPO1!,1391.0,1397.0,1387.0,1389.0,2346.0
2005-05-24 21:00:00,MYX:FCPO1!,1393.0,1395.0,1385.0,1392.0,2398.0
2005-05-25 21:00:00,MYX:FCPO1!,1400.0,1408.0,1396.0,1402.0,3302.0
2005-05-26 21:00:00,MYX:FCPO1!,1411.0,1423.0,1411.0,1417.0,3961.0
2005-05-30 10:00:00,MYX:FCPO1!,1408.0,1418.0,1407.0,1411.0,1254.0
2005-05-30 21:00:00,MYX:FCPO1!,1424.0,1424.0,1408.0,1412.0,3445.0
2005-05-31 21:00:00,MYX:FCPO1!,1407.0,1408.0,1392.0,1393.0,2884.0
2005-06-01 21:00:00,MYX:FCPO1!,1397.0,1399.0,1385.0,1390.0,3179.0
2005-06-02 21:00:00,MYX:FCPO1!,1380.0,1393.0,1378.0,1391.0,2296.0
2005-06-06 10:00:00,MYX:FCPO1!,1398.0,1408.0,1398.0,1405.0,1775.0
2005-06-06 21:00:00,MYX:FCPO1!,1404.0,1404.0,1388.0,1389.0,2345.0
2005-06-07 21:00:00,MYX:FCPO1!,1388.0,1394.0,1384.0,1389.0,1478.0
2005-06-08 21:00:00,MYX:FCPO1!,1384.0,1386.0,1361.0,1362.0,5785.0
2005-06-09 21:00:00,MYX:FCPO1!,1367.0,1385.0,1367.0,1373.0,4021.0
2005-06-13 10:00:00,MYX:FCPO1!,1369.0,1382.0,1364.0,1380.0,3781.0
2005-06-13 21:00:00,MYX:FCPO1!,1380.0,1384.0,1374.0,1380.0,1786.0
2005-06-14 21:00:00,MYX:FCPO1!,1375.0,1388.0,1371.0,1377.0,2446.0
2005-06-15 21:00:00,MYX:FCPO1!,1395.0,1399.0,1390.0,1395.0,3400.0
2005-06-16 21:00:00,MYX:FCPO1!,1393.0,1410.0,1388.0,1409.0,3913.0
2005-06-20 10:00:00,MYX:FCPO1!,1438.0,1447.0,1433.0,1440.0,6768.0
2005-06-20 21:00:00,MYX:FCPO1!,1431.0,1435.0,1420.0,1422.0,3486.0
2005-06-21 21:00:00,MYX:FCPO1!,1435.0,1442.0,1431.0,1433.0,3948.0
2005-06-22 21:00:00,MYX:FCPO1!,1425.0,1440.0,1419.0,1436.0,3091.0
2005-06-23 21:00:00,MYX:FCPO1!,1436.0,1444.0,1434.0,1440.0,2032.0
2005-06-27 10:00:00,MYX:FCPO1!,1437.0,1445.0,1430.0,1435.0,3085.0
2005-06-27 21:00:00,MYX:FCPO1!,1405.0,1417.0,1401.0,1409.0,5179.0
2005-06-28 21:00:00,MYX:FCPO1!,1410.0,1423.0,1409.0,1422.0,2536.0
2005-06-29 21:00:00,MYX:FCPO1!,1424.0,1424.0,1402.0,1408.0,3014.0
2005-06-30 21:00:00,MYX:FCPO1!,1405.0,1414.0,1403.0,1412.0,2508.0
2005-07-04 10:00:00,MYX:FCPO1!,1416.0,1422.0,1413.0,1418.0,2147.0
2005-07-04 21:00:00,MYX:FCPO1!,1420.0,1436.0,1419.0,1436.0,3679.0
2005-07-05 21:00:00,MYX:FCPO1!,1446.0,1446.0,1426.0,1429.0,3169.0
2005-07-06 21:00:00,MYX:FCPO1!,1432.0,1435.0,1408.0,1411.0,3210.0
2005-07-07 21:00:00,MYX:FCPO1!,1412.0,1423.0,1412.0,1417.0,1628.0
2005-07-11 10:00:00,MYX:FCPO1!,1408.0,1421.0,1400.0,1420.0,2121.0
2005-07-11 21:00:00,MYX:FCPO1!,1420.0,1427.0,1420.0,1423.0,1406.0
2005-07-12 21:00:00,MYX:FCPO1!,1417.0,1420.0,1413.0,1420.0,1224.0
2005-07-13 21:00:00,MYX:FCPO1!,1422.0,1426.0,1415.0,1419.0,1800.0
2005-07-14 21:00:00,MYX:FCPO1!,1416.0,1421.0,1415.0,1418.0,648.0
2005-07-18 10:00:00,MYX:FCPO1!,1424.0,1424.0,1413.0,1417.0,1074.0
2005-07-18 21:00:00,MYX:FCPO1!,1417.0,1417.0,1411.0,1411.0,1478.0
2005-07-19 21:00:00,MYX:FCPO1!,1403.0,1413.0,1398.0,1411.0,2426.0
2005-07-20 21:00:00,MYX:FCPO1!,1410.0,1411.0,1406.0,1408.0,1129.0
2005-07-21 21:00:00,MYX:FCPO1!,1390.0,1398.0,1378.0,1382.0,5788.0
2005-07-25 10:00:00,MYX:FCPO1!,1379.0,1379.0,1353.0,1356.0,4503.0
2005-07-25 21:00:00,MYX:FCPO1!,1358.0,1373.0,1358.0,1365.0,2593.0
2005-07-26 21:00:00,MYX:FCPO1!,1360.0,1367.0,1356.0,1363.0,2058.0
2005-07-27 21:00:00,MYX:FCPO1!,1364.0,1378.0,1364.0,1378.0,1935.0
2005-07-28 21:00:00,MYX:FCPO1!,1378.0,1378.0,1371.0,1377.0,1554.0
2005-08-01 10:00:00,MYX:FCPO1!,1373.0,1373.0,1365.0,1368.0,1595.0
2005-08-01 21:00:00,MYX:FCPO1!,1369.0,1375.0,1353.0,1356.0,3268.0
2005-08-02 21:00:00,MYX:FCPO1!,1365.0,1366.0,1355.0,1366.0,1412.0
2005-08-03 21:00:00,MYX:FCPO1!,1357.0,1362.0,1343.0,1352.0,3558.0
2005-08-04 21:00:00,MYX:FCPO1!,1352.0,1358.0,1344.0,1344.0,1282.0
2005-08-08 10:00:00,MYX:FCPO1!,1342.0,1347.0,1333.0,1340.0,2384.0
2005-08-08 21:00:00,MYX:FCPO1!,1335.0,1350.0,1329.0,1349.0,2898.0
2005-08-09 21:00:00,MYX:FCPO1!,1344.0,1358.0,1343.0,1357.0,2225.0
2005-08-10 21:00:00,MYX:FCPO1!,1357.0,1370.0,1354.0,1367.0,2321.0
2005-08-11 21:00:00,MYX:FCPO1!,1365.0,1410.0,1360.0,1378.0,1676.0
2005-08-15 10:00:00,MYX:FCPO1!,1375.0,1385.0,1369.0,1383.0,1271.0
2005-08-15 21:00:00,MYX:FCPO1!,1381.0,1383.0,1371.0,1377.0,1597.0
2005-08-16 21:00:00,MYX:FCPO1!,1375.0,1377.0,1374.0,1377.0,533.0
2005-08-17 21:00:00,MYX:FCPO1!,1378.0,1390.0,1378.0,1387.0,1936.0
2005-08-18 21:00:00,MYX:FCPO1!,1381.0,1396.0,1381.0,1391.0,2597.0
2005-08-22 10:00:00,MYX:FCPO1!,1390.0,1393.0,1383.0,1387.0,1784.0
2005-08-22 21:00:00,MYX:FCPO1!,1391.0,1393.0,1388.0,1392.0,1509.0
2005-08-23 21:00:00,MYX:FCPO1!,1393.0,1394.0,1379.0,1380.0,1889.0
2005-08-24 21:00:00,MYX:FCPO1!,1380.0,1383.0,1363.0,1365.0,3656.0
2005-08-25 21:00:00,MYX:FCPO1!,1359.0,1368.0,1358.0,1366.0,1319.0
2005-08-29 10:00:00,MYX:FCPO1!,1367.0,1376.0,1364.0,1368.0,1306.0
2005-08-29 21:00:00,MYX:FCPO1!,1364.0,1373.0,1356.0,1370.0,3206.0
2005-08-31 21:00:00,MYX:FCPO1!,1370.0,1378.0,1367.0,1377.0,2061.0
2005-09-01 21:00:00,MYX:FCPO1!,1380.0,1387.0,1376.0,1386.0,2135.0
2005-09-05 10:00:00,MYX:FCPO1!,1381.0,1387.0,1377.0,1384.0,1532.0
2005-09-05 21:00:00,MYX:FCPO1!,1386.0,1389.0,1378.0,1383.0,1129.0
2005-09-06 21:00:00,MYX:FCPO1!,1387.0,1391.0,1382.0,1388.0,1198.0
2005-09-07 21:00:00,MYX:FCPO1!,1385.0,1386.0,1379.0,1381.0,1175.0
2005-09-08 21:00:00,MYX:FCPO1!,1384.0,1384.0,1375.0,1384.0,2066.0
2005-09-12 10:00:00,MYX:FCPO1!,1378.0,1381.0,1373.0,1377.0,2566.0
2005-09-12 21:00:00,MYX:FCPO1!,1375.0,1389.0,1372.0,1387.0,2496.0
2005-09-13 21:00:00,MYX:FCPO1!,1387.0,1392.0,1384.0,1390.0,1896.0
2005-09-14 21:00:00,MYX:FCPO1!,1389.0,1396.0,1382.0,1385.0,2416.0
2005-09-15 21:00:00,MYX:FCPO1!,1390.0,1404.0,1387.0,1399.0,3617.0
2005-09-19 10:00:00,MYX:FCPO1!,1402.0,1416.0,1396.0,1414.0,3697.0
2005-09-19 21:00:00,MYX:FCPO1!,1423.0,1427.0,1411.0,1426.0,3939.0
2005-09-20 21:00:00,MYX:FCPO1!,1426.0,1430.0,1418.0,1424.0,4237.0
2005-09-21 21:00:00,MYX:FCPO1!,1428.0,1436.0,1424.0,1432.0,3228.0
2005-09-22 21:00:00,MYX:FCPO1!,1435.0,1438.0,1428.0,1428.0,2609.0
2005-09-26 10:00:00,MYX:FCPO1!,1425.0,1455.0,1425.0,1455.0,5478.0
2005-09-26 21:00:00,MYX:FCPO1!,1453.0,1471.0,1446.0,1458.0,4080.0
2005-09-27 21:00:00,MYX:FCPO1!,1449.0,1462.0,1440.0,1442.0,3705.0
2005-09-28 21:00:00,MYX:FCPO1!,1445.0,1453.0,1440.0,1448.0,2492.0
2005-09-29 21:00:00,MYX:FCPO1!,1448.0,1460.0,1441.0,1460.0,3096.0
2005-10-03 10:00:00,MYX:FCPO1!,1475.0,1495.0,1474.0,1476.0,4709.0
2005-10-03 21:00:00,MYX:FCPO1!,1482.0,1483.0,1464.0,1465.0,3843.0
2005-10-04 21:00:00,MYX:FCPO1!,1464.0,1471.0,1458.0,1467.0,4201.0
2005-10-05 21:00:00,MYX:FCPO1!,1468.0,1483.0,1465.0,1482.0,2749.0
2005-10-06 21:00:00,MYX:FCPO1!,1479.0,1484.0,1465.0,1466.0,2731.0
2005-10-10 10:00:00,MYX:FCPO1!,1467.0,1472.0,1452.0,1466.0,4698.0
2005-10-10 21:00:00,MYX:FCPO1!,1462.0,1464.0,1454.0,1460.0,2363.0
2005-10-11 21:00:00,MYX:FCPO1!,1462.0,1462.0,1450.0,1451.0,2256.0
2005-10-12 21:00:00,MYX:FCPO1!,1460.0,1463.0,1447.0,1453.0,3537.0
2005-10-13 21:00:00,MYX:FCPO1!,1452.0,1462.0,1441.0,1453.0,3647.0
2005-10-17 10:00:00,MYX:FCPO1!,1449.0,1453.0,1446.0,1451.0,1570.0
2005-10-17 21:00:00,MYX:FCPO1!,1455.0,1459.0,1449.0,1450.0,2790.0
2005-10-18 21:00:00,MYX:FCPO1!,1449.0,1451.0,1435.0,1439.0,3741.0
2005-10-19 21:00:00,MYX:FCPO1!,1436.0,1447.0,1429.0,1434.0,3932.0
2005-10-20 21:00:00,MYX:FCPO1!,1425.0,1430.0,1417.0,1418.0,3538.0
2005-10-24 10:00:00,MYX:FCPO1!,1411.0,1415.0,1407.0,1410.0,2173.0
2005-10-24 21:00:00,MYX:FCPO1!,1413.0,1422.0,1412.0,1421.0,2753.0
2005-10-25 21:00:00,MYX:FCPO1!,1420.0,1421.0,1415.0,1418.0,865.0
2005-10-26 21:00:00,MYX:FCPO1!,1420.0,1437.0,1420.0,1435.0,4202.0
2005-10-27 21:00:00,MYX:FCPO1!,1433.0,1438.0,1430.0,1431.0,812.0
2005-10-31 10:00:00,MYX:FCPO1!,1433.0,1446.0,1431.0,1445.0,1590.0
2005-11-01 21:00:00,MYX:FCPO1!,1440.0,1447.0,1439.0,1440.0,1238.0
2005-11-07 10:00:00,MYX:FCPO1!,1442.0,1442.0,1429.0,1432.0,1330.0
2005-11-07 21:00:00,MYX:FCPO1!,1427.0,1435.0,1425.0,1433.0,1808.0
2005-11-08 21:00:00,MYX:FCPO1!,1435.0,1441.0,1426.0,1427.0,1980.0
2005-11-09 21:00:00,MYX:FCPO1!,1420.0,1441.0,1419.0,1435.0,3146.0
2005-11-10 21:00:00,MYX:FCPO1!,1433.0,1439.0,1432.0,1436.0,822.0
2005-11-14 10:00:00,MYX:FCPO1!,1435.0,1438.0,1425.0,1429.0,1027.0
2005-11-14 21:00:00,MYX:FCPO1!,1428.0,1430.0,1420.0,1422.0,2417.0
2005-11-15 21:00:00,MYX:FCPO1!,1418.0,1423.0,1410.0,1415.0,2764.0
2005-11-16 21:00:00,MYX:FCPO1!,1412.0,1417.0,1402.0,1417.0,3131.0
2005-11-17 21:00:00,MYX:FCPO1!,1413.0,1420.0,1409.0,1418.0,2685.0
2005-11-21 10:00:00,MYX:FCPO1!,1417.0,1417.0,1408.0,1413.0,1687.0
2005-11-21 21:00:00,MYX:FCPO1!,1411.0,1411.0,1402.0,1403.0,1994.0
2005-11-22 21:00:00,MYX:FCPO1!,1400.0,1416.0,1400.0,1414.0,2356.0
2005-11-23 21:00:00,MYX:FCPO1!,1413.0,1413.0,1404.0,1412.0,1281.0
2005-11-24 21:00:00,MYX:FCPO1!,1410.0,1421.0,1410.0,1419.0,2477.0
2005-11-28 10:00:00,MYX:FCPO1!,1412.0,1415.0,1396.0,1399.0,4642.0
2005-11-28 21:00:00,MYX:FCPO1!,1404.0,1404.0,1393.0,1396.0,2783.0
2005-11-29 21:00:00,MYX:FCPO1!,1395.0,1403.0,1389.0,1391.0,2610.0
2005-11-30 21:00:00,MYX:FCPO1!,1395.0,1395.0,1380.0,1387.0,2480.0
2005-12-01 21:00:00,MYX:FCPO1!,1386.0,1400.0,1382.0,1397.0,2805.0
2005-12-05 10:00:00,MYX:FCPO1!,1402.0,1407.0,1394.0,1402.0,3138.0
2005-12-05 21:00:00,MYX:FCPO1!,1405.0,1416.0,1403.0,1413.0,3487.0
2005-12-06 21:00:00,MYX:FCPO1!,1406.0,1416.0,1404.0,1413.0,2746.0
2005-12-07 21:00:00,MYX:FCPO1!,1413.0,1413.0,1404.0,1410.0,2651.0
2005-12-08 21:00:00,MYX:FCPO1!,1408.0,1414.0,1404.0,1411.0,2372.0
2005-12-12 10:00:00,MYX:FCPO1!,1412.0,1419.0,1412.0,1415.0,1746.0
2005-12-12 21:00:00,MYX:FCPO1!,1415.0,1417.0,1406.0,1407.0,1610.0
2005-12-13 21:00:00,MYX:FCPO1!,1409.0,1409.0,1395.0,1397.0,2365.0
2005-12-14 21:00:00,MYX:FCPO1!,1395.0,1395.0,1388.0,1395.0,2271.0
2005-12-15 21:00:00,MYX:FCPO1!,1402.0,1404.0,1400.0,1403.0,99.0
2005-12-19 10:00:00,MYX:FCPO1!,1405.0,1405.0,1398.0,1405.0,148.0
2005-12-19 21:00:00,MYX:FCPO1!,1410.0,1412.0,1409.0,1409.0,141.0
2005-12-20 21:00:00,MYX:FCPO1!,1410.0,1412.0,1406.0,1410.0,205.0
2005-12-21 21:00:00,MYX:FCPO1!,1411.0,1416.0,1409.0,1414.0,500.0
2005-12-22 21:00:00,MYX:FCPO1!,1417.0,1428.0,1414.0,1418.0,565.0
2005-12-26 21:00:00,MYX:FCPO1!,1423.0,1424.0,1414.0,1418.0,107.0
2005-12-27 21:00:00,MYX:FCPO1!,1414.0,1419.0,1412.0,1414.0,238.0
2005-12-28 21:00:00,MYX:FCPO1!,1410.0,1419.0,1410.0,1417.0,360.0
2005-12-29 21:00:00,MYX:FCPO1!,1419.0,1426.0,1418.0,1418.0,1118.0
2006-01-02 21:00:00,MYX:FCPO1!,1432.0,1433.0,1426.0,1433.0,1069.0
2006-01-03 21:00:00,MYX:FCPO1!,1445.0,1447.0,1440.0,1441.0,912.0
2006-01-04 21:00:00,MYX:FCPO1!,1446.0,1446.0,1432.0,1434.0,797.0
2006-01-05 21:00:00,MYX:FCPO1!,1434.0,1440.0,1433.0,1437.0,901.0
2006-01-09 10:00:00,MYX:FCPO1!,1431.0,1434.0,1427.0,1428.0,581.0
2006-01-10 21:00:00,MYX:FCPO1!,1420.0,1428.0,1414.0,1420.0,1830.0
2006-01-11 21:00:00,MYX:FCPO1!,1417.0,1426.0,1416.0,1421.0,2337.0
2006-01-12 21:00:00,MYX:FCPO1!,1415.0,1426.0,1415.0,1425.0,1266.0
2006-01-16 10:00:00,MYX:FCPO1!,1430.0,1434.0,1430.0,1432.0,394.0
2006-01-16 21:00:00,MYX:FCPO1!,1435.0,1438.0,1430.0,1435.0,386.0
2006-01-17 21:00:00,MYX:FCPO1!,1430.0,1434.0,1430.0,1433.0,166.0
2006-01-18 21:00:00,MYX:FCPO1!,1435.0,1440.0,1434.0,1438.0,460.0
2006-01-19 21:00:00,MYX:FCPO1!,1441.0,1441.0,1436.0,1439.0,421.0
2006-01-23 10:00:00,MYX:FCPO1!,1442.0,1443.0,1440.0,1442.0,358.0
2006-01-23 21:00:00,MYX:FCPO1!,1443.0,1444.0,1433.0,1436.0,674.0
2006-01-24 21:00:00,MYX:FCPO1!,1437.0,1441.0,1436.0,1439.0,491.0
2006-01-25 21:00:00,MYX:FCPO1!,1443.0,1445.0,1441.0,1443.0,332.0
2006-01-26 21:00:00,MYX:FCPO1!,1446.0,1449.0,1446.0,1448.0,420.0
2006-02-02 21:00:00,MYX:FCPO1!,1450.0,1455.0,1445.0,1445.0,1169.0
2006-02-06 10:00:00,MYX:FCPO1!,1452.0,1455.0,1447.0,1455.0,812.0
2006-02-06 21:00:00,MYX:FCPO1!,1455.0,1459.0,1451.0,1455.0,736.0
2006-02-07 21:00:00,MYX:FCPO1!,1451.0,1452.0,1449.0,1450.0,464.0
2006-02-08 21:00:00,MYX:FCPO1!,1450.0,1466.0,1450.0,1465.0,1392.0
2006-02-09 21:00:00,MYX:FCPO1!,1468.0,1470.0,1459.0,1470.0,948.0
2006-02-13 10:00:00,MYX:FCPO1!,1465.0,1475.0,1465.0,1472.0,1178.0
2006-02-13 21:00:00,MYX:FCPO1!,1471.0,1481.0,1469.0,1481.0,1393.0
2006-02-14 21:00:00,MYX:FCPO1!,1479.0,1488.0,1477.0,1488.0,1722.0
2006-02-15 21:00:00,MYX:FCPO1!,1486.0,1492.0,1485.0,1491.0,421.0
2006-02-16 21:00:00,MYX:FCPO1!,1492.0,1493.0,1481.0,1491.0,1626.0
2006-02-20 10:00:00,MYX:FCPO1!,1497.0,1497.0,1486.0,1489.0,673.0
2006-02-20 21:00:00,MYX:FCPO1!,1485.0,1488.0,1477.0,1477.0,1467.0
2006-02-21 21:00:00,MYX:FCPO1!,1478.0,1479.0,1471.0,1475.0,657.0
2006-02-22 21:00:00,MYX:FCPO1!,1478.0,1478.0,1472.0,1472.0,190.0
2006-02-23 21:00:00,MYX:FCPO1!,1477.0,1496.0,1477.0,1496.0,342.0
2006-02-27 10:00:00,MYX:FCPO1!,1494.0,1516.0,1487.0,1515.0,1779.0
2006-02-27 21:00:00,MYX:FCPO1!,1516.0,1522.0,1508.0,1512.0,1905.0
2006-02-28 21:00:00,MYX:FCPO1!,1515.0,1519.0,1505.0,1508.0,1698.0
2006-03-01 21:00:00,MYX:FCPO1!,1501.0,1504.0,1495.0,1495.0,865.0
2006-03-02 21:00:00,MYX:FCPO1!,1504.0,1505.0,1493.0,1493.0,716.0
2006-03-06 10:00:00,MYX:FCPO1!,1491.0,1492.0,1480.0,1480.0,640.0
2006-03-06 21:00:00,MYX:FCPO1!,1485.0,1488.0,1477.0,1477.0,1354.0
2006-03-07 21:00:00,MYX:FCPO1!,1476.0,1480.0,1473.0,1475.0,968.0
2006-03-08 21:00:00,MYX:FCPO1!,1478.0,1483.0,1471.0,1471.0,1489.0
2006-03-09 21:00:00,MYX:FCPO1!,1470.0,1480.0,1460.0,1463.0,2164.0
2006-03-13 10:00:00,MYX:FCPO1!,1468.0,1469.0,1445.0,1452.0,1486.0
2006-03-13 21:00:00,MYX:FCPO1!,1447.0,1457.0,1447.0,1450.0,1147.0
2006-03-14 21:00:00,MYX:FCPO1!,1451.0,1455.0,1446.0,1448.0,1450.0
2006-03-15 21:00:00,MYX:FCPO1!,1448.0,1456.0,1446.0,1456.0,1441.0
2006-03-16 21:00:00,MYX:FCPO1!,1455.0,1461.0,1451.0,1455.0,1997.0
2006-03-20 10:00:00,MYX:FCPO1!,1453.0,1454.0,1444.0,1449.0,3352.0
2006-03-20 21:00:00,MYX:FCPO1!,1445.0,1448.0,1440.0,1441.0,2340.0
2006-03-21 21:00:00,MYX:FCPO1!,1442.0,1450.0,1436.0,1447.0,2229.0
2006-03-22 21:00:00,MYX:FCPO1!,1447.0,1451.0,1445.0,1451.0,1950.0
2006-03-23 21:00:00,MYX:FCPO1!,1454.0,1460.0,1449.0,1452.0,2481.0
2006-03-27 10:00:00,MYX:FCPO1!,1450.0,1455.0,1447.0,1452.0,1385.0
2006-03-27 21:00:00,MYX:FCPO1!,1451.0,1451.0,1445.0,1448.0,1525.0
2006-03-28 21:00:00,MYX:FCPO1!,1452.0,1452.0,1440.0,1442.0,1789.0
2006-03-29 21:00:00,MYX:FCPO1!,1442.0,1443.0,1434.0,1434.0,3539.0
2006-03-30 21:00:00,MYX:FCPO1!,1438.0,1439.0,1430.0,1437.0,2055.0
2006-04-03 10:00:00,MYX:FCPO1!,1434.0,1437.0,1420.0,1421.0,2758.0
2006-04-03 21:00:00,MYX:FCPO1!,1420.0,1429.0,1416.0,1427.0,2514.0
2006-04-04 21:00:00,MYX:FCPO1!,1424.0,1426.0,1408.0,1411.0,3981.0
2006-04-05 21:00:00,MYX:FCPO1!,1413.0,1420.0,1409.0,1413.0,2401.0
2006-04-06 21:00:00,MYX:FCPO1!,1418.0,1424.0,1416.0,1422.0,2870.0
2006-04-10 10:00:00,MYX:FCPO1!,1423.0,1446.0,1420.0,1446.0,4978.0
2006-04-11 21:00:00,MYX:FCPO1!,1449.0,1460.0,1449.0,1460.0,3596.0
2006-04-12 21:00:00,MYX:FCPO1!,1456.0,1459.0,1449.0,1452.0,1867.0
2006-04-13 21:00:00,MYX:FCPO1!,1451.0,1464.0,1447.0,1450.0,3614.0
2006-04-17 10:00:00,MYX:FCPO1!,1460.0,1471.0,1454.0,1470.0,2300.0
2006-04-17 21:00:00,MYX:FCPO1!,1472.0,1478.0,1464.0,1468.0,2842.0
2006-04-18 21:00:00,MYX:FCPO1!,1476.0,1476.0,1468.0,1471.0,3011.0
2006-04-19 21:00:00,MYX:FCPO1!,1477.0,1482.0,1474.0,1479.0,3022.0
2006-04-20 21:00:00,MYX:FCPO1!,1480.0,1480.0,1466.0,1471.0,2679.0
2006-04-24 10:00:00,MYX:FCPO1!,1478.0,1500.0,1478.0,1494.0,6676.0
2006-04-24 21:00:00,MYX:FCPO1!,1495.0,1497.0,1479.0,1482.0,4113.0
2006-04-25 21:00:00,MYX:FCPO1!,1485.0,1489.0,1471.0,1473.0,4336.0
2006-04-26 21:00:00,MYX:FCPO1!,1469.0,1480.0,1466.0,1473.0,3877.0
2006-04-27 21:00:00,MYX:FCPO1!,1479.0,1487.0,1477.0,1481.0,4813.0
2006-05-01 21:00:00,MYX:FCPO1!,1483.0,1484.0,1464.0,1465.0,4620.0
2006-05-02 21:00:00,MYX:FCPO1!,1462.0,1469.0,1457.0,1458.0,6027.0
2006-05-03 21:00:00,MYX:FCPO1!,1458.0,1462.0,1445.0,1454.0,4243.0
2006-05-04 21:00:00,MYX:FCPO1!,1451.0,1461.0,1451.0,1453.0,3821.0
2006-05-08 10:00:00,MYX:FCPO1!,1457.0,1462.0,1453.0,1457.0,2423.0
2006-05-08 21:00:00,MYX:FCPO1!,1454.0,1458.0,1447.0,1450.0,3814.0
2006-05-09 21:00:00,MYX:FCPO1!,1447.0,1455.0,1446.0,1446.0,2564.0
2006-05-10 21:00:00,MYX:FCPO1!,1448.0,1452.0,1443.0,1448.0,3923.0
2006-05-15 10:00:00,MYX:FCPO1!,1455.0,1483.0,1454.0,1469.0,8594.0
2006-05-15 21:00:00,MYX:FCPO1!,1478.0,1479.0,1463.0,1465.0,4146.0
2006-05-16 21:00:00,MYX:FCPO1!,1468.0,1473.0,1462.0,1463.0,3455.0
2006-05-17 21:00:00,MYX:FCPO1!,1464.0,1468.0,1456.0,1458.0,2257.0
2006-05-18 21:00:00,MYX:FCPO1!,1457.0,1460.0,1452.0,1452.0,3624.0
2006-05-22 10:00:00,MYX:FCPO1!,1447.0,1452.0,1440.0,1443.0,3819.0
2006-05-22 21:00:00,MYX:FCPO1!,1447.0,1451.0,1440.0,1441.0,2971.0
2006-05-23 21:00:00,MYX:FCPO1!,1446.0,1451.0,1437.0,1438.0,3409.0
2006-05-24 21:00:00,MYX:FCPO1!,1438.0,1446.0,1434.0,1441.0,3079.0
2006-05-25 21:00:00,MYX:FCPO1!,1445.0,1452.0,1444.0,1446.0,4361.0
2006-05-29 10:00:00,MYX:FCPO1!,1447.0,1449.0,1437.0,1437.0,2638.0
2006-05-29 21:00:00,MYX:FCPO1!,1439.0,1442.0,1435.0,1439.0,1880.0
2006-05-30 21:00:00,MYX:FCPO1!,1444.0,1455.0,1441.0,1444.0,5894.0
2006-05-31 21:00:00,MYX:FCPO1!,1443.0,1446.0,1439.0,1439.0,3387.0
2006-06-01 21:00:00,MYX:FCPO1!,1441.0,1441.0,1435.0,1438.0,1796.0
2006-06-05 10:00:00,MYX:FCPO1!,1445.0,1458.0,1444.0,1447.0,5302.0
2006-06-05 21:00:00,MYX:FCPO1!,1448.0,1451.0,1444.0,1448.0,1739.0
2006-06-06 21:00:00,MYX:FCPO1!,1447.0,1451.0,1444.0,1451.0,1385.0
2006-06-07 21:00:00,MYX:FCPO1!,1453.0,1465.0,1453.0,1460.0,3402.0
2006-06-08 21:00:00,MYX:FCPO1!,1456.0,1461.0,1455.0,1456.0,988.0
2006-06-12 10:00:00,MYX:FCPO1!,1462.0,1469.0,1462.0,1467.0,3804.0
2006-06-12 21:00:00,MYX:FCPO1!,1469.0,1474.0,1457.0,1459.0,4179.0
2006-06-13 21:00:00,MYX:FCPO1!,1455.0,1457.0,1449.0,1452.0,2689.0
2006-06-14 21:00:00,MYX:FCPO1!,1449.0,1451.0,1445.0,1451.0,1928.0
2006-06-15 21:00:00,MYX:FCPO1!,1463.0,1468.0,1461.0,1464.0,907.0
2006-06-19 10:00:00,MYX:FCPO1!,1461.0,1464.0,1455.0,1455.0,3235.0
2006-06-19 21:00:00,MYX:FCPO1!,1451.0,1454.0,1447.0,1451.0,2824.0
2006-06-20 21:00:00,MYX:FCPO1!,1453.0,1459.0,1451.0,1458.0,2689.0
2006-06-21 21:00:00,MYX:FCPO1!,1460.0,1477.0,1459.0,1463.0,3223.0
2006-06-22 21:00:00,MYX:FCPO1!,1465.0,1472.0,1458.0,1468.0,4804.0
2006-06-26 10:00:00,MYX:FCPO1!,1473.0,1478.0,1465.0,1465.0,2781.0
2006-06-26 21:00:00,MYX:FCPO1!,1463.0,1468.0,1463.0,1463.0,1416.0
2006-06-27 21:00:00,MYX:FCPO1!,1469.0,1471.0,1466.0,1467.0,2295.0
2006-06-28 21:00:00,MYX:FCPO1!,1470.0,1481.0,1469.0,1477.0,4952.0
2006-06-29 21:00:00,MYX:FCPO1!,1481.0,1499.0,1476.0,1491.0,6393.0
2006-07-03 10:00:00,MYX:FCPO1!,1496.0,1504.0,1492.0,1499.0,5126.0
2006-07-03 21:00:00,MYX:FCPO1!,1494.0,1498.0,1485.0,1489.0,2442.0
2006-07-04 21:00:00,MYX:FCPO1!,1488.0,1491.0,1483.0,1487.0,2598.0
2006-07-05 21:00:00,MYX:FCPO1!,1490.0,1506.0,1490.0,1498.0,5063.0
2006-07-06 21:00:00,MYX:FCPO1!,1510.0,1513.0,1507.0,1512.0,6471.0
2006-07-10 10:00:00,MYX:FCPO1!,1515.0,1516.0,1505.0,1509.0,2983.0
2006-07-10 21:00:00,MYX:FCPO1!,1510.0,1513.0,1503.0,1513.0,4725.0
2006-07-11 21:00:00,MYX:FCPO1!,1510.0,1511.0,1491.0,1491.0,4264.0
2006-07-12 21:00:00,MYX:FCPO1!,1486.0,1500.0,1484.0,1491.0,4092.0
2006-07-13 21:00:00,MYX:FCPO1!,1497.0,1506.0,1491.0,1498.0,3433.0
2006-07-17 10:00:00,MYX:FCPO1!,1518.0,1542.0,1517.0,1541.0,5466.0
2006-07-17 21:00:00,MYX:FCPO1!,1534.0,1562.0,1532.0,1555.0,5729.0
2006-07-18 21:00:00,MYX:FCPO1!,1550.0,1560.0,1539.0,1540.0,6415.0
2006-07-19 21:00:00,MYX:FCPO1!,1542.0,1595.0,1542.0,1591.0,14448.0
2006-07-20 21:00:00,MYX:FCPO1!,1589.0,1594.0,1570.0,1580.0,7035.0
2006-07-24 10:00:00,MYX:FCPO1!,1575.0,1586.0,1565.0,1565.0,6486.0
2006-07-24 21:00:00,MYX:FCPO1!,1569.0,1583.0,1566.0,1576.0,4060.0
2006-07-25 21:00:00,MYX:FCPO1!,1574.0,1577.0,1561.0,1565.0,6554.0
2006-07-26 21:00:00,MYX:FCPO1!,1563.0,1575.0,1560.0,1574.0,2943.0
2006-07-27 21:00:00,MYX:FCPO1!,1574.0,1630.0,1573.0,1620.0,13923.0
2006-07-31 10:00:00,MYX:FCPO1!,1630.0,1644.0,1615.0,1641.0,9539.0
2006-07-31 21:00:00,MYX:FCPO1!,1645.0,1690.0,1632.0,1673.0,10534.0
2006-08-01 21:00:00,MYX:FCPO1!,1670.0,1682.0,1640.0,1643.0,9643.0
2006-08-02 21:00:00,MYX:FCPO1!,1648.0,1667.0,1637.0,1641.0,9796.0
2006-08-03 21:00:00,MYX:FCPO1!,1637.0,1640.0,1611.0,1611.0,8401.0
2006-08-07 10:00:00,MYX:FCPO1!,1607.0,1628.0,1607.0,1618.0,4790.0
2006-08-07 21:00:00,MYX:FCPO1!,1615.0,1660.0,1615.0,1659.0,6046.0
2006-08-08 21:00:00,MYX:FCPO1!,1659.0,1692.0,1654.0,1677.0,7754.0
2006-08-09 21:00:00,MYX:FCPO1!,1673.0,1693.0,1654.0,1655.0,8403.0
2006-08-10 21:00:00,MYX:FCPO1!,1653.0,1674.0,1644.0,1659.0,7219.0
2006-08-14 10:00:00,MYX:FCPO1!,1648.0,1657.0,1635.0,1647.0,5276.0
2006-08-14 21:00:00,MYX:FCPO1!,1645.0,1660.0,1636.0,1642.0,4380.0
2006-08-15 21:00:00,MYX:FCPO1!,1652.0,1660.0,1623.0,1627.0,9355.0
2006-08-16 21:00:00,MYX:FCPO1!,1623.0,1629.0,1577.0,1586.0,12179.0
2006-08-17 21:00:00,MYX:FCPO1!,1595.0,1608.0,1574.0,1592.0,6656.0
2006-08-21 10:00:00,MYX:FCPO1!,1600.0,1616.0,1590.0,1610.0,6511.0
2006-08-21 21:00:00,MYX:FCPO1!,1615.0,1618.0,1597.0,1598.0,7831.0
2006-08-22 21:00:00,MYX:FCPO1!,1601.0,1619.0,1593.0,1615.0,7366.0
2006-08-23 21:00:00,MYX:FCPO1!,1613.0,1622.0,1606.0,1611.0,3790.0
2006-08-24 21:00:00,MYX:FCPO1!,1608.0,1615.0,1591.0,1599.0,4933.0
2006-08-28 10:00:00,MYX:FCPO1!,1598.0,1598.0,1575.0,1575.0,7582.0
2006-08-28 21:00:00,MYX:FCPO1!,1569.0,1574.0,1555.0,1557.0,9276.0
2006-08-29 21:00:00,MYX:FCPO1!,1557.0,1578.0,1556.0,1578.0,5224.0
2006-08-31 21:00:00,MYX:FCPO1!,1584.0,1602.0,1584.0,1590.0,5574.0
2006-09-04 10:00:00,MYX:FCPO1!,1588.0,1590.0,1569.0,1572.0,3301.0
2006-09-04 21:00:00,MYX:FCPO1!,1568.0,1575.0,1555.0,1563.0,4427.0
2006-09-05 21:00:00,MYX:FCPO1!,1562.0,1574.0,1560.0,1562.0,4039.0
2006-09-06 21:00:00,MYX:FCPO1!,1558.0,1575.0,1555.0,1570.0,4383.0
2006-09-07 21:00:00,MYX:FCPO1!,1573.0,1579.0,1550.0,1553.0,7731.0
2006-09-11 10:00:00,MYX:FCPO1!,1553.0,1555.0,1528.0,1539.0,7244.0
2006-09-11 21:00:00,MYX:FCPO1!,1536.0,1548.0,1535.0,1538.0,3659.0
2006-09-12 21:00:00,MYX:FCPO1!,1535.0,1536.0,1517.0,1527.0,4338.0
2006-09-13 21:00:00,MYX:FCPO1!,1536.0,1546.0,1534.0,1537.0,4641.0
2006-09-14 21:00:00,MYX:FCPO1!,1536.0,1538.0,1528.0,1537.0,1560.0
2006-09-18 10:00:00,MYX:FCPO1!,1543.0,1554.0,1543.0,1550.0,1748.0
2006-09-18 21:00:00,MYX:FCPO1!,1552.0,1563.0,1547.0,1562.0,0.0
2006-09-19 21:00:00,MYX:FCPO1!,1556.0,1556.0,1528.0,1528.0,0.0
2006-09-20 21:00:00,MYX:FCPO1!,1528.0,1541.0,1521.0,1535.0,0.0
2006-09-21 21:00:00,MYX:FCPO1!,1541.0,1554.0,1536.0,1545.0,5526.0
2006-09-25 10:00:00,MYX:FCPO1!,1538.0,1538.0,1498.0,1506.0,0.0
2006-09-25 21:00:00,MYX:FCPO1!,1518.0,1527.0,1511.0,1521.0,0.0
2006-09-26 21:00:00,MYX:FCPO1!,1523.0,1546.0,1522.0,1540.0,0.0
2006-09-27 21:00:00,MYX:FCPO1!,1546.0,1558.0,1544.0,1550.0,0.0
2006-09-28 21:00:00,MYX:FCPO1!,1555.0,1562.0,1548.0,1559.0,0.0
2006-10-02 10:00:00,MYX:FCPO1!,1559.0,1569.0,1556.0,1558.0,5698.0
2006-10-02 21:00:00,MYX:FCPO1!,1550.0,1550.0,1531.0,1534.0,0.0
2006-10-03 21:00:00,MYX:FCPO1!,1523.0,1525.0,1510.0,1523.0,0.0
2006-10-04 21:00:00,MYX:FCPO1!,1530.0,1543.0,1530.0,1537.0,0.0
2006-10-05 21:00:00,MYX:FCPO1!,1540.0,1545.0,1528.0,1542.0,0.0
2006-10-09 10:00:00,MYX:FCPO1!,1548.0,1554.0,1543.0,1554.0,0.0
2006-10-09 21:00:00,MYX:FCPO1!,1564.0,1569.0,1558.0,1558.0,0.0
2006-10-10 21:00:00,MYX:FCPO1!,1547.0,1558.0,1543.0,1553.0,0.0
2006-10-11 21:00:00,MYX:FCPO1!,1550.0,1569.0,1548.0,1560.0,0.0
2006-10-12 21:00:00,MYX:FCPO1!,1570.0,1582.0,1567.0,1576.0,0.0
2006-10-16 10:00:00,MYX:FCPO1!,1598.0,1600.0,1586.0,1590.0,0.0
2006-10-16 21:00:00,MYX:FCPO1!,1590.0,1604.0,1590.0,1598.0,0.0
2006-10-17 21:00:00,MYX:FCPO1!,1605.0,1617.0,1602.0,1612.0,0.0
2006-10-18 21:00:00,MYX:FCPO1!,1615.0,1617.0,1609.0,1610.0,0.0
2006-10-19 21:00:00,MYX:FCPO1!,1620.0,1623.0,1615.0,1623.0,5658.0
2006-10-23 10:00:00,MYX:FCPO1!,1615.0,1617.0,1610.0,1612.0,0.0
2006-10-25 21:00:00,MYX:FCPO1!,1634.0,1651.0,1630.0,1650.0,0.0
2006-10-26 21:00:00,MYX:FCPO1!,1655.0,1681.0,1655.0,1680.0,0.0
2006-10-30 10:00:00,MYX:FCPO1!,1691.0,1714.0,1685.0,1698.0,0.0
2006-10-30 21:00:00,MYX:FCPO1!,1690.0,1692.0,1661.0,1661.0,0.0
2006-10-31 21:00:00,MYX:FCPO1!,1650.0,1690.0,1650.0,1680.0,0.0
2006-11-01 21:00:00,MYX:FCPO1!,1696.0,1736.0,1696.0,1724.0,0.0
2006-11-02 21:00:00,MYX:FCPO1!,1720.0,1720.0,1683.0,1693.0,0.0
2006-11-06 10:00:00,MYX:FCPO1!,1700.0,1721.0,1699.0,1708.0,0.0
2006-11-06 21:00:00,MYX:FCPO1!,1701.0,1711.0,1677.0,1680.0,0.0
2006-11-07 21:00:00,MYX:FCPO1!,1682.0,1687.0,1664.0,1674.0,0.0
2006-11-08 21:00:00,MYX:FCPO1!,1684.0,1701.0,1673.0,1687.0,0.0
2006-11-09 21:00:00,MYX:FCPO1!,1690.0,1696.0,1673.0,1675.0,0.0
2006-11-13 10:00:00,MYX:FCPO1!,1672.0,1696.0,1666.0,1694.0,5744.0
2006-11-13 21:00:00,MYX:FCPO1!,1700.0,1705.0,1685.0,1689.0,0.0
2006-11-14 21:00:00,MYX:FCPO1!,1710.0,1764.0,1704.0,1746.0,0.0
2006-11-15 21:00:00,MYX:FCPO1!,1749.0,1781.0,1747.0,1757.0,0.0
2006-11-16 21:00:00,MYX:FCPO1!,1748.0,1772.0,1743.0,1755.0,0.0
2006-11-20 21:00:00,MYX:FCPO1!,1864.0,1949.0,1853.0,1864.0,11205.0
2006-11-21 21:00:00,MYX:FCPO1!,1851.0,1856.0,1764.0,1764.0,3213.0
2006-11-22 21:00:00,MYX:FCPO1!,1822.0,1872.0,1764.0,1764.0,5559.0
2006-11-23 21:00:00,MYX:FCPO1!,1822.0,1891.0,1822.0,1876.0,11039.0
2006-11-27 10:00:00,MYX:FCPO1!,1894.0,1976.0,1894.0,1959.0,9984.0
2006-11-27 21:00:00,MYX:FCPO1!,1916.0,1935.0,1905.0,1920.0,7942.0
2006-11-28 21:00:00,MYX:FCPO1!,1893.0,1901.0,1870.0,1879.0,5096.0
2006-11-29 21:00:00,MYX:FCPO1!,1911.0,1933.0,1904.0,1930.0,4389.0
2006-11-30 21:00:00,MYX:FCPO1!,1930.0,1931.0,1888.0,1900.0,6656.0
2006-12-04 10:00:00,MYX:FCPO1!,1890.0,1906.0,1852.0,1863.0,4678.0
2006-12-04 21:00:00,MYX:FCPO1!,1830.0,1849.0,1827.0,1840.0,3699.0
2006-12-05 21:00:00,MYX:FCPO1!,1850.0,1862.0,1839.0,1853.0,4015.0
2006-12-06 21:00:00,MYX:FCPO1!,1838.0,1850.0,1827.0,1850.0,3715.0
2006-12-07 21:00:00,MYX:FCPO1!,1865.0,1881.0,1860.0,1865.0,3431.0
2006-12-11 10:00:00,MYX:FCPO1!,1851.0,1894.0,1847.0,1894.0,2749.0
2006-12-11 21:00:00,MYX:FCPO1!,1912.0,1942.0,1900.0,1908.0,6160.0
2006-12-12 21:00:00,MYX:FCPO1!,1890.0,1926.0,1887.0,1901.0,3360.0
2006-12-13 21:00:00,MYX:FCPO1!,1910.0,1914.0,1855.0,1855.0,2371.0
2006-12-14 21:00:00,MYX:FCPO1!,1855.0,1871.0,1850.0,1860.0,3905.0
2006-12-18 10:00:00,MYX:FCPO1!,1855.0,1860.0,1846.0,1847.0,3474.0
2006-12-18 21:00:00,MYX:FCPO1!,1839.0,1872.0,1836.0,1855.0,3129.0
2006-12-19 21:00:00,MYX:FCPO1!,1872.0,1877.0,1861.0,1868.0,3012.0
2006-12-20 21:00:00,MYX:FCPO1!,1876.0,1888.0,1874.0,1882.0,2662.0
2006-12-21 21:00:00,MYX:FCPO1!,1889.0,1907.0,1886.0,1901.0,2700.0
2006-12-25 21:00:00,MYX:FCPO1!,1913.0,2001.0,1913.0,1995.0,9168.0
2006-12-26 21:00:00,MYX:FCPO1!,2014.0,2016.0,1973.0,1989.0,6612.0
2006-12-27 21:00:00,MYX:FCPO1!,1982.0,2062.0,1980.0,2032.0,3877.0
2006-12-28 21:00:00,MYX:FCPO1!,2038.0,2040.0,1994.0,1995.0,6628.0
2007-01-02 21:00:00,MYX:FCPO1!,1988.0,2002.0,1962.0,1962.0,4755.0
2007-01-03 21:00:00,MYX:FCPO1!,1935.0,1944.0,1915.0,1919.0,5083.0
2007-01-04 21:00:00,MYX:FCPO1!,1915.0,1970.0,1911.0,1961.0,7217.0
2007-01-08 10:00:00,MYX:FCPO1!,1958.0,1959.0,1882.0,1884.0,7739.0
2007-01-08 21:00:00,MYX:FCPO1!,1878.0,1925.0,1871.0,1885.0,7371.0
2007-01-09 21:00:00,MYX:FCPO1!,1877.0,1890.0,1853.0,1881.0,10370.0
2007-01-10 21:00:00,MYX:FCPO1!,1888.0,1907.0,1884.0,1900.0,4096.0
2007-01-11 21:00:00,MYX:FCPO1!,1920.0,1924.0,1879.0,1889.0,3720.0
2007-01-15 10:00:00,MYX:FCPO1!,1955.0,1966.0,1934.0,1935.0,6210.0
2007-01-15 21:00:00,MYX:FCPO1!,1910.0,1947.0,1893.0,1947.0,3823.0
2007-01-16 21:00:00,MYX:FCPO1!,1934.0,1941.0,1895.0,1903.0,3316.0
2007-01-17 21:00:00,MYX:FCPO1!,1910.0,1915.0,1881.0,1905.0,6998.0
2007-01-18 21:00:00,MYX:FCPO1!,1884.0,1890.0,1873.0,1875.0,5721.0
2007-01-22 10:00:00,MYX:FCPO1!,1878.0,1907.0,1870.0,1895.0,4479.0
2007-01-22 21:00:00,MYX:FCPO1!,1902.0,1910.0,1879.0,1891.0,6212.0
2007-01-23 21:00:00,MYX:FCPO1!,1915.0,1915.0,1856.0,1856.0,8659.0
2007-01-24 21:00:00,MYX:FCPO1!,1852.0,1880.0,1852.0,1880.0,5651.0
2007-01-25 21:00:00,MYX:FCPO1!,1873.0,1890.0,1860.0,1874.0,4619.0
2007-01-29 10:00:00,MYX:FCPO1!,1878.0,1882.0,1863.0,1874.0,3594.0
2007-01-29 21:00:00,MYX:FCPO1!,1868.0,1871.0,1855.0,1865.0,2742.0
2007-01-30 21:00:00,MYX:FCPO1!,1880.0,1900.0,1870.0,1900.0,6564.0
2007-02-01 21:00:00,MYX:FCPO1!,1912.0,1921.0,1904.0,1917.0,5150.0
2007-02-05 10:00:00,MYX:FCPO1!,1955.0,1963.0,1941.0,1952.0,8023.0
2007-02-05 21:00:00,MYX:FCPO1!,1960.0,1962.0,1909.0,1917.0,6174.0
2007-02-06 21:00:00,MYX:FCPO1!,1911.0,1933.0,1910.0,1921.0,5699.0
2007-02-07 21:00:00,MYX:FCPO1!,1916.0,1919.0,1890.0,1891.0,5536.0
2007-02-08 21:00:00,MYX:FCPO1!,1889.0,1921.0,1887.0,1917.0,2737.0
2007-02-12 10:00:00,MYX:FCPO1!,1915.0,1918.0,1889.0,1890.0,7714.0
2007-02-12 21:00:00,MYX:FCPO1!,1875.0,1895.0,1873.0,1885.0,6531.0
2007-02-13 21:00:00,MYX:FCPO1!,1888.0,1912.0,1887.0,1907.0,3303.0
2007-02-14 21:00:00,MYX:FCPO1!,1903.0,1931.0,1900.0,1928.0,4885.0
2007-02-15 21:00:00,MYX:FCPO1!,1925.0,1942.0,1920.0,1941.0,2328.0
2007-02-20 21:00:00,MYX:FCPO1!,1938.0,1938.0,1920.0,1925.0,3462.0
2007-02-21 21:00:00,MYX:FCPO1!,1934.0,1944.0,1928.0,1944.0,4174.0
2007-02-22 21:00:00,MYX:FCPO1!,1939.0,1953.0,1933.0,1951.0,4152.0
2007-02-26 10:00:00,MYX:FCPO1!,1957.0,1975.0,1955.0,1975.0,8335.0
2007-02-26 21:00:00,MYX:FCPO1!,1973.0,1985.0,1950.0,1951.0,5321.0
2007-02-27 21:00:00,MYX:FCPO1!,1935.0,1989.0,1925.0,1960.0,5591.0
2007-02-28 21:00:00,MYX:FCPO1!,1964.0,1967.0,1941.0,1950.0,3817.0
2007-03-01 21:00:00,MYX:FCPO1!,1927.0,1940.0,1920.0,1940.0,3134.0
2007-03-05 10:00:00,MYX:FCPO1!,1930.0,1934.0,1917.0,1923.0,3667.0
2007-03-05 21:00:00,MYX:FCPO1!,1929.0,1943.0,1929.0,1943.0,1964.0
2007-03-06 21:00:00,MYX:FCPO1!,1937.0,1940.0,1930.0,1933.0,1849.0
2007-03-07 21:00:00,MYX:FCPO1!,1940.0,1963.0,1940.0,1963.0,5106.0
2007-03-08 21:00:00,MYX:FCPO1!,1969.0,1972.0,1956.0,1963.0,3215.0
2007-03-12 10:00:00,MYX:FCPO1!,1956.0,1975.0,1951.0,1972.0,2367.0
2007-03-12 21:00:00,MYX:FCPO1!,1981.0,1982.0,1970.0,1977.0,1424.0
2007-03-13 21:00:00,MYX:FCPO1!,1973.0,1973.0,1940.0,1944.0,2444.0
2007-03-14 21:00:00,MYX:FCPO1!,1952.0,1960.0,1938.0,1960.0,2602.0
2007-03-15 21:00:00,MYX:FCPO1!,1951.0,1959.0,1946.0,1947.0,1168.0
2007-03-19 10:00:00,MYX:FCPO1!,1952.0,1971.0,1942.0,1970.0,3023.0
2007-03-19 21:00:00,MYX:FCPO1!,1975.0,1980.0,1968.0,1977.0,7378.0
2007-03-20 21:00:00,MYX:FCPO1!,1981.0,1987.0,1970.0,1975.0,4190.0
2007-03-21 21:00:00,MYX:FCPO1!,1971.0,1979.0,1963.0,1971.0,3000.0
2007-03-22 21:00:00,MYX:FCPO1!,1976.0,2010.0,1975.0,2010.0,9001.0
2007-03-26 10:00:00,MYX:FCPO1!,2021.0,2030.0,1991.0,1995.0,4427.0
2007-03-26 21:00:00,MYX:FCPO1!,1990.0,2007.0,1990.0,2003.0,2239.0
2007-03-27 21:00:00,MYX:FCPO1!,2019.0,2048.0,2009.0,2048.0,5832.0
2007-03-28 21:00:00,MYX:FCPO1!,2047.0,2058.0,2032.0,2045.0,3192.0
2007-03-29 21:00:00,MYX:FCPO1!,2062.0,2076.0,2057.0,2070.0,5076.0
2007-04-02 10:00:00,MYX:FCPO1!,2053.0,2065.0,2049.0,2061.0,5353.0
2007-04-02 21:00:00,MYX:FCPO1!,2076.0,2103.0,2072.0,2086.0,7577.0
2007-04-03 21:00:00,MYX:FCPO1!,2076.0,2115.0,2076.0,2115.0,3528.0
2007-04-04 21:00:00,MYX:FCPO1!,2106.0,2130.0,2085.0,2090.0,6209.0
2007-04-05 21:00:00,MYX:FCPO1!,2087.0,2116.0,2076.0,2109.0,3081.0
2007-04-09 10:00:00,MYX:FCPO1!,2112.0,2143.0,2110.0,2132.0,5272.0
2007-04-09 21:00:00,MYX:FCPO1!,2112.0,2184.0,2112.0,2153.0,6611.0
2007-04-10 21:00:00,MYX:FCPO1!,2166.0,2205.0,2165.0,2188.0,7205.0
2007-04-11 21:00:00,MYX:FCPO1!,2192.0,2197.0,2155.0,2175.0,9152.0
2007-04-12 21:00:00,MYX:FCPO1!,2175.0,2227.0,2164.0,2219.0,8426.0
2007-04-16 10:00:00,MYX:FCPO1!,2235.0,2288.0,2217.0,2250.0,10837.0
2007-04-16 21:00:00,MYX:FCPO1!,2238.0,2246.0,2190.0,2203.0,8946.0
2007-04-17 21:00:00,MYX:FCPO1!,2168.0,2183.0,2154.0,2160.0,11127.0
2007-04-18 21:00:00,MYX:FCPO1!,2139.0,2231.0,2139.0,2230.0,11658.0
2007-04-19 21:00:00,MYX:FCPO1!,2220.0,2241.0,2173.0,2179.0,11229.0
2007-04-23 10:00:00,MYX:FCPO1!,2200.0,2205.0,2162.0,2168.0,7333.0
2007-04-23 21:00:00,MYX:FCPO1!,2190.0,2190.0,2160.0,2182.0,4686.0
2007-04-24 21:00:00,MYX:FCPO1!,2179.0,2187.0,2153.0,2157.0,6382.0
2007-04-26 21:00:00,MYX:FCPO1!,2164.0,2210.0,2157.0,2205.0,3552.0
2007-04-30 10:00:00,MYX:FCPO1!,2205.0,2245.0,2203.0,2214.0,6679.0
2007-05-02 21:00:00,MYX:FCPO1!,2220.0,2300.0,2220.0,2299.0,12067.0
2007-05-03 21:00:00,MYX:FCPO1!,2300.0,2305.0,2269.0,2288.0,5441.0
2007-05-07 10:00:00,MYX:FCPO1!,2275.0,2275.0,2244.0,2245.0,4293.0
2007-05-07 21:00:00,MYX:FCPO1!,2235.0,2263.0,2223.0,2238.0,6267.0
2007-05-08 21:00:00,MYX:FCPO1!,2247.0,2289.0,2247.0,2289.0,7805.0
2007-05-09 21:00:00,MYX:FCPO1!,2290.0,2333.0,2286.0,2320.0,10220.0
2007-05-10 21:00:00,MYX:FCPO1!,2327.0,2351.0,2319.0,2325.0,11913.0
2007-05-14 10:00:00,MYX:FCPO1!,2352.0,2393.0,2352.0,2389.0,4627.0
2007-05-14 21:00:00,MYX:FCPO1!,2372.0,2375.0,2328.0,2346.0,10128.0
2007-05-15 21:00:00,MYX:FCPO1!,2308.0,2343.0,2307.0,2323.0,8779.0
2007-05-16 21:00:00,MYX:FCPO1!,2316.0,2338.0,2309.0,2333.0,6652.0
2007-05-17 21:00:00,MYX:FCPO1!,2350.0,2382.0,2342.0,2370.0,6084.0
2007-05-21 10:00:00,MYX:FCPO1!,2365.0,2386.0,2345.0,2362.0,4493.0
2007-05-21 21:00:00,MYX:FCPO1!,2361.0,2376.0,2358.0,2375.0,4209.0
2007-05-22 21:00:00,MYX:FCPO1!,2364.0,2389.0,2356.0,2389.0,4327.0
2007-05-23 21:00:00,MYX:FCPO1!,2395.0,2452.0,2395.0,2445.0,6933.0
2007-05-24 21:00:00,MYX:FCPO1!,2465.0,2503.0,2465.0,2498.0,7711.0
2007-05-28 10:00:00,MYX:FCPO1!,2504.0,2560.0,2497.0,2535.0,10507.0
2007-05-28 21:00:00,MYX:FCPO1!,2540.0,2590.0,2527.0,2538.0,9364.0
2007-05-29 21:00:00,MYX:FCPO1!,2505.0,2505.0,2466.0,2500.0,11838.0
2007-05-30 21:00:00,MYX:FCPO1!,2526.0,2581.0,2519.0,2581.0,7482.0
2007-05-31 21:00:00,MYX:FCPO1!,2590.0,2605.0,2541.0,2562.0,6380.0
2007-06-04 10:00:00,MYX:FCPO1!,2570.0,2601.0,2558.0,2601.0,3832.0
2007-06-04 21:00:00,MYX:FCPO1!,2615.0,2703.0,2607.0,2701.0,6112.0
2007-06-05 21:00:00,MYX:FCPO1!,2721.0,2764.0,2620.0,2620.0,11486.0
2007-06-06 21:00:00,MYX:FCPO1!,2637.0,2670.0,2602.0,2645.0,10887.0
2007-06-07 21:00:00,MYX:FCPO1!,2666.0,2667.0,2471.0,2471.0,14208.0
2007-06-11 10:00:00,MYX:FCPO1!,2484.0,2523.0,2315.0,2320.0,16247.0
2007-06-11 21:00:00,MYX:FCPO1!,2337.0,2445.0,2323.0,2433.0,15329.0
2007-06-12 21:00:00,MYX:FCPO1!,2418.0,2418.0,2235.0,2350.0,21192.0
2007-06-13 21:00:00,MYX:FCPO1!,2389.0,2411.0,2287.0,2368.0,9509.0
2007-06-14 21:00:00,MYX:FCPO1!,2388.0,2441.0,2383.0,2425.0,8326.0
2007-06-18 10:00:00,MYX:FCPO1!,2479.0,2500.0,2445.0,2457.0,11525.0
2007-06-18 21:00:00,MYX:FCPO1!,2443.0,2460.0,2415.0,2436.0,6559.0
2007-06-19 21:00:00,MYX:FCPO1!,2395.0,2405.0,2370.0,2377.0,6597.0
2007-06-20 21:00:00,MYX:FCPO1!,2380.0,2404.0,2354.0,2388.0,7940.0
2007-06-21 21:00:00,MYX:FCPO1!,2368.0,2392.0,2360.0,2380.0,3970.0
2007-06-25 10:00:00,MYX:FCPO1!,2360.0,2378.0,2350.0,2372.0,5086.0
2007-06-25 21:00:00,MYX:FCPO1!,2382.0,2382.0,2321.0,2348.0,6066.0
2007-06-26 21:00:00,MYX:FCPO1!,2336.0,2363.0,2315.0,2334.0,5456.0
2007-06-27 21:00:00,MYX:FCPO1!,2340.0,2383.0,2323.0,2383.0,6956.0
2007-06-28 21:00:00,MYX:FCPO1!,2390.0,2430.0,2380.0,2427.0,4768.0
2007-07-02 10:00:00,MYX:FCPO1!,2480.0,2490.0,2445.0,2468.0,7795.0
2007-07-02 21:00:00,MYX:FCPO1!,2454.0,2515.0,2444.0,2515.0,8232.0
2007-07-03 21:00:00,MYX:FCPO1!,2495.0,2497.0,2462.0,2479.0,6092.0
2007-07-04 21:00:00,MYX:FCPO1!,2489.0,2500.0,2474.0,2482.0,3201.0
2007-07-05 21:00:00,MYX:FCPO1!,2493.0,2522.0,2468.0,2520.0,6403.0
2007-07-09 10:00:00,MYX:FCPO1!,2515.0,2533.0,2484.0,2509.0,5480.0
2007-07-09 21:00:00,MYX:FCPO1!,2507.0,2542.0,2489.0,2530.0,9855.0
2007-07-10 21:00:00,MYX:FCPO1!,2545.0,2599.0,2543.0,2584.0,7099.0
2007-07-11 21:00:00,MYX:FCPO1!,2578.0,2624.0,2567.0,2615.0,7335.0
2007-07-12 21:00:00,MYX:FCPO1!,2613.0,2632.0,2597.0,2623.0,6958.0
2007-07-16 10:00:00,MYX:FCPO1!,2535.0,2573.0,2535.0,2540.0,4196.0
2007-07-16 21:00:00,MYX:FCPO1!,2516.0,2557.0,2506.0,2517.0,6456.0
2007-07-17 21:00:00,MYX:FCPO1!,2526.0,2538.0,2513.0,2528.0,5503.0
2007-07-18 21:00:00,MYX:FCPO1!,2542.0,2550.0,2485.0,2485.0,5778.0
2007-07-19 21:00:00,MYX:FCPO1!,2497.0,2515.0,2476.0,2506.0,5316.0
2007-07-23 10:00:00,MYX:FCPO1!,2482.0,2490.0,2472.0,2480.0,3582.0
2007-07-23 21:00:00,MYX:FCPO1!,2468.0,2530.0,2459.0,2525.0,6798.0
2007-07-24 21:00:00,MYX:FCPO1!,2527.0,2550.0,2504.0,2521.0,5384.0
2007-07-25 21:00:00,MYX:FCPO1!,2527.0,2568.0,2515.0,2568.0,5402.0
2007-07-26 21:00:00,MYX:FCPO1!,2554.0,2592.0,2546.0,2583.0,4053.0
2007-07-30 10:00:00,MYX:FCPO1!,2602.0,2639.0,2600.0,2636.0,13290.0
2007-07-30 21:00:00,MYX:FCPO1!,2645.0,2665.0,2596.0,2608.0,5441.0
2007-07-31 21:00:00,MYX:FCPO1!,2626.0,2647.0,2568.0,2585.0,5905.0
2007-08-01 21:00:00,MYX:FCPO1!,2580.0,2602.0,2552.0,2602.0,5606.0
2007-08-02 21:00:00,MYX:FCPO1!,2600.0,2602.0,2569.0,2574.0,2800.0
2007-08-06 10:00:00,MYX:FCPO1!,2557.0,2561.0,2441.0,2480.0,3394.0
2007-08-06 21:00:00,MYX:FCPO1!,2500.0,2517.0,2414.0,2478.0,13055.0
2007-08-07 21:00:00,MYX:FCPO1!,2491.0,2501.0,2452.0,2500.0,6062.0
2007-08-08 21:00:00,MYX:FCPO1!,2535.0,2550.0,2500.0,2535.0,6709.0
2007-08-09 21:00:00,MYX:FCPO1!,2516.0,2528.0,2479.0,2515.0,4758.0
2007-08-13 10:00:00,MYX:FCPO1!,2509.0,2530.0,2484.0,2530.0,3972.0
2007-08-13 21:00:00,MYX:FCPO1!,2515.0,2522.0,2483.0,2497.0,5129.0
2007-08-14 21:00:00,MYX:FCPO1!,2478.0,2484.0,2449.0,2484.0,5314.0
2007-08-15 21:00:00,MYX:FCPO1!,2445.0,2451.0,2386.0,2389.0,7466.0
2007-08-16 21:00:00,MYX:FCPO1!,2350.0,2401.0,2314.0,2378.0,10356.0
2007-08-20 10:00:00,MYX:FCPO1!,2408.0,2421.0,2360.0,2366.0,7621.0
2007-08-20 21:00:00,MYX:FCPO1!,2361.0,2396.0,2354.0,2396.0,4157.0
2007-08-21 21:00:00,MYX:FCPO1!,2380.0,2450.0,2380.0,2425.0,7211.0
2007-08-22 21:00:00,MYX:FCPO1!,2422.0,2457.0,2401.0,2430.0,4770.0
2007-08-23 21:00:00,MYX:FCPO1!,2438.0,2445.0,2413.0,2430.0,4832.0
2007-08-27 10:00:00,MYX:FCPO1!,2426.0,2447.0,2391.0,2421.0,4439.0
2007-08-27 21:00:00,MYX:FCPO1!,2426.0,2440.0,2398.0,2412.0,3615.0
2007-08-28 21:00:00,MYX:FCPO1!,2395.0,2402.0,2368.0,2378.0,4860.0
2007-08-29 21:00:00,MYX:FCPO1!,2390.0,2420.0,2389.0,2420.0,4284.0
2007-09-03 10:00:00,MYX:FCPO1!,2440.0,2477.0,2433.0,2474.0,5850.0
2007-09-03 21:00:00,MYX:FCPO1!,2494.0,2501.0,2457.0,2459.0,6767.0
2007-09-04 21:00:00,MYX:FCPO1!,2481.0,2501.0,2472.0,2495.0,5814.0
2007-09-05 21:00:00,MYX:FCPO1!,2491.0,2498.0,2465.0,2470.0,3470.0
2007-09-06 21:00:00,MYX:FCPO1!,2465.0,2485.0,2460.0,2471.0,2504.0
2007-09-10 10:00:00,MYX:FCPO1!,2490.0,2507.0,2484.0,2500.0,3343.0
2007-09-10 21:00:00,MYX:FCPO1!,2515.0,2516.0,2494.0,2500.0,4499.0
2007-09-11 21:00:00,MYX:FCPO1!,2509.0,2525.0,2506.0,2520.0,4051.0
2007-09-12 21:00:00,MYX:FCPO1!,2555.0,2564.0,2539.0,2540.0,6171.0
2007-09-13 21:00:00,MYX:FCPO1!,2550.0,2600.0,2547.0,2592.0,4565.0
2007-09-17 10:00:00,MYX:FCPO1!,2610.0,2619.0,2526.0,2590.0,5436.0
2007-09-17 21:00:00,MYX:FCPO1!,2605.0,2616.0,2592.0,2609.0,4927.0
2007-09-18 21:00:00,MYX:FCPO1!,2595.0,2601.0,2553.0,2571.0,6382.0
2007-09-19 21:00:00,MYX:FCPO1!,2584.0,2584.0,2556.0,2569.0,3701.0
2007-09-20 21:00:00,MYX:FCPO1!,2585.0,2608.0,2580.0,2606.0,6688.0
2007-09-24 10:00:00,MYX:FCPO1!,2620.0,2678.0,2609.0,2675.0,8940.0
2007-09-24 21:00:00,MYX:FCPO1!,2665.0,2669.0,2648.0,2655.0,4906.0
2007-09-25 21:00:00,MYX:FCPO1!,2630.0,2649.0,2597.0,2612.0,5999.0
2007-09-26 21:00:00,MYX:FCPO1!,2632.0,2641.0,2602.0,2605.0,8610.0
2007-09-27 21:00:00,MYX:FCPO1!,2625.0,2652.0,2624.0,2644.0,6224.0
2007-10-01 10:00:00,MYX:FCPO1!,2629.0,2648.0,2615.0,2618.0,5426.0
2007-10-01 21:00:00,MYX:FCPO1!,2605.0,2618.0,2569.0,2569.0,6503.0
2007-10-02 21:00:00,MYX:FCPO1!,2530.0,2558.0,2530.0,2545.0,4514.0
2007-10-03 21:00:00,MYX:FCPO1!,2540.0,2600.0,2540.0,2599.0,3774.0
2007-10-04 21:00:00,MYX:FCPO1!,2610.0,2631.0,2570.0,2570.0,7779.0
2007-10-08 10:00:00,MYX:FCPO1!,2555.0,2561.0,2536.0,2542.0,5752.0
2007-10-08 21:00:00,MYX:FCPO1!,2529.0,2592.0,2524.0,2592.0,6840.0
2007-10-09 21:00:00,MYX:FCPO1!,2612.0,2653.0,2595.0,2645.0,7497.0
2007-10-10 21:00:00,MYX:FCPO1!,2656.0,2700.0,2642.0,2680.0,5980.0
2007-10-11 21:00:00,MYX:FCPO1!,2677.0,2742.0,2677.0,2731.0,6031.0
2007-10-15 21:00:00,MYX:FCPO1!,2728.0,2791.0,2725.0,2765.0,8085.0
2007-10-16 21:00:00,MYX:FCPO1!,2750.0,2780.0,2692.0,2714.0,8517.0
2007-10-17 21:00:00,MYX:FCPO1!,2724.0,2735.0,2680.0,2735.0,8101.0
2007-10-18 21:00:00,MYX:FCPO1!,2773.0,2795.0,2756.0,2765.0,7021.0
2007-10-22 10:00:00,MYX:FCPO1!,2709.0,2734.0,2699.0,2714.0,6519.0
2007-10-22 21:00:00,MYX:FCPO1!,2745.0,2753.0,2701.0,2704.0,7995.0
2007-10-23 21:00:00,MYX:FCPO1!,2704.0,2727.0,2691.0,2713.0,5431.0
2007-10-24 21:00:00,MYX:FCPO1!,2729.0,2740.0,2694.0,2707.0,6545.0
2007-10-25 21:00:00,MYX:FCPO1!,2740.0,2800.0,2738.0,2800.0,12106.0
2007-10-29 10:00:00,MYX:FCPO1!,2840.0,2920.0,2840.0,2910.0,8582.0
2007-10-29 21:00:00,MYX:FCPO1!,2885.0,2885.0,2841.0,2862.0,6665.0
2007-10-30 21:00:00,MYX:FCPO1!,2840.0,2880.0,2814.0,2880.0,7966.0
2007-10-31 21:00:00,MYX:FCPO1!,2959.0,2959.0,2907.0,2930.0,7187.0
2007-11-01 21:00:00,MYX:FCPO1!,2910.0,2920.0,2881.0,2917.0,6408.0
2007-11-05 10:00:00,MYX:FCPO1!,2915.0,2942.0,2908.0,2930.0,4419.0
2007-11-05 21:00:00,MYX:FCPO1!,2928.0,2960.0,2916.0,2960.0,4503.0
2007-11-06 21:00:00,MYX:FCPO1!,3000.0,3009.0,2984.0,3000.0,8576.0
2007-11-08 21:00:00,MYX:FCPO1!,3004.0,3013.0,2970.0,2990.0,3953.0
2007-11-12 10:00:00,MYX:FCPO1!,2990.0,3001.0,2919.0,2919.0,7196.0
2007-11-12 21:00:00,MYX:FCPO1!,2912.0,2957.0,2900.0,2924.0,9889.0
2007-11-13 21:00:00,MYX:FCPO1!,2905.0,2941.0,2902.0,2934.0,4605.0
2007-11-14 21:00:00,MYX:FCPO1!,2962.0,2982.0,2936.0,2942.0,4892.0
2007-11-15 21:00:00,MYX:FCPO1!,2927.0,2938.0,2890.0,2904.0,7415.0
2007-11-19 10:00:00,MYX:FCPO1!,2925.0,2952.0,2920.0,2950.0,4325.0
2007-11-19 21:00:00,MYX:FCPO1!,2927.0,2939.0,2909.0,2930.0,6926.0
2007-11-20 21:00:00,MYX:FCPO1!,2975.0,2987.0,2956.0,2970.0,4723.0
2007-11-21 21:00:00,MYX:FCPO1!,2975.0,3001.0,2966.0,2992.0,4518.0
2007-11-22 21:00:00,MYX:FCPO1!,2990.0,3044.0,2985.0,3044.0,6115.0
2007-11-26 10:00:00,MYX:FCPO1!,3051.0,3068.0,3038.0,3038.0,5883.0
2007-11-26 21:00:00,MYX:FCPO1!,3025.0,3033.0,2982.0,2985.0,5735.0
2007-11-27 21:00:00,MYX:FCPO1!,2965.0,2978.0,2929.0,2933.0,7359.0
2007-11-28 21:00:00,MYX:FCPO1!,2930.0,3001.0,2927.0,2990.0,6960.0
2007-11-29 21:00:00,MYX:FCPO1!,2949.0,2955.0,2923.0,2930.0,7582.0
2007-12-03 10:00:00,MYX:FCPO1!,2928.0,2928.0,2885.0,2926.0,6585.0
2007-12-03 21:00:00,MYX:FCPO1!,2926.0,2949.0,2887.0,2889.0,5436.0
2007-12-04 21:00:00,MYX:FCPO1!,2900.0,2914.0,2859.0,2910.0,7517.0
2007-12-05 21:00:00,MYX:FCPO1!,2859.0,2871.0,2838.0,2850.0,6829.0
2007-12-06 21:00:00,MYX:FCPO1!,2886.0,2898.0,2869.0,2870.0,6100.0
2007-12-10 10:00:00,MYX:FCPO1!,2859.0,2881.0,2843.0,2868.0,6830.0
2007-12-10 21:00:00,MYX:FCPO1!,2864.0,2898.0,2864.0,2880.0,4272.0
2007-12-11 21:00:00,MYX:FCPO1!,2868.0,2885.0,2859.0,2877.0,2954.0
2007-12-12 21:00:00,MYX:FCPO1!,2915.0,2934.0,2907.0,2920.0,6099.0
2007-12-13 21:00:00,MYX:FCPO1!,2920.0,2933.0,2916.0,2926.0,2102.0
2007-12-17 10:00:00,MYX:FCPO1!,2934.0,2975.0,2933.0,2975.0,3266.0
2007-12-17 21:00:00,MYX:FCPO1!,2954.0,2965.0,2933.0,2950.0,3098.0
2007-12-18 21:00:00,MYX:FCPO1!,2950.0,2982.0,2946.0,2962.0,4042.0
2007-12-20 21:00:00,MYX:FCPO1!,2965.0,3001.0,2965.0,2992.0,2300.0
2007-12-24 10:00:00,MYX:FCPO1!,3000.0,3030.0,3000.0,3030.0,2772.0
2007-12-25 21:00:00,MYX:FCPO1!,3043.0,3087.0,3040.0,3080.0,5107.0
2007-12-26 21:00:00,MYX:FCPO1!,3132.0,3150.0,3079.0,3097.0,7410.0
2007-12-27 21:00:00,MYX:FCPO1!,3115.0,3141.0,3110.0,3125.0,3990.0
2007-12-31 10:00:00,MYX:FCPO1!,3083.0,3118.0,3047.0,3050.0,6449.0
2008-01-01 21:00:00,MYX:FCPO1!,3090.0,3097.0,3070.0,3082.0,5378.0
2008-01-02 21:00:00,MYX:FCPO1!,3159.0,3159.0,3121.0,3135.0,7495.0
2008-01-03 21:00:00,MYX:FCPO1!,3142.0,3145.0,3114.0,3120.0,7690.0
2008-01-07 10:00:00,MYX:FCPO1!,3110.0,3188.0,3084.0,3188.0,8976.0
2008-01-07 21:00:00,MYX:FCPO1!,3167.0,3178.0,3145.0,3161.0,5007.0
2008-01-08 21:00:00,MYX:FCPO1!,3182.0,3204.0,3173.0,3201.0,6198.0
2008-01-10 21:00:00,MYX:FCPO1!,3196.0,3280.0,3188.0,3280.0,9015.0
2008-01-14 10:00:00,MYX:FCPO1!,3333.0,3420.0,3318.0,3414.0,11407.0
2008-01-14 21:00:00,MYX:FCPO1!,3406.0,3406.0,3317.0,3350.0,12071.0
2008-01-15 21:00:00,MYX:FCPO1!,3322.0,3342.0,3262.0,3263.0,10633.0
2008-01-16 21:00:00,MYX:FCPO1!,3265.0,3376.0,3265.0,3360.0,13059.0
2008-01-17 21:00:00,MYX:FCPO1!,3310.0,3336.0,3280.0,3316.0,10933.0
2008-01-21 10:00:00,MYX:FCPO1!,3300.0,3320.0,3232.0,3243.0,7650.0
2008-01-21 21:00:00,MYX:FCPO1!,3180.0,3180.0,3068.0,3115.0,15042.0
2008-01-22 21:00:00,MYX:FCPO1!,3115.0,3115.0,3115.0,3115.0,0.0
2008-01-23 21:00:00,MYX:FCPO1!,3090.0,3230.0,3045.0,3211.0,20767.0
2008-01-24 21:00:00,MYX:FCPO1!,3268.0,3285.0,3054.0,3255.0,10500.0
2008-01-28 10:00:00,MYX:FCPO1!,3220.0,3250.0,3150.0,3150.0,9447.0
2008-01-28 21:00:00,MYX:FCPO1!,3195.0,3230.0,3176.0,3200.0,6577.0
2008-01-29 21:00:00,MYX:FCPO1!,3236.0,3254.0,3218.0,3224.0,5939.0
2008-01-30 21:00:00,MYX:FCPO1!,3209.0,3253.0,3198.0,3232.0,4675.0
2008-02-04 10:00:00,MYX:FCPO1!,3280.0,3353.0,3277.0,3345.0,5848.0
2008-02-04 21:00:00,MYX:FCPO1!,3411.0,3458.0,3349.0,3349.0,8839.0
2008-02-05 21:00:00,MYX:FCPO1!,3380.0,3411.0,3350.0,3385.0,3083.0
2008-02-11 10:00:00,MYX:FCPO1!,3333.0,3417.0,3323.0,3412.0,5195.0
2008-02-11 21:00:00,MYX:FCPO1!,3405.0,3446.0,3375.0,3375.0,6041.0
2008-02-12 21:00:00,MYX:FCPO1!,3391.0,3403.0,3338.0,3360.0,5227.0
2008-02-13 21:00:00,MYX:FCPO1!,3422.0,3459.0,3408.0,3451.0,7283.0
2008-02-14 21:00:00,MYX:FCPO1!,3544.0,3544.0,3474.0,3484.0,8625.0
2008-02-18 10:00:00,MYX:FCPO1!,3508.0,3600.0,3508.0,3599.0,7483.0
2008-02-18 21:00:00,MYX:FCPO1!,3588.0,3646.0,3555.0,3625.0,11463.0
2008-02-19 21:00:00,MYX:FCPO1!,3615.0,3657.0,3612.0,3624.0,11133.0
2008-02-20 21:00:00,MYX:FCPO1!,3685.0,3708.0,3668.0,3702.0,7467.0
2008-02-21 21:00:00,MYX:FCPO1!,3677.0,3720.0,3660.0,3698.0,4920.0
2008-02-25 10:00:00,MYX:FCPO1!,3782.0,3914.0,3776.0,3866.0,8902.0
2008-02-25 21:00:00,MYX:FCPO1!,3900.0,3903.0,3760.0,3792.0,6601.0
2008-02-26 21:00:00,MYX:FCPO1!,3846.0,3886.0,3813.0,3864.0,6898.0
2008-02-27 21:00:00,MYX:FCPO1!,3879.0,3882.0,3837.0,3850.0,5816.0
2008-02-28 21:00:00,MYX:FCPO1!,3960.0,4013.0,3947.0,4005.0,7057.0
2008-03-03 10:00:00,MYX:FCPO1!,4154.0,4332.0,4131.0,4330.0,10809.0
2008-03-03 21:00:00,MYX:FCPO1!,4445.0,4486.0,4071.0,4099.0,17842.0
2008-03-04 21:00:00,MYX:FCPO1!,3994.0,4100.0,3928.0,4095.0,13027.0
2008-03-05 21:00:00,MYX:FCPO1!,4130.0,4130.0,3958.0,4003.0,14931.0
2008-03-06 21:00:00,MYX:FCPO1!,3730.0,3880.0,3691.0,3710.0,16291.0
2008-03-10 10:00:00,MYX:FCPO1!,3550.0,4000.0,3500.0,3665.0,10184.0
2008-03-10 21:00:00,MYX:FCPO1!,3785.0,3870.0,3760.0,3838.0,7743.0
2008-03-11 21:00:00,MYX:FCPO1!,3832.0,3875.0,3695.0,3765.0,8259.0
2008-03-12 21:00:00,MYX:FCPO1!,3764.0,3875.0,3723.0,3798.0,8657.0
2008-03-13 21:00:00,MYX:FCPO1!,3798.0,3837.0,3670.0,3686.0,12136.0
2008-03-17 10:00:00,MYX:FCPO1!,3580.0,3604.0,3515.0,3600.0,8596.0
2008-03-17 21:00:00,MYX:FCPO1!,3390.0,3450.0,3171.0,3450.0,13106.0
2008-03-18 21:00:00,MYX:FCPO1!,3428.0,3470.0,3229.0,3330.0,11761.0
2008-03-20 21:00:00,MYX:FCPO1!,3225.0,3409.0,3197.0,3330.0,8532.0
2008-03-24 10:00:00,MYX:FCPO1!,3415.0,3541.0,3328.0,3340.0,11872.0
2008-03-24 21:00:00,MYX:FCPO1!,3388.0,3501.0,3380.0,3500.0,12285.0
2008-03-25 21:00:00,MYX:FCPO1!,3560.0,3700.0,3550.0,3700.0,13861.0
2008-03-26 21:00:00,MYX:FCPO1!,3640.0,3670.0,3555.0,3640.0,7062.0
2008-03-27 21:00:00,MYX:FCPO1!,3634.0,3634.0,3507.0,3550.0,3968.0
2008-03-31 10:00:00,MYX:FCPO1!,3430.0,3490.0,3390.0,3395.0,8324.0
2008-03-31 21:00:00,MYX:FCPO1!,3200.0,3230.0,3033.0,3179.0,17910.0
2008-04-01 21:00:00,MYX:FCPO1!,3240.0,3299.0,3156.0,3170.0,7537.0
2008-04-02 21:00:00,MYX:FCPO1!,3260.0,3311.0,3230.0,3290.0,10293.0
2008-04-03 21:00:00,MYX:FCPO1!,3305.0,3305.0,3262.0,3297.0,2698.0
2008-04-07 10:00:00,MYX:FCPO1!,3327.0,3387.0,3321.0,3382.0,6952.0
2008-04-07 21:00:00,MYX:FCPO1!,3340.0,3397.0,3340.0,3375.0,6026.0
2008-04-08 21:00:00,MYX:FCPO1!,3395.0,3400.0,3290.0,3325.0,5428.0
2008-04-09 21:00:00,MYX:FCPO1!,3405.0,3455.0,3380.0,3455.0,7903.0
2008-04-10 21:00:00,MYX:FCPO1!,3480.0,3500.0,3425.0,3454.0,7069.0
2008-04-14 10:00:00,MYX:FCPO1!,3453.0,3595.0,3428.0,3595.0,5745.0
2008-04-14 21:00:00,MYX:FCPO1!,3640.0,3698.0,3630.0,3690.0,7181.0
2008-04-15 21:00:00,MYX:FCPO1!,3700.0,3700.0,3630.0,3674.0,7127.0
2008-04-16 21:00:00,MYX:FCPO1!,3650.0,3700.0,3624.0,3632.0,8387.0
2008-04-17 21:00:00,MYX:FCPO1!,3638.0,3659.0,3552.0,3553.0,8004.0
2008-04-21 10:00:00,MYX:FCPO1!,3525.0,3535.0,3435.0,3459.0,7973.0
2008-04-21 21:00:00,MYX:FCPO1!,3409.0,3507.0,3385.0,3440.0,7920.0
2008-04-22 21:00:00,MYX:FCPO1!,3490.0,3560.0,3486.0,3550.0,9866.0
2008-04-23 21:00:00,MYX:FCPO1!,3525.0,3545.0,3454.0,3460.0,8971.0
2008-04-24 21:00:00,MYX:FCPO1!,3440.0,3445.0,3388.0,3419.0,4979.0
2008-04-28 10:00:00,MYX:FCPO1!,3411.0,3516.0,3398.0,3510.0,7309.0
2008-04-28 21:00:00,MYX:FCPO1!,3439.0,3444.0,3349.0,3349.0,6923.0
2008-04-29 21:00:00,MYX:FCPO1!,3345.0,3412.0,3338.0,3395.0,5338.0
2008-05-01 21:00:00,MYX:FCPO1!,3325.0,3341.0,3306.0,3341.0,2272.0
2008-05-05 10:00:00,MYX:FCPO1!,3380.0,3416.0,3372.0,3390.0,2569.0
2008-05-05 21:00:00,MYX:FCPO1!,3428.0,3432.0,3370.0,3387.0,3568.0
2008-05-06 21:00:00,MYX:FCPO1!,3390.0,3408.0,3352.0,3355.0,4115.0
2008-05-07 21:00:00,MYX:FCPO1!,3401.0,3467.0,3388.0,3457.0,8381.0
2008-05-08 21:00:00,MYX:FCPO1!,3465.0,3497.0,3444.0,3495.0,2812.0
2008-05-12 10:00:00,MYX:FCPO1!,3600.0,3623.0,3555.0,3570.0,6392.0
2008-05-12 21:00:00,MYX:FCPO1!,3570.0,3570.0,3529.0,3532.0,2750.0
2008-05-13 21:00:00,MYX:FCPO1!,3565.0,3612.0,3543.0,3558.0,4976.0
2008-05-14 21:00:00,MYX:FCPO1!,3518.0,3542.0,3498.0,3521.0,4309.0
2008-05-15 21:00:00,MYX:FCPO1!,3500.0,3570.0,3500.0,3570.0,3392.0
2008-05-19 21:00:00,MYX:FCPO1!,3513.0,3559.0,3513.0,3554.0,1977.0
2008-05-20 21:00:00,MYX:FCPO1!,3548.0,3580.0,3525.0,3557.0,3873.0
2008-05-21 21:00:00,MYX:FCPO1!,3645.0,3645.0,3599.0,3606.0,5321.0
2008-05-22 21:00:00,MYX:FCPO1!,3575.0,3658.0,3570.0,3654.0,6208.0
2008-05-26 10:00:00,MYX:FCPO1!,3671.0,3705.0,3660.0,3673.0,6168.0
2008-05-26 21:00:00,MYX:FCPO1!,3707.0,3737.0,3706.0,3730.0,5271.0
2008-05-27 21:00:00,MYX:FCPO1!,3680.0,3695.0,3572.0,3587.0,8034.0
2008-05-28 21:00:00,MYX:FCPO1!,3610.0,3625.0,3537.0,3565.0,6204.0
2008-05-29 21:00:00,MYX:FCPO1!,3440.0,3510.0,3440.0,3498.0,4866.0
2008-06-02 10:00:00,MYX:FCPO1!,3498.0,3548.0,3495.0,3513.0,4060.0
2008-06-02 21:00:00,MYX:FCPO1!,3514.0,3537.0,3509.0,3530.0,3778.0
2008-06-03 21:00:00,MYX:FCPO1!,3488.0,3507.0,3433.0,3440.0,5793.0
2008-06-04 21:00:00,MYX:FCPO1!,3460.0,3541.0,3435.0,3528.0,4911.0
2008-06-05 21:00:00,MYX:FCPO1!,3628.0,3628.0,3580.0,3600.0,4396.0
2008-06-09 10:00:00,MYX:FCPO1!,3685.0,3700.0,3648.0,3660.0,5378.0
2008-06-09 21:00:00,MYX:FCPO1!,3647.0,3679.0,3530.0,3530.0,4846.0
2008-06-10 21:00:00,MYX:FCPO1!,3540.0,3611.0,3510.0,3606.0,6352.0
2008-06-11 21:00:00,MYX:FCPO1!,3682.0,3691.0,3620.0,3623.0,7780.0
2008-06-12 21:00:00,MYX:FCPO1!,3660.0,3712.0,3653.0,3690.0,6854.0
2008-06-16 21:00:00,MYX:FCPO1!,3675.0,3694.0,3639.0,3645.0,10041.0
2008-06-17 21:00:00,MYX:FCPO1!,3665.0,3680.0,3639.0,3640.0,4966.0
2008-06-18 21:00:00,MYX:FCPO1!,3645.0,3650.0,3579.0,3600.0,8333.0
2008-06-19 21:00:00,MYX:FCPO1!,3545.0,3557.0,3525.0,3550.0,6493.0
2008-06-23 10:00:00,MYX:FCPO1!,3528.0,3573.0,3528.0,3558.0,3313.0
2008-06-23 21:00:00,MYX:FCPO1!,3550.0,3570.0,3503.0,3503.0,5163.0
2008-06-24 21:00:00,MYX:FCPO1!,3502.0,3554.0,3490.0,3538.0,6109.0
2008-06-25 21:00:00,MYX:FCPO1!,3555.0,3570.0,3516.0,3535.0,3187.0
2008-06-26 21:00:00,MYX:FCPO1!,3580.0,3623.0,3553.0,3623.0,7576.0
2008-06-30 10:00:00,MYX:FCPO1!,3601.0,3629.0,3580.0,3598.0,3409.0
2008-06-30 21:00:00,MYX:FCPO1!,3624.0,3624.0,3560.0,3575.0,4584.0
2008-07-01 21:00:00,MYX:FCPO1!,3595.0,3626.0,3581.0,3616.0,4200.0
2008-07-02 21:00:00,MYX:FCPO1!,3620.0,3647.0,3592.0,3635.0,5604.0
2008-07-03 21:00:00,MYX:FCPO1!,3620.0,3647.0,3614.0,3630.0,3626.0
2008-07-07 10:00:00,MYX:FCPO1!,3595.0,3595.0,3512.0,3512.0,7041.0
2008-07-07 21:00:00,MYX:FCPO1!,3477.0,3534.0,3454.0,3454.0,7241.0
2008-07-08 21:00:00,MYX:FCPO1!,3470.0,3521.0,3439.0,3515.0,6081.0
2008-07-09 21:00:00,MYX:FCPO1!,3511.0,3516.0,3464.0,3511.0,4625.0
2008-07-10 21:00:00,MYX:FCPO1!,3519.0,3582.0,3510.0,3575.0,6023.0
2008-07-14 10:00:00,MYX:FCPO1!,3542.0,3560.0,3515.0,3524.0,5446.0
2008-07-14 21:00:00,MYX:FCPO1!,3500.0,3560.0,3500.0,3550.0,4777.0
2008-07-15 21:00:00,MYX:FCPO1!,3501.0,3521.0,3466.0,3466.0,6754.0
2008-07-16 21:00:00,MYX:FCPO1!,3495.0,3499.0,3418.0,3435.0,7733.0
2008-07-17 21:00:00,MYX:FCPO1!,3397.0,3405.0,3358.0,3392.0,6442.0
2008-07-21 10:00:00,MYX:FCPO1!,3230.0,3294.0,3225.0,3260.0,7175.0
2008-07-21 21:00:00,MYX:FCPO1!,3230.0,3294.0,3225.0,3252.0,7175.0
2008-07-22 21:00:00,MYX:FCPO1!,3210.0,3211.0,3027.0,3027.0,13023.0
2008-07-23 21:00:00,MYX:FCPO1!,3041.0,3127.0,3041.0,3113.0,7766.0
2008-07-24 21:00:00,MYX:FCPO1!,3113.0,3116.0,3065.0,3070.0,4070.0
2008-07-28 10:00:00,MYX:FCPO1!,3120.0,3162.0,3001.0,3001.0,7610.0
2008-07-28 21:00:00,MYX:FCPO1!,2995.0,3017.0,2861.0,2969.0,12963.0
2008-07-29 21:00:00,MYX:FCPO1!,2920.0,2994.0,2909.0,2992.0,6113.0
2008-07-30 21:00:00,MYX:FCPO1!,3015.0,3054.0,3000.0,3050.0,7645.0
2008-07-31 21:00:00,MYX:FCPO1!,2990.0,2994.0,2935.0,2950.0,6047.0
2008-08-04 10:00:00,MYX:FCPO1!,2850.0,2897.0,2820.0,2890.0,7800.0
2008-08-04 21:00:00,MYX:FCPO1!,2750.0,2787.0,2700.0,2750.0,7509.0
2008-08-05 21:00:00,MYX:FCPO1!,2800.0,2803.0,2710.0,2790.0,7027.0
2008-08-06 21:00:00,MYX:FCPO1!,2750.0,2851.0,2735.0,2845.0,8934.0
2008-08-07 21:00:00,MYX:FCPO1!,2806.0,2864.0,2767.0,2779.0,7382.0
2008-08-11 10:00:00,MYX:FCPO1!,2725.0,2728.0,2659.0,2671.0,8285.0
2008-08-11 21:00:00,MYX:FCPO1!,2663.0,2675.0,2561.0,2561.0,7935.0
2008-08-12 21:00:00,MYX:FCPO1!,2600.0,2646.0,2513.0,2548.0,9995.0
2008-08-13 21:00:00,MYX:FCPO1!,2655.0,2656.0,2569.0,2620.0,9581.0
2008-08-14 21:00:00,MYX:FCPO1!,2545.0,2557.0,2392.0,2453.0,8798.0
2008-08-18 10:00:00,MYX:FCPO1!,2440.0,2485.0,2408.0,2485.0,5995.0
2008-08-18 21:00:00,MYX:FCPO1!,2524.0,2565.0,2351.0,2436.0,9843.0
2008-08-19 21:00:00,MYX:FCPO1!,2495.0,2594.0,2467.0,2591.0,8396.0
2008-08-20 21:00:00,MYX:FCPO1!,2630.0,2672.0,2606.0,2653.0,7749.0
2008-08-21 21:00:00,MYX:FCPO1!,2725.0,2753.0,2688.0,2715.0,11704.0
2008-08-25 10:00:00,MYX:FCPO1!,2660.0,2675.0,2575.0,2600.0,7337.0
2008-08-25 21:00:00,MYX:FCPO1!,2558.0,2602.0,2406.0,2409.0,8824.0
2008-08-26 21:00:00,MYX:FCPO1!,2470.0,2523.0,2410.0,2502.0,8934.0
2008-08-27 21:00:00,MYX:FCPO1!,2462.0,2558.0,2452.0,2470.0,9278.0
2008-08-28 21:00:00,MYX:FCPO1!,2490.0,2620.0,2481.0,2620.0,8084.0
2008-09-01 21:00:00,MYX:FCPO1!,2500.0,2536.0,2434.0,2484.0,9599.0
2008-09-02 21:00:00,MYX:FCPO1!,2509.0,2550.0,2433.0,2451.0,10602.0
2008-09-03 21:00:00,MYX:FCPO1!,2450.0,2515.0,2440.0,2510.0,6567.0
2008-09-04 21:00:00,MYX:FCPO1!,2430.0,2472.0,2414.0,2470.0,9973.0
2008-09-08 10:00:00,MYX:FCPO1!,2487.0,2493.0,2451.0,2469.0,4940.0
2008-09-08 21:00:00,MYX:FCPO1!,2421.0,2427.0,2346.0,2354.0,11148.0
2008-09-09 21:00:00,MYX:FCPO1!,2360.0,2397.0,2319.0,2329.0,7992.0
2008-09-10 21:00:00,MYX:FCPO1!,2349.0,2359.0,2275.0,2309.0,4875.0
2008-09-11 21:00:00,MYX:FCPO1!,2328.0,2392.0,2296.0,2380.0,9337.0
2008-09-15 10:00:00,MYX:FCPO1!,2325.0,2341.0,2240.0,2240.0,7385.0
2008-09-15 21:00:00,MYX:FCPO1!,2171.0,2180.0,2077.0,2120.0,9428.0
2008-09-16 21:00:00,MYX:FCPO1!,2121.0,2151.0,2039.0,2040.0,10951.0
2008-09-17 21:00:00,MYX:FCPO1!,2090.0,2185.0,2020.0,2185.0,10031.0
2008-09-18 21:00:00,MYX:FCPO1!,2171.0,2263.0,2138.0,2259.0,8042.0
2008-09-22 10:00:00,MYX:FCPO1!,2280.0,2367.0,2200.0,2344.0,9388.0
2008-09-22 21:00:00,MYX:FCPO1!,2379.0,2404.0,2277.0,2305.0,12018.0
2008-09-23 21:00:00,MYX:FCPO1!,2330.0,2357.0,2251.0,2318.0,6845.0
2008-09-24 21:00:00,MYX:FCPO1!,2275.0,2351.0,2259.0,2280.0,12765.0
2008-09-25 21:00:00,MYX:FCPO1!,2272.0,2324.0,2255.0,2313.0,6835.0
2008-09-29 10:00:00,MYX:FCPO1!,2270.0,2284.0,2100.0,2125.0,8720.0
2008-09-29 21:00:00,MYX:FCPO1!,2029.0,2119.0,1988.0,2090.0,11638.0
2008-10-02 21:00:00,MYX:FCPO1!,2020.0,2020.0,1934.0,2000.0,8739.0
2008-10-06 10:00:00,MYX:FCPO1!,1850.0,1880.0,1775.0,1820.0,10287.0
2008-10-06 21:00:00,MYX:FCPO1!,1820.0,1892.0,1801.0,1850.0,10598.0
2008-10-07 21:00:00,MYX:FCPO1!,1880.0,1897.0,1755.0,1775.0,8973.0
2008-10-08 21:00:00,MYX:FCPO1!,1850.0,1890.0,1810.0,1890.0,10711.0
2008-10-09 21:00:00,MYX:FCPO1!,1730.0,1785.0,1725.0,1773.0,7394.0
2008-10-13 10:00:00,MYX:FCPO1!,1750.0,1836.0,1742.0,1835.0,8428.0
2008-10-13 21:00:00,MYX:FCPO1!,1870.0,1902.0,1825.0,1850.0,8873.0
2008-10-14 21:00:00,MYX:FCPO1!,1779.0,1798.0,1734.0,1743.0,6918.0
2008-10-15 21:00:00,MYX:FCPO1!,1655.0,1667.0,1593.0,1651.0,10829.0
2008-10-16 21:00:00,MYX:FCPO1!,1694.0,1705.0,1620.0,1635.0,7411.0
2008-10-20 10:00:00,MYX:FCPO1!,1699.0,1727.0,1660.0,1677.0,6799.0
2008-10-20 21:00:00,MYX:FCPO1!,1695.0,1714.0,1639.0,1652.0,6390.0
2008-10-21 21:00:00,MYX:FCPO1!,1625.0,1635.0,1542.0,1565.0,9126.0
2008-10-22 21:00:00,MYX:FCPO1!,1489.0,1586.0,1475.0,1550.0,9501.0
2008-10-23 21:00:00,MYX:FCPO1!,1520.0,1556.0,1358.0,1390.0,7962.0
2008-10-28 21:00:00,MYX:FCPO1!,1428.0,1441.0,1391.0,1435.0,6498.0
2008-10-29 21:00:00,MYX:FCPO1!,1520.0,1578.0,1491.0,1560.0,10710.0
2008-10-30 21:00:00,MYX:FCPO1!,1500.0,1539.0,1491.0,1515.0,7887.0
2008-11-03 10:00:00,MYX:FCPO1!,1599.0,1666.0,1593.0,1666.0,8281.0
2008-11-03 21:00:00,MYX:FCPO1!,1589.0,1610.0,1546.0,1578.0,6495.0
2008-11-04 21:00:00,MYX:FCPO1!,1649.0,1723.0,1626.0,1640.0,11165.0
2008-11-05 21:00:00,MYX:FCPO1!,1575.0,1607.0,1548.0,1599.0,5707.0
2008-11-06 21:00:00,MYX:FCPO1!,1580.0,1640.0,1560.0,1609.0,5460.0
2008-11-10 10:00:00,MYX:FCPO1!,1660.0,1696.0,1612.0,1625.0,4901.0
2008-11-10 21:00:00,MYX:FCPO1!,1587.0,1610.0,1571.0,1586.0,4514.0
2008-11-11 21:00:00,MYX:FCPO1!,1542.0,1563.0,1505.0,1539.0,5024.0
2008-11-12 21:00:00,MYX:FCPO1!,1483.0,1496.0,1435.0,1480.0,6597.0
2008-11-13 21:00:00,MYX:FCPO1!,1520.0,1520.0,1447.0,1455.0,5247.0
2008-11-17 10:00:00,MYX:FCPO1!,1460.0,1465.0,1413.0,1435.0,8362.0
2008-11-17 21:00:00,MYX:FCPO1!,1437.0,1446.0,1400.0,1436.0,6238.0
2008-11-18 21:00:00,MYX:FCPO1!,1440.0,1493.0,1438.0,1480.0,8735.0
2008-11-19 21:00:00,MYX:FCPO1!,1441.0,1468.0,1428.0,1468.0,6566.0
2008-11-20 21:00:00,MYX:FCPO1!,1401.0,1471.0,1386.0,1460.0,7721.0
2008-11-24 10:00:00,MYX:FCPO1!,1462.0,1503.0,1452.0,1488.0,6478.0
2008-11-24 21:00:00,MYX:FCPO1!,1530.0,1550.0,1511.0,1520.0,5342.0
2008-11-25 21:00:00,MYX:FCPO1!,1525.0,1604.0,1496.0,1598.0,7896.0
2008-11-26 21:00:00,MYX:FCPO1!,1581.0,1666.0,1573.0,1660.0,5860.0
2008-11-27 21:00:00,MYX:FCPO1!,1650.0,1692.0,1625.0,1632.0,6365.0
2008-12-01 10:00:00,MYX:FCPO1!,1608.0,1675.0,1597.0,1628.0,7482.0
2008-12-01 21:00:00,MYX:FCPO1!,1593.0,1614.0,1560.0,1603.0,5598.0
2008-12-02 21:00:00,MYX:FCPO1!,1588.0,1590.0,1527.0,1536.0,6243.0
2008-12-03 21:00:00,MYX:FCPO1!,1533.0,1555.0,1457.0,1462.0,5457.0
2008-12-04 21:00:00,MYX:FCPO1!,1408.0,1499.0,1396.0,1499.0,7829.0
2008-12-09 21:00:00,MYX:FCPO1!,1591.0,1605.0,1560.0,1595.0,5460.0
2008-12-10 21:00:00,MYX:FCPO1!,1597.0,1658.0,1580.0,1644.0,5325.0
2008-12-11 21:00:00,MYX:FCPO1!,1650.0,1650.0,1567.0,1581.0,4517.0
2008-12-15 10:00:00,MYX:FCPO1!,1625.0,1630.0,1570.0,1576.0,2925.0
2008-12-15 21:00:00,MYX:FCPO1!,1550.0,1570.0,1529.0,1545.0,6327.0
2008-12-16 21:00:00,MYX:FCPO1!,1561.0,1586.0,1548.0,1580.0,4063.0
2008-12-17 21:00:00,MYX:FCPO1!,1559.0,1575.0,1539.0,1545.0,4903.0
2008-12-18 21:00:00,MYX:FCPO1!,1525.0,1548.0,1509.0,1536.0,4628.0
2008-12-22 10:00:00,MYX:FCPO1!,1580.0,1596.0,1569.0,1588.0,3504.0
2008-12-22 21:00:00,MYX:FCPO1!,1568.0,1569.0,1530.0,1530.0,4198.0
2008-12-23 21:00:00,MYX:FCPO1!,1539.0,1564.0,1537.0,1559.0,2074.0
2008-12-25 21:00:00,MYX:FCPO1!,1562.0,1596.0,1562.0,1590.0,4251.0
2008-12-29 21:00:00,MYX:FCPO1!,1625.0,1671.0,1625.0,1671.0,6609.0
2008-12-30 21:00:00,MYX:FCPO1!,1642.0,1695.0,1639.0,1695.0,5601.0
2009-01-01 21:00:00,MYX:FCPO1!,1711.0,1748.0,1706.0,1740.0,5382.0
2009-01-05 10:00:00,MYX:FCPO1!,1745.0,1846.0,1738.0,1837.0,8292.0
2009-01-05 21:00:00,MYX:FCPO1!,1880.0,1981.0,1840.0,1980.0,11170.0
2009-01-06 21:00:00,MYX:FCPO1!,2024.0,2058.0,1868.0,1985.0,17145.0
2009-01-07 21:00:00,MYX:FCPO1!,1905.0,1920.0,1864.0,1865.0,10563.0
2009-01-08 21:00:00,MYX:FCPO1!,1910.0,1948.0,1903.0,1920.0,8059.0
2009-01-12 10:00:00,MYX:FCPO1!,1959.0,1998.0,1935.0,1988.0,5117.0
2009-01-12 21:00:00,MYX:FCPO1!,1903.0,1913.0,1797.0,1830.0,12278.0
2009-01-13 21:00:00,MYX:FCPO1!,1865.0,1894.0,1856.0,1884.0,4439.0
2009-01-14 21:00:00,MYX:FCPO1!,1823.0,1844.0,1804.0,1806.0,5098.0
2009-01-15 21:00:00,MYX:FCPO1!,1835.0,1840.0,1790.0,1833.0,7133.0
2009-01-19 10:00:00,MYX:FCPO1!,1850.0,1872.0,1833.0,1859.0,5793.0
2009-01-19 21:00:00,MYX:FCPO1!,1818.0,1850.0,1799.0,1827.0,7760.0
2009-01-20 21:00:00,MYX:FCPO1!,1810.0,1828.0,1792.0,1809.0,7747.0
2009-01-21 21:00:00,MYX:FCPO1!,1834.0,1881.0,1822.0,1870.0,8028.0
2009-01-22 21:00:00,MYX:FCPO1!,1840.0,1879.0,1825.0,1830.0,5861.0
2009-01-27 21:00:00,MYX:FCPO1!,1800.0,1815.0,1770.0,1782.0,4896.0
2009-01-28 21:00:00,MYX:FCPO1!,1786.0,1786.0,1739.0,1745.0,4472.0
2009-01-29 21:00:00,MYX:FCPO1!,1745.0,1787.0,1720.0,1779.0,10077.0
2009-02-02 21:00:00,MYX:FCPO1!,1762.0,1790.0,1741.0,1788.0,4744.0
2009-02-03 21:00:00,MYX:FCPO1!,1802.0,1852.0,1798.0,1845.0,6696.0
2009-02-04 21:00:00,MYX:FCPO1!,1837.0,1880.0,1812.0,1879.0,6904.0
2009-02-05 21:00:00,MYX:FCPO1!,1908.0,1908.0,1854.0,1880.0,7728.0
2009-02-09 21:00:00,MYX:FCPO1!,1920.0,1969.0,1907.0,1969.0,9823.0
2009-02-10 21:00:00,MYX:FCPO1!,1940.0,1967.0,1916.0,1925.0,11714.0
2009-02-11 21:00:00,MYX:FCPO1!,1915.0,1945.0,1907.0,1928.0,5867.0
2009-02-12 21:00:00,MYX:FCPO1!,1937.0,2000.0,1931.0,1995.0,8516.0
2009-02-16 10:00:00,MYX:FCPO1!,1995.0,2017.0,1920.0,1922.0,9966.0
2009-02-16 21:00:00,MYX:FCPO1!,1909.0,1935.0,1892.0,1895.0,10235.0
2009-02-17 21:00:00,MYX:FCPO1!,1845.0,1887.0,1842.0,1875.0,8105.0
2009-02-18 21:00:00,MYX:FCPO1!,1855.0,1894.0,1830.0,1860.0,13026.0
2009-02-19 21:00:00,MYX:FCPO1!,1880.0,1889.0,1832.0,1835.0,6788.0
2009-02-23 10:00:00,MYX:FCPO1!,1855.0,1892.0,1836.0,1880.0,7291.0
2009-02-23 21:00:00,MYX:FCPO1!,1859.0,1878.0,1828.0,1871.0,8782.0
2009-02-24 21:00:00,MYX:FCPO1!,1890.0,1912.0,1881.0,1894.0,7076.0
2009-02-25 21:00:00,MYX:FCPO1!,1930.0,1930.0,1882.0,1890.0,5513.0
2009-02-26 21:00:00,MYX:FCPO1!,1865.0,1919.0,1862.0,1895.0,7230.0
2009-03-02 10:00:00,MYX:FCPO1!,1881.0,1904.0,1868.0,1871.0,7813.0
2009-03-02 21:00:00,MYX:FCPO1!,1855.0,1866.0,1840.0,1855.0,10529.0
2009-03-03 21:00:00,MYX:FCPO1!,1864.0,1910.0,1856.0,1902.0,9654.0
2009-03-04 21:00:00,MYX:FCPO1!,1904.0,1923.0,1890.0,1906.0,6220.0
2009-03-05 21:00:00,MYX:FCPO1!,1902.0,1955.0,1895.0,1940.0,6954.0
2009-03-09 21:00:00,MYX:FCPO1!,1980.0,2010.0,1976.0,1995.0,7104.0
2009-03-10 21:00:00,MYX:FCPO1!,1990.0,2026.0,1976.0,1980.0,7427.0
2009-03-11 21:00:00,MYX:FCPO1!,1955.0,1973.0,1909.0,1920.0,8392.0
2009-03-12 21:00:00,MYX:FCPO1!,1943.0,1983.0,1931.0,1972.0,9797.0
2009-03-16 10:00:00,MYX:FCPO1!,1932.0,1948.0,1902.0,1902.0,7696.0
2009-03-16 21:00:00,MYX:FCPO1!,1930.0,1940.0,1918.0,1922.0,6512.0
2009-03-17 21:00:00,MYX:FCPO1!,1932.0,1948.0,1905.0,1905.0,5753.0
2009-03-18 21:00:00,MYX:FCPO1!,1925.0,1945.0,1893.0,1911.0,12018.0
2009-03-19 21:00:00,MYX:FCPO1!,1927.0,1985.0,1914.0,1985.0,14599.0
2009-03-23 10:00:00,MYX:FCPO1!,2010.0,2051.0,2002.0,2030.0,9269.0
2009-03-23 21:00:00,MYX:FCPO1!,2002.0,2028.0,1978.0,1980.0,6517.0
2009-03-24 21:00:00,MYX:FCPO1!,1975.0,1985.0,1955.0,1972.0,5763.0
2009-03-25 21:00:00,MYX:FCPO1!,1996.0,2035.0,1980.0,2035.0,9115.0
2009-03-26 21:00:00,MYX:FCPO1!,2030.0,2035.0,1990.0,1990.0,8264.0
2009-03-30 10:00:00,MYX:FCPO1!,1967.0,2005.0,1961.0,1970.0,5900.0
2009-03-30 21:00:00,MYX:FCPO1!,1990.0,2002.0,1977.0,2000.0,5251.0
2009-03-31 21:00:00,MYX:FCPO1!,2030.0,2070.0,2010.0,2070.0,14116.0
2009-04-01 21:00:00,MYX:FCPO1!,2074.0,2175.0,2057.0,2159.0,13846.0
2009-04-02 21:00:00,MYX:FCPO1!,2125.0,2185.0,2125.0,2165.0,11613.0
2009-04-06 10:00:00,MYX:FCPO1!,2181.0,2196.0,2126.0,2145.0,7783.0
2009-04-06 21:00:00,MYX:FCPO1!,2130.0,2201.0,2121.0,2180.0,8946.0
2009-04-07 21:00:00,MYX:FCPO1!,2173.0,2183.0,2153.0,2165.0,7502.0
2009-04-09 21:00:00,MYX:FCPO1!,2270.0,2302.0,2240.0,2299.0,7419.0
2009-04-13 10:00:00,MYX:FCPO1!,2300.0,2385.0,2295.0,2335.0,8198.0
2009-04-13 21:00:00,MYX:FCPO1!,2354.0,2495.0,2315.0,2485.0,11491.0
2009-04-14 21:00:00,MYX:FCPO1!,2467.0,2540.0,2440.0,2459.0,12436.0
2009-04-15 21:00:00,MYX:FCPO1!,2425.0,2443.0,2347.0,2358.0,10403.0
2009-04-16 21:00:00,MYX:FCPO1!,2355.0,2446.0,2322.0,2435.0,11054.0
2009-04-20 10:00:00,MYX:FCPO1!,2420.0,2501.0,2393.0,2446.0,11376.0
2009-04-20 21:00:00,MYX:FCPO1!,2390.0,2442.0,2377.0,2435.0,11284.0
2009-04-21 21:00:00,MYX:FCPO1!,2469.0,2481.0,2423.0,2475.0,11396.0
2009-04-22 21:00:00,MYX:FCPO1!,2467.0,2586.0,2455.0,2580.0,19855.0
2009-04-23 21:00:00,MYX:FCPO1!,2555.0,2648.0,2535.0,2585.0,13981.0
2009-04-27 10:00:00,MYX:FCPO1!,2500.0,2514.0,2471.0,2481.0,12820.0
2009-04-27 21:00:00,MYX:FCPO1!,2490.0,2530.0,2422.0,2456.0,11523.0
2009-04-28 21:00:00,MYX:FCPO1!,2479.0,2490.0,2413.0,2480.0,13014.0
2009-04-29 21:00:00,MYX:FCPO1!,2511.0,2618.0,2501.0,2595.0,15587.0
2009-05-04 10:00:00,MYX:FCPO1!,2690.0,2798.0,2679.0,2702.0,19894.0
2009-05-04 21:00:00,MYX:FCPO1!,2667.0,2731.0,2603.0,2625.0,15238.0
2009-05-05 21:00:00,MYX:FCPO1!,2625.0,2698.0,2620.0,2680.0,17413.0
2009-05-06 21:00:00,MYX:FCPO1!,2715.0,2730.0,2650.0,2680.0,12422.0
2009-05-07 21:00:00,MYX:FCPO1!,2666.0,2715.0,2656.0,2685.0,10350.0
2009-05-11 10:00:00,MYX:FCPO1!,2660.0,2745.0,2651.0,2660.0,11741.0
2009-05-11 21:00:00,MYX:FCPO1!,2680.0,2736.0,2678.0,2725.0,8374.0
2009-05-12 21:00:00,MYX:FCPO1!,2755.0,2799.0,2738.0,2789.0,11708.0
2009-05-13 21:00:00,MYX:FCPO1!,2740.0,2759.0,2684.0,2684.0,10126.0
2009-05-14 21:00:00,MYX:FCPO1!,2720.0,2753.0,2655.0,2665.0,8551.0
2009-05-18 10:00:00,MYX:FCPO1!,2560.0,2603.0,2513.0,2570.0,13778.0
2009-05-18 21:00:00,MYX:FCPO1!,2607.0,2665.0,2605.0,2630.0,11204.0
2009-05-19 21:00:00,MYX:FCPO1!,2644.0,2656.0,2588.0,2602.0,17682.0
2009-05-20 21:00:00,MYX:FCPO1!,2609.0,2626.0,2480.0,2499.0,14260.0
2009-05-21 21:00:00,MYX:FCPO1!,2540.0,2559.0,2494.0,2521.0,11942.0
2009-05-25 10:00:00,MYX:FCPO1!,2516.0,2531.0,2445.0,2445.0,8977.0
2009-05-25 21:00:00,MYX:FCPO1!,2449.0,2469.0,2350.0,2430.0,13971.0
2009-05-26 21:00:00,MYX:FCPO1!,2425.0,2507.0,2422.0,2505.0,13218.0
2009-05-27 21:00:00,MYX:FCPO1!,2506.0,2525.0,2440.0,2505.0,9456.0
2009-05-28 21:00:00,MYX:FCPO1!,2513.0,2585.0,2492.0,2560.0,10326.0
2009-06-01 10:00:00,MYX:FCPO1!,2609.0,2647.0,2594.0,2625.0,8888.0
2009-06-01 21:00:00,MYX:FCPO1!,2638.0,2651.0,2586.0,2598.0,6699.0
2009-06-02 21:00:00,MYX:FCPO1!,2601.0,2606.0,2565.0,2575.0,6908.0
2009-06-03 21:00:00,MYX:FCPO1!,2553.0,2578.0,2525.0,2569.0,7837.0
2009-06-04 21:00:00,MYX:FCPO1!,2602.0,2611.0,2520.0,2520.0,10734.0
2009-06-08 10:00:00,MYX:FCPO1!,2520.0,2526.0,2454.0,2460.0,10222.0
2009-06-08 21:00:00,MYX:FCPO1!,2480.0,2504.0,2441.0,2465.0,10314.0
2009-06-09 21:00:00,MYX:FCPO1!,2485.0,2501.0,2451.0,2501.0,10855.0
2009-06-10 21:00:00,MYX:FCPO1!,2471.0,2519.0,2467.0,2485.0,9484.0
2009-06-11 21:00:00,MYX:FCPO1!,2501.0,2501.0,2445.0,2465.0,9289.0
2009-06-15 10:00:00,MYX:FCPO1!,2450.0,2452.0,2375.0,2400.0,11204.0
2009-06-15 21:00:00,MYX:FCPO1!,2384.0,2425.0,2358.0,2400.0,10034.0
2009-06-16 21:00:00,MYX:FCPO1!,2400.0,2414.0,2363.0,2375.0,7789.0
2009-06-17 21:00:00,MYX:FCPO1!,2366.0,2386.0,2284.0,2299.0,12584.0
2009-06-18 21:00:00,MYX:FCPO1!,2310.0,2318.0,2274.0,2285.0,7569.0
2009-06-22 10:00:00,MYX:FCPO1!,2246.0,2265.0,2155.0,2157.0,10513.0
2009-06-22 21:00:00,MYX:FCPO1!,2150.0,2299.0,2149.0,2286.0,16754.0
2009-06-23 21:00:00,MYX:FCPO1!,2275.0,2275.0,2231.0,2250.0,8111.0
2009-06-24 21:00:00,MYX:FCPO1!,2268.0,2340.0,2267.0,2336.0,7435.0
2009-06-25 21:00:00,MYX:FCPO1!,2340.0,2349.0,2296.0,2319.0,7698.0
2009-06-29 10:00:00,MYX:FCPO1!,2285.0,2289.0,2242.0,2262.0,9658.0
2009-06-29 21:00:00,MYX:FCPO1!,2288.0,2294.0,2209.0,2230.0,9971.0
2009-06-30 21:00:00,MYX:FCPO1!,2250.0,2275.0,2220.0,2259.0,8243.0
2009-07-01 21:00:00,MYX:FCPO1!,2259.0,2259.0,2169.0,2175.0,10822.0
2009-07-02 21:00:00,MYX:FCPO1!,2140.0,2181.0,2085.0,2175.0,10915.0
2009-07-06 10:00:00,MYX:FCPO1!,2130.0,2146.0,2100.0,2129.0,8318.0
2009-07-06 21:00:00,MYX:FCPO1!,2126.0,2133.0,2059.0,2069.0,10797.0
2009-07-07 21:00:00,MYX:FCPO1!,2010.0,2014.0,1983.0,2002.0,9790.0
2009-07-08 21:00:00,MYX:FCPO1!,2010.0,2047.0,2000.0,2047.0,7930.0
2009-07-09 21:00:00,MYX:FCPO1!,2040.0,2058.0,2002.0,2010.0,7908.0
2009-07-13 10:00:00,MYX:FCPO1!,2010.0,2035.0,1964.0,1990.0,7427.0
2009-07-13 21:00:00,MYX:FCPO1!,2023.0,2078.0,2023.0,2036.0,6771.0
2009-07-14 21:00:00,MYX:FCPO1!,2054.0,2124.0,2049.0,2103.0,8508.0
2009-07-15 21:00:00,MYX:FCPO1!,2085.0,2100.0,2020.0,2020.0,9215.0
2009-07-16 21:00:00,MYX:FCPO1!,2035.0,2123.0,2028.0,2123.0,7437.0
2009-07-20 10:00:00,MYX:FCPO1!,2165.0,2184.0,2144.0,2160.0,7975.0
2009-07-20 21:00:00,MYX:FCPO1!,2140.0,2162.0,2128.0,2143.0,8715.0
2009-07-21 21:00:00,MYX:FCPO1!,2126.0,2135.0,2078.0,2083.0,10878.0
2009-07-22 21:00:00,MYX:FCPO1!,2103.0,2123.0,2091.0,2100.0,8488.0
2009-07-23 21:00:00,MYX:FCPO1!,2104.0,2134.0,2063.0,2122.0,7858.0
2009-07-27 10:00:00,MYX:FCPO1!,2090.0,2116.0,2085.0,2098.0,6514.0
2009-07-27 21:00:00,MYX:FCPO1!,2125.0,2146.0,2106.0,2140.0,10682.0
2009-07-28 21:00:00,MYX:FCPO1!,2128.0,2158.0,2109.0,2113.0,9961.0
2009-07-29 21:00:00,MYX:FCPO1!,2111.0,2155.0,2098.0,2145.0,7581.0
2009-07-30 21:00:00,MYX:FCPO1!,2206.0,2248.0,2175.0,2189.0,12690.0
2009-08-03 10:00:00,MYX:FCPO1!,2232.0,2296.0,2225.0,2295.0,8612.0
2009-08-03 21:00:00,MYX:FCPO1!,2339.0,2345.0,2288.0,2304.0,11204.0
2009-08-04 21:00:00,MYX:FCPO1!,2331.0,2357.0,2304.0,2335.0,10840.0
2009-08-05 21:00:00,MYX:FCPO1!,2300.0,2345.0,2275.0,2325.0,11408.0
2009-08-06 21:00:00,MYX:FCPO1!,2306.0,2345.0,2306.0,2340.0,7124.0
2009-08-10 10:00:00,MYX:FCPO1!,2380.0,2424.0,2354.0,2400.0,9587.0
2009-08-10 21:00:00,MYX:FCPO1!,2392.0,2471.0,2376.0,2465.0,13754.0
2009-08-11 21:00:00,MYX:FCPO1!,2490.0,2490.0,2410.0,2460.0,10309.0
2009-08-12 21:00:00,MYX:FCPO1!,2467.0,2521.0,2446.0,2515.0,11399.0
2009-08-13 21:00:00,MYX:FCPO1!,2482.0,2510.0,2424.0,2441.0,12274.0
2009-08-17 10:00:00,MYX:FCPO1!,2371.0,2397.0,2325.0,2335.0,12582.0
2009-08-17 21:00:00,MYX:FCPO1!,2360.0,2390.0,2355.0,2375.0,8652.0
2009-08-18 21:00:00,MYX:FCPO1!,2390.0,2397.0,2284.0,2299.0,20092.0
2009-08-19 21:00:00,MYX:FCPO1!,2330.0,2353.0,2301.0,2301.0,14644.0
2009-08-20 21:00:00,MYX:FCPO1!,2320.0,2346.0,2234.0,2345.0,13092.0
2009-08-24 10:00:00,MYX:FCPO1!,2378.0,2402.0,2364.0,2375.0,12761.0
2009-08-24 21:00:00,MYX:FCPO1!,2367.0,2373.0,2323.0,2355.0,9931.0
2009-08-25 21:00:00,MYX:FCPO1!,2364.0,2385.0,2337.0,2357.0,9427.0
2009-08-26 21:00:00,MYX:FCPO1!,2360.0,2369.0,2335.0,2346.0,7488.0
2009-08-27 21:00:00,MYX:FCPO1!,2357.0,2375.0,2352.0,2370.0,7238.0
2009-08-31 21:00:00,MYX:FCPO1!,2312.0,2335.0,2299.0,2303.0,10203.0
2009-09-01 21:00:00,MYX:FCPO1!,2279.0,2280.0,2220.0,2245.0,11213.0
2009-09-02 21:00:00,MYX:FCPO1!,2226.0,2258.0,2218.0,2218.0,7323.0
2009-09-03 21:00:00,MYX:FCPO1!,2218.0,2236.0,2197.0,2197.0,7349.0
2009-09-07 10:00:00,MYX:FCPO1!,2168.0,2171.0,2125.0,2130.0,9668.0
2009-09-07 21:00:00,MYX:FCPO1!,2141.0,2210.0,2135.0,2210.0,8801.0
2009-09-08 21:00:00,MYX:FCPO1!,2201.0,2217.0,2170.0,2179.0,10963.0
2009-09-09 21:00:00,MYX:FCPO1!,2180.0,2240.0,2135.0,2184.0,12256.0
2009-09-10 21:00:00,MYX:FCPO1!,2194.0,2205.0,2140.0,2145.0,8408.0
2009-09-14 10:00:00,MYX:FCPO1!,2101.0,2119.0,2070.0,2070.0,10468.0
2009-09-14 21:00:00,MYX:FCPO1!,2098.0,2118.0,2085.0,2100.0,9253.0
2009-09-15 21:00:00,MYX:FCPO1!,2122.0,2181.0,2122.0,2181.0,13761.0
2009-09-16 21:00:00,MYX:FCPO1!,2180.0,2193.0,2165.0,2182.0,6661.0
2009-09-17 21:00:00,MYX:FCPO1!,2175.0,2210.0,2175.0,2190.0,7580.0
2009-09-22 21:00:00,MYX:FCPO1!,2180.0,2188.0,2142.0,2146.0,7123.0
2009-09-23 21:00:00,MYX:FCPO1!,2125.0,2136.0,2089.0,2115.0,12537.0
2009-09-24 21:00:00,MYX:FCPO1!,2109.0,2187.0,2106.0,2186.0,7083.0
2009-09-28 10:00:00,MYX:FCPO1!,2130.0,2148.0,2082.0,2103.0,13079.0
2009-09-28 21:00:00,MYX:FCPO1!,2109.0,2127.0,2093.0,2105.0,10516.0
2009-09-29 21:00:00,MYX:FCPO1!,2115.0,2121.0,2096.0,2103.0,8305.0
2009-09-30 21:00:00,MYX:FCPO1!,2125.0,2130.0,2112.0,2115.0,3870.0
2009-10-01 21:00:00,MYX:FCPO1!,2110.0,2114.0,2028.0,2037.0,5744.0
2009-10-05 10:00:00,MYX:FCPO1!,2031.0,2057.0,2030.0,2042.0,6777.0
2009-10-05 21:00:00,MYX:FCPO1!,2046.0,2068.0,2013.0,2062.0,14086.0
2009-10-06 21:00:00,MYX:FCPO1!,2080.0,2100.0,2068.0,2077.0,8157.0
2009-10-07 21:00:00,MYX:FCPO1!,2080.0,2087.0,2023.0,2030.0,10108.0
2009-10-08 21:00:00,MYX:FCPO1!,2056.0,2085.0,2046.0,2085.0,9010.0
2009-10-12 10:00:00,MYX:FCPO1!,2124.0,2152.0,2118.0,2147.0,11693.0
2009-10-12 21:00:00,MYX:FCPO1!,2172.0,2178.0,2130.0,2157.0,14922.0
2009-10-13 21:00:00,MYX:FCPO1!,2175.0,2196.0,2160.0,2160.0,9340.0
2009-10-14 21:00:00,MYX:FCPO1!,2175.0,2180.0,2108.0,2110.0,7272.0
2009-10-15 21:00:00,MYX:FCPO1!,2160.0,2178.0,2138.0,2178.0,12068.0
2009-10-19 10:00:00,MYX:FCPO1!,2200.0,2217.0,2184.0,2197.0,9586.0
2009-10-19 21:00:00,MYX:FCPO1!,2215.0,2216.0,2161.0,2180.0,9511.0
2009-10-20 21:00:00,MYX:FCPO1!,2165.0,2175.0,2154.0,2168.0,9415.0
2009-10-21 21:00:00,MYX:FCPO1!,2203.0,2224.0,2187.0,2210.0,11485.0
2009-10-22 21:00:00,MYX:FCPO1!,2234.0,2250.0,2227.0,2238.0,10282.0
2009-10-26 10:00:00,MYX:FCPO1!,2235.0,2235.0,2205.0,2218.0,5863.0
2009-10-26 21:00:00,MYX:FCPO1!,2193.0,2200.0,2152.0,2170.0,10570.0
2009-10-27 21:00:00,MYX:FCPO1!,2172.0,2186.0,2140.0,2152.0,11634.0
2009-10-28 21:00:00,MYX:FCPO1!,2133.0,2195.0,2130.0,2189.0,10250.0
2009-10-29 21:00:00,MYX:FCPO1!,2207.0,2208.0,2165.0,2208.0,7464.0
2009-11-02 10:00:00,MYX:FCPO1!,2160.0,2213.0,2154.0,2208.0,9389.0
2009-11-02 21:00:00,MYX:FCPO1!,2221.0,2221.0,2183.0,2190.0,7037.0
2009-11-03 21:00:00,MYX:FCPO1!,2210.0,2273.0,2207.0,2260.0,10758.0
2009-11-04 21:00:00,MYX:FCPO1!,2245.0,2254.0,2232.0,2247.0,6629.0
2009-11-05 21:00:00,MYX:FCPO1!,2260.0,2275.0,2230.0,2246.0,5838.0
2009-11-09 10:00:00,MYX:FCPO1!,2246.0,2270.0,2215.0,2266.0,5714.0
2009-11-09 21:00:00,MYX:FCPO1!,2270.0,2285.0,2235.0,2242.0,7372.0
2009-11-10 21:00:00,MYX:FCPO1!,2251.0,2260.0,2225.0,2235.0,3349.0
2009-11-11 21:00:00,MYX:FCPO1!,2251.0,2277.0,2240.0,2245.0,7795.0
2009-11-12 21:00:00,MYX:FCPO1!,2245.0,2273.0,2237.0,2269.0,6466.0
2009-11-16 10:00:00,MYX:FCPO1!,2310.0,2359.0,2305.0,2336.0,9604.0
2009-11-16 21:00:00,MYX:FCPO1!,2370.0,2370.0,2326.0,2342.0,8400.0
2009-11-17 21:00:00,MYX:FCPO1!,2361.0,2415.0,2345.0,2400.0,12307.0
2009-11-18 21:00:00,MYX:FCPO1!,2391.0,2401.0,2360.0,2371.0,11840.0
2009-11-19 21:00:00,MYX:FCPO1!,2371.0,2419.0,2361.0,2419.0,8744.0
2009-11-23 10:00:00,MYX:FCPO1!,2438.0,2495.0,2428.0,2486.0,9624.0
2009-11-23 21:00:00,MYX:FCPO1!,2475.0,2480.0,2430.0,2478.0,10069.0
2009-11-24 21:00:00,MYX:FCPO1!,2492.0,2518.0,2469.0,2482.0,12995.0
2009-11-25 21:00:00,MYX:FCPO1!,2512.0,2521.0,2460.0,2482.0,12620.0
2009-11-30 10:00:00,MYX:FCPO1!,2470.0,2484.0,2452.0,2472.0,8717.0
2009-11-30 21:00:00,MYX:FCPO1!,2474.0,2498.0,2445.0,2495.0,7597.0
2009-12-01 21:00:00,MYX:FCPO1!,2483.0,2510.0,2480.0,2489.0,6971.0
2009-12-02 21:00:00,MYX:FCPO1!,2472.0,2491.0,2463.0,2478.0,4212.0
2009-12-03 21:00:00,MYX:FCPO1!,2473.0,2596.0,2473.0,2562.0,10412.0
2009-12-07 10:00:00,MYX:FCPO1!,2583.0,2606.0,2543.0,2559.0,9050.0
2009-12-07 21:00:00,MYX:FCPO1!,2559.0,2590.0,2535.0,2561.0,8365.0
2009-12-08 21:00:00,MYX:FCPO1!,2526.0,2542.0,2502.0,2526.0,11455.0
2009-12-09 21:00:00,MYX:FCPO1!,2490.0,2535.0,2489.0,2521.0,10406.0
2009-12-10 21:00:00,MYX:FCPO1!,2526.0,2535.0,2505.0,2530.0,8210.0
2009-12-14 10:00:00,MYX:FCPO1!,2488.0,2525.0,2488.0,2513.0,6511.0
2009-12-14 21:00:00,MYX:FCPO1!,2509.0,2539.0,2502.0,2525.0,4493.0
2009-12-15 21:00:00,MYX:FCPO1!,2547.0,2596.0,2546.0,2586.0,9100.0
2009-12-16 21:00:00,MYX:FCPO1!,2600.0,2628.0,2598.0,2620.0,7146.0
2009-12-21 10:00:00,MYX:FCPO1!,2585.0,2585.0,2543.0,2555.0,6105.0
2009-12-21 21:00:00,MYX:FCPO1!,2547.0,2550.0,2514.0,2515.0,5916.0
2009-12-22 21:00:00,MYX:FCPO1!,2506.0,2521.0,2482.0,2500.0,6089.0
2009-12-23 21:00:00,MYX:FCPO1!,2512.0,2573.0,2511.0,2554.0,4306.0
2009-12-28 10:00:00,MYX:FCPO1!,2580.0,2605.0,2574.0,2592.0,5917.0
2009-12-28 21:00:00,MYX:FCPO1!,2630.0,2632.0,2586.0,2590.0,4909.0
2009-12-29 21:00:00,MYX:FCPO1!,2590.0,2609.0,2582.0,2595.0,4265.0
2009-12-30 21:00:00,MYX:FCPO1!,2601.0,2666.0,2600.0,2663.0,7416.0
2010-01-04 10:00:00,MYX:FCPO1!,2684.0,2698.0,2665.0,2680.0,5352.0
2010-01-04 21:00:00,MYX:FCPO1!,2685.0,2703.0,2673.0,2682.0,7651.0
2010-01-05 21:00:00,MYX:FCPO1!,2678.0,2726.0,2675.0,2702.0,8912.0
2010-01-06 21:00:00,MYX:FCPO1!,2651.0,2667.0,2628.0,2630.0,9429.0
2010-01-07 21:00:00,MYX:FCPO1!,2625.0,2634.0,2590.0,2626.0,11347.0
2010-01-11 10:00:00,MYX:FCPO1!,2635.0,2648.0,2572.0,2585.0,13724.0
2010-01-11 21:00:00,MYX:FCPO1!,2552.0,2570.0,2541.0,2556.0,9501.0
2010-01-12 21:00:00,MYX:FCPO1!,2520.0,2525.0,2481.0,2510.0,12392.0
2010-01-13 21:00:00,MYX:FCPO1!,2525.0,2544.0,2499.0,2530.0,13429.0
2010-01-14 21:00:00,MYX:FCPO1!,2522.0,2525.0,2466.0,2490.0,12428.0
2010-01-18 10:00:00,MYX:FCPO1!,2445.0,2486.0,2433.0,2486.0,5916.0
2010-01-18 21:00:00,MYX:FCPO1!,2503.0,2503.0,2465.0,2483.0,3317.0
2010-01-19 21:00:00,MYX:FCPO1!,2455.0,2462.0,2432.0,2440.0,4891.0
2010-01-20 21:00:00,MYX:FCPO1!,2400.0,2495.0,2400.0,2495.0,3252.0
2010-01-21 21:00:00,MYX:FCPO1!,2463.0,2481.0,2447.0,2456.0,2127.0
2010-01-25 10:00:00,MYX:FCPO1!,2460.0,2484.0,2456.0,2466.0,1933.0
2010-01-25 21:00:00,MYX:FCPO1!,2430.0,2455.0,2407.0,2410.0,3499.0
2010-01-26 21:00:00,MYX:FCPO1!,2419.0,2432.0,2395.0,2429.0,1792.0
2010-01-27 21:00:00,MYX:FCPO1!,2417.0,2471.0,2408.0,2440.0,1654.0
2010-01-28 21:00:00,MYX:FCPO1!,2442.0,2469.0,2420.0,2445.0,2023.0
2010-02-01 21:00:00,MYX:FCPO1!,2460.0,2462.0,2427.0,2452.0,7769.0
2010-02-02 21:00:00,MYX:FCPO1!,2478.0,2505.0,2475.0,2498.0,13357.0
2010-02-03 21:00:00,MYX:FCPO1!,2478.0,2519.0,2470.0,2510.0,10318.0
2010-02-04 21:00:00,MYX:FCPO1!,2486.0,2523.0,2486.0,2521.0,8990.0
2010-02-08 10:00:00,MYX:FCPO1!,2545.0,2563.0,2542.0,2550.0,7550.0
2010-02-08 21:00:00,MYX:FCPO1!,2566.0,2570.0,2545.0,2561.0,8654.0
2010-02-09 21:00:00,MYX:FCPO1!,2559.0,2566.0,2553.0,2563.0,6306.0
2010-02-10 21:00:00,MYX:FCPO1!,2584.0,2594.0,2575.0,2580.0,6505.0
2010-02-11 21:00:00,MYX:FCPO1!,2546.0,2580.0,2546.0,2579.0,4477.0
2010-02-16 21:00:00,MYX:FCPO1!,2611.0,2628.0,2606.0,2628.0,6409.0
2010-02-17 21:00:00,MYX:FCPO1!,2615.0,2617.0,2600.0,2600.0,4721.0
2010-02-18 21:00:00,MYX:FCPO1!,2595.0,2609.0,2577.0,2596.0,6480.0
2010-02-22 10:00:00,MYX:FCPO1!,2629.0,2638.0,2621.0,2631.0,6557.0
2010-02-22 21:00:00,MYX:FCPO1!,2642.0,2662.0,2622.0,2635.0,9708.0
2010-02-23 21:00:00,MYX:FCPO1!,2624.0,2636.0,2590.0,2590.0,7177.0
2010-02-24 21:00:00,MYX:FCPO1!,2605.0,2615.0,2580.0,2595.0,9577.0
2010-03-01 10:00:00,MYX:FCPO1!,2619.0,2638.0,2617.0,2630.0,9209.0
2010-03-01 21:00:00,MYX:FCPO1!,2635.0,2635.0,2597.0,2612.0,7155.0
2010-03-02 21:00:00,MYX:FCPO1!,2625.0,2639.0,2618.0,2635.0,4799.0
2010-03-03 21:00:00,MYX:FCPO1!,2634.0,2686.0,2622.0,2674.0,9634.0
2010-03-04 21:00:00,MYX:FCPO1!,2665.0,2700.0,2665.0,2670.0,9147.0
2010-03-08 10:00:00,MYX:FCPO1!,2679.0,2722.0,2675.0,2709.0,3942.0
2010-03-08 21:00:00,MYX:FCPO1!,2705.0,2715.0,2650.0,2650.0,6714.0
2010-03-09 21:00:00,MYX:FCPO1!,2670.0,2719.0,2654.0,2685.0,7410.0
2010-03-10 21:00:00,MYX:FCPO1!,2699.0,2704.0,2652.0,2660.0,10826.0
2010-03-11 21:00:00,MYX:FCPO1!,2643.0,2650.0,2620.0,2649.0,10149.0
2010-03-15 10:00:00,MYX:FCPO1!,2624.0,2631.0,2590.0,2590.0,12602.0
2010-03-15 21:00:00,MYX:FCPO1!,2576.0,2586.0,2546.0,2569.0,11390.0
2010-03-16 21:00:00,MYX:FCPO1!,2576.0,2600.0,2576.0,2595.0,8890.0
2010-03-17 21:00:00,MYX:FCPO1!,2583.0,2587.0,2528.0,2535.0,11885.0
2010-03-18 21:00:00,MYX:FCPO1!,2542.0,2580.0,2536.0,2577.0,8911.0
2010-03-22 10:00:00,MYX:FCPO1!,2570.0,2594.0,2554.0,2570.0,7245.0
2010-03-22 21:00:00,MYX:FCPO1!,2589.0,2597.0,2571.0,2591.0,6978.0
2010-03-23 21:00:00,MYX:FCPO1!,2585.0,2595.0,2549.0,2560.0,9675.0
2010-03-24 21:00:00,MYX:FCPO1!,2556.0,2579.0,2551.0,2575.0,7328.0
2010-03-25 21:00:00,MYX:FCPO1!,2551.0,2565.0,2534.0,2534.0,9524.0
2010-03-29 10:00:00,MYX:FCPO1!,2542.0,2557.0,2510.0,2520.0,10112.0
2010-03-29 21:00:00,MYX:FCPO1!,2521.0,2548.0,2501.0,2545.0,12139.0
2010-03-30 21:00:00,MYX:FCPO1!,2533.0,2561.0,2529.0,2556.0,9959.0
2010-03-31 21:00:00,MYX:FCPO1!,2540.0,2549.0,2532.0,2543.0,12361.0
2010-04-01 21:00:00,MYX:FCPO1!,2560.0,2569.0,2550.0,2559.0,4092.0
2010-04-05 10:00:00,MYX:FCPO1!,2570.0,2588.0,2530.0,2530.0,10422.0
2010-04-05 21:00:00,MYX:FCPO1!,2528.0,2536.0,2498.0,2520.0,11697.0
2010-04-06 21:00:00,MYX:FCPO1!,2540.0,2545.0,2530.0,2539.0,7458.0
2010-04-07 21:00:00,MYX:FCPO1!,2546.0,2555.0,2500.0,2500.0,11188.0
2010-04-08 21:00:00,MYX:FCPO1!,2500.0,2594.0,2500.0,2594.0,9405.0
2010-04-12 10:00:00,MYX:FCPO1!,2550.0,2557.0,2522.0,2535.0,7617.0
2010-04-12 21:00:00,MYX:FCPO1!,2520.0,2540.0,2511.0,2531.0,7032.0
2010-04-13 21:00:00,MYX:FCPO1!,2543.0,2546.0,2518.0,2528.0,6849.0
2010-04-14 21:00:00,MYX:FCPO1!,2519.0,2529.0,2514.0,2520.0,5569.0
2010-04-15 21:00:00,MYX:FCPO1!,2504.0,2525.0,2504.0,2518.0,4764.0
2010-04-19 10:00:00,MYX:FCPO1!,2490.0,2494.0,2455.0,2470.0,9266.0
2010-04-19 21:00:00,MYX:FCPO1!,2478.0,2500.0,2464.0,2498.0,9949.0
2010-04-20 21:00:00,MYX:FCPO1!,2493.0,2500.0,2471.0,2471.0,8058.0
2010-04-21 21:00:00,MYX:FCPO1!,2470.0,2497.0,2467.0,2490.0,6999.0
2010-04-22 21:00:00,MYX:FCPO1!,2506.0,2540.0,2503.0,2540.0,8392.0
2010-04-26 10:00:00,MYX:FCPO1!,2538.0,2568.0,2538.0,2560.0,8411.0
2010-04-26 21:00:00,MYX:FCPO1!,2542.0,2581.0,2535.0,2550.0,10144.0
2010-04-27 21:00:00,MYX:FCPO1!,2541.0,2553.0,2529.0,2547.0,7244.0
2010-04-28 21:00:00,MYX:FCPO1!,2540.0,2545.0,2520.0,2531.0,9160.0
2010-04-29 21:00:00,MYX:FCPO1!,2540.0,2558.0,2537.0,2558.0,5627.0
2010-05-03 10:00:00,MYX:FCPO1!,2542.0,2565.0,2542.0,2554.0,5879.0
2010-05-03 21:00:00,MYX:FCPO1!,2544.0,2548.0,2515.0,2515.0,6330.0
2010-05-04 21:00:00,MYX:FCPO1!,2500.0,2544.0,2487.0,2530.0,12945.0
2010-05-05 21:00:00,MYX:FCPO1!,2527.0,2542.0,2509.0,2523.0,14033.0
2010-05-06 21:00:00,MYX:FCPO1!,2490.0,2526.0,2484.0,2519.0,9974.0
2010-05-10 10:00:00,MYX:FCPO1!,2523.0,2541.0,2507.0,2529.0,7887.0
2010-05-10 21:00:00,MYX:FCPO1!,2516.0,2523.0,2496.0,2505.0,7539.0
2010-05-11 21:00:00,MYX:FCPO1!,2512.0,2516.0,2500.0,2507.0,4519.0
2010-05-12 21:00:00,MYX:FCPO1!,2493.0,2496.0,2466.0,2472.0,7422.0
2010-05-13 21:00:00,MYX:FCPO1!,2460.0,2477.0,2455.0,2456.0,7671.0
2010-05-17 10:00:00,MYX:FCPO1!,2416.0,2430.0,2406.0,2425.0,7210.0
2010-05-17 21:00:00,MYX:FCPO1!,2417.0,2450.0,2417.0,2445.0,4649.0
2010-05-18 21:00:00,MYX:FCPO1!,2425.0,2438.0,2410.0,2435.0,7452.0
2010-05-19 21:00:00,MYX:FCPO1!,2450.0,2479.0,2435.0,2476.0,11741.0
2010-05-20 21:00:00,MYX:FCPO1!,2465.0,2501.0,2450.0,2491.0,6619.0
2010-05-24 10:00:00,MYX:FCPO1!,2489.0,2498.0,2481.0,2490.0,3886.0
2010-05-24 21:00:00,MYX:FCPO1!,2485.0,2491.0,2436.0,2436.0,9383.0
2010-05-25 21:00:00,MYX:FCPO1!,2445.0,2480.0,2443.0,2452.0,8053.0
2010-05-26 21:00:00,MYX:FCPO1!,2472.0,2477.0,2447.0,2457.0,7056.0
2010-05-31 10:00:00,MYX:FCPO1!,2437.0,2457.0,2425.0,2436.0,5549.0
2010-05-31 21:00:00,MYX:FCPO1!,2432.0,2460.0,2430.0,2460.0,6451.0
2010-06-01 21:00:00,MYX:FCPO1!,2466.0,2480.0,2458.0,2468.0,8738.0
2010-06-02 21:00:00,MYX:FCPO1!,2473.0,2482.0,2453.0,2456.0,5832.0
2010-06-03 21:00:00,MYX:FCPO1!,2459.0,2481.0,2455.0,2474.0,6491.0
2010-06-07 10:00:00,MYX:FCPO1!,2437.0,2456.0,2437.0,2449.0,8486.0
2010-06-07 21:00:00,MYX:FCPO1!,2454.0,2456.0,2431.0,2432.0,8651.0
2010-06-08 21:00:00,MYX:FCPO1!,2437.0,2438.0,2402.0,2418.0,14247.0
2010-06-09 21:00:00,MYX:FCPO1!,2419.0,2426.0,2396.0,2410.0,6285.0
2010-06-10 21:00:00,MYX:FCPO1!,2407.0,2419.0,2379.0,2386.0,11313.0
2010-06-14 10:00:00,MYX:FCPO1!,2392.0,2410.0,2390.0,2410.0,6330.0
2010-06-14 21:00:00,MYX:FCPO1!,2414.0,2415.0,2378.0,2391.0,8212.0
2010-06-15 21:00:00,MYX:FCPO1!,2386.0,2390.0,2367.0,2380.0,8245.0
2010-06-16 21:00:00,MYX:FCPO1!,2378.0,2408.0,2369.0,2398.0,7037.0
2010-06-17 21:00:00,MYX:FCPO1!,2400.0,2420.0,2395.0,2400.0,6616.0
2010-06-21 10:00:00,MYX:FCPO1!,2415.0,2421.0,2399.0,2405.0,8211.0
2010-06-21 21:00:00,MYX:FCPO1!,2397.0,2403.0,2375.0,2377.0,6745.0
2010-06-22 21:00:00,MYX:FCPO1!,2383.0,2393.0,2371.0,2384.0,7200.0
2010-06-23 21:00:00,MYX:FCPO1!,2381.0,2393.0,2379.0,2390.0,6559.0
2010-06-24 21:00:00,MYX:FCPO1!,2389.0,2389.0,2380.0,2384.0,3914.0
2010-06-28 10:00:00,MYX:FCPO1!,2388.0,2410.0,2388.0,2400.0,5146.0
2010-06-28 21:00:00,MYX:FCPO1!,2388.0,2390.0,2362.0,2366.0,9444.0
2010-06-29 21:00:00,MYX:FCPO1!,2354.0,2375.0,2338.0,2373.0,8134.0
2010-06-30 21:00:00,MYX:FCPO1!,2365.0,2370.0,2342.0,2346.0,6981.0
2010-07-01 21:00:00,MYX:FCPO1!,2342.0,2346.0,2328.0,2335.0,5350.0
2010-07-05 10:00:00,MYX:FCPO1!,2333.0,2338.0,2290.0,2290.0,7301.0
2010-07-05 21:00:00,MYX:FCPO1!,2293.0,2306.0,2277.0,2301.0,9535.0
2010-07-06 21:00:00,MYX:FCPO1!,2297.0,2303.0,2270.0,2270.0,8203.0
2010-07-07 21:00:00,MYX:FCPO1!,2300.0,2310.0,2286.0,2289.0,8789.0
2010-07-08 21:00:00,MYX:FCPO1!,2295.0,2320.0,2293.0,2300.0,10406.0
2010-07-12 10:00:00,MYX:FCPO1!,2310.0,2341.0,2310.0,2340.0,9124.0
2010-07-12 21:00:00,MYX:FCPO1!,2335.0,2354.0,2325.0,2353.0,7124.0
2010-07-13 21:00:00,MYX:FCPO1!,2363.0,2384.0,2357.0,2381.0,6340.0
2010-07-14 21:00:00,MYX:FCPO1!,2381.0,2445.0,2378.0,2439.0,15889.0
2010-07-15 21:00:00,MYX:FCPO1!,2422.0,2461.0,2417.0,2449.0,14269.0
2010-07-19 10:00:00,MYX:FCPO1!,2435.0,2455.0,2429.0,2454.0,7998.0
2010-07-19 21:00:00,MYX:FCPO1!,2454.0,2457.0,2424.0,2424.0,11235.0
2010-07-20 21:00:00,MYX:FCPO1!,2447.0,2467.0,2434.0,2457.0,10402.0
2010-07-21 21:00:00,MYX:FCPO1!,2459.0,2525.0,2450.0,2519.0,16528.0
2010-07-22 21:00:00,MYX:FCPO1!,2535.0,2535.0,2491.0,2498.0,9920.0
2010-07-26 10:00:00,MYX:FCPO1!,2510.0,2525.0,2472.0,2473.0,9181.0
2010-07-26 21:00:00,MYX:FCPO1!,2460.0,2485.0,2434.0,2485.0,10381.0
2010-07-27 21:00:00,MYX:FCPO1!,2471.0,2502.0,2470.0,2495.0,6515.0
2010-07-28 21:00:00,MYX:FCPO1!,2509.0,2529.0,2506.0,2514.0,8017.0
2010-07-29 21:00:00,MYX:FCPO1!,2539.0,2539.0,2495.0,2517.0,9231.0
2010-08-02 10:00:00,MYX:FCPO1!,2549.0,2583.0,2545.0,2570.0,9462.0
2010-08-02 21:00:00,MYX:FCPO1!,2572.0,2576.0,2538.0,2562.0,10608.0
2010-08-03 21:00:00,MYX:FCPO1!,2588.0,2598.0,2580.0,2590.0,7218.0
2010-08-04 21:00:00,MYX:FCPO1!,2571.0,2623.0,2571.0,2619.0,10897.0
2010-08-05 21:00:00,MYX:FCPO1!,2610.0,2695.0,2604.0,2661.0,10188.0
2010-08-09 10:00:00,MYX:FCPO1!,2686.0,2736.0,2686.0,2730.0,14200.0
2010-08-09 21:00:00,MYX:FCPO1!,2708.0,2708.0,2668.0,2670.0,11009.0
2010-08-10 21:00:00,MYX:FCPO1!,2680.0,2687.0,2652.0,2677.0,7932.0
2010-08-11 21:00:00,MYX:FCPO1!,2670.0,2704.0,2662.0,2673.0,10891.0
2010-08-12 21:00:00,MYX:FCPO1!,2694.0,2737.0,2682.0,2718.0,14241.0
2010-08-16 10:00:00,MYX:FCPO1!,2728.0,2730.0,2678.0,2678.0,14719.0
2010-08-16 21:00:00,MYX:FCPO1!,2653.0,2679.0,2637.0,2646.0,12459.0
2010-08-17 21:00:00,MYX:FCPO1!,2650.0,2652.0,2592.0,2610.0,16776.0
2010-08-18 21:00:00,MYX:FCPO1!,2570.0,2604.0,2567.0,2595.0,13658.0
2010-08-19 21:00:00,MYX:FCPO1!,2557.0,2566.0,2533.0,2544.0,11548.0
2010-08-23 10:00:00,MYX:FCPO1!,2557.0,2569.0,2532.0,2560.0,12562.0
2010-08-23 21:00:00,MYX:FCPO1!,2555.0,2567.0,2502.0,2510.0,17235.0
2010-08-24 21:00:00,MYX:FCPO1!,2526.0,2526.0,2486.0,2486.0,21506.0
2010-08-25 21:00:00,MYX:FCPO1!,2492.0,2530.0,2489.0,2530.0,10622.0
2010-08-26 21:00:00,MYX:FCPO1!,2530.0,2557.0,2527.0,2542.0,8616.0
2010-08-30 10:00:00,MYX:FCPO1!,2580.0,2585.0,2550.0,2570.0,7921.0
2010-08-31 21:00:00,MYX:FCPO1!,2555.0,2555.0,2506.0,2535.0,12223.0
2010-09-01 21:00:00,MYX:FCPO1!,2535.0,2548.0,2529.0,2542.0,10156.0
2010-09-02 21:00:00,MYX:FCPO1!,2550.0,2574.0,2546.0,2570.0,6589.0
2010-09-06 10:00:00,MYX:FCPO1!,2594.0,2630.0,2585.0,2620.0,9425.0
2010-09-06 21:00:00,MYX:FCPO1!,2614.0,2636.0,2608.0,2628.0,11291.0
2010-09-07 21:00:00,MYX:FCPO1!,2651.0,2674.0,2635.0,2674.0,8530.0
2010-09-08 21:00:00,MYX:FCPO1!,2640.0,2655.0,2625.0,2644.0,4085.0
2010-09-13 10:00:00,MYX:FCPO1!,2660.0,2689.0,2649.0,2676.0,7065.0
2010-09-13 21:00:00,MYX:FCPO1!,2682.0,2690.0,2633.0,2643.0,8280.0
2010-09-14 21:00:00,MYX:FCPO1!,2640.0,2648.0,2605.0,2615.0,8191.0
2010-09-16 21:00:00,MYX:FCPO1!,2600.0,2636.0,2598.0,2627.0,10821.0
2010-09-20 10:00:00,MYX:FCPO1!,2700.0,2733.0,2688.0,2708.0,10454.0
2010-09-20 21:00:00,MYX:FCPO1!,2708.0,2709.0,2664.0,2674.0,7152.0
2010-09-21 21:00:00,MYX:FCPO1!,2688.0,2694.0,2659.0,2673.0,8448.0
2010-09-22 21:00:00,MYX:FCPO1!,2695.0,2699.0,2662.0,2671.0,5381.0
2010-09-23 21:00:00,MYX:FCPO1!,2679.0,2710.0,2678.0,2701.0,6772.0
2010-09-27 10:00:00,MYX:FCPO1!,2755.0,2755.0,2717.0,2735.0,11905.0
2010-09-27 21:00:00,MYX:FCPO1!,2718.0,2752.0,2718.0,2737.0,8855.0
2010-09-28 21:00:00,MYX:FCPO1!,2718.0,2724.0,2691.0,2698.0,12087.0
2010-09-29 21:00:00,MYX:FCPO1!,2708.0,2743.0,2708.0,2730.0,13775.0
2010-09-30 21:00:00,MYX:FCPO1!,2740.0,2750.0,2708.0,2733.0,9003.0
2010-10-04 10:00:00,MYX:FCPO1!,2655.0,2689.0,2653.0,2666.0,10184.0
2010-10-04 21:00:00,MYX:FCPO1!,2668.0,2705.0,2658.0,2705.0,7573.0
2010-10-05 21:00:00,MYX:FCPO1!,2705.0,2735.0,2703.0,2730.0,8884.0
2010-10-06 21:00:00,MYX:FCPO1!,2720.0,2788.0,2717.0,2786.0,12895.0
2010-10-07 21:00:00,MYX:FCPO1!,2806.0,2808.0,2753.0,2760.0,10018.0
2010-10-11 10:00:00,MYX:FCPO1!,2903.0,2940.0,2886.0,2925.0,19860.0
2010-10-11 21:00:00,MYX:FCPO1!,2904.0,2925.0,2878.0,2900.0,10595.0
2010-10-12 21:00:00,MYX:FCPO1!,2918.0,2937.0,2900.0,2930.0,9453.0
2010-10-13 21:00:00,MYX:FCPO1!,2953.0,2970.0,2898.0,2916.0,13438.0
2010-10-14 21:00:00,MYX:FCPO1!,2934.0,2948.0,2915.0,2930.0,10118.0
2010-10-18 10:00:00,MYX:FCPO1!,2896.0,2907.0,2877.0,2889.0,11531.0
2010-10-18 21:00:00,MYX:FCPO1!,2916.0,2930.0,2905.0,2919.0,11587.0
2010-10-19 21:00:00,MYX:FCPO1!,2895.0,2985.0,2891.0,2984.0,12108.0
2010-10-20 21:00:00,MYX:FCPO1!,3010.0,3021.0,2984.0,2990.0,8911.0
2010-10-21 21:00:00,MYX:FCPO1!,2990.0,3014.0,2975.0,3005.0,9245.0
2010-10-25 10:00:00,MYX:FCPO1!,3050.0,3084.0,3042.0,3071.0,12911.0
2010-10-25 21:00:00,MYX:FCPO1!,3066.0,3066.0,3035.0,3053.0,8026.0
2010-10-26 21:00:00,MYX:FCPO1!,3039.0,3040.0,3010.0,3037.0,9659.0
2010-10-27 21:00:00,MYX:FCPO1!,3042.0,3086.0,3034.0,3085.0,11369.0
2010-10-28 21:00:00,MYX:FCPO1!,3068.0,3078.0,3048.0,3061.0,8584.0
2010-11-01 10:00:00,MYX:FCPO1!,3089.0,3098.0,3067.0,3092.0,8873.0
2010-11-01 21:00:00,MYX:FCPO1!,3086.0,3106.0,3077.0,3090.0,7481.0
2010-11-02 21:00:00,MYX:FCPO1!,3100.0,3106.0,3083.0,3087.0,9076.0
2010-11-03 21:00:00,MYX:FCPO1!,3112.0,3210.0,3107.0,3191.0,14281.0
2010-11-08 10:00:00,MYX:FCPO1!,3296.0,3348.0,3265.0,3273.0,12709.0
2010-11-08 21:00:00,MYX:FCPO1!,3288.0,3372.0,3288.0,3363.0,11270.0
2010-11-09 21:00:00,MYX:FCPO1!,3410.0,3410.0,3344.0,3393.0,14303.0
2010-11-10 21:00:00,MYX:FCPO1!,3380.0,3452.0,3373.0,3396.0,18262.0
2010-11-11 21:00:00,MYX:FCPO1!,3333.0,3355.0,3269.0,3353.0,14216.0
2010-11-15 10:00:00,MYX:FCPO1!,3311.0,3382.0,3278.0,3370.0,12753.0
2010-11-15 21:00:00,MYX:FCPO1!,3351.0,3399.0,3260.0,3265.0,16593.0
2010-11-17 21:00:00,MYX:FCPO1!,3190.0,3318.0,3114.0,3318.0,24831.0
2010-11-18 21:00:00,MYX:FCPO1!,3325.0,3364.0,3271.0,3326.0,13523.0
2010-11-22 10:00:00,MYX:FCPO1!,3270.0,3298.0,3179.0,3184.0,15868.0
2010-11-22 21:00:00,MYX:FCPO1!,3173.0,3215.0,3103.0,3115.0,19140.0
2010-11-23 21:00:00,MYX:FCPO1!,3162.0,3213.0,3150.0,3168.0,13544.0
2010-11-24 21:00:00,MYX:FCPO1!,3230.0,3284.0,3223.0,3276.0,12046.0
2010-11-25 21:00:00,MYX:FCPO1!,3235.0,3281.0,3233.0,3274.0,8719.0
2010-11-29 10:00:00,MYX:FCPO1!,3276.0,3390.0,3276.0,3381.0,11226.0
2010-11-29 21:00:00,MYX:FCPO1!,3383.0,3458.0,3345.0,3412.0,16379.0
2010-11-30 21:00:00,MYX:FCPO1!,3442.0,3500.0,3428.0,3486.0,12333.0
2010-12-01 21:00:00,MYX:FCPO1!,3528.0,3540.0,3486.0,3500.0,14577.0
2010-12-02 21:00:00,MYX:FCPO1!,3520.0,3537.0,3490.0,3516.0,8521.0
2010-12-06 10:00:00,MYX:FCPO1!,3545.0,3618.0,3541.0,3610.0,17052.0
2010-12-07 21:00:00,MYX:FCPO1!,3588.0,3609.0,3525.0,3594.0,14547.0
2010-12-08 21:00:00,MYX:FCPO1!,3637.0,3640.0,3591.0,3598.0,11572.0
2010-12-09 21:00:00,MYX:FCPO1!,3572.0,3637.0,3569.0,3633.0,13099.0
2010-12-13 10:00:00,MYX:FCPO1!,3656.0,3736.0,3640.0,3722.0,11793.0
2010-12-13 21:00:00,MYX:FCPO1!,3737.0,3766.0,3669.0,3680.0,10113.0
2010-12-14 21:00:00,MYX:FCPO1!,3675.0,3702.0,3609.0,3669.0,9728.0
2010-12-15 21:00:00,MYX:FCPO1!,3590.0,3620.0,3569.0,3583.0,6600.0
2010-12-16 21:00:00,MYX:FCPO1!,3602.0,3607.0,3471.0,3503.0,9206.0
2010-12-20 10:00:00,MYX:FCPO1!,3550.0,3562.0,3495.0,3518.0,9897.0
2010-12-20 21:00:00,MYX:FCPO1!,3550.0,3575.0,3544.0,3561.0,8226.0
2010-12-21 21:00:00,MYX:FCPO1!,3598.0,3635.0,3579.0,3620.0,9135.0
2010-12-22 21:00:00,MYX:FCPO1!,3653.0,3676.0,3642.0,3658.0,9675.0
2010-12-23 21:00:00,MYX:FCPO1!,3672.0,3677.0,3643.0,3665.0,7801.0
2010-12-27 10:00:00,MYX:FCPO1!,3665.0,3767.0,3662.0,3756.0,11108.0
2010-12-27 21:00:00,MYX:FCPO1!,3781.0,3792.0,3761.0,3778.0,7729.0
2010-12-28 21:00:00,MYX:FCPO1!,3775.0,3775.0,3722.0,3733.0,7176.0
2010-12-29 21:00:00,MYX:FCPO1!,3735.0,3792.0,3707.0,3788.0,9782.0
2011-01-03 10:00:00,MYX:FCPO1!,3850.0,3861.0,3820.0,3852.0,7809.0
2011-01-03 21:00:00,MYX:FCPO1!,3824.0,3905.0,3806.0,3888.0,7253.0
2011-01-04 21:00:00,MYX:FCPO1!,3820.0,3851.0,3790.0,3808.0,13911.0
2011-01-05 21:00:00,MYX:FCPO1!,3880.0,3894.0,3845.0,3864.0,12466.0
2011-01-06 21:00:00,MYX:FCPO1!,3847.0,3847.0,3759.0,3763.0,18466.0
2011-01-10 10:00:00,MYX:FCPO1!,3788.0,3807.0,3730.0,3730.0,11423.0
2011-01-10 21:00:00,MYX:FCPO1!,3750.0,3759.0,3700.0,3703.0,12113.0
2011-01-11 21:00:00,MYX:FCPO1!,3730.0,3734.0,3625.0,3650.0,15394.0
2011-01-12 21:00:00,MYX:FCPO1!,3724.0,3724.0,3655.0,3694.0,15738.0
2011-01-13 21:00:00,MYX:FCPO1!,3678.0,3724.0,3669.0,3680.0,11427.0
2011-01-17 10:00:00,MYX:FCPO1!,3657.0,3685.0,3618.0,3650.0,10525.0
2011-01-17 21:00:00,MYX:FCPO1!,3611.0,3676.0,3610.0,3670.0,11293.0
2011-01-18 21:00:00,MYX:FCPO1!,3698.0,3735.0,3693.0,3732.0,13739.0
2011-01-20 21:00:00,MYX:FCPO1!,3718.0,3797.0,3708.0,3748.0,12496.0
2011-01-24 10:00:00,MYX:FCPO1!,3821.0,3836.0,3748.0,3751.0,15235.0
2011-01-24 21:00:00,MYX:FCPO1!,3714.0,3743.0,3690.0,3703.0,17225.0
2011-01-25 21:00:00,MYX:FCPO1!,3630.0,3697.0,3622.0,3670.0,13381.0
2011-01-26 21:00:00,MYX:FCPO1!,3707.0,3723.0,3655.0,3685.0,12174.0
2011-01-27 21:00:00,MYX:FCPO1!,3695.0,3716.0,3675.0,3700.0,10900.0
2011-01-31 10:00:00,MYX:FCPO1!,3732.0,3809.0,3730.0,3809.0,9227.0
2011-02-07 10:00:00,MYX:FCPO1!,3914.0,3915.0,3861.0,3868.0,12315.0
2011-02-07 21:00:00,MYX:FCPO1!,3854.0,3890.0,3816.0,3890.0,14419.0
2011-02-08 21:00:00,MYX:FCPO1!,3886.0,3948.0,3874.0,3931.0,17850.0
2011-02-09 21:00:00,MYX:FCPO1!,3967.0,3967.0,3889.0,3926.0,21660.0
2011-02-10 21:00:00,MYX:FCPO1!,3900.0,3963.0,3894.0,3955.0,11568.0
2011-02-14 10:00:00,MYX:FCPO1!,3919.0,3954.0,3914.0,3933.0,11265.0
2011-02-15 21:00:00,MYX:FCPO1!,3850.0,3868.0,3782.0,3790.0,5959.0
2011-02-16 21:00:00,MYX:FCPO1!,3770.0,3780.0,3648.0,3721.0,20321.0
2011-02-17 21:00:00,MYX:FCPO1!,3752.0,3785.0,3660.0,3683.0,17870.0
2011-02-21 10:00:00,MYX:FCPO1!,3623.0,3678.0,3621.0,3656.0,13786.0
2011-02-21 21:00:00,MYX:FCPO1!,3679.0,3704.0,3639.0,3669.0,15569.0
2011-02-22 21:00:00,MYX:FCPO1!,3545.0,3558.0,3503.0,3514.0,19019.0
2011-02-23 21:00:00,MYX:FCPO1!,3542.0,3550.0,3336.0,3455.0,30454.0
2011-02-24 21:00:00,MYX:FCPO1!,3448.0,3541.0,3448.0,3515.0,18449.0
2011-02-28 10:00:00,MYX:FCPO1!,3570.0,3591.0,3447.0,3472.0,17791.0
2011-02-28 21:00:00,MYX:FCPO1!,3450.0,3562.0,3450.0,3546.0,14966.0
2011-03-01 21:00:00,MYX:FCPO1!,3560.0,3629.0,3506.0,3590.0,21861.0
2011-03-02 21:00:00,MYX:FCPO1!,3626.0,3648.0,3564.0,3600.0,16012.0
2011-03-03 21:00:00,MYX:FCPO1!,3602.0,3665.0,3587.0,3660.0,11410.0
2011-03-07 10:00:00,MYX:FCPO1!,3660.0,3700.0,3660.0,3695.0,10038.0
2011-03-07 21:00:00,MYX:FCPO1!,3651.0,3665.0,3571.0,3584.0,13941.0
2011-03-08 21:00:00,MYX:FCPO1!,3585.0,3619.0,3557.0,3585.0,9827.0
2011-03-09 21:00:00,MYX:FCPO1!,3519.0,3532.0,3441.0,3459.0,17290.0
2011-03-10 21:00:00,MYX:FCPO1!,3457.0,3483.0,3356.0,3364.0,21734.0
2011-03-14 10:00:00,MYX:FCPO1!,3335.0,3359.0,3281.0,3335.0,21963.0
2011-03-14 21:00:00,MYX:FCPO1!,3250.0,3420.0,3250.0,3385.0,18601.0
2011-03-15 21:00:00,MYX:FCPO1!,3292.0,3363.0,3268.0,3347.0,25206.0
2011-03-16 21:00:00,MYX:FCPO1!,3320.0,3362.0,3305.0,3338.0,12847.0
2011-03-17 21:00:00,MYX:FCPO1!,3389.0,3450.0,3376.0,3446.0,10488.0
2011-03-21 10:00:00,MYX:FCPO1!,3486.0,3489.0,3416.0,3420.0,11514.0
2011-03-21 21:00:00,MYX:FCPO1!,3394.0,3402.0,3291.0,3308.0,16436.0
2011-03-22 21:00:00,MYX:FCPO1!,3345.0,3367.0,3301.0,3306.0,16014.0
2011-03-23 21:00:00,MYX:FCPO1!,3287.0,3287.0,3163.0,3270.0,26417.0
2011-03-24 21:00:00,MYX:FCPO1!,3295.0,3324.0,3219.0,3261.0,20512.0
2011-03-28 10:00:00,MYX:FCPO1!,3295.0,3305.0,3252.0,3282.0,11784.0
2011-03-28 21:00:00,MYX:FCPO1!,3245.0,3288.0,3217.0,3252.0,18442.0
2011-03-29 21:00:00,MYX:FCPO1!,3273.0,3323.0,3268.0,3312.0,19561.0
2011-03-30 21:00:00,MYX:FCPO1!,3308.0,3343.0,3291.0,3326.0,16826.0
2011-03-31 21:00:00,MYX:FCPO1!,3380.0,3383.0,3338.0,3340.0,13951.0
2011-04-04 10:00:00,MYX:FCPO1!,3360.0,3392.0,3343.0,3382.0,9008.0
2011-04-04 21:00:00,MYX:FCPO1!,3395.0,3399.0,3335.0,3366.0,11072.0
2011-04-05 21:00:00,MYX:FCPO1!,3376.0,3395.0,3354.0,3376.0,14247.0
2011-04-06 21:00:00,MYX:FCPO1!,3360.0,3365.0,3315.0,3328.0,15279.0
2011-04-07 21:00:00,MYX:FCPO1!,3325.0,3400.0,3317.0,3399.0,18809.0
2011-04-11 10:00:00,MYX:FCPO1!,3445.0,3454.0,3380.0,3417.0,15819.0
2011-04-11 21:00:00,MYX:FCPO1!,3360.0,3388.0,3345.0,3373.0,21496.0
2011-04-12 21:00:00,MYX:FCPO1!,3315.0,3350.0,3302.0,3348.0,13246.0
2011-04-13 21:00:00,MYX:FCPO1!,3333.0,3360.0,3282.0,3282.0,18949.0
2011-04-14 21:00:00,MYX:FCPO1!,3307.0,3310.0,3232.0,3236.0,14373.0
2011-04-18 10:00:00,MYX:FCPO1!,3250.0,3265.0,3217.0,3246.0,9970.0
2011-04-18 21:00:00,MYX:FCPO1!,3257.0,3259.0,3212.0,3255.0,12478.0
2011-04-19 21:00:00,MYX:FCPO1!,3278.0,3336.0,3265.0,3315.0,17607.0
2011-04-20 21:00:00,MYX:FCPO1!,3310.0,3332.0,3300.0,3312.0,10477.0
2011-04-21 21:00:00,MYX:FCPO1!,3317.0,3375.0,3316.0,3370.0,13829.0
2011-04-25 10:00:00,MYX:FCPO1!,3374.0,3384.0,3343.0,3360.0,8027.0
2011-04-25 21:00:00,MYX:FCPO1!,3320.0,3342.0,3291.0,3330.0,10224.0
2011-04-26 21:00:00,MYX:FCPO1!,3312.0,3320.0,3277.0,3277.0,10969.0
2011-04-27 21:00:00,MYX:FCPO1!,3294.0,3324.0,3288.0,3293.0,9393.0
2011-04-28 21:00:00,MYX:FCPO1!,3243.0,3275.0,3237.0,3270.0,13365.0
2011-05-02 21:00:00,MYX:FCPO1!,3290.0,3305.0,3271.0,3271.0,7202.0
2011-05-03 21:00:00,MYX:FCPO1!,3240.0,3272.0,3228.0,3265.0,12013.0
2011-05-04 21:00:00,MYX:FCPO1!,3256.0,3291.0,3229.0,3229.0,13441.0
2011-05-05 21:00:00,MYX:FCPO1!,3175.0,3202.0,3148.0,3195.0,19131.0
2011-05-09 10:00:00,MYX:FCPO1!,3197.0,3252.0,3192.0,3238.0,14584.0
2011-05-09 21:00:00,MYX:FCPO1!,3245.0,3282.0,3243.0,3258.0,11373.0
2011-05-10 21:00:00,MYX:FCPO1!,3265.0,3283.0,3257.0,3269.0,12155.0
2011-05-11 21:00:00,MYX:FCPO1!,3258.0,3277.0,3217.0,3226.0,13513.0
2011-05-12 21:00:00,MYX:FCPO1!,3242.0,3292.0,3229.0,3274.0,16236.0
2011-05-16 10:00:00,MYX:FCPO1!,3243.0,3275.0,3228.0,3255.0,10628.0
2011-05-17 21:00:00,MYX:FCPO1!,3290.0,3305.0,3287.0,3297.0,13506.0
2011-05-18 21:00:00,MYX:FCPO1!,3340.0,3367.0,3315.0,3360.0,12037.0
2011-05-19 21:00:00,MYX:FCPO1!,3365.0,3407.0,3344.0,3390.0,12297.0
2011-05-23 10:00:00,MYX:FCPO1!,3406.0,3407.0,3348.0,3355.0,17205.0
2011-05-23 21:00:00,MYX:FCPO1!,3372.0,3388.0,3365.0,3380.0,8104.0
2011-05-24 21:00:00,MYX:FCPO1!,3377.0,3428.0,3352.0,3416.0,13639.0
2011-05-25 21:00:00,MYX:FCPO1!,3423.0,3447.0,3405.0,3416.0,10112.0
2011-05-26 21:00:00,MYX:FCPO1!,3440.0,3454.0,3424.0,3438.0,13766.0
2011-05-30 10:00:00,MYX:FCPO1!,3445.0,3464.0,3408.0,3408.0,8785.0
2011-05-30 21:00:00,MYX:FCPO1!,3408.0,3437.0,3383.0,3393.0,13935.0
2011-05-31 21:00:00,MYX:FCPO1!,3382.0,3407.0,3358.0,3360.0,10047.0
2011-06-01 21:00:00,MYX:FCPO1!,3361.0,3405.0,3350.0,3403.0,11207.0
2011-06-02 21:00:00,MYX:FCPO1!,3418.0,3465.0,3418.0,3421.0,13578.0
2011-06-06 10:00:00,MYX:FCPO1!,3420.0,3440.0,3385.0,3388.0,9549.0
2011-06-06 21:00:00,MYX:FCPO1!,3380.0,3385.0,3343.0,3354.0,11972.0
2011-06-07 21:00:00,MYX:FCPO1!,3333.0,3350.0,3313.0,3316.0,11605.0
2011-06-08 21:00:00,MYX:FCPO1!,3340.0,3355.0,3213.0,3287.0,15813.0
2011-06-09 21:00:00,MYX:FCPO1!,3268.0,3290.0,3231.0,3239.0,15153.0
2011-06-13 10:00:00,MYX:FCPO1!,3224.0,3264.0,3199.0,3260.0,13929.0
2011-06-13 21:00:00,MYX:FCPO1!,3258.0,3277.0,3238.0,3253.0,12764.0
2011-06-14 21:00:00,MYX:FCPO1!,3256.0,3285.0,3244.0,3268.0,9685.0
2011-06-15 21:00:00,MYX:FCPO1!,3250.0,3265.0,3193.0,3193.0,14822.0
2011-06-16 21:00:00,MYX:FCPO1!,3207.0,3214.0,3163.0,3198.0,18364.0
2011-06-20 10:00:00,MYX:FCPO1!,3200.0,3221.0,3189.0,3193.0,13236.0
2011-06-20 21:00:00,MYX:FCPO1!,3219.0,3230.0,3203.0,3221.0,8778.0
2011-06-21 21:00:00,MYX:FCPO1!,3222.0,3237.0,3178.0,3178.0,15700.0
2011-06-22 21:00:00,MYX:FCPO1!,3146.0,3178.0,3130.0,3136.0,13659.0
2011-06-23 21:00:00,MYX:FCPO1!,3139.0,3146.0,3103.0,3117.0,17790.0
2011-06-27 10:00:00,MYX:FCPO1!,3095.0,3101.0,3038.0,3042.0,16514.0
2011-06-27 21:00:00,MYX:FCPO1!,3071.0,3084.0,3045.0,3063.0,12211.0
2011-06-28 21:00:00,MYX:FCPO1!,3089.0,3115.0,3087.0,3109.0,9220.0
2011-06-29 21:00:00,MYX:FCPO1!,3123.0,3136.0,3065.0,3072.0,13663.0
2011-06-30 21:00:00,MYX:FCPO1!,3040.0,3065.0,3031.0,3036.0,14526.0
2011-07-04 10:00:00,MYX:FCPO1!,3069.0,3084.0,3045.0,3050.0,11449.0
2011-07-04 21:00:00,MYX:FCPO1!,3053.0,3056.0,3023.0,3040.0,13871.0
2011-07-05 21:00:00,MYX:FCPO1!,3023.0,3051.0,3016.0,3029.0,13473.0
2011-07-06 21:00:00,MYX:FCPO1!,3036.0,3064.0,3031.0,3055.0,10052.0
2011-07-07 21:00:00,MYX:FCPO1!,3100.0,3110.0,3073.0,3077.0,13964.0
2011-07-11 10:00:00,MYX:FCPO1!,3092.0,3103.0,3055.0,3073.0,10033.0
2011-07-11 21:00:00,MYX:FCPO1!,3058.0,3058.0,3031.0,3034.0,13173.0
2011-07-12 21:00:00,MYX:FCPO1!,3064.0,3095.0,3055.0,3082.0,10683.0
2011-07-13 21:00:00,MYX:FCPO1!,3117.0,3145.0,3109.0,3144.0,14898.0
2011-07-14 21:00:00,MYX:FCPO1!,3126.0,3138.0,3115.0,3116.0,12137.0
2011-07-18 10:00:00,MYX:FCPO1!,3128.0,3140.0,3068.0,3078.0,13330.0
2011-07-18 21:00:00,MYX:FCPO1!,3090.0,3118.0,3064.0,3107.0,13176.0
2011-07-19 21:00:00,MYX:FCPO1!,3084.0,3153.0,3084.0,3153.0,19976.0
2011-07-20 21:00:00,MYX:FCPO1!,3153.0,3164.0,3128.0,3130.0,12453.0
2011-07-21 21:00:00,MYX:FCPO1!,3129.0,3150.0,3125.0,3140.0,9399.0
2011-07-25 10:00:00,MYX:FCPO1!,3117.0,3126.0,3083.0,3100.0,14611.0
2011-07-25 21:00:00,MYX:FCPO1!,3111.0,3126.0,3095.0,3119.0,8410.0
2011-07-26 21:00:00,MYX:FCPO1!,3132.0,3138.0,3122.0,3130.0,8253.0
2011-07-27 21:00:00,MYX:FCPO1!,3115.0,3127.0,3085.0,3116.0,10142.0
2011-07-28 21:00:00,MYX:FCPO1!,3097.0,3114.0,3080.0,3096.0,11125.0
2011-08-01 10:00:00,MYX:FCPO1!,3118.0,3136.0,3108.0,3121.0,11313.0
2011-08-01 21:00:00,MYX:FCPO1!,3126.0,3130.0,3107.0,3113.0,11213.0
2011-08-02 21:00:00,MYX:FCPO1!,3131.0,3144.0,3126.0,3136.0,9607.0
2011-08-03 21:00:00,MYX:FCPO1!,3116.0,3121.0,3100.0,3101.0,10163.0
2011-08-04 21:00:00,MYX:FCPO1!,3021.0,3063.0,3021.0,3051.0,17939.0
2011-08-08 10:00:00,MYX:FCPO1!,3034.0,3046.0,2994.0,2994.0,19513.0
2011-08-08 21:00:00,MYX:FCPO1!,2935.0,2994.0,2917.0,2920.0,18854.0
2011-08-09 21:00:00,MYX:FCPO1!,2950.0,2977.0,2924.0,2937.0,12903.0
2011-08-10 21:00:00,MYX:FCPO1!,2939.0,2996.0,2938.0,2993.0,12541.0
2011-08-11 21:00:00,MYX:FCPO1!,3020.0,3025.0,2999.0,3015.0,9934.0
2011-08-15 10:00:00,MYX:FCPO1!,3035.0,3083.0,3032.0,3070.0,9786.0
2011-08-15 21:00:00,MYX:FCPO1!,3035.0,3045.0,2993.0,3002.0,13200.0
2011-08-16 21:00:00,MYX:FCPO1!,3018.0,3042.0,3003.0,3033.0,11344.0
2011-08-17 21:00:00,MYX:FCPO1!,3035.0,3043.0,3010.0,3026.0,11513.0
2011-08-18 21:00:00,MYX:FCPO1!,3003.0,3023.0,2990.0,3003.0,9358.0
2011-08-22 10:00:00,MYX:FCPO1!,3030.0,3036.0,3013.0,3022.0,7159.0
2011-08-22 21:00:00,MYX:FCPO1!,3033.0,3070.0,3030.0,3068.0,10217.0
2011-08-23 21:00:00,MYX:FCPO1!,3051.0,3060.0,3033.0,3036.0,11056.0
2011-08-24 21:00:00,MYX:FCPO1!,3024.0,3043.0,2978.0,2994.0,11263.0
2011-08-25 21:00:00,MYX:FCPO1!,2993.0,2996.0,2953.0,2975.0,10829.0
2011-09-01 21:00:00,MYX:FCPO1!,3069.0,3069.0,3034.0,3050.0,6215.0
2011-09-05 10:00:00,MYX:FCPO1!,3045.0,3076.0,3010.0,3018.0,6194.0
2011-09-05 21:00:00,MYX:FCPO1!,2998.0,3014.0,2978.0,2985.0,11983.0
2011-09-06 21:00:00,MYX:FCPO1!,2998.0,3053.0,2995.0,3042.0,7971.0
2011-09-07 21:00:00,MYX:FCPO1!,3033.0,3076.0,3015.0,3025.0,11373.0
2011-09-08 21:00:00,MYX:FCPO1!,3039.0,3060.0,3033.0,3050.0,7895.0
2011-09-12 10:00:00,MYX:FCPO1!,3062.0,3076.0,3053.0,3071.0,5862.0
2011-09-12 21:00:00,MYX:FCPO1!,3035.0,3040.0,3012.0,3019.0,9867.0
2011-09-13 21:00:00,MYX:FCPO1!,3019.0,3066.0,2989.0,3065.0,13520.0
2011-09-14 21:00:00,MYX:FCPO1!,3047.0,3087.0,3036.0,3078.0,12411.0
2011-09-19 10:00:00,MYX:FCPO1!,3038.0,3054.0,3026.0,3041.0,7420.0
2011-09-19 21:00:00,MYX:FCPO1!,3033.0,3071.0,3023.0,3067.0,8780.0
2011-09-20 21:00:00,MYX:FCPO1!,3046.0,3070.0,3043.0,3066.0,10688.0
2011-09-21 21:00:00,MYX:FCPO1!,3039.0,3041.0,3000.0,3009.0,13266.0
2011-09-22 21:00:00,MYX:FCPO1!,2961.0,2995.0,2951.0,2992.0,14550.0
2011-09-26 10:00:00,MYX:FCPO1!,2965.0,2976.0,2857.0,2905.0,24389.0
2011-09-26 21:00:00,MYX:FCPO1!,2930.0,2950.0,2900.0,2948.0,14191.0
2011-09-27 21:00:00,MYX:FCPO1!,2920.0,2924.0,2885.0,2910.0,18649.0
2011-09-28 21:00:00,MYX:FCPO1!,2854.0,2899.0,2850.0,2898.0,16115.0
2011-09-29 21:00:00,MYX:FCPO1!,2922.0,2927.0,2890.0,2905.0,8204.0
2011-10-03 10:00:00,MYX:FCPO1!,2839.0,2857.0,2827.0,2845.0,14895.0
2011-10-03 21:00:00,MYX:FCPO1!,2855.0,2865.0,2801.0,2810.0,16143.0
2011-10-04 21:00:00,MYX:FCPO1!,2817.0,2822.0,2780.0,2785.0,15666.0
2011-10-05 21:00:00,MYX:FCPO1!,2799.0,2810.0,2754.0,2808.0,18342.0
2011-10-06 21:00:00,MYX:FCPO1!,2790.0,2806.0,2772.0,2772.0,12133.0
2011-10-10 10:00:00,MYX:FCPO1!,2799.0,2818.0,2775.0,2793.0,13270.0
2011-10-10 21:00:00,MYX:FCPO1!,2817.0,2818.0,2776.0,2801.0,12761.0
2011-10-11 21:00:00,MYX:FCPO1!,2854.0,2879.0,2843.0,2864.0,13447.0
2011-10-12 21:00:00,MYX:FCPO1!,2859.0,2868.0,2834.0,2844.0,8095.0
2011-10-13 21:00:00,MYX:FCPO1!,2858.0,2906.0,2858.0,2906.0,10894.0
2011-10-17 10:00:00,MYX:FCPO1!,2928.0,2946.0,2876.0,2876.0,16692.0
2011-10-17 21:00:00,MYX:FCPO1!,2840.0,2859.0,2817.0,2835.0,15699.0
2011-10-18 21:00:00,MYX:FCPO1!,2856.0,2894.0,2850.0,2892.0,15246.0
2011-10-19 21:00:00,MYX:FCPO1!,2830.0,2880.0,2822.0,2866.0,16489.0
2011-10-20 21:00:00,MYX:FCPO1!,2895.0,2903.0,2867.0,2883.0,11887.0
2011-10-24 10:00:00,MYX:FCPO1!,2882.0,2919.0,2875.0,2890.0,12213.0
2011-10-24 21:00:00,MYX:FCPO1!,2900.0,2951.0,2896.0,2951.0,14264.0
2011-10-26 21:00:00,MYX:FCPO1!,2966.0,3007.0,2957.0,2980.0,13281.0
2011-10-27 21:00:00,MYX:FCPO1!,2998.0,2999.0,2958.0,2971.0,14173.0
2011-10-31 10:00:00,MYX:FCPO1!,2946.0,2954.0,2932.0,2938.0,9556.0
2011-10-31 21:00:00,MYX:FCPO1!,2947.0,2958.0,2914.0,2923.0,10400.0
2011-11-01 21:00:00,MYX:FCPO1!,2926.0,2966.0,2922.0,2958.0,12369.0
2011-11-02 21:00:00,MYX:FCPO1!,2938.0,2978.0,2934.0,2976.0,9386.0
2011-11-03 21:00:00,MYX:FCPO1!,2997.0,3020.0,2988.0,3013.0,8706.0
2011-11-07 21:00:00,MYX:FCPO1!,2984.0,3048.0,2984.0,3045.0,13332.0
2011-11-08 21:00:00,MYX:FCPO1!,3060.0,3068.0,3027.0,3034.0,11907.0
2011-11-09 21:00:00,MYX:FCPO1!,3003.0,3130.0,3001.0,3119.0,14647.0
2011-11-10 21:00:00,MYX:FCPO1!,3110.0,3160.0,3100.0,3135.0,15922.0
2011-11-14 10:00:00,MYX:FCPO1!,3172.0,3198.0,3162.0,3195.0,7476.0
2011-11-14 21:00:00,MYX:FCPO1!,3195.0,3209.0,3163.0,3176.0,17076.0
2011-11-15 21:00:00,MYX:FCPO1!,3181.0,3255.0,3157.0,3241.0,19326.0
2011-11-16 21:00:00,MYX:FCPO1!,3235.0,3268.0,3212.0,3212.0,22387.0
2011-11-17 21:00:00,MYX:FCPO1!,3190.0,3270.0,3177.0,3248.0,21790.0
2011-11-21 10:00:00,MYX:FCPO1!,3226.0,3257.0,3190.0,3191.0,16406.0
2011-11-21 21:00:00,MYX:FCPO1!,3190.0,3214.0,3145.0,3175.0,19041.0
2011-11-22 21:00:00,MYX:FCPO1!,3161.0,3184.0,3128.0,3161.0,13736.0
2011-11-23 21:00:00,MYX:FCPO1!,3124.0,3133.0,3092.0,3108.0,16556.0
2011-11-24 21:00:00,MYX:FCPO1!,3090.0,3114.0,3050.0,3069.0,11124.0
2011-11-28 21:00:00,MYX:FCPO1!,3081.0,3104.0,3054.0,3062.0,12484.0
2011-11-29 21:00:00,MYX:FCPO1!,3076.0,3088.0,3011.0,3018.0,9934.0
2011-11-30 21:00:00,MYX:FCPO1!,3053.0,3078.0,3046.0,3058.0,8767.0
2011-12-01 21:00:00,MYX:FCPO1!,3064.0,3075.0,3035.0,3062.0,10795.0
2011-12-05 10:00:00,MYX:FCPO1!,3083.0,3133.0,3078.0,3122.0,15485.0
2011-12-05 21:00:00,MYX:FCPO1!,3103.0,3112.0,3085.0,3085.0,10580.0
2011-12-06 21:00:00,MYX:FCPO1!,3101.0,3126.0,3095.0,3119.0,10154.0
2011-12-07 21:00:00,MYX:FCPO1!,3094.0,3116.0,3083.0,3089.0,7989.0
2011-12-08 21:00:00,MYX:FCPO1!,3090.0,3097.0,3063.0,3084.0,7959.0
2011-12-12 10:00:00,MYX:FCPO1!,3060.0,3063.0,2994.0,2998.0,10079.0
2011-12-12 21:00:00,MYX:FCPO1!,3017.0,3023.0,2980.0,3002.0,9957.0
2011-12-13 21:00:00,MYX:FCPO1!,2993.0,3052.0,2980.0,3052.0,13556.0
2011-12-14 21:00:00,MYX:FCPO1!,3014.0,3028.0,2971.0,2971.0,16016.0
2011-12-15 21:00:00,MYX:FCPO1!,2991.0,3015.0,2977.0,2984.0,11658.0
2011-12-19 10:00:00,MYX:FCPO1!,3010.0,3020.0,2984.0,3020.0,10092.0
2011-12-19 21:00:00,MYX:FCPO1!,3005.0,3020.0,2997.0,3020.0,9098.0
2011-12-20 21:00:00,MYX:FCPO1!,3031.0,3072.0,3026.0,3072.0,13242.0
2011-12-21 21:00:00,MYX:FCPO1!,3070.0,3097.0,3065.0,3097.0,11174.0
2011-12-22 21:00:00,MYX:FCPO1!,3114.0,3178.0,3112.0,3170.0,10775.0
2011-12-26 21:00:00,MYX:FCPO1!,3161.0,3176.0,3139.0,3159.0,6276.0
2011-12-27 21:00:00,MYX:FCPO1!,3194.0,3205.0,3181.0,3185.0,11223.0
2011-12-28 21:00:00,MYX:FCPO1!,3170.0,3178.0,3139.0,3155.0,8394.0
2011-12-29 21:00:00,MYX:FCPO1!,3157.0,3179.0,3154.0,3175.0,7766.0
2012-01-02 21:00:00,MYX:FCPO1!,3209.0,3244.0,3209.0,3225.0,12983.0
2012-01-03 21:00:00,MYX:FCPO1!,3237.0,3241.0,3197.0,3225.0,12407.0
2012-01-04 21:00:00,MYX:FCPO1!,3219.0,3232.0,3190.0,3190.0,11731.0
2012-01-05 21:00:00,MYX:FCPO1!,3176.0,3215.0,3176.0,3211.0,10897.0
2012-01-09 10:00:00,MYX:FCPO1!,3196.0,3218.0,3186.0,3215.0,9576.0
2012-01-09 21:00:00,MYX:FCPO1!,3233.0,3240.0,3208.0,3215.0,9916.0
2012-01-10 21:00:00,MYX:FCPO1!,3202.0,3233.0,3194.0,3233.0,8303.0
2012-01-11 21:00:00,MYX:FCPO1!,3220.0,3222.0,3198.0,3202.0,9346.0
2012-01-12 21:00:00,MYX:FCPO1!,3183.0,3186.0,3143.0,3151.0,14279.0
2012-01-16 10:00:00,MYX:FCPO1!,3112.0,3135.0,3099.0,3126.0,12811.0
2012-01-16 21:00:00,MYX:FCPO1!,3140.0,3173.0,3134.0,3164.0,12975.0
2012-01-17 21:00:00,MYX:FCPO1!,3146.0,3180.0,3136.0,3180.0,11807.0
2012-01-18 21:00:00,MYX:FCPO1!,3175.0,3178.0,3150.0,3157.0,10501.0
2012-01-19 21:00:00,MYX:FCPO1!,3176.0,3183.0,3147.0,3165.0,6559.0
2012-01-24 21:00:00,MYX:FCPO1!,3185.0,3190.0,3162.0,3169.0,4233.0
2012-01-25 21:00:00,MYX:FCPO1!,3164.0,3165.0,3127.0,3131.0,8510.0
2012-01-26 21:00:00,MYX:FCPO1!,3139.0,3146.0,3123.0,3135.0,6430.0
2012-01-30 10:00:00,MYX:FCPO1!,3120.0,3126.0,3079.0,3082.0,10299.0
2012-01-30 21:00:00,MYX:FCPO1!,3069.0,3085.0,3044.0,3078.0,10437.0
2012-02-01 21:00:00,MYX:FCPO1!,3101.0,3110.0,3036.0,3056.0,13617.0
2012-02-02 21:00:00,MYX:FCPO1!,3066.0,3085.0,3050.0,3085.0,11368.0
2012-02-07 21:00:00,MYX:FCPO1!,3110.0,3158.0,3100.0,3155.0,14051.0
2012-02-08 21:00:00,MYX:FCPO1!,3154.0,3162.0,3135.0,3148.0,12983.0
2012-02-09 21:00:00,MYX:FCPO1!,3126.0,3142.0,3118.0,3131.0,11384.0
2012-02-13 10:00:00,MYX:FCPO1!,3160.0,3171.0,3152.0,3168.0,9607.0
2012-02-13 21:00:00,MYX:FCPO1!,3165.0,3205.0,3155.0,3205.0,9948.0
2012-02-14 21:00:00,MYX:FCPO1!,3199.0,3213.0,3182.0,3197.0,9981.0
2012-02-15 21:00:00,MYX:FCPO1!,3180.0,3202.0,3169.0,3189.0,12111.0
2012-02-16 21:00:00,MYX:FCPO1!,3205.0,3255.0,3204.0,3242.0,15655.0
2012-02-20 10:00:00,MYX:FCPO1!,3272.0,3276.0,3241.0,3245.0,11126.0
2012-02-20 21:00:00,MYX:FCPO1!,3246.0,3274.0,3230.0,3268.0,14400.0
2012-02-21 21:00:00,MYX:FCPO1!,3274.0,3294.0,3249.0,3250.0,14317.0
2012-02-22 21:00:00,MYX:FCPO1!,3258.0,3273.0,3246.0,3272.0,11475.0
2012-02-23 21:00:00,MYX:FCPO1!,3272.0,3281.0,3251.0,3276.0,10522.0
2012-02-27 10:00:00,MYX:FCPO1!,3290.0,3300.0,3266.0,3283.0,11606.0
2012-02-27 21:00:00,MYX:FCPO1!,3295.0,3321.0,3290.0,3295.0,13821.0
2012-02-28 21:00:00,MYX:FCPO1!,3285.0,3288.0,3260.0,3270.0,12395.0
2012-02-29 21:00:00,MYX:FCPO1!,3250.0,3285.0,3233.0,3285.0,12332.0
2012-03-01 21:00:00,MYX:FCPO1!,3274.0,3283.0,3256.0,3259.0,9463.0
2012-03-05 10:00:00,MYX:FCPO1!,3271.0,3271.0,3236.0,3246.0,7550.0
2012-03-05 21:00:00,MYX:FCPO1!,3225.0,3264.0,3222.0,3244.0,7979.0
2012-03-06 21:00:00,MYX:FCPO1!,3225.0,3274.0,3224.0,3266.0,12857.0
2012-03-07 21:00:00,MYX:FCPO1!,3261.0,3310.0,3255.0,3303.0,11374.0
2012-03-08 21:00:00,MYX:FCPO1!,3324.0,3368.0,3320.0,3352.0,14922.0
2012-03-12 10:00:00,MYX:FCPO1!,3349.0,3349.0,3309.0,3317.0,14958.0
2012-03-12 21:00:00,MYX:FCPO1!,3333.0,3370.0,3321.0,3365.0,11699.0
2012-03-13 21:00:00,MYX:FCPO1!,3384.0,3395.0,3358.0,3385.0,12358.0
2012-03-14 21:00:00,MYX:FCPO1!,3383.0,3415.0,3383.0,3403.0,10681.0
2012-03-15 21:00:00,MYX:FCPO1!,3410.0,3418.0,3385.0,3398.0,11351.0
2012-03-19 10:00:00,MYX:FCPO1!,3399.0,3412.0,3368.0,3373.0,13646.0
2012-03-19 21:00:00,MYX:FCPO1!,3352.0,3378.0,3346.0,3366.0,15623.0
2012-03-20 21:00:00,MYX:FCPO1!,3362.0,3376.0,3343.0,3368.0,13156.0
2012-03-21 21:00:00,MYX:FCPO1!,3380.0,3383.0,3334.0,3342.0,15677.0
2012-03-22 21:00:00,MYX:FCPO1!,3361.0,3436.0,3359.0,3426.0,18915.0
2012-03-26 10:00:00,MYX:FCPO1!,3440.0,3479.0,3430.0,3459.0,13444.0
2012-03-26 21:00:00,MYX:FCPO1!,3451.0,3497.0,3450.0,3481.0,11825.0
2012-03-27 21:00:00,MYX:FCPO1!,3466.0,3494.0,3463.0,3473.0,11503.0
2012-03-28 21:00:00,MYX:FCPO1!,3460.0,3477.0,3445.0,3456.0,11141.0
2012-03-29 21:00:00,MYX:FCPO1!,3437.0,3445.0,3426.0,3433.0,10581.0
2012-04-02 10:00:00,MYX:FCPO1!,3508.0,3541.0,3501.0,3533.0,12589.0
2012-04-02 21:00:00,MYX:FCPO1!,3566.0,3566.0,3532.0,3533.0,11997.0
2012-04-03 21:00:00,MYX:FCPO1!,3542.0,3574.0,3538.0,3557.0,12126.0
2012-04-04 21:00:00,MYX:FCPO1!,3548.0,3567.0,3532.0,3558.0,12127.0
2012-04-05 21:00:00,MYX:FCPO1!,3574.0,3607.0,3562.0,3604.0,10239.0
2012-04-09 10:00:00,MYX:FCPO1!,3610.0,3623.0,3575.0,3575.0,12822.0
2012-04-09 21:00:00,MYX:FCPO1!,3575.0,3628.0,3562.0,3613.0,13269.0
2012-04-11 21:00:00,MYX:FCPO1!,3589.0,3598.0,3556.0,3559.0,13964.0
2012-04-12 21:00:00,MYX:FCPO1!,3579.0,3583.0,3505.0,3510.0,17305.0
2012-04-16 10:00:00,MYX:FCPO1!,3458.0,3498.0,3458.0,3487.0,14398.0
2012-04-16 21:00:00,MYX:FCPO1!,3479.0,3503.0,3468.0,3503.0,17163.0
2012-04-17 21:00:00,MYX:FCPO1!,3485.0,3501.0,3474.0,3479.0,16778.0
2012-04-18 21:00:00,MYX:FCPO1!,3473.0,3487.0,3439.0,3477.0,20985.0
2012-04-19 21:00:00,MYX:FCPO1!,3458.0,3509.0,3444.0,3500.0,14961.0
2012-04-23 10:00:00,MYX:FCPO1!,3520.0,3522.0,3472.0,3475.0,14797.0
2012-04-23 21:00:00,MYX:FCPO1!,3480.0,3484.0,3448.0,3463.0,11817.0
2012-04-24 21:00:00,MYX:FCPO1!,3470.0,3512.0,3453.0,3511.0,14161.0
2012-04-25 21:00:00,MYX:FCPO1!,3485.0,3514.0,3474.0,3500.0,17887.0
2012-04-26 21:00:00,MYX:FCPO1!,3490.0,3513.0,3483.0,3505.0,13645.0
2012-04-30 10:00:00,MYX:FCPO1!,3495.0,3505.0,3464.0,3471.0,12306.0
2012-05-01 21:00:00,MYX:FCPO1!,3470.0,3470.0,3441.0,3452.0,15965.0
2012-05-02 21:00:00,MYX:FCPO1!,3433.0,3438.0,3370.0,3377.0,18038.0
2012-05-03 21:00:00,MYX:FCPO1!,3390.0,3395.0,3335.0,3358.0,19458.0
2012-05-07 10:00:00,MYX:FCPO1!,3318.0,3365.0,3311.0,3360.0,14940.0
2012-05-07 21:00:00,MYX:FCPO1!,3371.0,3388.0,3351.0,3351.0,19633.0
2012-05-08 21:00:00,MYX:FCPO1!,3339.0,3371.0,3333.0,3335.0,13716.0
2012-05-09 21:00:00,MYX:FCPO1!,3349.0,3384.0,3330.0,3349.0,16349.0
2012-05-10 21:00:00,MYX:FCPO1!,3315.0,3330.0,3265.0,3275.0,18831.0
2012-05-14 10:00:00,MYX:FCPO1!,3242.0,3242.0,3145.0,3150.0,24693.0
2012-05-14 21:00:00,MYX:FCPO1!,3155.0,3230.0,3155.0,3225.0,19737.0
2012-05-15 21:00:00,MYX:FCPO1!,3187.0,3226.0,3052.0,3085.0,35160.0
2012-05-16 21:00:00,MYX:FCPO1!,3121.0,3146.0,3095.0,3095.0,18537.0
2012-05-17 21:00:00,MYX:FCPO1!,3072.0,3110.0,3034.0,3096.0,23971.0
2012-05-21 10:00:00,MYX:FCPO1!,3104.0,3133.0,3087.0,3098.0,21342.0
2012-05-21 21:00:00,MYX:FCPO1!,3117.0,3127.0,3090.0,3110.0,17206.0
2012-05-22 21:00:00,MYX:FCPO1!,3069.0,3076.0,2993.0,3019.0,29997.0
2012-05-23 21:00:00,MYX:FCPO1!,3020.0,3075.0,3000.0,3069.0,24186.0
2012-05-24 21:00:00,MYX:FCPO1!,3062.0,3149.0,3040.0,3130.0,21931.0
2012-05-28 10:00:00,MYX:FCPO1!,3141.0,3158.0,3129.0,3144.0,14730.0
2012-05-28 21:00:00,MYX:FCPO1!,3138.0,3193.0,3135.0,3178.0,15689.0
2012-05-29 21:00:00,MYX:FCPO1!,3159.0,3160.0,3106.0,3111.0,17601.0
2012-05-30 21:00:00,MYX:FCPO1!,3099.0,3119.0,3083.0,3101.0,15104.0
2012-05-31 21:00:00,MYX:FCPO1!,3071.0,3076.0,3002.0,3006.0,18957.0
2012-06-04 10:00:00,MYX:FCPO1!,2966.0,2970.0,2925.0,2953.0,25805.0
2012-06-04 21:00:00,MYX:FCPO1!,2982.0,3008.0,2956.0,2966.0,19935.0
2012-06-05 21:00:00,MYX:FCPO1!,3014.0,3026.0,2993.0,3003.0,14634.0
2012-06-06 21:00:00,MYX:FCPO1!,3038.0,3039.0,2944.0,2974.0,22967.0
2012-06-07 21:00:00,MYX:FCPO1!,2955.0,2988.0,2922.0,2973.0,19887.0
2012-06-11 10:00:00,MYX:FCPO1!,3015.0,3028.0,2983.0,2989.0,19055.0
2012-06-11 21:00:00,MYX:FCPO1!,2963.0,2985.0,2951.0,2965.0,15061.0
2012-06-12 21:00:00,MYX:FCPO1!,2954.0,2974.0,2943.0,2948.0,12074.0
2012-06-13 21:00:00,MYX:FCPO1!,2913.0,2915.0,2838.0,2846.0,20079.0
2012-06-14 21:00:00,MYX:FCPO1!,2881.0,2885.0,2839.0,2848.0,12194.0
2012-06-18 10:00:00,MYX:FCPO1!,2876.0,2901.0,2869.0,2899.0,18560.0
2012-06-18 21:00:00,MYX:FCPO1!,2925.0,2959.0,2913.0,2948.0,22346.0
2012-06-19 21:00:00,MYX:FCPO1!,2993.0,3058.0,2992.0,3041.0,30644.0
2012-06-20 21:00:00,MYX:FCPO1!,3008.0,3062.0,2986.0,3000.0,23751.0
2012-06-21 21:00:00,MYX:FCPO1!,2964.0,2970.0,2932.0,2953.0,16963.0
2012-06-25 10:00:00,MYX:FCPO1!,3038.0,3059.0,3022.0,3030.0,15075.0
2012-06-25 21:00:00,MYX:FCPO1!,3019.0,3036.0,3010.0,3032.0,11904.0
2012-06-26 21:00:00,MYX:FCPO1!,3016.0,3043.0,3004.0,3016.0,10138.0
2012-06-27 21:00:00,MYX:FCPO1!,2996.0,3026.0,2978.0,2998.0,14219.0
2012-06-28 21:00:00,MYX:FCPO1!,3010.0,3030.0,2991.0,3020.0,16425.0
2012-07-02 10:00:00,MYX:FCPO1!,3063.0,3090.0,3046.0,3088.0,18384.0
2012-07-02 21:00:00,MYX:FCPO1!,3090.0,3130.0,3084.0,3124.0,20967.0
2012-07-03 21:00:00,MYX:FCPO1!,3139.0,3147.0,3110.0,3122.0,17296.0
2012-07-04 21:00:00,MYX:FCPO1!,3118.0,3177.0,3095.0,3164.0,23573.0
2012-07-05 21:00:00,MYX:FCPO1!,3165.0,3183.0,3125.0,3130.0,16011.0
2012-07-09 10:00:00,MYX:FCPO1!,3150.0,3172.0,3145.0,3153.0,13830.0
2012-07-09 21:00:00,MYX:FCPO1!,3150.0,3156.0,3103.0,3130.0,16194.0
2012-07-10 21:00:00,MYX:FCPO1!,3141.0,3161.0,3080.0,3082.0,18974.0
2012-07-11 21:00:00,MYX:FCPO1!,3040.0,3041.0,2995.0,3012.0,29854.0
2012-07-12 21:00:00,MYX:FCPO1!,3017.0,3067.0,3015.0,3065.0,19692.0
2012-07-16 10:00:00,MYX:FCPO1!,3114.0,3161.0,3109.0,3122.0,17710.0
2012-07-16 21:00:00,MYX:FCPO1!,3117.0,3130.0,3061.0,3062.0,15115.0
2012-07-17 21:00:00,MYX:FCPO1!,3054.0,3067.0,2990.0,2993.0,24933.0
2012-07-18 21:00:00,MYX:FCPO1!,3018.0,3056.0,2986.0,3045.0,19407.0
2012-07-19 21:00:00,MYX:FCPO1!,3043.0,3065.0,3034.0,3042.0,15569.0
2012-07-23 10:00:00,MYX:FCPO1!,3000.0,3008.0,2969.0,2990.0,17100.0
2012-07-23 21:00:00,MYX:FCPO1!,2930.0,2953.0,2904.0,2926.0,24110.0
2012-07-24 21:00:00,MYX:FCPO1!,2907.0,2955.0,2898.0,2951.0,25376.0
2012-07-25 21:00:00,MYX:FCPO1!,2927.0,2947.0,2880.0,2882.0,16128.0
2012-07-26 21:00:00,MYX:FCPO1!,2905.0,2930.0,2891.0,2927.0,18672.0
2012-07-30 10:00:00,MYX:FCPO1!,2963.0,3007.0,2958.0,3005.0,16473.0
2012-07-30 21:00:00,MYX:FCPO1!,2996.0,2997.0,2948.0,2980.0,17976.0
2012-07-31 21:00:00,MYX:FCPO1!,2980.0,3000.0,2924.0,2945.0,16613.0
2012-08-01 21:00:00,MYX:FCPO1!,2921.0,2948.0,2905.0,2946.0,15583.0
2012-08-02 21:00:00,MYX:FCPO1!,2935.0,2950.0,2913.0,2918.0,11349.0
2012-08-06 10:00:00,MYX:FCPO1!,2930.0,2938.0,2909.0,2918.0,12218.0
2012-08-06 21:00:00,MYX:FCPO1!,2937.0,2937.0,2897.0,2907.0,14002.0
2012-08-07 21:00:00,MYX:FCPO1!,2899.0,2911.0,2854.0,2863.0,15773.0
2012-08-08 21:00:00,MYX:FCPO1!,2887.0,2894.0,2860.0,2865.0,14220.0
2012-08-09 21:00:00,MYX:FCPO1!,2861.0,2885.0,2839.0,2882.0,15963.0
2012-08-13 10:00:00,MYX:FCPO1!,2900.0,2903.0,2825.0,2871.0,18536.0
2012-08-13 21:00:00,MYX:FCPO1!,2855.0,2860.0,2820.0,2858.0,15347.0
2012-08-14 21:00:00,MYX:FCPO1!,2848.0,2863.0,2826.0,2862.0,14568.0
2012-08-15 21:00:00,MYX:FCPO1!,2890.0,2948.0,2882.0,2942.0,15731.0
2012-08-16 21:00:00,MYX:FCPO1!,2946.0,2973.0,2938.0,2962.0,18803.0
2012-08-21 21:00:00,MYX:FCPO1!,3011.0,3078.0,3010.0,3078.0,25159.0
2012-08-22 21:00:00,MYX:FCPO1!,3095.0,3100.0,3052.0,3061.0,20426.0
2012-08-23 21:00:00,MYX:FCPO1!,3090.0,3097.0,3066.0,3069.0,17449.0
2012-08-27 10:00:00,MYX:FCPO1!,3106.0,3122.0,3087.0,3091.0,16953.0
2012-08-27 21:00:00,MYX:FCPO1!,3073.0,3078.0,3024.0,3029.0,15782.0
2012-08-28 21:00:00,MYX:FCPO1!,3036.0,3039.0,2978.0,3000.0,24078.0
2012-08-29 21:00:00,MYX:FCPO1!,3015.0,3033.0,3000.0,3019.0,21501.0
2012-09-03 10:00:00,MYX:FCPO1!,3046.0,3076.0,3039.0,3073.0,16658.0
2012-09-03 21:00:00,MYX:FCPO1!,3100.0,3100.0,3032.0,3058.0,22806.0
2012-09-04 21:00:00,MYX:FCPO1!,3066.0,3077.0,2989.0,2990.0,16927.0
2012-09-05 21:00:00,MYX:FCPO1!,2965.0,2969.0,2913.0,2948.0,23956.0
2012-09-06 21:00:00,MYX:FCPO1!,2938.0,2947.0,2895.0,2927.0,21333.0
2012-09-10 10:00:00,MYX:FCPO1!,2901.0,2947.0,2897.0,2937.0,17311.0
2012-09-10 21:00:00,MYX:FCPO1!,2910.0,2924.0,2874.0,2919.0,23789.0
2012-09-11 21:00:00,MYX:FCPO1!,2909.0,2935.0,2887.0,2930.0,23968.0
2012-09-12 21:00:00,MYX:FCPO1!,2945.0,2948.0,2894.0,2912.0,16201.0
2012-09-13 21:00:00,MYX:FCPO1!,2937.0,2945.0,2905.0,2936.0,14938.0
2012-09-17 21:00:00,MYX:FCPO1!,2889.0,2894.0,2827.0,2861.0,28982.0
2012-09-18 21:00:00,MYX:FCPO1!,2870.0,2889.0,2850.0,2859.0,23634.0
2012-09-19 21:00:00,MYX:FCPO1!,2858.0,2871.0,2804.0,2820.0,25650.0
2012-09-20 21:00:00,MYX:FCPO1!,2801.0,2815.0,2755.0,2763.0,26427.0
2012-09-24 10:00:00,MYX:FCPO1!,2695.0,2695.0,2577.0,2646.0,27094.0
2012-09-24 21:00:00,MYX:FCPO1!,2632.0,2676.0,2607.0,2669.0,21399.0
2012-09-25 21:00:00,MYX:FCPO1!,2636.0,2642.0,2603.0,2616.0,16758.0
2012-09-26 21:00:00,MYX:FCPO1!,2598.0,2634.0,2569.0,2607.0,20418.0
2012-09-27 21:00:00,MYX:FCPO1!,2632.0,2634.0,2534.0,2546.0,19221.0
2012-10-01 10:00:00,MYX:FCPO1!,2552.0,2560.0,2449.0,2464.0,25192.0
2012-10-01 21:00:00,MYX:FCPO1!,2430.0,2430.0,2250.0,2255.0,28743.0
2012-10-02 21:00:00,MYX:FCPO1!,2300.0,2387.0,2230.0,2351.0,26397.0
2012-10-03 21:00:00,MYX:FCPO1!,2348.0,2404.0,2321.0,2352.0,19851.0
2012-10-04 21:00:00,MYX:FCPO1!,2385.0,2448.0,2376.0,2415.0,24612.0
2012-10-08 10:00:00,MYX:FCPO1!,2403.0,2446.0,2361.0,2368.0,18807.0
2012-10-08 21:00:00,MYX:FCPO1!,2395.0,2455.0,2392.0,2438.0,18462.0
2012-10-09 21:00:00,MYX:FCPO1!,2425.0,2483.0,2417.0,2457.0,25435.0
2012-10-10 21:00:00,MYX:FCPO1!,2450.0,2525.0,2442.0,2523.0,22481.0
2012-10-11 21:00:00,MYX:FCPO1!,2529.0,2529.0,2379.0,2500.0,23562.0
2012-10-15 10:00:00,MYX:FCPO1!,2450.0,2475.0,2417.0,2433.0,19314.0
2012-10-15 21:00:00,MYX:FCPO1!,2518.0,2521.0,2443.0,2466.0,18735.0
2012-10-16 21:00:00,MYX:FCPO1!,2479.0,2489.0,2456.0,2471.0,20423.0
2012-10-17 21:00:00,MYX:FCPO1!,2508.0,2508.0,2475.0,2496.0,16323.0
2012-10-18 21:00:00,MYX:FCPO1!,2510.0,2524.0,2492.0,2501.0,16347.0
2012-10-22 10:00:00,MYX:FCPO1!,2499.0,2580.0,2497.0,2577.0,22840.0
2012-10-22 21:00:00,MYX:FCPO1!,2556.0,2560.0,2520.0,2540.0,19601.0
2012-10-23 21:00:00,MYX:FCPO1!,2566.0,2578.0,2551.0,2578.0,13027.0
2012-10-24 21:00:00,MYX:FCPO1!,2578.0,2615.0,2543.0,2603.0,21721.0
2012-10-29 10:00:00,MYX:FCPO1!,2537.0,2553.0,2525.0,2548.0,20307.0
2012-10-29 21:00:00,MYX:FCPO1!,2512.0,2519.0,2491.0,2501.0,21199.0
2012-10-30 21:00:00,MYX:FCPO1!,2502.0,2529.0,2492.0,2496.0,15877.0
2012-10-31 21:00:00,MYX:FCPO1!,2510.0,2541.0,2508.0,2537.0,17740.0
2012-11-01 21:00:00,MYX:FCPO1!,2531.0,2533.0,2490.0,2496.0,14281.0
2012-11-05 10:00:00,MYX:FCPO1!,2447.0,2447.0,2381.0,2411.0,24037.0
2012-11-05 21:00:00,MYX:FCPO1!,2419.0,2421.0,2370.0,2372.0,17860.0
2012-11-06 21:00:00,MYX:FCPO1!,2371.0,2420.0,2364.0,2397.0,21266.0
2012-11-07 21:00:00,MYX:FCPO1!,2398.0,2399.0,2328.0,2336.0,17791.0
2012-11-08 21:00:00,MYX:FCPO1!,2343.0,2364.0,2308.0,2316.0,16350.0
2012-11-12 10:00:00,MYX:FCPO1!,2228.0,2330.0,2220.0,2324.0,20822.0
2012-11-13 21:00:00,MYX:FCPO1!,2330.0,2436.0,2326.0,2434.0,17375.0
2012-11-15 21:00:00,MYX:FCPO1!,2385.0,2404.0,2384.0,2396.0,6610.0
2012-11-19 10:00:00,MYX:FCPO1!,2472.0,2479.0,2451.0,2459.0,17630.0
2012-11-19 21:00:00,MYX:FCPO1!,2472.0,2485.0,2434.0,2457.0,16000.0
2012-11-20 21:00:00,MYX:FCPO1!,2459.0,2460.0,2427.0,2443.0,14038.0
2012-11-21 21:00:00,MYX:FCPO1!,2438.0,2449.0,2399.0,2411.0,16451.0
2012-11-22 21:00:00,MYX:FCPO1!,2390.0,2411.0,2380.0,2395.0,19260.0
2012-11-26 10:00:00,MYX:FCPO1!,2411.0,2438.0,2398.0,2432.0,17648.0
2012-11-26 21:00:00,MYX:FCPO1!,2442.0,2458.0,2401.0,2410.0,15919.0
2012-11-27 21:00:00,MYX:FCPO1!,2415.0,2417.0,2383.0,2394.0,14337.0
2012-11-28 21:00:00,MYX:FCPO1!,2383.0,2406.0,2367.0,2386.0,13587.0
2012-11-29 21:00:00,MYX:FCPO1!,2371.0,2391.0,2359.0,2370.0,10556.0
2012-12-03 10:00:00,MYX:FCPO1!,2401.0,2405.0,2314.0,2316.0,17627.0
2012-12-03 21:00:00,MYX:FCPO1!,2317.0,2319.0,2279.0,2294.0,17376.0
2012-12-04 21:00:00,MYX:FCPO1!,2298.0,2312.0,2275.0,2284.0,13458.0
2012-12-05 21:00:00,MYX:FCPO1!,2313.0,2313.0,2280.0,2295.0,19416.0
2012-12-06 21:00:00,MYX:FCPO1!,2300.0,2342.0,2283.0,2297.0,17730.0
2012-12-10 10:00:00,MYX:FCPO1!,2300.0,2317.0,2288.0,2313.0,15582.0
2012-12-10 21:00:00,MYX:FCPO1!,2315.0,2324.0,2283.0,2291.0,12647.0
2012-12-11 21:00:00,MYX:FCPO1!,2263.0,2266.0,2229.0,2241.0,14271.0
2012-12-12 21:00:00,MYX:FCPO1!,2236.0,2246.0,2217.0,2230.0,12125.0
2012-12-13 21:00:00,MYX:FCPO1!,2232.0,2285.0,2232.0,2275.0,14355.0
2012-12-17 10:00:00,MYX:FCPO1!,2376.0,2376.0,2332.0,2350.0,12627.0
2012-12-17 21:00:00,MYX:FCPO1!,2340.0,2355.0,2332.0,2342.0,10892.0
2012-12-18 21:00:00,MYX:FCPO1!,2327.0,2338.0,2313.0,2331.0,10466.0
2012-12-19 21:00:00,MYX:FCPO1!,2305.0,2325.0,2296.0,2321.0,14670.0
2012-12-20 21:00:00,MYX:FCPO1!,2326.0,2410.0,2326.0,2408.0,16266.0
2012-12-24 10:00:00,MYX:FCPO1!,2435.0,2437.0,2411.0,2428.0,8325.0
2012-12-25 21:00:00,MYX:FCPO1!,2429.0,2440.0,2420.0,2430.0,6924.0
2012-12-26 21:00:00,MYX:FCPO1!,2425.0,2484.0,2424.0,2481.0,16605.0
2012-12-27 21:00:00,MYX:FCPO1!,2470.0,2515.0,2467.0,2497.0,14703.0
2012-12-31 10:00:00,MYX:FCPO1!,2512.0,2517.0,2433.0,2438.0,14263.0
2013-01-01 21:00:00,MYX:FCPO1!,2458.0,2524.0,2449.0,2501.0,18461.0
2013-01-02 21:00:00,MYX:FCPO1!,2505.0,2513.0,2467.0,2474.0,20208.0
2013-01-03 21:00:00,MYX:FCPO1!,2478.0,2495.0,2462.0,2467.0,15222.0
2013-01-07 10:00:00,MYX:FCPO1!,2466.0,2476.0,2416.0,2418.0,24985.0
2013-01-07 21:00:00,MYX:FCPO1!,2419.0,2423.0,2382.0,2390.0,18567.0
2013-01-08 21:00:00,MYX:FCPO1!,2399.0,2415.0,2382.0,2412.0,17809.0
2013-01-09 21:00:00,MYX:FCPO1!,2421.0,2433.0,2356.0,2387.0,23888.0
2013-01-10 21:00:00,MYX:FCPO1!,2376.0,2377.0,2332.0,2368.0,20542.0
2013-01-14 10:00:00,MYX:FCPO1!,2381.0,2402.0,2356.0,2371.0,13828.0
2013-01-14 21:00:00,MYX:FCPO1!,2392.0,2413.0,2382.0,2398.0,15129.0
2013-01-15 21:00:00,MYX:FCPO1!,2428.0,2444.0,2423.0,2430.0,15882.0
2013-01-16 21:00:00,MYX:FCPO1!,2437.0,2442.0,2377.0,2379.0,22082.0
2013-01-17 21:00:00,MYX:FCPO1!,2377.0,2418.0,2377.0,2400.0,21102.0
2013-01-21 10:00:00,MYX:FCPO1!,2416.0,2428.0,2404.0,2420.0,15935.0
2013-01-21 21:00:00,MYX:FCPO1!,2435.0,2474.0,2430.0,2465.0,16312.0
2013-01-22 21:00:00,MYX:FCPO1!,2463.0,2488.0,2450.0,2481.0,20631.0
2013-01-24 21:00:00,MYX:FCPO1!,2462.0,2467.0,2442.0,2445.0,16719.0
2013-01-28 21:00:00,MYX:FCPO1!,2448.0,2484.0,2446.0,2475.0,16750.0
2013-01-29 21:00:00,MYX:FCPO1!,2478.0,2512.0,2474.0,2510.0,14501.0
2013-01-30 21:00:00,MYX:FCPO1!,2532.0,2593.0,2527.0,2557.0,20952.0
2013-02-04 10:00:00,MYX:FCPO1!,2586.0,2592.0,2552.0,2566.0,17397.0
2013-02-04 21:00:00,MYX:FCPO1!,2542.0,2556.0,2534.0,2548.0,13645.0
2013-02-05 21:00:00,MYX:FCPO1!,2548.0,2553.0,2529.0,2547.0,11956.0
2013-02-06 21:00:00,MYX:FCPO1!,2530.0,2567.0,2530.0,2551.0,16892.0
2013-02-07 21:00:00,MYX:FCPO1!,2558.0,2562.0,2532.0,2560.0,9452.0
2013-02-12 21:00:00,MYX:FCPO1!,2551.0,2558.0,2504.0,2505.0,10163.0
2013-02-13 21:00:00,MYX:FCPO1!,2522.0,2532.0,2490.0,2495.0,9594.0
2013-02-14 21:00:00,MYX:FCPO1!,2505.0,2521.0,2476.0,2483.0,12547.0
2013-02-18 10:00:00,MYX:FCPO1!,2502.0,2551.0,2502.0,2536.0,21778.0
2013-02-18 21:00:00,MYX:FCPO1!,2551.0,2575.0,2550.0,2566.0,16639.0
2013-02-19 21:00:00,MYX:FCPO1!,2575.0,2584.0,2546.0,2565.0,17489.0
2013-02-20 21:00:00,MYX:FCPO1!,2516.0,2543.0,2513.0,2536.0,11033.0
2013-02-21 21:00:00,MYX:FCPO1!,2532.0,2555.0,2527.0,2534.0,12797.0
2013-02-25 10:00:00,MYX:FCPO1!,2480.0,2482.0,2461.0,2470.0,18869.0
2013-02-25 21:00:00,MYX:FCPO1!,2460.0,2474.0,2411.0,2419.0,19638.0
2013-02-26 21:00:00,MYX:FCPO1!,2408.0,2443.0,2395.0,2419.0,19397.0
2013-02-27 21:00:00,MYX:FCPO1!,2418.0,2422.0,2368.0,2397.0,20677.0
2013-02-28 21:00:00,MYX:FCPO1!,2388.0,2405.0,2367.0,2368.0,17564.0
2013-03-04 10:00:00,MYX:FCPO1!,2377.0,2415.0,2375.0,2413.0,17394.0
2013-03-04 21:00:00,MYX:FCPO1!,2426.0,2428.0,2389.0,2400.0,12118.0
2013-03-05 21:00:00,MYX:FCPO1!,2404.0,2413.0,2389.0,2399.0,10949.0
2013-03-06 21:00:00,MYX:FCPO1!,2396.0,2442.0,2384.0,2433.0,16002.0
2013-03-07 21:00:00,MYX:FCPO1!,2439.0,2451.0,2426.0,2448.0,15134.0
2013-03-11 10:00:00,MYX:FCPO1!,2459.0,2467.0,2433.0,2450.0,17223.0
2013-03-11 21:00:00,MYX:FCPO1!,2440.0,2442.0,2406.0,2411.0,18575.0
2013-03-12 21:00:00,MYX:FCPO1!,2385.0,2402.0,2365.0,2397.0,14265.0
2013-03-13 21:00:00,MYX:FCPO1!,2397.0,2406.0,2360.0,2364.0,15067.0
2013-03-14 21:00:00,MYX:FCPO1!,2375.0,2432.0,2371.0,2414.0,19077.0
2013-03-18 10:00:00,MYX:FCPO1!,2405.0,2415.0,2383.0,2385.0,12142.0
2013-03-18 21:00:00,MYX:FCPO1!,2405.0,2426.0,2397.0,2415.0,15105.0
2013-03-19 21:00:00,MYX:FCPO1!,2417.0,2448.0,2414.0,2442.0,18873.0
2013-03-20 21:00:00,MYX:FCPO1!,2462.0,2477.0,2451.0,2456.0,17303.0
2013-03-21 21:00:00,MYX:FCPO1!,2466.0,2503.0,2457.0,2493.0,23188.0
2013-03-25 10:00:00,MYX:FCPO1!,2496.0,2505.0,2459.0,2462.0,19049.0
2013-03-25 21:00:00,MYX:FCPO1!,2450.0,2452.0,2426.0,2437.0,13481.0
2013-03-26 21:00:00,MYX:FCPO1!,2445.0,2467.0,2430.0,2448.0,17296.0
2013-03-27 21:00:00,MYX:FCPO1!,2422.0,2431.0,2411.0,2412.0,21048.0
2013-03-28 21:00:00,MYX:FCPO1!,2393.0,2402.0,2376.0,2378.0,10205.0
2013-04-01 10:00:00,MYX:FCPO1!,2369.0,2380.0,2335.0,2337.0,17639.0
2013-04-01 21:00:00,MYX:FCPO1!,2353.0,2392.0,2350.0,2382.0,19075.0
2013-04-02 21:00:00,MYX:FCPO1!,2350.0,2397.0,2350.0,2396.0,13863.0
2013-04-03 21:00:00,MYX:FCPO1!,2380.0,2394.0,2360.0,2392.0,12582.0
2013-04-04 21:00:00,MYX:FCPO1!,2364.0,2373.0,2346.0,2359.0,14435.0
2013-04-08 10:00:00,MYX:FCPO1!,2387.0,2402.0,2375.0,2400.0,16758.0
2013-04-08 21:00:00,MYX:FCPO1!,2418.0,2419.0,2384.0,2395.0,15417.0
2013-04-09 21:00:00,MYX:FCPO1!,2402.0,2416.0,2370.0,2371.0,18381.0
2013-04-10 21:00:00,MYX:FCPO1!,2362.0,2379.0,2340.0,2353.0,15379.0
2013-04-11 21:00:00,MYX:FCPO1!,2367.0,2367.0,2336.0,2345.0,14766.0
2013-04-15 10:00:00,MYX:FCPO1!,2322.0,2325.0,2281.0,2293.0,15856.0
2013-04-15 21:00:00,MYX:FCPO1!,2288.0,2313.0,2285.0,2301.0,21367.0
2013-04-16 21:00:00,MYX:FCPO1!,2307.0,2310.0,2269.0,2275.0,21664.0
2013-04-17 21:00:00,MYX:FCPO1!,2279.0,2315.0,2265.0,2307.0,18468.0
2013-04-18 21:00:00,MYX:FCPO1!,2306.0,2321.0,2283.0,2296.0,15096.0
2013-04-22 10:00:00,MYX:FCPO1!,2266.0,2282.0,2250.0,2255.0,12344.0
2013-04-22 21:00:00,MYX:FCPO1!,2257.0,2288.0,2255.0,2273.0,18090.0
2013-04-23 21:00:00,MYX:FCPO1!,2271.0,2304.0,2260.0,2289.0,13541.0
2013-04-24 21:00:00,MYX:FCPO1!,2310.0,2326.0,2302.0,2309.0,12695.0
2013-04-25 21:00:00,MYX:FCPO1!,2310.0,2334.0,2305.0,2316.0,13562.0
2013-04-29 10:00:00,MYX:FCPO1!,2326.0,2327.0,2260.0,2273.0,17033.0
2013-04-29 21:00:00,MYX:FCPO1!,2288.0,2302.0,2270.0,2286.0,12831.0
2013-05-01 21:00:00,MYX:FCPO1!,2261.0,2275.0,2258.0,2261.0,13639.0
2013-05-02 21:00:00,MYX:FCPO1!,2271.0,2282.0,2243.0,2252.0,15326.0
2013-05-06 10:00:00,MYX:FCPO1!,2263.0,2266.0,2230.0,2250.0,10793.0
2013-05-06 21:00:00,MYX:FCPO1!,2249.0,2272.0,2235.0,2260.0,10570.0
2013-05-07 21:00:00,MYX:FCPO1!,2271.0,2294.0,2266.0,2289.0,11557.0
2013-05-08 21:00:00,MYX:FCPO1!,2283.0,2292.0,2271.0,2287.0,10706.0
2013-05-09 21:00:00,MYX:FCPO1!,2297.0,2334.0,2296.0,2319.0,14584.0
2013-05-13 10:00:00,MYX:FCPO1!,2330.0,2341.0,2301.0,2310.0,11020.0
2013-05-13 21:00:00,MYX:FCPO1!,2327.0,2327.0,2291.0,2302.0,12397.0
2013-05-14 21:00:00,MYX:FCPO1!,2286.0,2299.0,2277.0,2297.0,20490.0
2013-05-15 21:00:00,MYX:FCPO1!,2297.0,2324.0,2292.0,2314.0,18218.0
2013-05-16 21:00:00,MYX:FCPO1!,2330.0,2342.0,2327.0,2336.0,16739.0
2013-05-20 10:00:00,MYX:FCPO1!,2334.0,2352.0,2332.0,2335.0,13603.0
2013-05-20 21:00:00,MYX:FCPO1!,2329.0,2348.0,2321.0,2335.0,18365.0
2013-05-21 21:00:00,MYX:FCPO1!,2352.0,2363.0,2346.0,2359.0,18886.0
2013-05-22 21:00:00,MYX:FCPO1!,2360.0,2375.0,2342.0,2371.0,17858.0
2013-05-27 10:00:00,MYX:FCPO1!,2370.0,2389.0,2366.0,2381.0,10157.0
2013-05-27 21:00:00,MYX:FCPO1!,2387.0,2401.0,2372.0,2388.0,11302.0
2013-05-28 21:00:00,MYX:FCPO1!,2396.0,2420.0,2396.0,2399.0,19442.0
2013-05-29 21:00:00,MYX:FCPO1!,2380.0,2396.0,2371.0,2372.0,14034.0
2013-05-30 21:00:00,MYX:FCPO1!,2381.0,2399.0,2373.0,2397.0,13540.0
2013-06-03 10:00:00,MYX:FCPO1!,2403.0,2411.0,2388.0,2396.0,11226.0
2013-06-03 21:00:00,MYX:FCPO1!,2383.0,2388.0,2370.0,2375.0,14056.0
2013-06-04 21:00:00,MYX:FCPO1!,2373.0,2406.0,2364.0,2403.0,12061.0
2013-06-05 21:00:00,MYX:FCPO1!,2405.0,2436.0,2389.0,2435.0,15053.0
2013-06-06 21:00:00,MYX:FCPO1!,2445.0,2471.0,2436.0,2457.0,21786.0
2013-06-10 10:00:00,MYX:FCPO1!,2456.0,2470.0,2441.0,2453.0,10919.0
2013-06-10 21:00:00,MYX:FCPO1!,2457.0,2464.0,2439.0,2456.0,12560.0
2013-06-11 21:00:00,MYX:FCPO1!,2455.0,2465.0,2445.0,2451.0,9555.0
2013-06-12 21:00:00,MYX:FCPO1!,2443.0,2460.0,2411.0,2424.0,13181.0
2013-06-13 21:00:00,MYX:FCPO1!,2413.0,2444.0,2402.0,2439.0,16654.0
2013-06-17 10:00:00,MYX:FCPO1!,2454.0,2467.0,2439.0,2462.0,9718.0
2013-06-17 21:00:00,MYX:FCPO1!,2466.0,2480.0,2454.0,2468.0,13991.0
2013-06-18 21:00:00,MYX:FCPO1!,2457.0,2482.0,2449.0,2472.0,13866.0
2013-06-19 21:00:00,MYX:FCPO1!,2485.0,2491.0,2460.0,2462.0,19032.0
2013-06-20 21:00:00,MYX:FCPO1!,2438.0,2444.0,2421.0,2439.0,17208.0
2013-06-24 10:00:00,MYX:FCPO1!,2427.0,2429.0,2394.0,2404.0,14439.0
2013-06-24 21:00:00,MYX:FCPO1!,2408.0,2421.0,2396.0,2412.0,18890.0
2013-06-25 21:00:00,MYX:FCPO1!,2400.0,2400.0,2377.0,2379.0,11224.0
2013-06-26 21:00:00,MYX:FCPO1!,2372.0,2374.0,2347.0,2355.0,15854.0
2013-06-27 21:00:00,MYX:FCPO1!,2358.0,2376.0,2341.0,2344.0,19649.0
2013-07-01 10:00:00,MYX:FCPO1!,2354.0,2372.0,2341.0,2343.0,13162.0
2013-07-01 21:00:00,MYX:FCPO1!,2355.0,2362.0,2324.0,2339.0,18865.0
2013-07-02 21:00:00,MYX:FCPO1!,2346.0,2372.0,2342.0,2365.0,16338.0
2013-07-03 21:00:00,MYX:FCPO1!,2372.0,2384.0,2366.0,2371.0,12917.0
2013-07-04 21:00:00,MYX:FCPO1!,2364.0,2387.0,2345.0,2385.0,19658.0
2013-07-08 10:00:00,MYX:FCPO1!,2390.0,2395.0,2365.0,2376.0,16442.0
2013-07-08 21:00:00,MYX:FCPO1!,2383.0,2400.0,2375.0,2397.0,17509.0
2013-07-09 21:00:00,MYX:FCPO1!,2386.0,2394.0,2370.0,2377.0,17580.0
2013-07-10 21:00:00,MYX:FCPO1!,2382.0,2388.0,2363.0,2372.0,14073.0
2013-07-11 21:00:00,MYX:FCPO1!,2356.0,2358.0,2295.0,2301.0,23549.0
2013-07-15 10:00:00,MYX:FCPO1!,2277.0,2287.0,2234.0,2273.0,21200.0
2013-07-15 21:00:00,MYX:FCPO1!,2253.0,2266.0,2222.0,2228.0,14517.0
2013-07-16 21:00:00,MYX:FCPO1!,2236.0,2274.0,2236.0,2250.0,18787.0
2013-07-17 21:00:00,MYX:FCPO1!,2249.0,2294.0,2248.0,2291.0,24136.0
2013-07-18 21:00:00,MYX:FCPO1!,2289.0,2302.0,2252.0,2257.0,14242.0
2013-07-22 10:00:00,MYX:FCPO1!,2260.0,2281.0,2245.0,2272.0,13258.0
2013-07-22 21:00:00,MYX:FCPO1!,2270.0,2283.0,2251.0,2258.0,15082.0
2013-07-23 21:00:00,MYX:FCPO1!,2240.0,2255.0,2220.0,2222.0,17922.0
2013-07-24 21:00:00,MYX:FCPO1!,2212.0,2224.0,2151.0,2170.0,23600.0
2013-07-25 21:00:00,MYX:FCPO1!,2163.0,2189.0,2137.0,2183.0,23528.0
2013-07-29 10:00:00,MYX:FCPO1!,2175.0,2190.0,2162.0,2167.0,21931.0
2013-07-29 21:00:00,MYX:FCPO1!,2144.0,2219.0,2137.0,2215.0,30939.0
2013-07-30 21:00:00,MYX:FCPO1!,2232.0,2245.0,2217.0,2236.0,18439.0
2013-07-31 21:00:00,MYX:FCPO1!,2236.0,2262.0,2222.0,2259.0,15943.0
2013-08-01 21:00:00,MYX:FCPO1!,2260.0,2284.0,2250.0,2258.0,16214.0
2013-08-05 10:00:00,MYX:FCPO1!,2254.0,2262.0,2233.0,2240.0,11922.0
2013-08-05 21:00:00,MYX:FCPO1!,2244.0,2256.0,2231.0,2244.0,9764.0
2013-08-06 21:00:00,MYX:FCPO1!,2231.0,2232.0,2201.0,2207.0,11052.0
2013-08-12 10:00:00,MYX:FCPO1!,2209.0,2260.0,2205.0,2242.0,15143.0
2013-08-12 21:00:00,MYX:FCPO1!,2275.0,2303.0,2271.0,2297.0,16800.0
2013-08-13 21:00:00,MYX:FCPO1!,2308.0,2308.0,2275.0,2290.0,15581.0
2013-08-14 21:00:00,MYX:FCPO1!,2304.0,2320.0,2298.0,2318.0,16358.0
2013-08-15 21:00:00,MYX:FCPO1!,2320.0,2336.0,2305.0,2309.0,13015.0
2013-08-19 10:00:00,MYX:FCPO1!,2318.0,2343.0,2315.0,2333.0,15623.0
2013-08-19 21:00:00,MYX:FCPO1!,2338.0,2343.0,2287.0,2329.0,22939.0
2013-08-20 21:00:00,MYX:FCPO1!,2318.0,2340.0,2311.0,2335.0,16095.0
2013-08-21 21:00:00,MYX:FCPO1!,2330.0,2362.0,2318.0,2356.0,20817.0
2013-08-22 21:00:00,MYX:FCPO1!,2350.0,2369.0,2337.0,2367.0,17015.0
2013-08-26 10:00:00,MYX:FCPO1!,2420.0,2451.0,2420.0,2434.0,17970.0
2013-08-26 21:00:00,MYX:FCPO1!,2448.0,2468.0,2434.0,2452.0,20978.0
2013-08-27 21:00:00,MYX:FCPO1!,2455.0,2485.0,2441.0,2481.0,23208.0
2013-08-28 21:00:00,MYX:FCPO1!,2461.0,2470.0,2406.0,2440.0,22917.0
2013-08-29 21:00:00,MYX:FCPO1!,2414.0,2433.0,2396.0,2404.0,20494.0
2013-09-02 10:00:00,MYX:FCPO1!,2423.0,2440.0,2411.0,2428.0,16121.0
2013-09-02 21:00:00,MYX:FCPO1!,2430.0,2432.0,2404.0,2417.0,16149.0
2013-09-03 21:00:00,MYX:FCPO1!,2402.0,2417.0,2392.0,2398.0,9681.0
2013-09-04 21:00:00,MYX:FCPO1!,2397.0,2418.0,2385.0,2412.0,12870.0
2013-09-05 21:00:00,MYX:FCPO1!,2416.0,2461.0,2414.0,2444.0,15479.0
2013-09-09 10:00:00,MYX:FCPO1!,2447.0,2449.0,2397.0,2399.0,15269.0
2013-09-09 21:00:00,MYX:FCPO1!,2380.0,2383.0,2346.0,2351.0,17161.0
2013-09-10 21:00:00,MYX:FCPO1!,2353.0,2367.0,2330.0,2333.0,13098.0
2013-09-11 21:00:00,MYX:FCPO1!,2337.0,2355.0,2322.0,2344.0,12037.0
2013-09-12 21:00:00,MYX:FCPO1!,2346.0,2361.0,2306.0,2348.0,15900.0
2013-09-16 21:00:00,MYX:FCPO1!,2320.0,2356.0,2294.0,2355.0,21871.0
2013-09-17 21:00:00,MYX:FCPO1!,2348.0,2355.0,2320.0,2355.0,14120.0
2013-09-18 21:00:00,MYX:FCPO1!,2328.0,2330.0,2296.0,2317.0,22694.0
2013-09-19 21:00:00,MYX:FCPO1!,2316.0,2318.0,2296.0,2300.0,12957.0
2013-09-23 10:00:00,MYX:FCPO1!,2285.0,2315.0,2279.0,2309.0,14839.0
2013-09-23 21:00:00,MYX:FCPO1!,2320.0,2329.0,2291.0,2301.0,13012.0
2013-09-24 21:00:00,MYX:FCPO1!,2305.0,2316.0,2292.0,2294.0,12926.0
2013-09-25 21:00:00,MYX:FCPO1!,2286.0,2291.0,2265.0,2267.0,12922.0
2013-09-26 21:00:00,MYX:FCPO1!,2268.0,2312.0,2266.0,2310.0,18812.0
2013-09-30 10:00:00,MYX:FCPO1!,2302.0,2327.0,2296.0,2320.0,14873.0
2013-09-30 21:00:00,MYX:FCPO1!,2303.0,2332.0,2284.0,2329.0,17281.0
2013-10-01 21:00:00,MYX:FCPO1!,2310.0,2334.0,2303.0,2311.0,21720.0
2013-10-02 21:00:00,MYX:FCPO1!,2293.0,2310.0,2285.0,2302.0,12594.0
2013-10-03 21:00:00,MYX:FCPO1!,2319.0,2319.0,2282.0,2305.0,14970.0
2013-10-07 10:00:00,MYX:FCPO1!,2308.0,2329.0,2303.0,2318.0,13842.0
2013-10-07 21:00:00,MYX:FCPO1!,2338.0,2353.0,2332.0,2349.0,15639.0
2013-10-08 21:00:00,MYX:FCPO1!,2358.0,2371.0,2350.0,2369.0,12034.0
2013-10-09 21:00:00,MYX:FCPO1!,2370.0,2394.0,2359.0,2391.0,15761.0
2013-10-10 21:00:00,MYX:FCPO1!,2395.0,2395.0,2373.0,2380.0,16926.0
2013-10-14 10:00:00,MYX:FCPO1!,2376.0,2383.0,2358.0,2362.0,16911.0
2013-10-15 21:00:00,MYX:FCPO1!,2372.0,2405.0,2368.0,2404.0,9687.0
2013-10-16 21:00:00,MYX:FCPO1!,2422.0,2432.0,2369.0,2398.0,19900.0
2013-10-17 21:00:00,MYX:FCPO1!,2400.0,2404.0,2378.0,2401.0,16049.0
2013-10-21 10:00:00,MYX:FCPO1!,2440.0,2446.0,2418.0,2437.0,13307.0
2013-10-21 21:00:00,MYX:FCPO1!,2434.0,2456.0,2420.0,2455.0,19719.0
2013-10-22 21:00:00,MYX:FCPO1!,2444.0,2485.0,2436.0,2482.0,15530.0
2013-10-23 21:00:00,MYX:FCPO1!,2467.0,2481.0,2455.0,2464.0,23416.0
2013-10-24 21:00:00,MYX:FCPO1!,2449.0,2460.0,2441.0,2444.0,16810.0
2013-10-28 10:00:00,MYX:FCPO1!,2431.0,2483.0,2426.0,2463.0,20627.0
2013-10-28 21:00:00,MYX:FCPO1!,2457.0,2503.0,2454.0,2498.0,25668.0
2013-10-29 21:00:00,MYX:FCPO1!,2525.0,2573.0,2520.0,2547.0,25671.0
2013-10-30 21:00:00,MYX:FCPO1!,2555.0,2599.0,2547.0,2593.0,20805.0
2013-10-31 21:00:00,MYX:FCPO1!,2593.0,2632.0,2576.0,2628.0,23340.0
2013-11-04 10:00:00,MYX:FCPO1!,2618.0,2623.0,2578.0,2580.0,19639.0
2013-11-05 21:00:00,MYX:FCPO1!,2580.0,2585.0,2545.0,2547.0,18847.0
2013-11-06 21:00:00,MYX:FCPO1!,2549.0,2562.0,2525.0,2544.0,20877.0
2013-11-07 21:00:00,MYX:FCPO1!,2540.0,2540.0,2506.0,2508.0,15065.0
2013-11-11 10:00:00,MYX:FCPO1!,2515.0,2551.0,2510.0,2528.0,19152.0
2013-11-11 21:00:00,MYX:FCPO1!,2523.0,2604.0,2506.0,2599.0,18687.0
2013-11-12 21:00:00,MYX:FCPO1!,2615.0,2627.0,2565.0,2604.0,22675.0
2013-11-13 21:00:00,MYX:FCPO1!,2603.0,2617.0,2583.0,2589.0,15639.0
2013-11-14 21:00:00,MYX:FCPO1!,2586.0,2620.0,2571.0,2613.0,16955.0
2013-11-18 10:00:00,MYX:FCPO1!,2587.0,2597.0,2577.0,2592.0,17371.0
2013-11-18 21:00:00,MYX:FCPO1!,2581.0,2586.0,2552.0,2556.0,13433.0
2013-11-19 21:00:00,MYX:FCPO1!,2556.0,2596.0,2545.0,2580.0,16855.0
2013-11-20 21:00:00,MYX:FCPO1!,2606.0,2663.0,2603.0,2653.0,22299.0
2013-11-21 21:00:00,MYX:FCPO1!,2679.0,2692.0,2631.0,2642.0,22495.0
2013-11-25 10:00:00,MYX:FCPO1!,2658.0,2664.0,2619.0,2630.0,17468.0
2013-11-25 21:00:00,MYX:FCPO1!,2635.0,2637.0,2602.0,2622.0,19294.0
2013-11-26 21:00:00,MYX:FCPO1!,2621.0,2653.0,2617.0,2640.0,10505.0
2013-11-27 21:00:00,MYX:FCPO1!,2630.0,2666.0,2626.0,2656.0,11824.0
2013-11-28 21:00:00,MYX:FCPO1!,2658.0,2678.0,2644.0,2654.0,16242.0
2013-12-02 10:00:00,MYX:FCPO1!,2650.0,2659.0,2629.0,2643.0,15242.0
2013-12-02 21:00:00,MYX:FCPO1!,2630.0,2645.0,2605.0,2617.0,22098.0
2013-12-03 21:00:00,MYX:FCPO1!,2621.0,2662.0,2619.0,2656.0,16717.0
2013-12-04 21:00:00,MYX:FCPO1!,2653.0,2653.0,2627.0,2641.0,13946.0
2013-12-05 21:00:00,MYX:FCPO1!,2645.0,2673.0,2630.0,2670.0,15716.0
2013-12-09 10:00:00,MYX:FCPO1!,2666.0,2689.0,2641.0,2645.0,15153.0
2013-12-09 21:00:00,MYX:FCPO1!,2645.0,2664.0,2627.0,2639.0,17816.0
2013-12-10 21:00:00,MYX:FCPO1!,2635.0,2650.0,2627.0,2631.0,12485.0
2013-12-11 21:00:00,MYX:FCPO1!,2635.0,2657.0,2611.0,2613.0,15486.0
2013-12-12 21:00:00,MYX:FCPO1!,2590.0,2606.0,2558.0,2562.0,15895.0
2013-12-16 10:00:00,MYX:FCPO1!,2567.0,2584.0,2550.0,2580.0,13802.0
2013-12-16 21:00:00,MYX:FCPO1!,2587.0,2602.0,2571.0,2576.0,17424.0
2013-12-17 21:00:00,MYX:FCPO1!,2554.0,2583.0,2545.0,2552.0,18581.0
2013-12-18 21:00:00,MYX:FCPO1!,2559.0,2584.0,2558.0,2573.0,12032.0
2013-12-19 21:00:00,MYX:FCPO1!,2583.0,2590.0,2558.0,2584.0,16704.0
2013-12-23 10:00:00,MYX:FCPO1!,2573.0,2622.0,2573.0,2617.0,18087.0
2013-12-23 21:00:00,MYX:FCPO1!,2610.0,2635.0,2603.0,2625.0,7227.0
2013-12-25 21:00:00,MYX:FCPO1!,2616.0,2642.0,2605.0,2634.0,9136.0
2013-12-26 21:00:00,MYX:FCPO1!,2626.0,2653.0,2626.0,2632.0,10611.0
2013-12-30 10:00:00,MYX:FCPO1!,2642.0,2649.0,2628.0,2631.0,6081.0
2013-12-30 21:00:00,MYX:FCPO1!,2614.0,2661.0,2614.0,2659.0,10592.0
2014-01-01 21:00:00,MYX:FCPO1!,2665.0,2669.0,2646.0,2649.0,9900.0
2014-01-02 21:00:00,MYX:FCPO1!,2638.0,2644.0,2625.0,2640.0,11162.0
2014-01-06 10:00:00,MYX:FCPO1!,2629.0,2629.0,2588.0,2604.0,21341.0
2014-01-06 21:00:00,MYX:FCPO1!,2592.0,2594.0,2558.0,2561.0,13680.0
2014-01-07 21:00:00,MYX:FCPO1!,2557.0,2564.0,2530.0,2547.0,21202.0
2014-01-08 21:00:00,MYX:FCPO1!,2553.0,2555.0,2516.0,2539.0,22832.0
2014-01-09 21:00:00,MYX:FCPO1!,2547.0,2551.0,2511.0,2517.0,14603.0
2014-01-13 10:00:00,MYX:FCPO1!,2515.0,2531.0,2486.0,2493.0,13914.0
2014-01-14 21:00:00,MYX:FCPO1!,2498.0,2528.0,2490.0,2524.0,18161.0
2014-01-15 21:00:00,MYX:FCPO1!,2537.0,2552.0,2535.0,2540.0,15662.0
2014-01-20 10:00:00,MYX:FCPO1!,2567.0,2585.0,2559.0,2579.0,14042.0
2014-01-20 21:00:00,MYX:FCPO1!,2580.0,2589.0,2556.0,2587.0,17380.0
2014-01-21 21:00:00,MYX:FCPO1!,2581.0,2597.0,2563.0,2575.0,14439.0
2014-01-22 21:00:00,MYX:FCPO1!,2574.0,2604.0,2571.0,2602.0,13213.0
2014-01-23 21:00:00,MYX:FCPO1!,2598.0,2601.0,2582.0,2591.0,11284.0
2014-01-27 10:00:00,MYX:FCPO1!,2575.0,2581.0,2551.0,2556.0,16799.0
2014-01-27 21:00:00,MYX:FCPO1!,2544.0,2544.0,2519.0,2529.0,15880.0
2014-01-28 21:00:00,MYX:FCPO1!,2539.0,2552.0,2528.0,2544.0,14441.0
2014-01-29 21:00:00,MYX:FCPO1!,2533.0,2567.0,2532.0,2559.0,4748.0
2014-02-03 21:00:00,MYX:FCPO1!,2567.0,2567.0,2522.0,2529.0,10650.0
2014-02-04 21:00:00,MYX:FCPO1!,2537.0,2553.0,2533.0,2546.0,8097.0
2014-02-05 21:00:00,MYX:FCPO1!,2557.0,2575.0,2552.0,2568.0,11985.0
2014-02-06 21:00:00,MYX:FCPO1!,2577.0,2590.0,2571.0,2578.0,9806.0
2014-02-10 10:00:00,MYX:FCPO1!,2590.0,2618.0,2587.0,2616.0,19963.0
2014-02-10 21:00:00,MYX:FCPO1!,2615.0,2622.0,2595.0,2610.0,19113.0
2014-02-11 21:00:00,MYX:FCPO1!,2617.0,2636.0,2609.0,2635.0,13831.0
2014-02-12 21:00:00,MYX:FCPO1!,2639.0,2664.0,2636.0,2656.0,15875.0
2014-02-13 21:00:00,MYX:FCPO1!,2670.0,2688.0,2654.0,2665.0,14990.0
2014-02-17 10:00:00,MYX:FCPO1!,2663.0,2684.0,2646.0,2682.0,14913.0
2014-02-17 21:00:00,MYX:FCPO1!,2693.0,2717.0,2687.0,2714.0,25197.0
2014-02-18 21:00:00,MYX:FCPO1!,2732.0,2734.0,2702.0,2708.0,22327.0
2014-02-19 21:00:00,MYX:FCPO1!,2708.0,2756.0,2700.0,2755.0,20585.0
2014-02-20 21:00:00,MYX:FCPO1!,2746.0,2758.0,2720.0,2755.0,21723.0
2014-02-24 10:00:00,MYX:FCPO1!,2757.0,2777.0,2737.0,2741.0,24193.0
2014-02-24 21:00:00,MYX:FCPO1!,2728.0,2755.0,2728.0,2734.0,19482.0
2014-02-25 21:00:00,MYX:FCPO1!,2727.0,2818.0,2721.0,2810.0,32278.0
2014-02-26 21:00:00,MYX:FCPO1!,2805.0,2807.0,2770.0,2779.0,21466.0
2014-02-27 21:00:00,MYX:FCPO1!,2762.0,2806.0,2756.0,2800.0,23968.0
2014-03-03 10:00:00,MYX:FCPO1!,2828.0,2860.0,2803.0,2806.0,18831.0
2014-03-03 21:00:00,MYX:FCPO1!,2811.0,2829.0,2788.0,2801.0,18315.0
2014-03-04 21:00:00,MYX:FCPO1!,2838.0,2868.0,2825.0,2834.0,18902.0
2014-03-05 21:00:00,MYX:FCPO1!,2825.0,2869.0,2808.0,2867.0,19479.0
2014-03-06 21:00:00,MYX:FCPO1!,2883.0,2896.0,2871.0,2886.0,19271.0
2014-03-10 10:00:00,MYX:FCPO1!,2873.0,2910.0,2861.0,2901.0,16839.0
2014-03-10 21:00:00,MYX:FCPO1!,2888.0,2916.0,2861.0,2872.0,27299.0
2014-03-11 21:00:00,MYX:FCPO1!,2855.0,2865.0,2808.0,2821.0,34793.0
2014-03-12 21:00:00,MYX:FCPO1!,2839.0,2852.0,2802.0,2809.0,21991.0
2014-03-13 21:00:00,MYX:FCPO1!,2792.0,2801.0,2769.0,2796.0,22544.0
2014-03-17 10:00:00,MYX:FCPO1!,2758.0,2766.0,2738.0,2741.0,19226.0
2014-03-17 21:00:00,MYX:FCPO1!,2732.0,2760.0,2729.0,2737.0,23221.0
2014-03-18 21:00:00,MYX:FCPO1!,2757.0,2786.0,2755.0,2777.0,27259.0
2014-03-19 21:00:00,MYX:FCPO1!,2755.0,2780.0,2735.0,2773.0,20223.0
2014-03-20 21:00:00,MYX:FCPO1!,2767.0,2769.0,2726.0,2729.0,20886.0
2014-03-24 10:00:00,MYX:FCPO1!,2727.0,2756.0,2697.0,2702.0,33490.0
2014-03-24 21:00:00,MYX:FCPO1!,2700.0,2720.0,2682.0,2711.0,31629.0
2014-03-25 21:00:00,MYX:FCPO1!,2730.0,2732.0,2688.0,2691.0,24343.0
2014-03-26 21:00:00,MYX:FCPO1!,2692.0,2695.0,2652.0,2654.0,23130.0
2014-03-27 21:00:00,MYX:FCPO1!,2648.0,2676.0,2643.0,2655.0,22734.0
2014-03-31 10:00:00,MYX:FCPO1!,2658.0,2667.0,2626.0,2634.0,17203.0
2014-03-31 21:00:00,MYX:FCPO1!,2641.0,2652.0,2610.0,2613.0,24593.0
2014-04-01 21:00:00,MYX:FCPO1!,2660.0,2671.0,2645.0,2648.0,27250.0
2014-04-02 21:00:00,MYX:FCPO1!,2631.0,2640.0,2597.0,2634.0,26723.0
2014-04-03 21:00:00,MYX:FCPO1!,2644.0,2665.0,2632.0,2658.0,19996.0
2014-04-07 10:00:00,MYX:FCPO1!,2655.0,2663.0,2611.0,2622.0,17199.0
2014-04-07 21:00:00,MYX:FCPO1!,2630.0,2637.0,2573.0,2576.0,23680.0
2014-04-08 21:00:00,MYX:FCPO1!,2592.0,2624.0,2577.0,2613.0,19453.0
2014-04-09 21:00:00,MYX:FCPO1!,2606.0,2617.0,2580.0,2609.0,15774.0
2014-04-10 21:00:00,MYX:FCPO1!,2582.0,2616.0,2572.0,2615.0,17129.0
2014-04-14 10:00:00,MYX:FCPO1!,2625.0,2665.0,2618.0,2635.0,18875.0
2014-04-14 21:00:00,MYX:FCPO1!,2620.0,2669.0,2620.0,2663.0,15381.0
2014-04-15 21:00:00,MYX:FCPO1!,2665.0,2691.0,2655.0,2684.0,18744.0
2014-04-16 21:00:00,MYX:FCPO1!,2690.0,2700.0,2640.0,2647.0,20611.0
2014-04-17 21:00:00,MYX:FCPO1!,2645.0,2653.0,2623.0,2634.0,11203.0
2014-04-21 10:00:00,MYX:FCPO1!,2632.0,2645.0,2612.0,2642.0,14742.0
2014-04-21 21:00:00,MYX:FCPO1!,2653.0,2688.0,2648.0,2683.0,16434.0
2014-04-22 21:00:00,MYX:FCPO1!,2669.0,2672.0,2647.0,2651.0,17947.0
2014-04-23 21:00:00,MYX:FCPO1!,2650.0,2661.0,2640.0,2651.0,13356.0
2014-04-24 21:00:00,MYX:FCPO1!,2666.0,2680.0,2657.0,2660.0,13117.0
2014-04-28 10:00:00,MYX:FCPO1!,2680.0,2685.0,2667.0,2672.0,12480.0
2014-04-28 21:00:00,MYX:FCPO1!,2661.0,2664.0,2635.0,2636.0,17862.0
2014-04-29 21:00:00,MYX:FCPO1!,2631.0,2647.0,2615.0,2623.0,18015.0
2014-05-01 21:00:00,MYX:FCPO1!,2567.0,2594.0,2558.0,2592.0,21273.0
2014-05-05 10:00:00,MYX:FCPO1!,2598.0,2609.0,2570.0,2583.0,16837.0
2014-05-05 21:00:00,MYX:FCPO1!,2582.0,2586.0,2558.0,2568.0,18168.0
2014-05-06 21:00:00,MYX:FCPO1!,2579.0,2585.0,2565.0,2579.0,14989.0
2014-05-07 21:00:00,MYX:FCPO1!,2571.0,2584.0,2552.0,2564.0,18751.0
2014-05-08 21:00:00,MYX:FCPO1!,2570.0,2593.0,2552.0,2577.0,17849.0
2014-05-12 10:00:00,MYX:FCPO1!,2571.0,2592.0,2568.0,2590.0,14073.0
2014-05-13 21:00:00,MYX:FCPO1!,2595.0,2614.0,2592.0,2607.0,16393.0
2014-05-14 21:00:00,MYX:FCPO1!,2604.0,2630.0,2603.0,2627.0,14843.0
2014-05-15 21:00:00,MYX:FCPO1!,2595.0,2608.0,2573.0,2580.0,16403.0
2014-05-19 10:00:00,MYX:FCPO1!,2563.0,2574.0,2536.0,2537.0,19096.0
2014-05-19 21:00:00,MYX:FCPO1!,2546.0,2547.0,2514.0,2524.0,18543.0
2014-05-20 21:00:00,MYX:FCPO1!,2521.0,2525.0,2492.0,2505.0,19087.0
2014-05-21 21:00:00,MYX:FCPO1!,2525.0,2531.0,2499.0,2522.0,15856.0
2014-05-22 21:00:00,MYX:FCPO1!,2528.0,2537.0,2509.0,2517.0,16766.0
2014-05-26 10:00:00,MYX:FCPO1!,2507.0,2513.0,2483.0,2509.0,20464.0
2014-05-26 21:00:00,MYX:FCPO1!,2514.0,2514.0,2488.0,2505.0,16228.0
2014-05-27 21:00:00,MYX:FCPO1!,2500.0,2527.0,2493.0,2502.0,18621.0
2014-05-28 21:00:00,MYX:FCPO1!,2495.0,2499.0,2459.0,2461.0,18898.0
2014-05-29 21:00:00,MYX:FCPO1!,2460.0,2467.0,2420.0,2423.0,19029.0
2014-06-02 10:00:00,MYX:FCPO1!,2410.0,2419.0,2386.0,2416.0,16812.0
2014-06-02 21:00:00,MYX:FCPO1!,2410.0,2431.0,2375.0,2387.0,22823.0
2014-06-03 21:00:00,MYX:FCPO1!,2403.0,2434.0,2395.0,2432.0,19626.0
2014-06-04 21:00:00,MYX:FCPO1!,2449.0,2449.0,2402.0,2417.0,15760.0
2014-06-05 21:00:00,MYX:FCPO1!,2403.0,2418.0,2394.0,2414.0,14419.0
2014-06-09 10:00:00,MYX:FCPO1!,2419.0,2423.0,2391.0,2412.0,14992.0
2014-06-09 21:00:00,MYX:FCPO1!,2413.0,2416.0,2376.0,2385.0,16566.0
2014-06-10 21:00:00,MYX:FCPO1!,2378.0,2384.0,2364.0,2379.0,13370.0
2014-06-11 21:00:00,MYX:FCPO1!,2365.0,2404.0,2362.0,2379.0,14221.0
2014-06-12 21:00:00,MYX:FCPO1!,2404.0,2448.0,2403.0,2427.0,18502.0
2014-06-16 10:00:00,MYX:FCPO1!,2440.0,2445.0,2420.0,2428.0,21498.0
2014-06-16 21:00:00,MYX:FCPO1!,2417.0,2453.0,2413.0,2433.0,17529.0
2014-06-17 21:00:00,MYX:FCPO1!,2448.0,2473.0,2445.0,2466.0,18543.0
2014-06-18 21:00:00,MYX:FCPO1!,2464.0,2477.0,2440.0,2447.0,19249.0
2014-06-19 21:00:00,MYX:FCPO1!,2465.0,2474.0,2434.0,2442.0,20399.0
2014-06-23 10:00:00,MYX:FCPO1!,2460.0,2488.0,2457.0,2481.0,20032.0
2014-06-23 21:00:00,MYX:FCPO1!,2475.0,2492.0,2464.0,2482.0,19861.0
2014-06-24 21:00:00,MYX:FCPO1!,2495.0,2511.0,2481.0,2483.0,19069.0
2014-06-25 21:00:00,MYX:FCPO1!,2484.0,2502.0,2469.0,2470.0,23364.0
2014-06-26 21:00:00,MYX:FCPO1!,2469.0,2469.0,2436.0,2445.0,21641.0
2014-06-30 10:00:00,MYX:FCPO1!,2432.0,2441.0,2421.0,2426.0,14159.0
2014-06-30 21:00:00,MYX:FCPO1!,2395.0,2425.0,2385.0,2419.0,22607.0
2014-07-01 21:00:00,MYX:FCPO1!,2414.0,2436.0,2405.0,2427.0,12063.0
2014-07-02 21:00:00,MYX:FCPO1!,2415.0,2428.0,2411.0,2424.0,18291.0
2014-07-03 21:00:00,MYX:FCPO1!,2426.0,2433.0,2399.0,2402.0,10838.0
2014-07-07 10:00:00,MYX:FCPO1!,2403.0,2424.0,2397.0,2414.0,17081.0
2014-07-07 21:00:00,MYX:FCPO1!,2410.0,2416.0,2382.0,2384.0,16039.0
2014-07-08 21:00:00,MYX:FCPO1!,2372.0,2381.0,2361.0,2373.0,16510.0
2014-07-09 21:00:00,MYX:FCPO1!,2350.0,2396.0,2349.0,2386.0,19633.0
2014-07-10 21:00:00,MYX:FCPO1!,2391.0,2395.0,2345.0,2346.0,18553.0
2014-07-14 10:00:00,MYX:FCPO1!,2325.0,2331.0,2292.0,2298.0,17517.0
2014-07-15 21:00:00,MYX:FCPO1!,2315.0,2334.0,2305.0,2326.0,8989.0
2014-07-16 21:00:00,MYX:FCPO1!,2299.0,2320.0,2285.0,2293.0,24836.0
2014-07-17 21:00:00,MYX:FCPO1!,2280.0,2312.0,2280.0,2309.0,19548.0
2014-07-21 10:00:00,MYX:FCPO1!,2297.0,2304.0,2288.0,2296.0,10671.0
2014-07-21 21:00:00,MYX:FCPO1!,2290.0,2293.0,2272.0,2279.0,15068.0
2014-07-22 21:00:00,MYX:FCPO1!,2278.0,2278.0,2247.0,2255.0,19169.0
2014-07-23 21:00:00,MYX:FCPO1!,2270.0,2285.0,2261.0,2281.0,14324.0
2014-07-24 21:00:00,MYX:FCPO1!,2282.0,2294.0,2262.0,2265.0,13538.0
2014-07-29 21:00:00,MYX:FCPO1!,2282.0,2289.0,2254.0,2265.0,19678.0
2014-07-30 21:00:00,MYX:FCPO1!,2272.0,2279.0,2246.0,2257.0,12243.0
2014-07-31 21:00:00,MYX:FCPO1!,2263.0,2287.0,2261.0,2284.0,21290.0
2014-08-04 10:00:00,MYX:FCPO1!,2261.0,2270.0,2253.0,2267.0,13107.0
2014-08-04 21:00:00,MYX:FCPO1!,2278.0,2280.0,2248.0,2254.0,16928.0
2014-08-05 21:00:00,MYX:FCPO1!,2253.0,2262.0,2239.0,2247.0,14259.0
2014-08-06 21:00:00,MYX:FCPO1!,2256.0,2263.0,2247.0,2254.0,12392.0
2014-08-07 21:00:00,MYX:FCPO1!,2256.0,2268.0,2231.0,2233.0,17463.0
2014-08-11 10:00:00,MYX:FCPO1!,2237.0,2240.0,2174.0,2177.0,19800.0
2014-08-11 21:00:00,MYX:FCPO1!,2172.0,2196.0,2162.0,2187.0,14698.0
2014-08-12 21:00:00,MYX:FCPO1!,2189.0,2201.0,2163.0,2176.0,18442.0
2014-08-13 21:00:00,MYX:FCPO1!,2148.0,2150.0,2115.0,2133.0,21815.0
2014-08-14 21:00:00,MYX:FCPO1!,2118.0,2140.0,2085.0,2093.0,18856.0
2014-08-18 10:00:00,MYX:FCPO1!,2087.0,2098.0,2083.0,2088.0,14434.0
2014-08-18 21:00:00,MYX:FCPO1!,2089.0,2098.0,2066.0,2068.0,15286.0
2014-08-19 21:00:00,MYX:FCPO1!,2072.0,2075.0,2045.0,2049.0,13248.0
2014-08-20 21:00:00,MYX:FCPO1!,2063.0,2069.0,2033.0,2039.0,16774.0
2014-08-21 21:00:00,MYX:FCPO1!,2043.0,2044.0,1989.0,1999.0,24625.0
2014-08-25 10:00:00,MYX:FCPO1!,2002.0,2045.0,1954.0,2030.0,29002.0
2014-08-25 21:00:00,MYX:FCPO1!,2028.0,2028.0,1984.0,2012.0,21379.0
2014-08-26 21:00:00,MYX:FCPO1!,2028.0,2052.0,1973.0,1976.0,31038.0
2014-08-27 21:00:00,MYX:FCPO1!,1970.0,2001.0,1965.0,1979.0,21594.0
2014-08-28 21:00:00,MYX:FCPO1!,1980.0,1984.0,1926.0,1929.0,22632.0
2014-09-01 21:00:00,MYX:FCPO1!,1920.0,1963.0,1914.0,1953.0,23041.0
2014-09-02 21:00:00,MYX:FCPO1!,1944.0,1986.0,1941.0,1978.0,23056.0
2014-09-03 21:00:00,MYX:FCPO1!,1977.0,2033.0,1965.0,2030.0,26300.0
2014-09-04 21:00:00,MYX:FCPO1!,2035.0,2041.0,1995.0,2025.0,23223.0
2014-09-08 10:00:00,MYX:FCPO1!,2046.0,2068.0,2027.0,2045.0,21625.0
2014-09-08 21:00:00,MYX:FCPO1!,2038.0,2046.0,2006.0,2034.0,19084.0
2014-09-09 21:00:00,MYX:FCPO1!,2027.0,2035.0,1997.0,2033.0,19960.0
2014-09-10 21:00:00,MYX:FCPO1!,2036.0,2073.0,2007.0,2068.0,18631.0
2014-09-11 21:00:00,MYX:FCPO1!,2078.0,2088.0,2051.0,2084.0,20244.0
2014-09-15 10:00:00,MYX:FCPO1!,2095.0,2124.0,2091.0,2101.0,29782.0
2014-09-16 21:00:00,MYX:FCPO1!,2119.0,2150.0,2104.0,2144.0,31050.0
2014-09-17 21:00:00,MYX:FCPO1!,2148.0,2173.0,2136.0,2145.0,33390.0
2014-09-18 21:00:00,MYX:FCPO1!,2123.0,2135.0,2105.0,2111.0,24471.0
2014-09-22 10:00:00,MYX:FCPO1!,2090.0,2093.0,2064.0,2091.0,28033.0
2014-09-22 21:00:00,MYX:FCPO1!,2100.0,2132.0,2097.0,2126.0,28223.0
2014-09-23 21:00:00,MYX:FCPO1!,2134.0,2157.0,2123.0,2154.0,20940.0
2014-09-24 21:00:00,MYX:FCPO1!,2168.0,2207.0,2164.0,2197.0,23605.0
2014-09-25 21:00:00,MYX:FCPO1!,2178.0,2203.0,2176.0,2177.0,22919.0
2014-09-29 10:00:00,MYX:FCPO1!,2160.0,2194.0,2160.0,2188.0,14974.0
2014-09-29 21:00:00,MYX:FCPO1!,2211.0,2222.0,2204.0,2217.0,21988.0
2014-09-30 21:00:00,MYX:FCPO1!,2210.0,2223.0,2189.0,2195.0,24433.0
2014-10-01 21:00:00,MYX:FCPO1!,2209.0,2211.0,2137.0,2146.0,28263.0
2014-10-02 21:00:00,MYX:FCPO1!,2162.0,2177.0,2151.0,2169.0,17676.0
2014-10-06 21:00:00,MYX:FCPO1!,2199.0,2204.0,2176.0,2180.0,15308.0
2014-10-07 21:00:00,MYX:FCPO1!,2180.0,2209.0,2178.0,2195.0,23649.0
2014-10-08 21:00:00,MYX:FCPO1!,2180.0,2218.0,2165.0,2191.0,29486.0
2014-10-09 21:00:00,MYX:FCPO1!,2190.0,2198.0,2158.0,2182.0,25394.0
2014-10-13 10:00:00,MYX:FCPO1!,2182.0,2192.0,2152.0,2157.0,18657.0
2014-10-13 21:00:00,MYX:FCPO1!,2174.0,2185.0,2155.0,2163.0,24553.0
2014-10-14 21:00:00,MYX:FCPO1!,2155.0,2158.0,2111.0,2133.0,29120.0
2014-10-15 21:00:00,MYX:FCPO1!,2123.0,2131.0,2104.0,2119.0,25020.0
2014-10-16 21:00:00,MYX:FCPO1!,2132.0,2148.0,2128.0,2142.0,21561.0
2014-10-20 10:00:00,MYX:FCPO1!,2112.0,2132.0,2112.0,2131.0,15829.0
2014-10-20 21:00:00,MYX:FCPO1!,2127.0,2141.0,2125.0,2135.0,17180.0
2014-10-22 21:00:00,MYX:FCPO1!,2148.0,2182.0,2147.0,2170.0,26583.0
2014-10-23 21:00:00,MYX:FCPO1!,2182.0,2194.0,2172.0,2181.0,21234.0
2014-10-27 10:00:00,MYX:FCPO1!,2167.0,2176.0,2164.0,2166.0,13200.0
2014-10-27 21:00:00,MYX:FCPO1!,2174.0,2216.0,2171.0,2213.0,24771.0
2014-10-28 21:00:00,MYX:FCPO1!,2227.0,2267.0,2221.0,2263.0,31461.0
2014-10-29 21:00:00,MYX:FCPO1!,2285.0,2302.0,2270.0,2280.0,29818.0
2014-10-30 21:00:00,MYX:FCPO1!,2283.0,2311.0,2274.0,2306.0,26889.0
2014-11-03 10:00:00,MYX:FCPO1!,2313.0,2345.0,2309.0,2336.0,24104.0
2014-11-03 21:00:00,MYX:FCPO1!,2314.0,2327.0,2293.0,2308.0,28918.0
2014-11-04 21:00:00,MYX:FCPO1!,2282.0,2290.0,2243.0,2252.0,30326.0
2014-11-05 21:00:00,MYX:FCPO1!,2264.0,2275.0,2217.0,2222.0,28541.0
2014-11-06 21:00:00,MYX:FCPO1!,2244.0,2252.0,2193.0,2196.0,31319.0
2014-11-10 10:00:00,MYX:FCPO1!,2207.0,2241.0,2197.0,2238.0,26259.0
2014-11-10 21:00:00,MYX:FCPO1!,2231.0,2271.0,2225.0,2265.0,21378.0
2014-11-11 21:00:00,MYX:FCPO1!,2279.0,2286.0,2257.0,2259.0,23412.0
2014-11-12 21:00:00,MYX:FCPO1!,2237.0,2245.0,2219.0,2231.0,21178.0
2014-11-13 21:00:00,MYX:FCPO1!,2228.0,2233.0,2199.0,2204.0,22479.0
2014-11-17 10:00:00,MYX:FCPO1!,2217.0,2234.0,2206.0,2230.0,14961.0
2014-11-17 21:00:00,MYX:FCPO1!,2229.0,2254.0,2225.0,2251.0,19995.0
2014-11-18 21:00:00,MYX:FCPO1!,2247.0,2270.0,2236.0,2245.0,18344.0
2014-11-19 21:00:00,MYX:FCPO1!,2244.0,2247.0,2215.0,2223.0,20123.0
2014-11-20 21:00:00,MYX:FCPO1!,2229.0,2249.0,2223.0,2235.0,19654.0
2014-11-24 10:00:00,MYX:FCPO1!,2239.0,2239.0,2200.0,2205.0,22132.0
2014-11-24 21:00:00,MYX:FCPO1!,2212.0,2223.0,2187.0,2217.0,28556.0
2014-11-25 21:00:00,MYX:FCPO1!,2216.0,2243.0,2206.0,2240.0,28624.0
2014-11-26 21:00:00,MYX:FCPO1!,2230.0,2236.0,2199.0,2201.0,13108.0
2014-11-27 21:00:00,MYX:FCPO1!,2175.0,2179.0,2150.0,2172.0,22381.0
2014-12-01 10:00:00,MYX:FCPO1!,2126.0,2130.0,2083.0,2109.0,33479.0
2014-12-01 21:00:00,MYX:FCPO1!,2135.0,2147.0,2126.0,2142.0,24449.0
2014-12-02 21:00:00,MYX:FCPO1!,2102.0,2185.0,2102.0,2172.0,30745.0
2014-12-03 21:00:00,MYX:FCPO1!,2182.0,2189.0,2152.0,2166.0,23257.0
2014-12-04 21:00:00,MYX:FCPO1!,2170.0,2177.0,2153.0,2172.0,16935.0
2014-12-08 10:00:00,MYX:FCPO1!,2195.0,2204.0,2170.0,2171.0,19857.0
2014-12-08 21:00:00,MYX:FCPO1!,2144.0,2168.0,2119.0,2130.0,22788.0
2014-12-09 21:00:00,MYX:FCPO1!,2147.0,2179.0,2138.0,2175.0,27734.0
2014-12-10 21:00:00,MYX:FCPO1!,2160.0,2199.0,2148.0,2195.0,24376.0
2014-12-11 21:00:00,MYX:FCPO1!,2199.0,2216.0,2165.0,2171.0,22501.0
2014-12-15 10:00:00,MYX:FCPO1!,2186.0,2188.0,2154.0,2168.0,16833.0
2014-12-15 21:00:00,MYX:FCPO1!,2149.0,2151.0,2114.0,2121.0,22265.0
2014-12-16 21:00:00,MYX:FCPO1!,2110.0,2136.0,2103.0,2131.0,27230.0
2014-12-17 21:00:00,MYX:FCPO1!,2140.0,2163.0,2135.0,2148.0,27688.0
2014-12-18 21:00:00,MYX:FCPO1!,2136.0,2154.0,2127.0,2153.0,20757.0
2014-12-22 10:00:00,MYX:FCPO1!,2168.0,2174.0,2152.0,2171.0,15858.0
2014-12-22 21:00:00,MYX:FCPO1!,2166.0,2215.0,2160.0,2209.0,21502.0
2014-12-23 21:00:00,MYX:FCPO1!,2212.0,2238.0,2207.0,2217.0,25109.0
2014-12-25 21:00:00,MYX:FCPO1!,2201.0,2252.0,2200.0,2250.0,18845.0
2014-12-29 10:00:00,MYX:FCPO1!,2294.0,2308.0,2283.0,2286.0,20489.0
2014-12-29 21:00:00,MYX:FCPO1!,2300.0,2305.0,2283.0,2284.0,23677.0
2014-12-30 21:00:00,MYX:FCPO1!,2276.0,2288.0,2261.0,2266.0,13388.0
2015-01-01 21:00:00,MYX:FCPO1!,2245.0,2285.0,2237.0,2283.0,20869.0
2015-01-05 10:00:00,MYX:FCPO1!,2283.0,2297.0,2262.0,2264.0,19631.0
2015-01-05 21:00:00,MYX:FCPO1!,2275.0,2310.0,2272.0,2284.0,27581.0
2015-01-06 21:00:00,MYX:FCPO1!,2290.0,2335.0,2290.0,2330.0,28665.0
2015-01-07 21:00:00,MYX:FCPO1!,2335.0,2379.0,2331.0,2369.0,21112.0
2015-01-08 21:00:00,MYX:FCPO1!,2372.0,2383.0,2341.0,2348.0,23140.0
2015-01-12 10:00:00,MYX:FCPO1!,2353.0,2372.0,2328.0,2363.0,25606.0
2015-01-12 21:00:00,MYX:FCPO1!,2326.0,2375.0,2324.0,2353.0,31287.0
2015-01-13 21:00:00,MYX:FCPO1!,2342.0,2354.0,2328.0,2344.0,28216.0
2015-01-14 21:00:00,MYX:FCPO1!,2359.0,2394.0,2356.0,2368.0,23811.0
2015-01-15 21:00:00,MYX:FCPO1!,2351.0,2354.0,2298.0,2312.0,37268.0
2015-01-19 10:00:00,MYX:FCPO1!,2326.0,2336.0,2302.0,2309.0,17460.0
2015-01-19 21:00:00,MYX:FCPO1!,2302.0,2346.0,2297.0,2320.0,25981.0
2015-01-20 21:00:00,MYX:FCPO1!,2332.0,2338.0,2270.0,2273.0,32011.0
2015-01-21 21:00:00,MYX:FCPO1!,2278.0,2282.0,2242.0,2246.0,23447.0
2015-01-22 21:00:00,MYX:FCPO1!,2234.0,2244.0,2222.0,2230.0,24880.0
2015-01-26 10:00:00,MYX:FCPO1!,2212.0,2222.0,2170.0,2172.0,26233.0
2015-01-26 21:00:00,MYX:FCPO1!,2171.0,2182.0,2151.0,2178.0,23648.0
2015-01-27 21:00:00,MYX:FCPO1!,2164.0,2216.0,2164.0,2210.0,27417.0
2015-01-28 21:00:00,MYX:FCPO1!,2180.0,2182.0,2128.0,2134.0,33396.0
2015-01-29 21:00:00,MYX:FCPO1!,2118.0,2148.0,2106.0,2146.0,31536.0
2015-02-03 21:00:00,MYX:FCPO1!,2184.0,2200.0,2156.0,2199.0,30449.0
2015-02-04 21:00:00,MYX:FCPO1!,2197.0,2315.0,2197.0,2312.0,43664.0
2015-02-05 21:00:00,MYX:FCPO1!,2324.0,2352.0,2287.0,2346.0,35649.0
2015-02-09 10:00:00,MYX:FCPO1!,2346.0,2357.0,2307.0,2317.0,30522.0
2015-02-09 21:00:00,MYX:FCPO1!,2335.0,2344.0,2294.0,2299.0,27329.0
2015-02-10 21:00:00,MYX:FCPO1!,2296.0,2314.0,2270.0,2278.0,25182.0
2015-02-11 21:00:00,MYX:FCPO1!,2297.0,2304.0,2271.0,2294.0,22282.0
2015-02-12 21:00:00,MYX:FCPO1!,2311.0,2312.0,2276.0,2285.0,22662.0
2015-02-16 10:00:00,MYX:FCPO1!,2299.0,2321.0,2299.0,2312.0,19775.0
2015-02-16 21:00:00,MYX:FCPO1!,2315.0,2315.0,2284.0,2286.0,13963.0
2015-02-17 21:00:00,MYX:FCPO1!,2290.0,2312.0,2289.0,2300.0,5751.0
2015-02-23 10:00:00,MYX:FCPO1!,2290.0,2291.0,2237.0,2239.0,22484.0
2015-02-23 21:00:00,MYX:FCPO1!,2229.0,2259.0,2216.0,2257.0,24434.0
2015-02-24 21:00:00,MYX:FCPO1!,2255.0,2276.0,2242.0,2248.0,32882.0
2015-02-25 21:00:00,MYX:FCPO1!,2260.0,2284.0,2256.0,2276.0,25537.0
2015-02-26 21:00:00,MYX:FCPO1!,2278.0,2321.0,2277.0,2305.0,27578.0
2015-03-02 10:00:00,MYX:FCPO1!,2341.0,2379.0,2335.0,2373.0,27548.0
2015-03-02 21:00:00,MYX:FCPO1!,2356.0,2382.0,2328.0,2378.0,28277.0
2015-03-03 21:00:00,MYX:FCPO1!,2394.0,2400.0,2354.0,2364.0,24045.0
2015-03-04 21:00:00,MYX:FCPO1!,2343.0,2364.0,2320.0,2324.0,26720.0
2015-03-05 21:00:00,MYX:FCPO1!,2304.0,2307.0,2257.0,2288.0,28604.0
2015-03-09 10:00:00,MYX:FCPO1!,2296.0,2312.0,2253.0,2271.0,34821.0
2015-03-09 21:00:00,MYX:FCPO1!,2271.0,2276.0,2221.0,2237.0,28834.0
2015-03-10 21:00:00,MYX:FCPO1!,2244.0,2280.0,2237.0,2276.0,24259.0
2015-03-11 21:00:00,MYX:FCPO1!,2268.0,2271.0,2234.0,2243.0,23793.0
2015-03-12 21:00:00,MYX:FCPO1!,2227.0,2251.0,2227.0,2248.0,18190.0
2015-03-16 10:00:00,MYX:FCPO1!,2214.0,2215.0,2172.0,2198.0,22775.0
2015-03-16 21:00:00,MYX:FCPO1!,2205.0,2210.0,2138.0,2140.0,25037.0
2015-03-17 21:00:00,MYX:FCPO1!,2140.0,2194.0,2128.0,2193.0,30471.0
2015-03-18 21:00:00,MYX:FCPO1!,2215.0,2222.0,2165.0,2205.0,28870.0
2015-03-19 21:00:00,MYX:FCPO1!,2205.0,2211.0,2155.0,2160.0,25089.0
2015-03-23 10:00:00,MYX:FCPO1!,2186.0,2208.0,2173.0,2186.0,22095.0
2015-03-23 21:00:00,MYX:FCPO1!,2187.0,2192.0,2148.0,2156.0,27701.0
2015-03-24 21:00:00,MYX:FCPO1!,2159.0,2172.0,2145.0,2167.0,20931.0
2015-03-25 21:00:00,MYX:FCPO1!,2166.0,2204.0,2166.0,2192.0,25481.0
2015-03-26 21:00:00,MYX:FCPO1!,2183.0,2183.0,2148.0,2169.0,25367.0
2015-03-30 10:00:00,MYX:FCPO1!,2148.0,2196.0,2143.0,2191.0,22632.0
2015-03-30 21:00:00,MYX:FCPO1!,2177.0,2182.0,2156.0,2165.0,20284.0
2015-03-31 21:00:00,MYX:FCPO1!,2175.0,2180.0,2148.0,2154.0,17119.0
2015-04-01 21:00:00,MYX:FCPO1!,2160.0,2172.0,2150.0,2166.0,15223.0
2015-04-02 21:00:00,MYX:FCPO1!,2176.0,2192.0,2170.0,2191.0,12083.0
2015-04-06 10:00:00,MYX:FCPO1!,2201.0,2250.0,2197.0,2233.0,24711.0
2015-04-06 21:00:00,MYX:FCPO1!,2224.0,2232.0,2202.0,2207.0,23108.0
2015-04-07 21:00:00,MYX:FCPO1!,2203.0,2204.0,2165.0,2166.0,26849.0
2015-04-08 21:00:00,MYX:FCPO1!,2156.0,2160.0,2118.0,2120.0,29918.0
2015-04-09 21:00:00,MYX:FCPO1!,2119.0,2139.0,2092.0,2128.0,27645.0
2015-04-13 10:00:00,MYX:FCPO1!,2150.0,2160.0,2126.0,2131.0,25800.0
2015-04-13 21:00:00,MYX:FCPO1!,2124.0,2155.0,2098.0,2148.0,30674.0
2015-04-14 21:00:00,MYX:FCPO1!,2165.0,2181.0,2152.0,2160.0,20257.0
2015-04-15 21:00:00,MYX:FCPO1!,2174.0,2177.0,2137.0,2146.0,21772.0
2015-04-16 21:00:00,MYX:FCPO1!,2142.0,2159.0,2128.0,2148.0,20614.0
2015-04-20 10:00:00,MYX:FCPO1!,2167.0,2174.0,2147.0,2156.0,20595.0
2015-04-20 21:00:00,MYX:FCPO1!,2163.0,2197.0,2161.0,2173.0,24939.0
2015-04-21 21:00:00,MYX:FCPO1!,2161.0,2166.0,2139.0,2160.0,29798.0
2015-04-22 21:00:00,MYX:FCPO1!,2159.0,2164.0,2136.0,2158.0,25045.0
2015-04-23 21:00:00,MYX:FCPO1!,2176.0,2176.0,2144.0,2154.0,27461.0
2015-04-27 10:00:00,MYX:FCPO1!,2140.0,2147.0,2107.0,2108.0,31753.0
2015-04-27 21:00:00,MYX:FCPO1!,2105.0,2115.0,2075.0,2093.0,37100.0
2015-04-28 21:00:00,MYX:FCPO1!,2080.0,2093.0,2070.0,2082.0,22439.0
2015-04-29 21:00:00,MYX:FCPO1!,2097.0,2108.0,2092.0,2102.0,14245.0
2015-05-04 21:00:00,MYX:FCPO1!,2165.0,2168.0,2139.0,2157.0,28708.0
2015-05-05 21:00:00,MYX:FCPO1!,2173.0,2200.0,2169.0,2183.0,24389.0
2015-05-06 21:00:00,MYX:FCPO1!,2167.0,2179.0,2161.0,2173.0,15702.0
2015-05-07 21:00:00,MYX:FCPO1!,2154.0,2163.0,2141.0,2162.0,17931.0
2015-05-11 10:00:00,MYX:FCPO1!,2182.0,2196.0,2170.0,2195.0,17684.0
2015-05-11 21:00:00,MYX:FCPO1!,2199.0,2230.0,2195.0,2225.0,24106.0
2015-05-12 21:00:00,MYX:FCPO1!,2216.0,2233.0,2193.0,2198.0,19749.0
2015-05-13 21:00:00,MYX:FCPO1!,2190.0,2208.0,2171.0,2206.0,21273.0
2015-05-14 21:00:00,MYX:FCPO1!,2216.0,2218.0,2182.0,2188.0,16045.0
2015-05-18 10:00:00,MYX:FCPO1!,2175.0,2188.0,2169.0,2182.0,16076.0
2015-05-18 21:00:00,MYX:FCPO1!,2165.0,2175.0,2154.0,2158.0,16618.0
2015-05-19 21:00:00,MYX:FCPO1!,2138.0,2152.0,2131.0,2142.0,22791.0
2015-05-20 21:00:00,MYX:FCPO1!,2142.0,2165.0,2134.0,2158.0,21908.0
2015-05-21 21:00:00,MYX:FCPO1!,2150.0,2156.0,2127.0,2135.0,17288.0
2015-05-25 10:00:00,MYX:FCPO1!,2122.0,2151.0,2121.0,2138.0,18552.0
2015-05-25 21:00:00,MYX:FCPO1!,2156.0,2192.0,2155.0,2185.0,20801.0
2015-05-26 21:00:00,MYX:FCPO1!,2192.0,2198.0,2168.0,2178.0,14864.0
2015-05-27 21:00:00,MYX:FCPO1!,2191.0,2219.0,2190.0,2208.0,22760.0
2015-05-28 21:00:00,MYX:FCPO1!,2206.0,2223.0,2200.0,2216.0,15251.0
2015-06-01 10:00:00,MYX:FCPO1!,2260.0,2297.0,2253.0,2294.0,19172.0
2015-06-01 21:00:00,MYX:FCPO1!,2331.0,2349.0,2312.0,2315.0,21915.0
2015-06-02 21:00:00,MYX:FCPO1!,2310.0,2311.0,2276.0,2294.0,21626.0
2015-06-03 21:00:00,MYX:FCPO1!,2286.0,2325.0,2279.0,2319.0,18885.0
2015-06-04 21:00:00,MYX:FCPO1!,2315.0,2346.0,2295.0,2341.0,24722.0
2015-06-08 10:00:00,MYX:FCPO1!,2362.0,2362.0,2328.0,2333.0,18197.0
2015-06-08 21:00:00,MYX:FCPO1!,2299.0,2318.0,2289.0,2317.0,22382.0
2015-06-09 21:00:00,MYX:FCPO1!,2309.0,2315.0,2281.0,2291.0,18090.0
2015-06-10 21:00:00,MYX:FCPO1!,2285.0,2303.0,2280.0,2292.0,16382.0
2015-06-11 21:00:00,MYX:FCPO1!,2265.0,2283.0,2254.0,2276.0,27808.0
2015-06-15 10:00:00,MYX:FCPO1!,2262.0,2283.0,2261.0,2265.0,15266.0
2015-06-15 21:00:00,MYX:FCPO1!,2272.0,2297.0,2261.0,2291.0,17883.0
2015-06-16 21:00:00,MYX:FCPO1!,2290.0,2303.0,2280.0,2291.0,20748.0
2015-06-17 21:00:00,MYX:FCPO1!,2270.0,2270.0,2235.0,2237.0,28100.0
2015-06-18 21:00:00,MYX:FCPO1!,2229.0,2260.0,2227.0,2237.0,18796.0
2015-06-22 10:00:00,MYX:FCPO1!,2242.0,2245.0,2218.0,2220.0,13181.0
2015-06-22 21:00:00,MYX:FCPO1!,2246.0,2246.0,2219.0,2221.0,15214.0
2015-06-23 21:00:00,MYX:FCPO1!,2231.0,2274.0,2227.0,2270.0,21636.0
2015-06-24 21:00:00,MYX:FCPO1!,2280.0,2285.0,2263.0,2264.0,16153.0
2015-06-25 21:00:00,MYX:FCPO1!,2276.0,2280.0,2254.0,2278.0,11358.0
2015-06-29 10:00:00,MYX:FCPO1!,2272.0,2277.0,2260.0,2267.0,11296.0
2015-06-29 21:00:00,MYX:FCPO1!,2247.0,2247.0,2221.0,2229.0,26137.0
2015-06-30 21:00:00,MYX:FCPO1!,2257.0,2268.0,2234.0,2267.0,19719.0
2015-07-01 21:00:00,MYX:FCPO1!,2251.0,2278.0,2245.0,2267.0,21995.0
2015-07-02 21:00:00,MYX:FCPO1!,2272.0,2285.0,2264.0,2270.0,15479.0
2015-07-06 10:00:00,MYX:FCPO1!,2245.0,2251.0,2227.0,2235.0,21362.0
2015-07-06 21:00:00,MYX:FCPO1!,2233.0,2247.0,2205.0,2209.0,19016.0
2015-07-07 21:00:00,MYX:FCPO1!,2152.0,2156.0,2132.0,2150.0,28212.0
2015-07-08 21:00:00,MYX:FCPO1!,2163.0,2192.0,2157.0,2187.0,21628.0
2015-07-09 21:00:00,MYX:FCPO1!,2205.0,2209.0,2179.0,2194.0,20335.0
2015-07-13 10:00:00,MYX:FCPO1!,2176.0,2203.0,2174.0,2198.0,16128.0
2015-07-13 21:00:00,MYX:FCPO1!,2215.0,2230.0,2200.0,2201.0,18773.0
2015-07-14 21:00:00,MYX:FCPO1!,2202.0,2207.0,2176.0,2193.0,14959.0
2015-07-15 21:00:00,MYX:FCPO1!,2180.0,2199.0,2173.0,2191.0,6955.0
2015-07-20 10:00:00,MYX:FCPO1!,2177.0,2193.0,2165.0,2188.0,14161.0
2015-07-20 21:00:00,MYX:FCPO1!,2190.0,2223.0,2186.0,2218.0,18173.0
2015-07-21 21:00:00,MYX:FCPO1!,2212.0,2221.0,2197.0,2205.0,17761.0
2015-07-22 21:00:00,MYX:FCPO1!,2187.0,2201.0,2186.0,2189.0,14355.0
2015-07-23 21:00:00,MYX:FCPO1!,2182.0,2186.0,2174.0,2178.0,11364.0
2015-07-27 10:00:00,MYX:FCPO1!,2156.0,2159.0,2139.0,2140.0,21525.0
2015-07-27 21:00:00,MYX:FCPO1!,2141.0,2148.0,2115.0,2131.0,16401.0
2015-07-28 21:00:00,MYX:FCPO1!,2144.0,2150.0,2108.0,2111.0,24661.0
2015-07-29 21:00:00,MYX:FCPO1!,2119.0,2125.0,2099.0,2124.0,21727.0
2015-07-30 21:00:00,MYX:FCPO1!,2119.0,2131.0,2114.0,2120.0,17250.0
2015-08-03 10:00:00,MYX:FCPO1!,2112.0,2112.0,2049.0,2054.0,19269.0
2015-08-03 21:00:00,MYX:FCPO1!,2065.0,2073.0,2026.0,2062.0,25891.0
2015-08-04 21:00:00,MYX:FCPO1!,2065.0,2082.0,2023.0,2037.0,20255.0
2015-08-05 21:00:00,MYX:FCPO1!,2021.0,2047.0,2006.0,2045.0,22632.0
2015-08-06 21:00:00,MYX:FCPO1!,2046.0,2051.0,2024.0,2042.0,15841.0
2015-08-10 10:00:00,MYX:FCPO1!,2051.0,2061.0,2017.0,2029.0,22690.0
2015-08-10 21:00:00,MYX:FCPO1!,2057.0,2057.0,2027.0,2040.0,18791.0
2015-08-11 21:00:00,MYX:FCPO1!,2029.0,2035.0,1991.0,1995.0,27206.0
2015-08-12 21:00:00,MYX:FCPO1!,1974.0,2020.0,1958.0,2014.0,18843.0
2015-08-13 21:00:00,MYX:FCPO1!,2009.0,2042.0,2009.0,2027.0,23902.0
2015-08-17 10:00:00,MYX:FCPO1!,2045.0,2053.0,2023.0,2044.0,20008.0
2015-08-17 21:00:00,MYX:FCPO1!,2047.0,2069.0,2039.0,2060.0,22849.0
2015-08-18 21:00:00,MYX:FCPO1!,2035.0,2046.0,2024.0,2035.0,21075.0
2015-08-19 21:00:00,MYX:FCPO1!,2016.0,2023.0,1983.0,1997.0,31996.0
2015-08-20 21:00:00,MYX:FCPO1!,2015.0,2026.0,1974.0,1986.0,25661.0
2015-08-24 10:00:00,MYX:FCPO1!,1945.0,1958.0,1904.0,1916.0,31726.0
2015-08-24 21:00:00,MYX:FCPO1!,1924.0,1935.0,1863.0,1906.0,39783.0
2015-08-25 21:00:00,MYX:FCPO1!,1903.0,1904.0,1866.0,1867.0,27164.0
2015-08-26 21:00:00,MYX:FCPO1!,1876.0,1928.0,1873.0,1925.0,31797.0
2015-08-27 21:00:00,MYX:FCPO1!,1952.0,1995.0,1938.0,1991.0,24695.0
2015-08-31 21:00:00,MYX:FCPO1!,1983.0,2019.0,1973.0,2013.0,30525.0
2015-09-01 21:00:00,MYX:FCPO1!,1988.0,2003.0,1981.0,1989.0,29509.0
2015-09-02 21:00:00,MYX:FCPO1!,1982.0,2048.0,1977.0,2032.0,21934.0
2015-09-03 21:00:00,MYX:FCPO1!,2023.0,2042.0,2009.0,2031.0,19806.0
2015-09-07 10:00:00,MYX:FCPO1!,2021.0,2054.0,2004.0,2048.0,16026.0
2015-09-07 21:00:00,MYX:FCPO1!,2063.0,2100.0,2046.0,2092.0,18718.0
2015-09-08 21:00:00,MYX:FCPO1!,2086.0,2132.0,2086.0,2113.0,20653.0
2015-09-09 21:00:00,MYX:FCPO1!,2100.0,2159.0,2099.0,2157.0,24362.0
2015-09-10 21:00:00,MYX:FCPO1!,2150.0,2180.0,2132.0,2134.0,22829.0
2015-09-14 10:00:00,MYX:FCPO1!,2135.0,2196.0,2135.0,2192.0,24910.0
2015-09-14 21:00:00,MYX:FCPO1!,2201.0,2207.0,2146.0,2148.0,21737.0
2015-09-16 21:00:00,MYX:FCPO1!,2178.0,2178.0,2125.0,2128.0,32158.0
2015-09-17 21:00:00,MYX:FCPO1!,2132.0,2150.0,2095.0,2103.0,27327.0
2015-09-21 10:00:00,MYX:FCPO1!,2094.0,2167.0,2088.0,2151.0,27781.0
2015-09-21 21:00:00,MYX:FCPO1!,2161.0,2201.0,2160.0,2183.0,29634.0
2015-09-22 21:00:00,MYX:FCPO1!,2189.0,2248.0,2187.0,2240.0,30102.0
2015-09-24 21:00:00,MYX:FCPO1!,2299.0,2345.0,2283.0,2342.0,30650.0
2015-09-28 10:00:00,MYX:FCPO1!,2317.0,2408.0,2302.0,2394.0,30981.0
2015-09-28 21:00:00,MYX:FCPO1!,2358.0,2460.0,2352.0,2451.0,40428.0
2015-09-29 21:00:00,MYX:FCPO1!,2448.0,2450.0,2365.0,2375.0,33744.0
2015-09-30 21:00:00,MYX:FCPO1!,2381.0,2445.0,2360.0,2414.0,38753.0
2015-10-01 21:00:00,MYX:FCPO1!,2417.0,2441.0,2368.0,2387.0,25985.0
2015-10-05 10:00:00,MYX:FCPO1!,2405.0,2437.0,2399.0,2415.0,27800.0
2015-10-05 21:00:00,MYX:FCPO1!,2427.0,2444.0,2353.0,2372.0,29601.0
2015-10-06 21:00:00,MYX:FCPO1!,2380.0,2380.0,2309.0,2319.0,29713.0
2015-10-07 21:00:00,MYX:FCPO1!,2328.0,2328.0,2253.0,2276.0,31142.0
2015-10-08 21:00:00,MYX:FCPO1!,2239.0,2258.0,2216.0,2217.0,41189.0
2015-10-12 10:00:00,MYX:FCPO1!,2253.0,2282.0,2252.0,2257.0,20485.0
2015-10-12 21:00:00,MYX:FCPO1!,2264.0,2334.0,2240.0,2320.0,32943.0
2015-10-14 21:00:00,MYX:FCPO1!,2303.0,2317.0,2269.0,2287.0,26372.0
2015-10-15 21:00:00,MYX:FCPO1!,2323.0,2339.0,2298.0,2302.0,24322.0
2015-10-19 10:00:00,MYX:FCPO1!,2320.0,2320.0,2272.0,2274.0,27368.0
2015-10-19 21:00:00,MYX:FCPO1!,2270.0,2320.0,2268.0,2319.0,28789.0
2015-10-20 21:00:00,MYX:FCPO1!,2350.0,2372.0,2339.0,2367.0,27138.0
2015-10-21 21:00:00,MYX:FCPO1!,2375.0,2386.0,2352.0,2371.0,22876.0
2015-10-22 21:00:00,MYX:FCPO1!,2330.0,2339.0,2313.0,2328.0,21334.0
2015-10-26 10:00:00,MYX:FCPO1!,2326.0,2327.0,2277.0,2279.0,21166.0
2015-10-26 21:00:00,MYX:FCPO1!,2261.0,2331.0,2260.0,2322.0,24116.0
2015-10-27 21:00:00,MYX:FCPO1!,2314.0,2343.0,2299.0,2341.0,31975.0
2015-10-28 21:00:00,MYX:FCPO1!,2353.0,2372.0,2331.0,2370.0,27756.0
2015-10-29 21:00:00,MYX:FCPO1!,2358.0,2377.0,2326.0,2363.0,29658.0
2015-11-02 10:00:00,MYX:FCPO1!,2371.0,2374.0,2328.0,2331.0,24863.0
2015-11-02 21:00:00,MYX:FCPO1!,2314.0,2314.0,2278.0,2310.0,26125.0
2015-11-03 21:00:00,MYX:FCPO1!,2304.0,2367.0,2304.0,2360.0,31365.0
2015-11-04 21:00:00,MYX:FCPO1!,2375.0,2386.0,2345.0,2348.0,28772.0
2015-11-05 21:00:00,MYX:FCPO1!,2324.0,2333.0,2303.0,2322.0,23208.0
2015-11-09 10:00:00,MYX:FCPO1!,2342.0,2384.0,2342.0,2382.0,20446.0
2015-11-10 21:00:00,MYX:FCPO1!,2346.0,2355.0,2324.0,2330.0,26215.0
2015-11-11 21:00:00,MYX:FCPO1!,2315.0,2347.0,2315.0,2332.0,17643.0
2015-11-12 21:00:00,MYX:FCPO1!,2347.0,2350.0,2285.0,2289.0,27285.0
2015-11-16 10:00:00,MYX:FCPO1!,2337.0,2344.0,2287.0,2300.0,24128.0
2015-11-16 21:00:00,MYX:FCPO1!,2318.0,2322.0,2285.0,2293.0,21519.0
2015-11-17 21:00:00,MYX:FCPO1!,2285.0,2325.0,2274.0,2318.0,19980.0
2015-11-18 21:00:00,MYX:FCPO1!,2301.0,2307.0,2280.0,2299.0,19767.0
2015-11-19 21:00:00,MYX:FCPO1!,2291.0,2299.0,2271.0,2290.0,26122.0
2015-11-23 10:00:00,MYX:FCPO1!,2310.0,2311.0,2270.0,2282.0,17894.0
2015-11-23 21:00:00,MYX:FCPO1!,2293.0,2303.0,2273.0,2275.0,15559.0
2015-11-24 21:00:00,MYX:FCPO1!,2278.0,2307.0,2260.0,2298.0,27054.0
2015-11-25 21:00:00,MYX:FCPO1!,2324.0,2343.0,2311.0,2341.0,20217.0
2015-11-26 21:00:00,MYX:FCPO1!,2343.0,2374.0,2339.0,2362.0,18116.0
2015-11-30 10:00:00,MYX:FCPO1!,2347.0,2365.0,2337.0,2344.0,19518.0
2015-11-30 21:00:00,MYX:FCPO1!,2365.0,2375.0,2337.0,2339.0,24859.0
2015-12-01 21:00:00,MYX:FCPO1!,2353.0,2355.0,2317.0,2331.0,30782.0
2015-12-02 21:00:00,MYX:FCPO1!,2344.0,2365.0,2334.0,2364.0,24726.0
2015-12-03 21:00:00,MYX:FCPO1!,2363.0,2380.0,2354.0,2366.0,18519.0
2015-12-07 10:00:00,MYX:FCPO1!,2412.0,2438.0,2400.0,2436.0,23890.0
2015-12-07 21:00:00,MYX:FCPO1!,2404.0,2415.0,2380.0,2396.0,24983.0
2015-12-08 21:00:00,MYX:FCPO1!,2408.0,2412.0,2375.0,2384.0,24569.0
2015-12-09 21:00:00,MYX:FCPO1!,2377.0,2379.0,2350.0,2377.0,15324.0
2015-12-10 21:00:00,MYX:FCPO1!,2393.0,2442.0,2382.0,2441.0,18461.0
2015-12-14 10:00:00,MYX:FCPO1!,2429.0,2433.0,2401.0,2404.0,20605.0
2015-12-14 21:00:00,MYX:FCPO1!,2411.0,2413.0,2324.0,2331.0,23235.0
2015-12-15 21:00:00,MYX:FCPO1!,2411.0,2431.0,2388.0,2403.0,26410.0
2015-12-16 21:00:00,MYX:FCPO1!,2390.0,2405.0,2369.0,2385.0,19588.0
2015-12-17 21:00:00,MYX:FCPO1!,2376.0,2405.0,2370.0,2402.0,19503.0
2015-12-21 10:00:00,MYX:FCPO1!,2418.0,2457.0,2411.0,2443.0,20364.0
2015-12-21 21:00:00,MYX:FCPO1!,2443.0,2473.0,2438.0,2468.0,16362.0
2015-12-22 21:00:00,MYX:FCPO1!,2457.0,2490.0,2456.0,2487.0,18753.0
2015-12-28 10:00:00,MYX:FCPO1!,2479.0,2487.0,2447.0,2449.0,13545.0
2015-12-28 21:00:00,MYX:FCPO1!,2438.0,2497.0,2430.0,2484.0,21093.0
2015-12-29 21:00:00,MYX:FCPO1!,2495.0,2504.0,2474.0,2495.0,19342.0
2015-12-30 21:00:00,MYX:FCPO1!,2507.0,2508.0,2455.0,2485.0,24423.0
2016-01-04 10:00:00,MYX:FCPO1!,2466.0,2474.0,2429.0,2436.0,20995.0
2016-01-04 21:00:00,MYX:FCPO1!,2440.0,2462.0,2421.0,2454.0,17340.0
2016-01-05 21:00:00,MYX:FCPO1!,2429.0,2466.0,2418.0,2448.0,21596.0
2016-01-06 21:00:00,MYX:FCPO1!,2426.0,2457.0,2405.0,2422.0,25812.0
2016-01-07 21:00:00,MYX:FCPO1!,2433.0,2440.0,2409.0,2435.0,14978.0
2016-01-11 10:00:00,MYX:FCPO1!,2430.0,2453.0,2383.0,2398.0,30755.0
2016-01-11 21:00:00,MYX:FCPO1!,2375.0,2395.0,2372.0,2382.0,19138.0
2016-01-12 21:00:00,MYX:FCPO1!,2381.0,2413.0,2368.0,2411.0,25048.0
2016-01-13 21:00:00,MYX:FCPO1!,2413.0,2429.0,2398.0,2402.0,23110.0
2016-01-14 21:00:00,MYX:FCPO1!,2407.0,2434.0,2403.0,2412.0,23901.0
2016-01-18 10:00:00,MYX:FCPO1!,2470.0,2495.0,2467.0,2470.0,17060.0
2016-01-18 21:00:00,MYX:FCPO1!,2477.0,2478.0,2458.0,2478.0,20018.0
2016-01-19 21:00:00,MYX:FCPO1!,2468.0,2472.0,2444.0,2455.0,21536.0
2016-01-20 21:00:00,MYX:FCPO1!,2458.0,2463.0,2408.0,2422.0,28713.0
2016-01-21 21:00:00,MYX:FCPO1!,2442.0,2462.0,2435.0,2460.0,26709.0
2016-01-25 21:00:00,MYX:FCPO1!,2453.0,2479.0,2452.0,2475.0,21123.0
2016-01-26 21:00:00,MYX:FCPO1!,2472.0,2510.0,2463.0,2503.0,27834.0
2016-01-27 21:00:00,MYX:FCPO1!,2498.0,2512.0,2469.0,2481.0,23547.0
2016-01-28 21:00:00,MYX:FCPO1!,2463.0,2463.0,2433.0,2443.0,24141.0
2016-02-01 21:00:00,MYX:FCPO1!,2450.0,2523.0,2450.0,2515.0,32366.0
2016-02-02 21:00:00,MYX:FCPO1!,2507.0,2551.0,2507.0,2547.0,28753.0
2016-02-03 21:00:00,MYX:FCPO1!,2540.0,2568.0,2517.0,2531.0,26325.0
2016-02-04 21:00:00,MYX:FCPO1!,2540.0,2604.0,2534.0,2580.0,28459.0
2016-02-09 21:00:00,MYX:FCPO1!,2566.0,2600.0,2560.0,2567.0,23077.0
2016-02-10 21:00:00,MYX:FCPO1!,2556.0,2600.0,2550.0,2596.0,16467.0
2016-02-11 21:00:00,MYX:FCPO1!,2619.0,2642.0,2611.0,2639.0,22399.0
2016-02-15 10:00:00,MYX:FCPO1!,2632.0,2648.0,2590.0,2592.0,15465.0
2016-02-15 21:00:00,MYX:FCPO1!,2610.0,2627.0,2578.0,2588.0,23784.0
2016-02-16 21:00:00,MYX:FCPO1!,2605.0,2615.0,2572.0,2613.0,24143.0
2016-02-17 21:00:00,MYX:FCPO1!,2618.0,2625.0,2580.0,2600.0,22598.0
2016-02-18 21:00:00,MYX:FCPO1!,2610.0,2629.0,2585.0,2586.0,22524.0
2016-02-22 10:00:00,MYX:FCPO1!,2590.0,2613.0,2563.0,2566.0,25226.0
2016-02-22 21:00:00,MYX:FCPO1!,2555.0,2570.0,2542.0,2551.0,23182.0
2016-02-23 21:00:00,MYX:FCPO1!,2533.0,2547.0,2517.0,2519.0,26517.0
2016-02-24 21:00:00,MYX:FCPO1!,2529.0,2553.0,2526.0,2535.0,22532.0
2016-02-25 21:00:00,MYX:FCPO1!,2532.0,2552.0,2521.0,2543.0,30070.0
2016-02-29 10:00:00,MYX:FCPO1!,2537.0,2566.0,2533.0,2548.0,19921.0
2016-02-29 21:00:00,MYX:FCPO1!,2531.0,2542.0,2515.0,2535.0,30512.0
2016-03-01 21:00:00,MYX:FCPO1!,2514.0,2524.0,2488.0,2490.0,19111.0
2016-03-02 21:00:00,MYX:FCPO1!,2488.0,2502.0,2470.0,2501.0,25583.0
2016-03-03 21:00:00,MYX:FCPO1!,2517.0,2531.0,2503.0,2507.0,24246.0
2016-03-07 10:00:00,MYX:FCPO1!,2520.0,2543.0,2520.0,2537.0,14774.0
2016-03-07 21:00:00,MYX:FCPO1!,2545.0,2551.0,2514.0,2528.0,13482.0
2016-03-08 21:00:00,MYX:FCPO1!,2541.0,2563.0,2531.0,2557.0,15777.0
2016-03-09 21:00:00,MYX:FCPO1!,2570.0,2577.0,2540.0,2546.0,22516.0
2016-03-10 21:00:00,MYX:FCPO1!,2562.0,2612.0,2561.0,2608.0,24693.0
2016-03-14 10:00:00,MYX:FCPO1!,2620.0,2632.0,2592.0,2593.0,18210.0
2016-03-14 21:00:00,MYX:FCPO1!,2594.0,2620.0,2589.0,2611.0,17647.0
2016-03-15 21:00:00,MYX:FCPO1!,2607.0,2614.0,2586.0,2611.0,18986.0
2016-03-16 21:00:00,MYX:FCPO1!,2605.0,2657.0,2597.0,2654.0,29561.0
2016-03-17 21:00:00,MYX:FCPO1!,2665.0,2694.0,2664.0,2679.0,21155.0
2016-03-21 10:00:00,MYX:FCPO1!,2673.0,2706.0,2666.0,2685.0,21367.0
2016-03-21 21:00:00,MYX:FCPO1!,2702.0,2726.0,2699.0,2712.0,23135.0
2016-03-22 21:00:00,MYX:FCPO1!,2707.0,2711.0,2668.0,2700.0,22435.0
2016-03-23 21:00:00,MYX:FCPO1!,2677.0,2689.0,2656.0,2674.0,22162.0
2016-03-24 21:00:00,MYX:FCPO1!,2680.0,2726.0,2678.0,2723.0,19662.0
2016-03-28 10:00:00,MYX:FCPO1!,2730.0,2764.0,2730.0,2762.0,16384.0
2016-03-28 21:00:00,MYX:FCPO1!,2762.0,2793.0,2730.0,2779.0,23536.0
2016-03-29 21:00:00,MYX:FCPO1!,2781.0,2781.0,2742.0,2745.0,23629.0
2016-03-30 21:00:00,MYX:FCPO1!,2726.0,2783.0,2718.0,2725.0,24319.0
2016-03-31 21:00:00,MYX:FCPO1!,2759.0,2771.0,2734.0,2748.0,23887.0
2016-04-04 10:00:00,MYX:FCPO1!,2736.0,2773.0,2723.0,2770.0,17227.0
2016-04-04 21:00:00,MYX:FCPO1!,2764.0,2789.0,2755.0,2756.0,20566.0
2016-04-05 21:00:00,MYX:FCPO1!,2736.0,2736.0,2708.0,2722.0,24237.0
2016-04-06 21:00:00,MYX:FCPO1!,2728.0,2736.0,2708.0,2710.0,15939.0
2016-04-07 21:00:00,MYX:FCPO1!,2700.0,2714.0,2679.0,2680.0,15813.0
2016-04-11 10:00:00,MYX:FCPO1!,2673.0,2699.0,2661.0,2667.0,16069.0
2016-04-11 21:00:00,MYX:FCPO1!,2663.0,2667.0,2633.0,2638.0,22139.0
2016-04-12 21:00:00,MYX:FCPO1!,2667.0,2684.0,2651.0,2659.0,21523.0
2016-04-13 21:00:00,MYX:FCPO1!,2675.0,2677.0,2653.0,2657.0,19735.0
2016-04-14 21:00:00,MYX:FCPO1!,2648.0,2653.0,2621.0,2643.0,18045.0
2016-04-18 10:00:00,MYX:FCPO1!,2652.0,2673.0,2646.0,2668.0,21410.0
2016-04-18 21:00:00,MYX:FCPO1!,2686.0,2696.0,2682.0,2688.0,24834.0
2016-04-19 21:00:00,MYX:FCPO1!,2713.0,2733.0,2708.0,2709.0,24396.0
2016-04-20 21:00:00,MYX:FCPO1!,2738.0,2743.0,2726.0,2735.0,20780.0
2016-04-21 21:00:00,MYX:FCPO1!,2718.0,2725.0,2686.0,2690.0,20384.0
2016-04-25 10:00:00,MYX:FCPO1!,2692.0,2694.0,2653.0,2655.0,21059.0
2016-04-25 21:00:00,MYX:FCPO1!,2674.0,2677.0,2648.0,2675.0,23943.0
2016-04-26 21:00:00,MYX:FCPO1!,2665.0,2670.0,2630.0,2633.0,25097.0
2016-04-27 21:00:00,MYX:FCPO1!,2602.0,2609.0,2574.0,2601.0,28168.0
2016-04-28 21:00:00,MYX:FCPO1!,2574.0,2609.0,2570.0,2593.0,21376.0
2016-05-02 21:00:00,MYX:FCPO1!,2568.0,2576.0,2537.0,2539.0,26213.0
2016-05-03 21:00:00,MYX:FCPO1!,2547.0,2627.0,2536.0,2616.0,34479.0
2016-05-04 21:00:00,MYX:FCPO1!,2612.0,2643.0,2609.0,2629.0,28462.0
2016-05-05 21:00:00,MYX:FCPO1!,2591.0,2632.0,2582.0,2628.0,29995.0
2016-05-09 10:00:00,MYX:FCPO1!,2659.0,2673.0,2655.0,2662.0,23214.0
2016-05-09 21:00:00,MYX:FCPO1!,2662.0,2689.0,2638.0,2661.0,25272.0
2016-05-10 21:00:00,MYX:FCPO1!,2705.0,2717.0,2673.0,2678.0,30021.0
2016-05-11 21:00:00,MYX:FCPO1!,2667.0,2674.0,2640.0,2648.0,24662.0
2016-05-12 21:00:00,MYX:FCPO1!,2599.0,2603.0,2576.0,2587.0,25870.0
2016-05-16 10:00:00,MYX:FCPO1!,2583.0,2599.0,2562.0,2587.0,17229.0
2016-05-16 21:00:00,MYX:FCPO1!,2599.0,2618.0,2594.0,2600.0,21326.0
2016-05-17 21:00:00,MYX:FCPO1!,2612.0,2616.0,2541.0,2561.0,36441.0
2016-05-18 21:00:00,MYX:FCPO1!,2566.0,2576.0,2517.0,2519.0,29156.0
2016-05-19 21:00:00,MYX:FCPO1!,2507.0,2539.0,2505.0,2528.0,23885.0
2016-05-23 10:00:00,MYX:FCPO1!,2502.0,2506.0,2475.0,2492.0,25596.0
2016-05-23 21:00:00,MYX:FCPO1!,2510.0,2519.0,2499.0,2502.0,14999.0
2016-05-24 21:00:00,MYX:FCPO1!,2502.0,2547.0,2477.0,2545.0,24411.0
2016-05-25 21:00:00,MYX:FCPO1!,2551.0,2595.0,2545.0,2579.0,22228.0
2016-05-26 21:00:00,MYX:FCPO1!,2560.0,2598.0,2555.0,2559.0,24363.0
2016-05-30 10:00:00,MYX:FCPO1!,2579.0,2605.0,2579.0,2600.0,18453.0
2016-05-30 21:00:00,MYX:FCPO1!,2602.0,2623.0,2580.0,2620.0,18416.0
2016-05-31 21:00:00,MYX:FCPO1!,2615.0,2634.0,2592.0,2598.0,23342.0
2016-06-01 21:00:00,MYX:FCPO1!,2636.0,2644.0,2620.0,2643.0,27473.0
2016-06-02 21:00:00,MYX:FCPO1!,2646.0,2674.0,2621.0,2666.0,24219.0
2016-06-06 10:00:00,MYX:FCPO1!,2650.0,2666.0,2643.0,2660.0,22328.0
2016-06-06 21:00:00,MYX:FCPO1!,2670.0,2677.0,2597.0,2599.0,32322.0
2016-06-07 21:00:00,MYX:FCPO1!,2607.0,2607.0,2575.0,2589.0,26251.0
2016-06-08 21:00:00,MYX:FCPO1!,2607.0,2613.0,2580.0,2587.0,19856.0
2016-06-09 21:00:00,MYX:FCPO1!,2591.0,2605.0,2576.0,2580.0,18524.0
2016-06-13 10:00:00,MYX:FCPO1!,2591.0,2593.0,2524.0,2528.0,21915.0
2016-06-13 21:00:00,MYX:FCPO1!,2511.0,2518.0,2478.0,2481.0,23750.0
2016-06-14 21:00:00,MYX:FCPO1!,2485.0,2502.0,2437.0,2468.0,26263.0
2016-06-15 21:00:00,MYX:FCPO1!,2439.0,2439.0,2412.0,2415.0,25083.0
2016-06-16 21:00:00,MYX:FCPO1!,2411.0,2458.0,2411.0,2450.0,22957.0
2016-06-20 10:00:00,MYX:FCPO1!,2446.0,2455.0,2397.0,2400.0,25173.0
2016-06-20 21:00:00,MYX:FCPO1!,2410.0,2423.0,2370.0,2374.0,23755.0
2016-06-22 21:00:00,MYX:FCPO1!,2378.0,2417.0,2351.0,2384.0,31623.0
2016-06-23 21:00:00,MYX:FCPO1!,2378.0,2412.0,2366.0,2379.0,29933.0
2016-06-27 10:00:00,MYX:FCPO1!,2390.0,2408.0,2355.0,2379.0,21581.0
2016-06-27 21:00:00,MYX:FCPO1!,2389.0,2396.0,2368.0,2378.0,20441.0
2016-06-28 21:00:00,MYX:FCPO1!,2362.0,2365.0,2317.0,2323.0,24239.0
2016-06-29 21:00:00,MYX:FCPO1!,2335.0,2379.0,2319.0,2353.0,26205.0
2016-06-30 21:00:00,MYX:FCPO1!,2379.0,2379.0,2334.0,2359.0,18637.0
2016-07-04 10:00:00,MYX:FCPO1!,2395.0,2404.0,2380.0,2401.0,16936.0
2016-07-04 21:00:00,MYX:FCPO1!,2382.0,2383.0,2350.0,2355.0,9649.0
2016-07-07 21:00:00,MYX:FCPO1!,2265.0,2280.0,2223.0,2241.0,25690.0
2016-07-11 10:00:00,MYX:FCPO1!,2250.0,2259.0,2217.0,2240.0,20601.0
2016-07-11 21:00:00,MYX:FCPO1!,2237.0,2250.0,2186.0,2188.0,22770.0
2016-07-12 21:00:00,MYX:FCPO1!,2213.0,2241.0,2210.0,2222.0,23674.0
2016-07-13 21:00:00,MYX:FCPO1!,2210.0,2272.0,2192.0,2249.0,24845.0
2016-07-14 21:00:00,MYX:FCPO1!,2226.0,2299.0,2224.0,2278.0,22152.0
2016-07-18 10:00:00,MYX:FCPO1!,2287.0,2294.0,2271.0,2278.0,15968.0
2016-07-18 21:00:00,MYX:FCPO1!,2280.0,2308.0,2256.0,2303.0,21638.0
2016-07-19 21:00:00,MYX:FCPO1!,2297.0,2354.0,2290.0,2347.0,22199.0
2016-07-20 21:00:00,MYX:FCPO1!,2345.0,2368.0,2336.0,2353.0,20772.0
2016-07-21 21:00:00,MYX:FCPO1!,2340.0,2347.0,2312.0,2320.0,17553.0
2016-07-25 10:00:00,MYX:FCPO1!,2311.0,2315.0,2268.0,2270.0,19464.0
2016-07-25 21:00:00,MYX:FCPO1!,2255.0,2325.0,2253.0,2309.0,21883.0
2016-07-26 21:00:00,MYX:FCPO1!,2319.0,2338.0,2288.0,2318.0,20513.0
2016-07-27 21:00:00,MYX:FCPO1!,2311.0,2317.0,2287.0,2300.0,15012.0
2016-07-28 21:00:00,MYX:FCPO1!,2325.0,2333.0,2308.0,2316.0,17252.0
2016-08-01 10:00:00,MYX:FCPO1!,2348.0,2353.0,2325.0,2327.0,16109.0
2016-08-01 21:00:00,MYX:FCPO1!,2310.0,2348.0,2303.0,2338.0,20560.0
2016-08-02 21:00:00,MYX:FCPO1!,2347.0,2419.0,2345.0,2415.0,19717.0
2016-08-03 21:00:00,MYX:FCPO1!,2412.0,2454.0,2398.0,2444.0,23959.0
2016-08-04 21:00:00,MYX:FCPO1!,2436.0,2436.0,2401.0,2407.0,17843.0
2016-08-08 10:00:00,MYX:FCPO1!,2423.0,2448.0,2409.0,2439.0,19062.0
2016-08-08 21:00:00,MYX:FCPO1!,2446.0,2490.0,2443.0,2466.0,18332.0
2016-08-09 21:00:00,MYX:FCPO1!,2455.0,2512.0,2437.0,2500.0,31396.0
2016-08-10 21:00:00,MYX:FCPO1!,2491.0,2493.0,2441.0,2484.0,30266.0
2016-08-11 21:00:00,MYX:FCPO1!,2489.0,2551.0,2475.0,2525.0,33508.0
2016-08-15 10:00:00,MYX:FCPO1!,2571.0,2633.0,2563.0,2622.0,25475.0
2016-08-15 21:00:00,MYX:FCPO1!,2583.0,2584.0,2530.0,2539.0,26604.0
2016-08-16 21:00:00,MYX:FCPO1!,2568.0,2668.0,2553.0,2643.0,32288.0
2016-08-17 21:00:00,MYX:FCPO1!,2637.0,2640.0,2566.0,2576.0,26113.0
2016-08-18 21:00:00,MYX:FCPO1!,2585.0,2625.0,2575.0,2578.0,25780.0
2016-08-22 10:00:00,MYX:FCPO1!,2597.0,2606.0,2530.0,2543.0,25252.0
2016-08-22 21:00:00,MYX:FCPO1!,2526.0,2581.0,2522.0,2578.0,20558.0
2016-08-23 21:00:00,MYX:FCPO1!,2590.0,2623.0,2584.0,2600.0,19962.0
2016-08-24 21:00:00,MYX:FCPO1!,2556.0,2574.0,2538.0,2561.0,22460.0
2016-08-25 21:00:00,MYX:FCPO1!,2525.0,2567.0,2523.0,2552.0,17136.0
2016-08-29 10:00:00,MYX:FCPO1!,2560.0,2573.0,2512.0,2517.0,20767.0
2016-08-29 21:00:00,MYX:FCPO1!,2527.0,2541.0,2513.0,2526.0,16275.0
2016-08-31 21:00:00,MYX:FCPO1!,2501.0,2522.0,2487.0,2520.0,17199.0
2016-09-01 21:00:00,MYX:FCPO1!,2543.0,2598.0,2538.0,2595.0,16127.0
2016-09-05 10:00:00,MYX:FCPO1!,2596.0,2658.0,2596.0,2644.0,25089.0
2016-09-05 21:00:00,MYX:FCPO1!,2650.0,2662.0,2628.0,2629.0,21839.0
2016-09-06 21:00:00,MYX:FCPO1!,2626.0,2628.0,2594.0,2598.0,20368.0
2016-09-07 21:00:00,MYX:FCPO1!,2608.0,2623.0,2588.0,2609.0,15969.0
2016-09-08 21:00:00,MYX:FCPO1!,2629.0,2656.0,2620.0,2640.0,15940.0
2016-09-12 21:00:00,MYX:FCPO1!,2616.0,2645.0,2589.0,2592.0,27843.0
2016-09-13 21:00:00,MYX:FCPO1!,2568.0,2576.0,2547.0,2564.0,29197.0
2016-09-14 21:00:00,MYX:FCPO1!,2553.0,2610.0,2553.0,2594.0,22412.0
2016-09-19 10:00:00,MYX:FCPO1!,2578.0,2654.0,2567.0,2642.0,26091.0
2016-09-19 21:00:00,MYX:FCPO1!,2680.0,2725.0,2677.0,2693.0,23768.0
2016-09-20 21:00:00,MYX:FCPO1!,2718.0,2728.0,2675.0,2677.0,23886.0
2016-09-21 21:00:00,MYX:FCPO1!,2696.0,2729.0,2658.0,2725.0,26520.0
2016-09-22 21:00:00,MYX:FCPO1!,2720.0,2728.0,2673.0,2676.0,24333.0
2016-09-26 10:00:00,MYX:FCPO1!,2699.0,2737.0,2690.0,2715.0,22350.0
2016-09-26 21:00:00,MYX:FCPO1!,2700.0,2705.0,2657.0,2663.0,18190.0
2016-09-27 21:00:00,MYX:FCPO1!,2666.0,2676.0,2596.0,2605.0,29930.0
2016-09-28 21:00:00,MYX:FCPO1!,2617.0,2631.0,2581.0,2616.0,25747.0
2016-09-29 21:00:00,MYX:FCPO1!,2606.0,2643.0,2603.0,2636.0,18616.0
2016-10-03 21:00:00,MYX:FCPO1!,2606.0,2620.0,2577.0,2600.0,28833.0
2016-10-04 21:00:00,MYX:FCPO1!,2600.0,2610.0,2554.0,2556.0,27838.0
2016-10-05 21:00:00,MYX:FCPO1!,2552.0,2582.0,2538.0,2579.0,25669.0
2016-10-06 21:00:00,MYX:FCPO1!,2600.0,2609.0,2559.0,2561.0,23676.0
2016-10-10 10:00:00,MYX:FCPO1!,2568.0,2580.0,2539.0,2542.0,21930.0
2016-10-10 21:00:00,MYX:FCPO1!,2573.0,2615.0,2560.0,2611.0,27623.0
2016-10-11 21:00:00,MYX:FCPO1!,2607.0,2661.0,2605.0,2653.0,22027.0
2016-10-12 21:00:00,MYX:FCPO1!,2649.0,2659.0,2606.0,2618.0,21884.0
2016-10-13 21:00:00,MYX:FCPO1!,2634.0,2683.0,2614.0,2660.0,26902.0
2016-10-17 10:00:00,MYX:FCPO1!,2736.0,2778.0,2732.0,2768.0,21420.0
2016-10-17 21:00:00,MYX:FCPO1!,2788.0,2800.0,2712.0,2714.0,31663.0
2016-10-18 21:00:00,MYX:FCPO1!,2729.0,2752.0,2707.0,2732.0,27940.0
2016-10-19 21:00:00,MYX:FCPO1!,2741.0,2756.0,2699.0,2718.0,25267.0
2016-10-20 21:00:00,MYX:FCPO1!,2700.0,2735.0,2691.0,2724.0,25888.0
2016-10-24 10:00:00,MYX:FCPO1!,2739.0,2828.0,2731.0,2822.0,24977.0
2016-10-24 21:00:00,MYX:FCPO1!,2812.0,2822.0,2756.0,2760.0,25668.0
2016-10-25 21:00:00,MYX:FCPO1!,2774.0,2806.0,2768.0,2796.0,22003.0
2016-10-26 21:00:00,MYX:FCPO1!,2802.0,2820.0,2765.0,2786.0,31110.0
2016-10-27 21:00:00,MYX:FCPO1!,2778.0,2807.0,2767.0,2788.0,18705.0
2016-10-31 10:00:00,MYX:FCPO1!,2780.0,2787.0,2756.0,2763.0,19026.0
2016-10-31 21:00:00,MYX:FCPO1!,2783.0,2792.0,2730.0,2732.0,19353.0
2016-11-01 21:00:00,MYX:FCPO1!,2720.0,2764.0,2712.0,2758.0,24909.0
2016-11-02 21:00:00,MYX:FCPO1!,2749.0,2776.0,2739.0,2774.0,27532.0
2016-11-03 21:00:00,MYX:FCPO1!,2761.0,2776.0,2734.0,2736.0,18369.0
2016-11-07 10:00:00,MYX:FCPO1!,2746.0,2794.0,2746.0,2789.0,22052.0
2016-11-07 21:00:00,MYX:FCPO1!,2775.0,2863.0,2765.0,2843.0,25321.0
2016-11-08 21:00:00,MYX:FCPO1!,2818.0,2860.0,2805.0,2845.0,23298.0
2016-11-09 21:00:00,MYX:FCPO1!,2818.0,2903.0,2810.0,2894.0,21731.0
2016-11-10 21:00:00,MYX:FCPO1!,2963.0,3089.0,2963.0,2974.0,31377.0
2016-11-14 10:00:00,MYX:FCPO1!,2917.0,2922.0,2829.0,2852.0,27420.0
2016-11-14 21:00:00,MYX:FCPO1!,2880.0,2900.0,2817.0,2824.0,26297.0
2016-11-15 21:00:00,MYX:FCPO1!,2838.0,2885.0,2832.0,2855.0,25459.0
2016-11-16 21:00:00,MYX:FCPO1!,2851.0,2907.0,2847.0,2876.0,27696.0
2016-11-17 21:00:00,MYX:FCPO1!,2856.0,2876.0,2843.0,2869.0,23243.0
2016-11-21 10:00:00,MYX:FCPO1!,2908.0,2931.0,2897.0,2919.0,23477.0
2016-11-21 21:00:00,MYX:FCPO1!,2919.0,2944.0,2919.0,2928.0,14325.0
2016-11-22 21:00:00,MYX:FCPO1!,2934.0,2961.0,2933.0,2954.0,13744.0
2016-11-23 21:00:00,MYX:FCPO1!,3090.0,3098.0,2983.0,3004.0,20343.0
2016-11-24 21:00:00,MYX:FCPO1!,2998.0,3046.0,2991.0,3032.0,20066.0
2016-11-28 10:00:00,MYX:FCPO1!,3047.0,3079.0,3032.0,3077.0,19556.0
2016-11-28 21:00:00,MYX:FCPO1!,3061.0,3072.0,3032.0,3050.0,16398.0
2016-11-29 21:00:00,MYX:FCPO1!,3067.0,3083.0,3017.0,3073.0,25316.0
2016-11-30 21:00:00,MYX:FCPO1!,3075.0,3091.0,3046.0,3079.0,20962.0
2016-12-01 21:00:00,MYX:FCPO1!,3106.0,3106.0,3069.0,3076.0,23721.0
2016-12-05 10:00:00,MYX:FCPO1!,3081.0,3148.0,3076.0,3135.0,21372.0
2016-12-05 21:00:00,MYX:FCPO1!,3118.0,3185.0,3105.0,3183.0,21248.0
2016-12-06 21:00:00,MYX:FCPO1!,3165.0,3188.0,3138.0,3142.0,26025.0
2016-12-07 21:00:00,MYX:FCPO1!,3112.0,3129.0,3108.0,3113.0,12972.0
2016-12-08 21:00:00,MYX:FCPO1!,3078.0,3106.0,3056.0,3069.0,21398.0
2016-12-12 21:00:00,MYX:FCPO1!,3073.0,3102.0,3051.0,3098.0,15697.0
2016-12-13 21:00:00,MYX:FCPO1!,3082.0,3141.0,3079.0,3125.0,15553.0
2016-12-14 21:00:00,MYX:FCPO1!,3135.0,3193.0,3131.0,3185.0,20356.0
2016-12-15 21:00:00,MYX:FCPO1!,3190.0,3202.0,3151.0,3161.0,24813.0
2016-12-19 10:00:00,MYX:FCPO1!,3191.0,3202.0,3139.0,3142.0,17725.0
2016-12-19 21:00:00,MYX:FCPO1!,3115.0,3126.0,3092.0,3093.0,21057.0
2016-12-20 21:00:00,MYX:FCPO1!,3093.0,3131.0,3082.0,3114.0,17612.0
2016-12-21 21:00:00,MYX:FCPO1!,3096.0,3124.0,3070.0,3076.0,17592.0
2016-12-22 21:00:00,MYX:FCPO1!,3013.0,3061.0,3013.0,3060.0,17131.0
2016-12-26 21:00:00,MYX:FCPO1!,3065.0,3134.0,3065.0,3128.0,16077.0
2016-12-27 21:00:00,MYX:FCPO1!,3124.0,3153.0,3121.0,3130.0,19364.0
2016-12-28 21:00:00,MYX:FCPO1!,3115.0,3128.0,3084.0,3106.0,20676.0
2016-12-29 21:00:00,MYX:FCPO1!,3095.0,3121.0,3088.0,3109.0,14300.0
2017-01-02 21:00:00,MYX:FCPO1!,3133.0,3172.0,3133.0,3163.0,18668.0
2017-01-03 21:00:00,MYX:FCPO1!,3138.0,3153.0,3130.0,3141.0,14456.0
2017-01-04 21:00:00,MYX:FCPO1!,3164.0,3164.0,3094.0,3096.0,19610.0
2017-01-05 21:00:00,MYX:FCPO1!,3100.0,3100.0,3028.0,3075.0,29823.0
2017-01-09 10:00:00,MYX:FCPO1!,3080.0,3121.0,3079.0,3112.0,18748.0
2017-01-09 21:00:00,MYX:FCPO1!,3116.0,3144.0,3080.0,3082.0,25913.0
2017-01-10 21:00:00,MYX:FCPO1!,3095.0,3140.0,3093.0,3133.0,29033.0
2017-01-11 21:00:00,MYX:FCPO1!,3132.0,3133.0,3103.0,3116.0,25175.0
2017-01-12 21:00:00,MYX:FCPO1!,3130.0,3150.0,3108.0,3120.0,23117.0
2017-01-16 10:00:00,MYX:FCPO1!,3062.0,3111.0,3062.0,3110.0,20216.0
2017-01-16 21:00:00,MYX:FCPO1!,3113.0,3160.0,3110.0,3159.0,18565.0
2017-01-17 21:00:00,MYX:FCPO1!,3145.0,3175.0,3141.0,3150.0,20693.0
2017-01-18 21:00:00,MYX:FCPO1!,3157.0,3171.0,3130.0,3131.0,21405.0
2017-01-19 21:00:00,MYX:FCPO1!,3107.0,3130.0,3095.0,3101.0,16700.0
2017-01-23 10:00:00,MYX:FCPO1!,3114.0,3115.0,3089.0,3096.0,12333.0
2017-01-23 21:00:00,MYX:FCPO1!,3120.0,3163.0,3113.0,3149.0,21778.0
2017-01-24 21:00:00,MYX:FCPO1!,3131.0,3150.0,3106.0,3125.0,18204.0
2017-01-25 21:00:00,MYX:FCPO1!,3109.0,3119.0,3084.0,3087.0,23646.0
2017-01-26 21:00:00,MYX:FCPO1!,3052.0,3073.0,3051.0,3070.0,7113.0
2017-01-30 21:00:00,MYX:FCPO1!,3030.0,3037.0,3014.0,3029.0,20335.0
2017-02-01 21:00:00,MYX:FCPO1!,3069.0,3085.0,3058.0,3072.0,25586.0
2017-02-02 21:00:00,MYX:FCPO1!,3054.0,3072.0,3045.0,3055.0,21290.0
2017-02-06 10:00:00,MYX:FCPO1!,3037.0,3070.0,3032.0,3068.0,17787.0
2017-02-06 21:00:00,MYX:FCPO1!,3090.0,3094.0,3057.0,3082.0,25147.0
2017-02-07 21:00:00,MYX:FCPO1!,3101.0,3127.0,3095.0,3098.0,21443.0
2017-02-09 21:00:00,MYX:FCPO1!,3120.0,3135.0,3068.0,3071.0,23351.0
2017-02-13 10:00:00,MYX:FCPO1!,3087.0,3093.0,3019.0,3036.0,27606.0
2017-02-13 21:00:00,MYX:FCPO1!,3020.0,3058.0,3011.0,3049.0,24833.0
2017-02-14 21:00:00,MYX:FCPO1!,3057.0,3075.0,3051.0,3067.0,18209.0
2017-02-15 21:00:00,MYX:FCPO1!,2976.0,2986.0,2925.0,2929.0,29705.0
2017-02-16 21:00:00,MYX:FCPO1!,2901.0,2908.0,2851.0,2859.0,32386.0
2017-02-20 10:00:00,MYX:FCPO1!,2860.0,2882.0,2827.0,2831.0,33237.0
2017-02-20 21:00:00,MYX:FCPO1!,2854.0,2860.0,2777.0,2783.0,34470.0
2017-02-21 21:00:00,MYX:FCPO1!,2792.0,2812.0,2763.0,2809.0,42390.0
2017-02-22 21:00:00,MYX:FCPO1!,2806.0,2810.0,2743.0,2782.0,44068.0
2017-02-23 21:00:00,MYX:FCPO1!,2770.0,2808.0,2763.0,2806.0,31650.0
2017-02-27 10:00:00,MYX:FCPO1!,2815.0,2815.0,2751.0,2754.0,26699.0
2017-02-27 21:00:00,MYX:FCPO1!,2758.0,2773.0,2723.0,2770.0,35810.0
2017-02-28 21:00:00,MYX:FCPO1!,2818.0,2835.0,2783.0,2831.0,33456.0
2017-03-01 21:00:00,MYX:FCPO1!,2815.0,2864.0,2812.0,2862.0,26924.0
2017-03-02 21:00:00,MYX:FCPO1!,2851.0,2869.0,2833.0,2863.0,23403.0
2017-03-06 10:00:00,MYX:FCPO1!,2874.0,2898.0,2872.0,2893.0,19525.0
2017-03-06 21:00:00,MYX:FCPO1!,2872.0,2875.0,2841.0,2859.0,14764.0
2017-03-07 21:00:00,MYX:FCPO1!,2831.0,2880.0,2821.0,2875.0,20675.0
2017-03-08 21:00:00,MYX:FCPO1!,2853.0,2872.0,2826.0,2839.0,29313.0
2017-03-09 21:00:00,MYX:FCPO1!,2800.0,2810.0,2769.0,2771.0,23715.0
2017-03-13 10:00:00,MYX:FCPO1!,2770.0,2806.0,2717.0,2723.0,30785.0
2017-03-13 21:00:00,MYX:FCPO1!,2711.0,2765.0,2697.0,2752.0,31290.0
2017-03-14 21:00:00,MYX:FCPO1!,2773.0,2822.0,2756.0,2817.0,25592.0
2017-03-15 21:00:00,MYX:FCPO1!,2745.0,2807.0,2727.0,2796.0,32495.0
2017-03-16 21:00:00,MYX:FCPO1!,2778.0,2809.0,2769.0,2803.0,17632.0
2017-03-20 10:00:00,MYX:FCPO1!,2798.0,2812.0,2772.0,2780.0,27627.0
2017-03-20 21:00:00,MYX:FCPO1!,2778.0,2811.0,2754.0,2809.0,26603.0
2017-03-21 21:00:00,MYX:FCPO1!,2825.0,2839.0,2797.0,2829.0,21970.0
2017-03-22 21:00:00,MYX:FCPO1!,2833.0,2834.0,2763.0,2771.0,27456.0
2017-03-23 21:00:00,MYX:FCPO1!,2759.0,2768.0,2742.0,2754.0,19871.0
2017-03-27 10:00:00,MYX:FCPO1!,2715.0,2715.0,2685.0,2695.0,21961.0
2017-03-27 21:00:00,MYX:FCPO1!,2709.0,2731.0,2699.0,2707.0,24328.0
2017-03-28 21:00:00,MYX:FCPO1!,2724.0,2734.0,2706.0,2721.0,23909.0
2017-03-29 21:00:00,MYX:FCPO1!,2700.0,2705.0,2656.0,2659.0,21632.0
2017-03-30 21:00:00,MYX:FCPO1!,2676.0,2690.0,2645.0,2646.0,22414.0
2017-04-03 10:00:00,MYX:FCPO1!,2660.0,2668.0,2643.0,2662.0,15668.0
2017-04-03 21:00:00,MYX:FCPO1!,2647.0,2657.0,2627.0,2631.0,20241.0
2017-04-04 21:00:00,MYX:FCPO1!,2640.0,2717.0,2636.0,2714.0,27082.0
2017-04-05 21:00:00,MYX:FCPO1!,2703.0,2716.0,2694.0,2708.0,18022.0
2017-04-06 21:00:00,MYX:FCPO1!,2685.0,2697.0,2638.0,2660.0,24184.0
2017-04-10 10:00:00,MYX:FCPO1!,2680.0,2681.0,2592.0,2593.0,27039.0
2017-04-10 21:00:00,MYX:FCPO1!,2602.0,2630.0,2580.0,2612.0,27158.0
2017-04-11 21:00:00,MYX:FCPO1!,2611.0,2619.0,2568.0,2589.0,22883.0
2017-04-12 21:00:00,MYX:FCPO1!,2605.0,2616.0,2563.0,2566.0,27157.0
2017-04-13 21:00:00,MYX:FCPO1!,2555.0,2569.0,2543.0,2554.0,15955.0
2017-04-17 10:00:00,MYX:FCPO1!,2523.0,2533.0,2486.0,2498.0,25259.0
2017-04-17 21:00:00,MYX:FCPO1!,2514.0,2517.0,2468.0,2473.0,27717.0
2017-04-18 21:00:00,MYX:FCPO1!,2458.0,2482.0,2450.0,2465.0,29217.0
2017-04-19 21:00:00,MYX:FCPO1!,2477.0,2505.0,2474.0,2504.0,30260.0
2017-04-20 21:00:00,MYX:FCPO1!,2496.0,2535.0,2492.0,2530.0,26506.0
2017-04-24 21:00:00,MYX:FCPO1!,2495.0,2501.0,2458.0,2486.0,24973.0
2017-04-25 21:00:00,MYX:FCPO1!,2486.0,2517.0,2476.0,2514.0,29236.0
2017-04-26 21:00:00,MYX:FCPO1!,2525.0,2545.0,2496.0,2506.0,21970.0
2017-04-27 21:00:00,MYX:FCPO1!,2500.0,2523.0,2485.0,2508.0,18959.0
2017-05-01 21:00:00,MYX:FCPO1!,2535.0,2556.0,2520.0,2548.0,18386.0
2017-05-02 21:00:00,MYX:FCPO1!,2549.0,2551.0,2518.0,2522.0,18683.0
2017-05-03 21:00:00,MYX:FCPO1!,2518.0,2543.0,2511.0,2536.0,14614.0
2017-05-04 21:00:00,MYX:FCPO1!,2537.0,2581.0,2526.0,2578.0,19802.0
2017-05-08 10:00:00,MYX:FCPO1!,2597.0,2627.0,2583.0,2598.0,25130.0
2017-05-08 21:00:00,MYX:FCPO1!,2602.0,2637.0,2593.0,2628.0,20779.0
2017-05-10 21:00:00,MYX:FCPO1!,2611.0,2675.0,2605.0,2672.0,21415.0
2017-05-11 21:00:00,MYX:FCPO1!,2667.0,2678.0,2639.0,2651.0,20849.0
2017-05-15 10:00:00,MYX:FCPO1!,2680.0,2688.0,2653.0,2684.0,27573.0
2017-05-15 21:00:00,MYX:FCPO1!,2612.0,2612.0,2583.0,2610.0,22242.0
2017-05-16 21:00:00,MYX:FCPO1!,2603.0,2646.0,2598.0,2643.0,25279.0
2017-05-17 21:00:00,MYX:FCPO1!,2626.0,2642.0,2611.0,2626.0,26313.0
2017-05-18 21:00:00,MYX:FCPO1!,2631.0,2642.0,2597.0,2635.0,27923.0
2017-05-22 10:00:00,MYX:FCPO1!,2664.0,2681.0,2654.0,2659.0,16471.0
2017-05-22 21:00:00,MYX:FCPO1!,2658.0,2666.0,2611.0,2617.0,20845.0
2017-05-23 21:00:00,MYX:FCPO1!,2592.0,2604.0,2579.0,2580.0,24769.0
2017-05-24 21:00:00,MYX:FCPO1!,2580.0,2611.0,2566.0,2607.0,20006.0
2017-05-25 21:00:00,MYX:FCPO1!,2584.0,2587.0,2550.0,2555.0,18888.0
2017-05-29 10:00:00,MYX:FCPO1!,2545.0,2549.0,2509.0,2516.0,14015.0
2017-05-29 21:00:00,MYX:FCPO1!,2516.0,2532.0,2475.0,2504.0,21997.0
2017-05-30 21:00:00,MYX:FCPO1!,2495.0,2518.0,2469.0,2499.0,28498.0
2017-05-31 21:00:00,MYX:FCPO1!,2497.0,2529.0,2488.0,2513.0,23464.0
2017-06-01 21:00:00,MYX:FCPO1!,2513.0,2540.0,2495.0,2497.0,19060.0
2017-06-05 10:00:00,MYX:FCPO1!,2512.0,2524.0,2487.0,2499.0,15181.0
2017-06-05 21:00:00,MYX:FCPO1!,2502.0,2512.0,2474.0,2499.0,22051.0
2017-06-06 21:00:00,MYX:FCPO1!,2502.0,2502.0,2452.0,2455.0,22008.0
2017-06-07 21:00:00,MYX:FCPO1!,2459.0,2469.0,2436.0,2444.0,17576.0
2017-06-08 21:00:00,MYX:FCPO1!,2465.0,2473.0,2447.0,2457.0,19550.0
2017-06-12 21:00:00,MYX:FCPO1!,2463.0,2478.0,2425.0,2432.0,23712.0
2017-06-13 21:00:00,MYX:FCPO1!,2440.0,2459.0,2426.0,2456.0,20451.0
2017-06-14 21:00:00,MYX:FCPO1!,2453.0,2500.0,2440.0,2498.0,21670.0
2017-06-15 21:00:00,MYX:FCPO1!,2480.0,2492.0,2466.0,2484.0,15672.0
2017-06-19 10:00:00,MYX:FCPO1!,2499.0,2515.0,2484.0,2488.0,19811.0
2017-06-19 21:00:00,MYX:FCPO1!,2476.0,2485.0,2451.0,2466.0,19785.0
2017-06-20 21:00:00,MYX:FCPO1!,2435.0,2450.0,2430.0,2442.0,18486.0
2017-06-21 21:00:00,MYX:FCPO1!,2433.0,2448.0,2426.0,2447.0,12801.0
2017-06-22 21:00:00,MYX:FCPO1!,2439.0,2451.0,2429.0,2442.0,11823.0
2017-06-27 21:00:00,MYX:FCPO1!,2454.0,2464.0,2428.0,2440.0,21241.0
2017-06-28 21:00:00,MYX:FCPO1!,2456.0,2472.0,2447.0,2469.0,12665.0
2017-06-29 21:00:00,MYX:FCPO1!,2475.0,2494.0,2453.0,2459.0,17422.0
2017-07-03 10:00:00,MYX:FCPO1!,2496.0,2504.0,2487.0,2503.0,17223.0
2017-07-03 21:00:00,MYX:FCPO1!,2483.0,2511.0,2475.0,2508.0,16224.0
2017-07-04 21:00:00,MYX:FCPO1!,2514.0,2542.0,2504.0,2538.0,13754.0
2017-07-05 21:00:00,MYX:FCPO1!,2540.0,2563.0,2540.0,2561.0,17158.0
2017-07-06 21:00:00,MYX:FCPO1!,2551.0,2575.0,2540.0,2554.0,19310.0
2017-07-10 10:00:00,MYX:FCPO1!,2576.0,2598.0,2574.0,2593.0,20461.0
2017-07-10 21:00:00,MYX:FCPO1!,2614.0,2614.0,2580.0,2583.0,17929.0
2017-07-11 21:00:00,MYX:FCPO1!,2592.0,2602.0,2573.0,2581.0,15877.0
2017-07-12 21:00:00,MYX:FCPO1!,2570.0,2570.0,2553.0,2557.0,16950.0
2017-07-13 21:00:00,MYX:FCPO1!,2540.0,2573.0,2532.0,2568.0,24928.0
2017-07-17 10:00:00,MYX:FCPO1!,2560.0,2571.0,2536.0,2537.0,15208.0
2017-07-17 21:00:00,MYX:FCPO1!,2546.0,2553.0,2508.0,2513.0,13533.0
2017-07-18 21:00:00,MYX:FCPO1!,2505.0,2530.0,2494.0,2525.0,14689.0
2017-07-19 21:00:00,MYX:FCPO1!,2543.0,2578.0,2537.0,2576.0,15803.0
2017-07-20 21:00:00,MYX:FCPO1!,2585.0,2589.0,2562.0,2573.0,14316.0
2017-07-24 10:00:00,MYX:FCPO1!,2550.0,2556.0,2542.0,2553.0,13185.0
2017-07-24 21:00:00,MYX:FCPO1!,2570.0,2631.0,2565.0,2626.0,25817.0
2017-07-25 21:00:00,MYX:FCPO1!,2610.0,2637.0,2599.0,2629.0,24959.0
2017-07-26 21:00:00,MYX:FCPO1!,2637.0,2692.0,2636.0,2677.0,24825.0
2017-07-27 21:00:00,MYX:FCPO1!,2665.0,2666.0,2637.0,2655.0,18502.0
2017-07-31 10:00:00,MYX:FCPO1!,2689.0,2705.0,2673.0,2675.0,15240.0
2017-07-31 21:00:00,MYX:FCPO1!,2680.0,2690.0,2652.0,2654.0,18067.0
2017-08-01 21:00:00,MYX:FCPO1!,2630.0,2644.0,2617.0,2642.0,22818.0
2017-08-02 21:00:00,MYX:FCPO1!,2630.0,2640.0,2602.0,2604.0,19564.0
2017-08-03 21:00:00,MYX:FCPO1!,2604.0,2627.0,2598.0,2608.0,16781.0
2017-08-07 10:00:00,MYX:FCPO1!,2614.0,2620.0,2572.0,2574.0,22739.0
2017-08-07 21:00:00,MYX:FCPO1!,2589.0,2630.0,2585.0,2629.0,18911.0
2017-08-08 21:00:00,MYX:FCPO1!,2640.0,2654.0,2627.0,2630.0,16751.0
2017-08-09 21:00:00,MYX:FCPO1!,2641.0,2672.0,2634.0,2663.0,22487.0
2017-08-10 21:00:00,MYX:FCPO1!,2636.0,2685.0,2623.0,2682.0,28218.0
2017-08-14 10:00:00,MYX:FCPO1!,2666.0,2696.0,2661.0,2665.0,15704.0
2017-08-14 21:00:00,MYX:FCPO1!,2668.0,2671.0,2631.0,2633.0,21031.0
2017-08-15 21:00:00,MYX:FCPO1!,2619.0,2641.0,2608.0,2637.0,24348.0
2017-08-16 21:00:00,MYX:FCPO1!,2647.0,2665.0,2638.0,2658.0,23361.0
2017-08-17 21:00:00,MYX:FCPO1!,2661.0,2685.0,2644.0,2681.0,25443.0
2017-08-21 10:00:00,MYX:FCPO1!,2688.0,2720.0,2672.0,2711.0,31850.0
2017-08-21 21:00:00,MYX:FCPO1!,2721.0,2771.0,2721.0,2737.0,30762.0
2017-08-22 21:00:00,MYX:FCPO1!,2740.0,2752.0,2715.0,2738.0,36735.0
2017-08-23 21:00:00,MYX:FCPO1!,2733.0,2782.0,2730.0,2777.0,27012.0
2017-08-24 21:00:00,MYX:FCPO1!,2760.0,2763.0,2738.0,2750.0,25628.0
2017-08-28 10:00:00,MYX:FCPO1!,2762.0,2766.0,2726.0,2738.0,18562.0
2017-08-28 21:00:00,MYX:FCPO1!,2726.0,2735.0,2711.0,2713.0,16925.0
2017-08-29 21:00:00,MYX:FCPO1!,2724.0,2728.0,2703.0,2706.0,17966.0
2017-09-04 21:00:00,MYX:FCPO1!,2736.0,2769.0,2731.0,2767.0,23504.0
2017-09-05 21:00:00,MYX:FCPO1!,2756.0,2775.0,2740.0,2744.0,23972.0
2017-09-06 21:00:00,MYX:FCPO1!,2729.0,2796.0,2716.0,2782.0,27958.0
2017-09-07 21:00:00,MYX:FCPO1!,2766.0,2792.0,2748.0,2762.0,28788.0
2017-09-11 10:00:00,MYX:FCPO1!,2760.0,2815.0,2758.0,2802.0,24244.0
2017-09-11 21:00:00,MYX:FCPO1!,2802.0,2836.0,2791.0,2829.0,31172.0
2017-09-12 21:00:00,MYX:FCPO1!,2839.0,2876.0,2828.0,2873.0,22264.0
2017-09-13 21:00:00,MYX:FCPO1!,2884.0,2896.0,2861.0,2867.0,23915.0
2017-09-14 21:00:00,MYX:FCPO1!,2853.0,2885.0,2835.0,2861.0,29365.0
2017-09-18 10:00:00,MYX:FCPO1!,2827.0,2832.0,2803.0,2805.0,19938.0
2017-09-18 21:00:00,MYX:FCPO1!,2817.0,2822.0,2766.0,2767.0,27382.0
2017-09-19 21:00:00,MYX:FCPO1!,2783.0,2787.0,2761.0,2770.0,27728.0
2017-09-20 21:00:00,MYX:FCPO1!,2780.0,2783.0,2736.0,2737.0,24734.0
2017-09-25 10:00:00,MYX:FCPO1!,2699.0,2715.0,2685.0,2691.0,22746.0
2017-09-25 21:00:00,MYX:FCPO1!,2699.0,2751.0,2699.0,2749.0,25729.0
2017-09-26 21:00:00,MYX:FCPO1!,2722.0,2770.0,2718.0,2747.0,23279.0
2017-09-27 21:00:00,MYX:FCPO1!,2709.0,2720.0,2693.0,2705.0,27268.0
2017-09-28 21:00:00,MYX:FCPO1!,2698.0,2704.0,2686.0,2695.0,21337.0
2017-10-02 10:00:00,MYX:FCPO1!,2689.0,2703.0,2655.0,2666.0,18206.0
2017-10-02 21:00:00,MYX:FCPO1!,2663.0,2689.0,2653.0,2683.0,14544.0
2017-10-03 21:00:00,MYX:FCPO1!,2693.0,2724.0,2688.0,2715.0,18408.0
2017-10-04 21:00:00,MYX:FCPO1!,2736.0,2746.0,2708.0,2720.0,19452.0
2017-10-05 21:00:00,MYX:FCPO1!,2710.0,2732.0,2706.0,2730.0,20418.0
2017-10-09 10:00:00,MYX:FCPO1!,2744.0,2746.0,2721.0,2735.0,20983.0
2017-10-09 21:00:00,MYX:FCPO1!,2738.0,2739.0,2686.0,2694.0,21144.0
2017-10-10 21:00:00,MYX:FCPO1!,2692.0,2706.0,2677.0,2696.0,17127.0
2017-10-11 21:00:00,MYX:FCPO1!,2711.0,2726.0,2703.0,2711.0,18708.0
2017-10-12 21:00:00,MYX:FCPO1!,2716.0,2751.0,2690.0,2749.0,20962.0
2017-10-16 10:00:00,MYX:FCPO1!,2760.0,2766.0,2747.0,2762.0,16930.0
2017-10-16 21:00:00,MYX:FCPO1!,2760.0,2769.0,2738.0,2741.0,23578.0
2017-10-18 21:00:00,MYX:FCPO1!,2741.0,2744.0,2704.0,2723.0,19528.0
2017-10-19 21:00:00,MYX:FCPO1!,2739.0,2745.0,2721.0,2741.0,21670.0
2017-10-23 10:00:00,MYX:FCPO1!,2746.0,2790.0,2742.0,2787.0,24270.0
2017-10-23 21:00:00,MYX:FCPO1!,2793.0,2808.0,2771.0,2777.0,23179.0
2017-10-24 21:00:00,MYX:FCPO1!,2780.0,2808.0,2761.0,2805.0,29735.0
2017-10-25 21:00:00,MYX:FCPO1!,2800.0,2816.0,2792.0,2813.0,20953.0
2017-10-26 21:00:00,MYX:FCPO1!,2822.0,2833.0,2810.0,2817.0,24233.0
2017-10-30 10:00:00,MYX:FCPO1!,2840.0,2855.0,2833.0,2839.0,16256.0
2017-10-30 21:00:00,MYX:FCPO1!,2829.0,2830.0,2811.0,2815.0,15038.0
2017-10-31 21:00:00,MYX:FCPO1!,2827.0,2838.0,2802.0,2837.0,26258.0
2017-11-01 21:00:00,MYX:FCPO1!,2840.0,2845.0,2817.0,2821.0,18426.0
2017-11-02 21:00:00,MYX:FCPO1!,2815.0,2821.0,2793.0,2806.0,15851.0
2017-11-06 10:00:00,MYX:FCPO1!,2794.0,2803.0,2780.0,2783.0,16700.0
2017-11-06 21:00:00,MYX:FCPO1!,2805.0,2808.0,2772.0,2785.0,20242.0
2017-11-07 21:00:00,MYX:FCPO1!,2793.0,2825.0,2784.0,2820.0,22243.0
2017-11-08 21:00:00,MYX:FCPO1!,2828.0,2837.0,2805.0,2809.0,20634.0
2017-11-09 21:00:00,MYX:FCPO1!,2791.0,2799.0,2776.0,2797.0,19231.0
2017-11-13 10:00:00,MYX:FCPO1!,2788.0,2795.0,2759.0,2761.0,24418.0
2017-11-13 21:00:00,MYX:FCPO1!,2743.0,2751.0,2715.0,2717.0,19718.0
2017-11-14 21:00:00,MYX:FCPO1!,2715.0,2735.0,2709.0,2713.0,18903.0
2017-11-15 21:00:00,MYX:FCPO1!,2755.0,2758.0,2722.0,2738.0,17805.0
2017-11-16 21:00:00,MYX:FCPO1!,2728.0,2740.0,2712.0,2714.0,18951.0
2017-11-20 10:00:00,MYX:FCPO1!,2683.0,2683.0,2626.0,2628.0,24024.0
2017-11-20 21:00:00,MYX:FCPO1!,2614.0,2640.0,2586.0,2622.0,27523.0
2017-11-21 21:00:00,MYX:FCPO1!,2635.0,2649.0,2615.0,2644.0,19108.0
2017-11-22 21:00:00,MYX:FCPO1!,2633.0,2635.0,2606.0,2609.0,18687.0
2017-11-23 21:00:00,MYX:FCPO1!,2623.0,2637.0,2614.0,2630.0,14789.0
2017-11-27 10:00:00,MYX:FCPO1!,2611.0,2612.0,2565.0,2589.0,20093.0
2017-11-27 21:00:00,MYX:FCPO1!,2582.0,2604.0,2580.0,2587.0,17132.0
2017-11-28 21:00:00,MYX:FCPO1!,2587.0,2588.0,2560.0,2563.0,16482.0
2017-11-29 21:00:00,MYX:FCPO1!,2584.0,2606.0,2567.0,2603.0,18352.0
2017-12-04 10:00:00,MYX:FCPO1!,2613.0,2625.0,2583.0,2588.0,17795.0
2017-12-04 21:00:00,MYX:FCPO1!,2578.0,2582.0,2544.0,2563.0,22116.0
2017-12-05 21:00:00,MYX:FCPO1!,2564.0,2572.0,2530.0,2535.0,18225.0
2017-12-06 21:00:00,MYX:FCPO1!,2515.0,2530.0,2499.0,2502.0,16126.0
2017-12-07 21:00:00,MYX:FCPO1!,2517.0,2523.0,2477.0,2479.0,15559.0
2017-12-11 10:00:00,MYX:FCPO1!,2489.0,2495.0,2455.0,2459.0,17446.0
2017-12-11 21:00:00,MYX:FCPO1!,2478.0,2495.0,2462.0,2473.0,16303.0
2017-12-12 21:00:00,MYX:FCPO1!,2470.0,2486.0,2449.0,2458.0,15563.0
2017-12-13 21:00:00,MYX:FCPO1!,2445.0,2455.0,2418.0,2452.0,23580.0
2017-12-14 21:00:00,MYX:FCPO1!,2441.0,2525.0,2440.0,2518.0,22864.0
2017-12-18 10:00:00,MYX:FCPO1!,2552.0,2557.0,2527.0,2528.0,16900.0
2017-12-18 21:00:00,MYX:FCPO1!,2517.0,2526.0,2494.0,2521.0,20526.0
2017-12-19 21:00:00,MYX:FCPO1!,2525.0,2534.0,2496.0,2499.0,20570.0
2017-12-20 21:00:00,MYX:FCPO1!,2488.0,2490.0,2442.0,2449.0,21424.0
2017-12-21 21:00:00,MYX:FCPO1!,2441.0,2459.0,2417.0,2451.0,25222.0
2017-12-25 21:00:00,MYX:FCPO1!,2464.0,2505.0,2451.0,2500.0,11438.0
2017-12-26 21:00:00,MYX:FCPO1!,2515.0,2541.0,2503.0,2538.0,19744.0
2017-12-27 21:00:00,MYX:FCPO1!,2522.0,2533.0,2508.0,2521.0,14929.0
2017-12-28 21:00:00,MYX:FCPO1!,2499.0,2515.0,2485.0,2503.0,16575.0
2018-01-01 21:00:00,MYX:FCPO1!,2530.0,2548.0,2526.0,2532.0,17405.0
2018-01-02 21:00:00,MYX:FCPO1!,2543.0,2612.0,2538.0,2606.0,37621.0
2018-01-03 21:00:00,MYX:FCPO1!,2607.0,2611.0,2581.0,2585.0,30013.0
2018-01-04 21:00:00,MYX:FCPO1!,2594.0,2615.0,2589.0,2594.0,26955.0
2018-01-08 10:00:00,MYX:FCPO1!,2581.0,2631.0,2562.0,2625.0,19987.0
2018-01-08 21:00:00,MYX:FCPO1!,2626.0,2641.0,2593.0,2597.0,21829.0
2018-01-09 21:00:00,MYX:FCPO1!,2612.0,2626.0,2587.0,2622.0,23990.0
2018-01-10 21:00:00,MYX:FCPO1!,2612.0,2613.0,2566.0,2567.0,22864.0
2018-01-11 21:00:00,MYX:FCPO1!,2555.0,2558.0,2528.0,2536.0,18782.0
2018-01-15 10:00:00,MYX:FCPO1!,2542.0,2556.0,2518.0,2554.0,15843.0
2018-01-15 21:00:00,MYX:FCPO1!,2551.0,2553.0,2493.0,2518.0,24198.0
2018-01-16 21:00:00,MYX:FCPO1!,2510.0,2514.0,2471.0,2487.0,25084.0
2018-01-17 21:00:00,MYX:FCPO1!,2476.0,2508.0,2462.0,2476.0,22925.0
2018-01-18 21:00:00,MYX:FCPO1!,2455.0,2467.0,2433.0,2445.0,19669.0
2018-01-22 10:00:00,MYX:FCPO1!,2445.0,2479.0,2445.0,2475.0,15743.0
2018-01-22 21:00:00,MYX:FCPO1!,2463.0,2508.0,2452.0,2494.0,25314.0
2018-01-23 21:00:00,MYX:FCPO1!,2502.0,2526.0,2493.0,2521.0,20759.0
2018-01-24 21:00:00,MYX:FCPO1!,2521.0,2526.0,2491.0,2493.0,18960.0
2018-01-25 21:00:00,MYX:FCPO1!,2498.0,2506.0,2478.0,2484.0,18134.0
2018-01-29 10:00:00,MYX:FCPO1!,2491.0,2523.0,2488.0,2519.0,14122.0
2018-01-29 21:00:00,MYX:FCPO1!,2507.0,2514.0,2484.0,2492.0,18180.0
2018-02-01 21:00:00,MYX:FCPO1!,2485.0,2485.0,2461.0,2467.0,11115.0
2018-02-05 10:00:00,MYX:FCPO1!,2458.0,2496.0,2445.0,2489.0,23969.0
2018-02-05 21:00:00,MYX:FCPO1!,2477.0,2504.0,2468.0,2470.0,18236.0
2018-02-06 21:00:00,MYX:FCPO1!,2490.0,2510.0,2483.0,2485.0,23303.0
2018-02-07 21:00:00,MYX:FCPO1!,2474.0,2498.0,2470.0,2495.0,15751.0
2018-02-08 21:00:00,MYX:FCPO1!,2485.0,2518.0,2481.0,2514.0,17280.0
2018-02-12 10:00:00,MYX:FCPO1!,2518.0,2555.0,2511.0,2543.0,15916.0
2018-02-12 21:00:00,MYX:FCPO1!,2533.0,2537.0,2505.0,2515.0,12597.0
2018-02-13 21:00:00,MYX:FCPO1!,2505.0,2509.0,2493.0,2503.0,10423.0
2018-02-14 21:00:00,MYX:FCPO1!,2511.0,2511.0,2501.0,2508.0,3590.0
2018-02-19 10:00:00,MYX:FCPO1!,2500.0,2518.0,2485.0,2515.0,13444.0
2018-02-19 21:00:00,MYX:FCPO1!,2515.0,2520.0,2481.0,2485.0,16331.0
2018-02-20 21:00:00,MYX:FCPO1!,2493.0,2500.0,2475.0,2489.0,22346.0
2018-02-21 21:00:00,MYX:FCPO1!,2501.0,2505.0,2477.0,2488.0,20025.0
2018-02-22 21:00:00,MYX:FCPO1!,2504.0,2538.0,2502.0,2523.0,24428.0
2018-02-26 10:00:00,MYX:FCPO1!,2544.0,2555.0,2531.0,2540.0,19910.0
2018-02-26 21:00:00,MYX:FCPO1!,2544.0,2557.0,2534.0,2542.0,17622.0
2018-02-27 21:00:00,MYX:FCPO1!,2535.0,2565.0,2534.0,2559.0,20972.0
2018-02-28 21:00:00,MYX:FCPO1!,2555.0,2568.0,2546.0,2549.0,17738.0
2018-03-01 21:00:00,MYX:FCPO1!,2527.0,2530.0,2467.0,2474.0,36482.0
2018-03-05 10:00:00,MYX:FCPO1!,2449.0,2472.0,2449.0,2463.0,11917.0
2018-03-05 21:00:00,MYX:FCPO1!,2478.0,2494.0,2455.0,2478.0,17812.0
2018-03-06 21:00:00,MYX:FCPO1!,2476.0,2481.0,2440.0,2443.0,15541.0
2018-03-07 21:00:00,MYX:FCPO1!,2425.0,2435.0,2408.0,2410.0,20743.0
2018-03-08 21:00:00,MYX:FCPO1!,2399.0,2408.0,2368.0,2376.0,32804.0
2018-03-12 10:00:00,MYX:FCPO1!,2376.0,2396.0,2350.0,2381.0,18889.0
2018-03-12 21:00:00,MYX:FCPO1!,2393.0,2416.0,2373.0,2413.0,21890.0
2018-03-13 21:00:00,MYX:FCPO1!,2417.0,2442.0,2410.0,2440.0,24673.0
2018-03-14 21:00:00,MYX:FCPO1!,2424.0,2450.0,2418.0,2445.0,22800.0
2018-03-15 21:00:00,MYX:FCPO1!,2449.0,2455.0,2414.0,2416.0,16561.0
2018-03-19 10:00:00,MYX:FCPO1!,2414.0,2428.0,2407.0,2425.0,21084.0
2018-03-19 21:00:00,MYX:FCPO1!,2413.0,2448.0,2410.0,2435.0,23204.0
2018-03-20 21:00:00,MYX:FCPO1!,2430.0,2450.0,2420.0,2448.0,24627.0
2018-03-21 21:00:00,MYX:FCPO1!,2455.0,2458.0,2432.0,2450.0,25732.0
2018-03-22 21:00:00,MYX:FCPO1!,2440.0,2446.0,2421.0,2428.0,22139.0
2018-03-26 10:00:00,MYX:FCPO1!,2430.0,2436.0,2412.0,2434.0,14127.0
2018-03-26 21:00:00,MYX:FCPO1!,2419.0,2435.0,2410.0,2431.0,19955.0
2018-03-27 21:00:00,MYX:FCPO1!,2426.0,2427.0,2417.0,2418.0,13604.0
2018-03-28 21:00:00,MYX:FCPO1!,2406.0,2415.0,2399.0,2404.0,17516.0
2018-03-29 21:00:00,MYX:FCPO1!,2419.0,2432.0,2418.0,2425.0,9031.0
2018-04-02 10:00:00,MYX:FCPO1!,2438.0,2465.0,2438.0,2458.0,17152.0
2018-04-02 21:00:00,MYX:FCPO1!,2452.0,2465.0,2435.0,2436.0,15387.0
2018-04-03 21:00:00,MYX:FCPO1!,2453.0,2463.0,2383.0,2454.0,35780.0
2018-04-04 21:00:00,MYX:FCPO1!,2456.0,2478.0,2455.0,2472.0,14277.0
2018-04-05 21:00:00,MYX:FCPO1!,2478.0,2510.0,2459.0,2505.0,24788.0
2018-04-09 10:00:00,MYX:FCPO1!,2497.0,2498.0,2462.0,2464.0,18582.0
2018-04-09 21:00:00,MYX:FCPO1!,2468.0,2468.0,2420.0,2433.0,18621.0
2018-04-10 21:00:00,MYX:FCPO1!,2431.0,2440.0,2422.0,2431.0,14499.0
2018-04-11 21:00:00,MYX:FCPO1!,2417.0,2428.0,2403.0,2423.0,17226.0
2018-04-12 21:00:00,MYX:FCPO1!,2428.0,2432.0,2398.0,2399.0,17387.0
2018-04-16 10:00:00,MYX:FCPO1!,2394.0,2409.0,2368.0,2369.0,18220.0
2018-04-16 21:00:00,MYX:FCPO1!,2362.0,2434.0,2354.0,2408.0,26771.0
2018-04-17 21:00:00,MYX:FCPO1!,2397.0,2410.0,2380.0,2408.0,21254.0
2018-04-18 21:00:00,MYX:FCPO1!,2420.0,2424.0,2395.0,2403.0,12890.0
2018-04-19 21:00:00,MYX:FCPO1!,2405.0,2422.0,2393.0,2414.0,16810.0
2018-04-23 10:00:00,MYX:FCPO1!,2414.0,2415.0,2400.0,2408.0,9997.0
2018-04-23 21:00:00,MYX:FCPO1!,2393.0,2405.0,2391.0,2397.0,10598.0
2018-04-24 21:00:00,MYX:FCPO1!,2396.0,2410.0,2393.0,2397.0,14845.0
2018-04-25 21:00:00,MYX:FCPO1!,2392.0,2400.0,2387.0,2389.0,8037.0
2018-04-26 21:00:00,MYX:FCPO1!,2391.0,2394.0,2380.0,2382.0,10273.0
2018-04-30 10:00:00,MYX:FCPO1!,2381.0,2382.0,2356.0,2362.0,12701.0
2018-05-01 21:00:00,MYX:FCPO1!,2369.0,2382.0,2359.0,2363.0,13058.0
2018-05-02 21:00:00,MYX:FCPO1!,2372.0,2375.0,2329.0,2332.0,18394.0
2018-05-03 21:00:00,MYX:FCPO1!,2331.0,2348.0,2324.0,2340.0,16624.0
2018-05-07 10:00:00,MYX:FCPO1!,2352.0,2385.0,2352.0,2383.0,18766.0
2018-05-07 21:00:00,MYX:FCPO1!,2388.0,2400.0,2379.0,2381.0,15774.0
2018-05-14 10:00:00,MYX:FCPO1!,2439.0,2452.0,2406.0,2416.0,25852.0
2018-05-14 21:00:00,MYX:FCPO1!,2429.0,2437.0,2407.0,2432.0,18969.0
2018-05-15 21:00:00,MYX:FCPO1!,2426.0,2427.0,2406.0,2414.0,12934.0
2018-05-16 21:00:00,MYX:FCPO1!,2400.0,2435.0,2399.0,2432.0,17793.0
2018-05-17 21:00:00,MYX:FCPO1!,2453.0,2462.0,2447.0,2450.0,13946.0
2018-05-21 10:00:00,MYX:FCPO1!,2477.0,2481.0,2433.0,2446.0,17181.0
2018-05-21 21:00:00,MYX:FCPO1!,2455.0,2485.0,2451.0,2477.0,16908.0
2018-05-22 21:00:00,MYX:FCPO1!,2468.0,2483.0,2463.0,2473.0,13965.0
2018-05-23 21:00:00,MYX:FCPO1!,2487.0,2498.0,2483.0,2492.0,15059.0
2018-05-24 21:00:00,MYX:FCPO1!,2480.0,2482.0,2447.0,2455.0,19947.0
2018-05-28 10:00:00,MYX:FCPO1!,2431.0,2432.0,2408.0,2418.0,11355.0
2018-05-29 21:00:00,MYX:FCPO1!,2418.0,2444.0,2395.0,2440.0,15696.0
2018-05-31 21:00:00,MYX:FCPO1!,2412.0,2450.0,2410.0,2439.0,15151.0
2018-06-04 10:00:00,MYX:FCPO1!,2444.0,2457.0,2407.0,2409.0,15456.0
2018-06-04 21:00:00,MYX:FCPO1!,2388.0,2410.0,2382.0,2402.0,14060.0
2018-06-05 21:00:00,MYX:FCPO1!,2404.0,2413.0,2392.0,2394.0,12290.0
2018-06-06 21:00:00,MYX:FCPO1!,2385.0,2399.0,2375.0,2387.0,12042.0
2018-06-07 21:00:00,MYX:FCPO1!,2378.0,2382.0,2360.0,2366.0,18277.0
2018-06-11 10:00:00,MYX:FCPO1!,2362.0,2367.0,2345.0,2360.0,10622.0
2018-06-11 21:00:00,MYX:FCPO1!,2362.0,2366.0,2323.0,2326.0,14029.0
2018-06-12 21:00:00,MYX:FCPO1!,2300.0,2322.0,2300.0,2318.0,18905.0
2018-06-13 21:00:00,MYX:FCPO1!,2313.0,2336.0,2313.0,2334.0,6540.0
2018-06-18 10:00:00,MYX:FCPO1!,2320.0,2324.0,2305.0,2307.0,16047.0
2018-06-18 21:00:00,MYX:FCPO1!,2301.0,2306.0,2238.0,2263.0,28405.0
2018-06-19 21:00:00,MYX:FCPO1!,2264.0,2275.0,2247.0,2262.0,20795.0
2018-06-20 21:00:00,MYX:FCPO1!,2274.0,2276.0,2238.0,2251.0,23655.0
2018-06-21 21:00:00,MYX:FCPO1!,2254.0,2289.0,2250.0,2284.0,15521.0
2018-06-25 10:00:00,MYX:FCPO1!,2275.0,2296.0,2258.0,2290.0,20561.0
2018-06-25 21:00:00,MYX:FCPO1!,2279.0,2292.0,2273.0,2277.0,11628.0
2018-06-26 21:00:00,MYX:FCPO1!,2279.0,2319.0,2271.0,2315.0,17855.0
2018-06-27 21:00:00,MYX:FCPO1!,2309.0,2344.0,2305.0,2343.0,16802.0
2018-06-28 21:00:00,MYX:FCPO1!,2339.0,2348.0,2316.0,2326.0,14764.0
2018-07-02 10:00:00,MYX:FCPO1!,2327.0,2341.0,2315.0,2329.0,10828.0
2018-07-02 21:00:00,MYX:FCPO1!,2327.0,2330.0,2296.0,2313.0,13149.0
2018-07-03 21:00:00,MYX:FCPO1!,2314.0,2314.0,2290.0,2298.0,11440.0
2018-07-04 21:00:00,MYX:FCPO1!,2304.0,2310.0,2278.0,2284.0,12702.0
2018-07-05 21:00:00,MYX:FCPO1!,2279.0,2297.0,2264.0,2266.0,12767.0
2018-07-09 10:00:00,MYX:FCPO1!,2281.0,2288.0,2266.0,2268.0,11786.0
2018-07-09 21:00:00,MYX:FCPO1!,2262.0,2272.0,2234.0,2259.0,24525.0
2018-07-10 21:00:00,MYX:FCPO1!,2245.0,2249.0,2202.0,2204.0,16624.0
2018-07-11 21:00:00,MYX:FCPO1!,2197.0,2211.0,2176.0,2186.0,23846.0
2018-07-12 21:00:00,MYX:FCPO1!,2175.0,2187.0,2144.0,2147.0,19844.0
2018-07-16 10:00:00,MYX:FCPO1!,2157.0,2188.0,2156.0,2173.0,17380.0
2018-07-16 21:00:00,MYX:FCPO1!,2172.0,2182.0,2164.0,2171.0,16866.0
2018-07-17 21:00:00,MYX:FCPO1!,2183.0,2218.0,2178.0,2211.0,24268.0
2018-07-18 21:00:00,MYX:FCPO1!,2218.0,2220.0,2185.0,2193.0,19022.0
2018-07-19 21:00:00,MYX:FCPO1!,2191.0,2200.0,2172.0,2194.0,17725.0
2018-07-23 10:00:00,MYX:FCPO1!,2205.0,2208.0,2167.0,2169.0,21741.0
2018-07-23 21:00:00,MYX:FCPO1!,2165.0,2173.0,2148.0,2152.0,19207.0
2018-07-24 21:00:00,MYX:FCPO1!,2160.0,2176.0,2140.0,2163.0,19969.0
2018-07-25 21:00:00,MYX:FCPO1!,2181.0,2203.0,2177.0,2202.0,20918.0
2018-07-26 21:00:00,MYX:FCPO1!,2189.0,2210.0,2183.0,2186.0,15953.0
2018-07-30 10:00:00,MYX:FCPO1!,2197.0,2204.0,2186.0,2192.0,14505.0
2018-07-30 21:00:00,MYX:FCPO1!,2196.0,2204.0,2176.0,2194.0,22248.0
2018-07-31 21:00:00,MYX:FCPO1!,2197.0,2219.0,2190.0,2212.0,20282.0
2018-08-01 21:00:00,MYX:FCPO1!,2214.0,2233.0,2189.0,2191.0,21140.0
2018-08-02 21:00:00,MYX:FCPO1!,2185.0,2198.0,2179.0,2196.0,15607.0
2018-08-06 10:00:00,MYX:FCPO1!,2209.0,2215.0,2193.0,2206.0,14156.0
2018-08-06 21:00:00,MYX:FCPO1!,2201.0,2237.0,2199.0,2235.0,17508.0
2018-08-07 21:00:00,MYX:FCPO1!,2236.0,2265.0,2219.0,2258.0,21857.0
2018-08-08 21:00:00,MYX:FCPO1!,2249.0,2257.0,2241.0,2246.0,13395.0
2018-08-09 21:00:00,MYX:FCPO1!,2236.0,2260.0,2225.0,2242.0,17230.0
2018-08-13 10:00:00,MYX:FCPO1!,2208.0,2227.0,2200.0,2204.0,15295.0
2018-08-13 21:00:00,MYX:FCPO1!,2215.0,2217.0,2195.0,2213.0,16865.0
2018-08-14 21:00:00,MYX:FCPO1!,2217.0,2217.0,2192.0,2195.0,15084.0
2018-08-15 21:00:00,MYX:FCPO1!,2207.0,2227.0,2201.0,2222.0,19051.0
2018-08-16 21:00:00,MYX:FCPO1!,2236.0,2250.0,2233.0,2238.0,17019.0
2018-08-20 10:00:00,MYX:FCPO1!,2257.0,2260.0,2244.0,2255.0,13836.0
2018-08-20 21:00:00,MYX:FCPO1!,2247.0,2260.0,2236.0,2241.0,19304.0
2018-08-22 21:00:00,MYX:FCPO1!,2237.0,2238.0,2217.0,2218.0,15004.0
2018-08-23 21:00:00,MYX:FCPO1!,2223.0,2235.0,2218.0,2219.0,11775.0
2018-08-27 10:00:00,MYX:FCPO1!,2205.0,2217.0,2197.0,2199.0,12115.0
2018-08-27 21:00:00,MYX:FCPO1!,2212.0,2238.0,2210.0,2232.0,21408.0
2018-08-28 21:00:00,MYX:FCPO1!,2232.0,2234.0,2214.0,2217.0,12411.0
2018-08-29 21:00:00,MYX:FCPO1!,2222.0,2252.0,2218.0,2248.0,17786.0
2018-09-03 10:00:00,MYX:FCPO1!,2247.0,2260.0,2235.0,2258.0,13756.0
2018-09-03 21:00:00,MYX:FCPO1!,2272.0,2301.0,2270.0,2298.0,17911.0
2018-09-04 21:00:00,MYX:FCPO1!,2292.0,2303.0,2278.0,2291.0,16957.0
2018-09-05 21:00:00,MYX:FCPO1!,2286.0,2290.0,2272.0,2277.0,12710.0
2018-09-06 21:00:00,MYX:FCPO1!,2265.0,2274.0,2258.0,2266.0,13397.0
2018-09-11 21:00:00,MYX:FCPO1!,2260.0,2263.0,2231.0,2237.0,18475.0
2018-09-12 21:00:00,MYX:FCPO1!,2245.0,2250.0,2239.0,2243.0,11351.0
2018-09-13 21:00:00,MYX:FCPO1!,2235.0,2243.0,2222.0,2222.0,21489.0
2018-09-17 21:00:00,MYX:FCPO1!,2220.0,2227.0,2195.0,2198.0,28762.0
2018-09-18 21:00:00,MYX:FCPO1!,2189.0,2191.0,2156.0,2158.0,20734.0
2018-09-19 21:00:00,MYX:FCPO1!,2164.0,2172.0,2137.0,2146.0,20724.0
2018-09-20 21:00:00,MYX:FCPO1!,2148.0,2161.0,2138.0,2143.0,19899.0
2018-09-24 10:00:00,MYX:FCPO1!,2162.0,2170.0,2146.0,2163.0,16569.0
2018-09-24 21:00:00,MYX:FCPO1!,2168.0,2189.0,2151.0,2181.0,17220.0
2018-09-25 21:00:00,MYX:FCPO1!,2191.0,2199.0,2182.0,2190.0,15677.0
2018-09-26 21:00:00,MYX:FCPO1!,2186.0,2199.0,2165.0,2166.0,17694.0
2018-09-27 21:00:00,MYX:FCPO1!,2175.0,2183.0,2149.0,2174.0,30087.0
2018-10-01 10:00:00,MYX:FCPO1!,2178.0,2186.0,2155.0,2157.0,25320.0
2018-10-01 21:00:00,MYX:FCPO1!,2168.0,2172.0,2147.0,2160.0,16018.0
2018-10-02 21:00:00,MYX:FCPO1!,2186.0,2209.0,2179.0,2199.0,21069.0
2018-10-03 21:00:00,MYX:FCPO1!,2201.0,2232.0,2201.0,2230.0,0.0
2018-10-04 21:00:00,MYX:FCPO1!,2218.0,2235.0,2215.0,2221.0,16397.0
2018-10-08 10:00:00,MYX:FCPO1!,2216.0,2216.0,2185.0,2187.0,16729.0
2018-10-08 21:00:00,MYX:FCPO1!,2199.0,2209.0,2189.0,2205.0,14558.0
2018-10-09 21:00:00,MYX:FCPO1!,2193.0,2217.0,2181.0,2193.0,20858.0
2018-10-10 21:00:00,MYX:FCPO1!,2158.0,2177.0,2153.0,2171.0,13736.0
2018-10-11 21:00:00,MYX:FCPO1!,2188.0,2201.0,2179.0,2193.0,15874.0
2018-10-15 10:00:00,MYX:FCPO1!,2202.0,2220.0,2188.0,2191.0,23114.0
2018-10-15 21:00:00,MYX:FCPO1!,2250.0,2257.0,2237.0,2244.0,14855.0
2018-10-16 21:00:00,MYX:FCPO1!,2248.0,2265.0,2245.0,2261.0,15177.0
2018-10-17 21:00:00,MYX:FCPO1!,2244.0,2248.0,2224.0,2239.0,23624.0
2018-10-18 21:00:00,MYX:FCPO1!,2227.0,2231.0,2215.0,2224.0,13133.0
2018-10-22 10:00:00,MYX:FCPO1!,2229.0,2243.0,2226.0,2237.0,13522.0
2018-10-22 21:00:00,MYX:FCPO1!,2239.0,2247.0,2215.0,2218.0,13027.0
2018-10-23 21:00:00,MYX:FCPO1!,2206.0,2207.0,2189.0,2200.0,11402.0
2018-10-24 21:00:00,MYX:FCPO1!,2186.0,2186.0,2166.0,2176.0,13499.0
2018-10-25 21:00:00,MYX:FCPO1!,2182.0,2186.0,2145.0,2148.0,14640.0
2018-10-29 10:00:00,MYX:FCPO1!,2150.0,2193.0,2150.0,2187.0,15334.0
2018-10-29 21:00:00,MYX:FCPO1!,2170.0,2180.0,2155.0,2169.0,16077.0
2018-10-30 21:00:00,MYX:FCPO1!,2166.0,2171.0,2147.0,2150.0,13896.0
2018-10-31 21:00:00,MYX:FCPO1!,2156.0,2159.0,2133.0,2144.0,20480.0
2018-11-01 21:00:00,MYX:FCPO1!,2118.0,2155.0,2108.0,2153.0,20767.0
2018-11-05 10:00:00,MYX:FCPO1!,2145.0,2145.0,2118.0,2122.0,13690.0
2018-11-06 21:00:00,MYX:FCPO1!,2109.0,2129.0,2105.0,2111.0,13911.0
2018-11-07 21:00:00,MYX:FCPO1!,2119.0,2119.0,2080.0,2085.0,22155.0
2018-11-08 21:00:00,MYX:FCPO1!,2077.0,2077.0,2039.0,2040.0,21593.0
2018-11-12 10:00:00,MYX:FCPO1!,2031.0,2053.0,2008.0,2034.0,22415.0
2018-11-12 21:00:00,MYX:FCPO1!,2031.0,2036.0,2006.0,2007.0,15929.0
2018-11-13 21:00:00,MYX:FCPO1!,1969.0,1988.0,1965.0,1973.0,23435.0
2018-11-14 21:00:00,MYX:FCPO1!,1980.0,1993.0,1966.0,1979.0,15308.0
2018-11-15 21:00:00,MYX:FCPO1!,2061.0,2066.0,1969.0,1972.0,30150.0
2018-11-19 10:00:00,MYX:FCPO1!,1985.0,2008.0,1983.0,1986.0,20884.0
2018-11-20 21:00:00,MYX:FCPO1!,1975.0,2017.0,1949.0,2006.0,25523.0
2018-11-21 21:00:00,MYX:FCPO1!,2010.0,2078.0,1999.0,2057.0,22745.0
2018-11-22 21:00:00,MYX:FCPO1!,2049.0,2062.0,2036.0,2044.0,19273.0
2018-11-26 10:00:00,MYX:FCPO1!,2036.0,2055.0,1965.0,1972.0,23009.0
2018-11-26 21:00:00,MYX:FCPO1!,1940.0,1977.0,1940.0,1966.0,21975.0
2018-11-27 21:00:00,MYX:FCPO1!,1982.0,2017.0,1966.0,2014.0,20242.0
2018-11-28 21:00:00,MYX:FCPO1!,2023.0,2038.0,1998.0,2027.0,23168.0
2018-11-29 21:00:00,MYX:FCPO1!,2028.0,2046.0,2020.0,2040.0,15563.0
2018-12-03 10:00:00,MYX:FCPO1!,2064.0,2064.0,1988.0,2000.0,22332.0
2018-12-03 21:00:00,MYX:FCPO1!,1999.0,2037.0,1997.0,2020.0,20599.0
2018-12-04 21:00:00,MYX:FCPO1!,2014.0,2015.0,1990.0,1995.0,13192.0
2018-12-05 21:00:00,MYX:FCPO1!,1985.0,2014.0,1979.0,2005.0,23992.0
2018-12-06 21:00:00,MYX:FCPO1!,1995.0,2005.0,1984.0,1998.0,16711.0
2018-12-10 10:00:00,MYX:FCPO1!,2000.0,2049.0,1985.0,2042.0,17564.0
2018-12-10 21:00:00,MYX:FCPO1!,2025.0,2026.0,2001.0,2015.0,14944.0
2018-12-11 21:00:00,MYX:FCPO1!,2028.0,2041.0,2019.0,2032.0,14048.0
2018-12-12 21:00:00,MYX:FCPO1!,2025.0,2067.0,2023.0,2046.0,16723.0
2018-12-13 21:00:00,MYX:FCPO1!,2030.0,2071.0,2028.0,2068.0,15376.0
2018-12-17 10:00:00,MYX:FCPO1!,2141.0,2142.0,2099.0,2121.0,19472.0
2018-12-17 21:00:00,MYX:FCPO1!,2113.0,2158.0,2106.0,2155.0,22094.0
2018-12-18 21:00:00,MYX:FCPO1!,2150.0,2200.0,2145.0,2198.0,25600.0
2018-12-19 21:00:00,MYX:FCPO1!,2190.0,2200.0,2167.0,2185.0,19016.0
2018-12-20 21:00:00,MYX:FCPO1!,2176.0,2184.0,2156.0,2157.0,15536.0
2018-12-24 10:00:00,MYX:FCPO1!,2132.0,2156.0,2124.0,2128.0,12456.0
2018-12-25 21:00:00,MYX:FCPO1!,2115.0,2120.0,2093.0,2094.0,12831.0
2018-12-26 21:00:00,MYX:FCPO1!,2107.0,2129.0,2100.0,2105.0,13494.0
2018-12-27 21:00:00,MYX:FCPO1!,2115.0,2127.0,2103.0,2121.0,14090.0
2018-12-31 10:00:00,MYX:FCPO1!,2140.0,2140.0,2118.0,2121.0,8486.0
2019-01-01 21:00:00,MYX:FCPO1!,2137.0,2171.0,2132.0,2166.0,13419.0
2019-01-02 21:00:00,MYX:FCPO1!,2178.0,2181.0,2150.0,2151.0,13043.0
2019-01-03 21:00:00,MYX:FCPO1!,2161.0,2178.0,2144.0,2172.0,12980.0
2019-01-07 10:00:00,MYX:FCPO1!,2172.0,2176.0,2150.0,2160.0,16240.0
2019-01-07 21:00:00,MYX:FCPO1!,2151.0,2197.0,2151.0,2178.0,19196.0
2019-01-08 21:00:00,MYX:FCPO1!,2179.0,2202.0,2173.0,2182.0,16593.0
2019-01-09 21:00:00,MYX:FCPO1!,2184.0,2188.0,2150.0,2163.0,15365.0
2019-01-10 21:00:00,MYX:FCPO1!,2149.0,2174.0,2146.0,2171.0,10591.0
2019-01-14 10:00:00,MYX:FCPO1!,2170.0,2183.0,2134.0,2136.0,15575.0
2019-01-14 21:00:00,MYX:FCPO1!,2139.0,2161.0,2138.0,2146.0,11792.0
2019-01-15 21:00:00,MYX:FCPO1!,2178.0,2185.0,2172.0,2175.0,12139.0
2019-01-16 21:00:00,MYX:FCPO1!,2170.0,2200.0,2165.0,2198.0,12939.0
2019-01-17 21:00:00,MYX:FCPO1!,2223.0,2228.0,2208.0,2226.0,14116.0
2019-01-21 21:00:00,MYX:FCPO1!,2259.0,2269.0,2244.0,2263.0,18155.0
2019-01-22 21:00:00,MYX:FCPO1!,2268.0,2288.0,2250.0,2283.0,15437.0
2019-01-23 21:00:00,MYX:FCPO1!,2278.0,2298.0,2276.0,2297.0,10731.0
2019-01-24 21:00:00,MYX:FCPO1!,2298.0,2307.0,2288.0,2294.0,10763.0
2019-01-28 10:00:00,MYX:FCPO1!,2333.0,2333.0,2315.0,2327.0,10960.0
2019-01-28 21:00:00,MYX:FCPO1!,2327.0,2327.0,2290.0,2294.0,15261.0
2019-01-29 21:00:00,MYX:FCPO1!,2289.0,2317.0,2277.0,2303.0,15461.0
2019-01-30 21:00:00,MYX:FCPO1!,2295.0,2303.0,2286.0,2299.0,10913.0
2019-02-04 10:00:00,MYX:FCPO1!,2283.0,2313.0,2283.0,2306.0,3388.0
2019-02-06 21:00:00,MYX:FCPO1!,2337.0,2344.0,2317.0,2318.0,12636.0
2019-02-07 21:00:00,MYX:FCPO1!,2308.0,2312.0,2289.0,2290.0,10588.0
2019-02-11 10:00:00,MYX:FCPO1!,2289.0,2290.0,2264.0,2266.0,13470.0
2019-02-11 21:00:00,MYX:FCPO1!,2247.0,2268.0,2247.0,2254.0,12460.0
2019-02-12 21:00:00,MYX:FCPO1!,2255.0,2272.0,2248.0,2250.0,11388.0
2019-02-13 21:00:00,MYX:FCPO1!,2257.0,2286.0,2249.0,2277.0,12782.0
2019-02-14 21:00:00,MYX:FCPO1!,2275.0,2275.0,2250.0,2254.0,11065.0
2019-02-18 10:00:00,MYX:FCPO1!,2281.0,2294.0,2274.0,2286.0,12400.0
2019-02-18 21:00:00,MYX:FCPO1!,2301.0,2311.0,2256.0,2260.0,18472.0
2019-02-19 21:00:00,MYX:FCPO1!,2257.0,2270.0,2238.0,2245.0,17273.0
2019-02-20 21:00:00,MYX:FCPO1!,2246.0,2266.0,2234.0,2264.0,14860.0
2019-02-21 21:00:00,MYX:FCPO1!,2275.0,2278.0,2250.0,2257.0,14440.0
2019-02-25 10:00:00,MYX:FCPO1!,2278.0,2278.0,2212.0,2213.0,19737.0
2019-02-25 21:00:00,MYX:FCPO1!,2204.0,2208.0,2166.0,2183.0,24213.0
2019-02-26 21:00:00,MYX:FCPO1!,2184.0,2208.0,2129.0,2132.0,40992.0
2019-02-27 21:00:00,MYX:FCPO1!,2141.0,2162.0,2115.0,2121.0,20441.0
2019-02-28 21:00:00,MYX:FCPO1!,2136.0,2198.0,2127.0,2189.0,25996.0
2019-03-04 10:00:00,MYX:FCPO1!,2202.0,2217.0,2148.0,2149.0,19237.0
2019-03-04 21:00:00,MYX:FCPO1!,2143.0,2178.0,2143.0,2161.0,19965.0
2019-03-05 21:00:00,MYX:FCPO1!,2173.0,2176.0,2141.0,2157.0,21860.0
2019-03-06 21:00:00,MYX:FCPO1!,2148.0,2154.0,2126.0,2135.0,17285.0
2019-03-07 21:00:00,MYX:FCPO1!,2133.0,2158.0,2116.0,2125.0,22750.0
2019-03-11 10:00:00,MYX:FCPO1!,2133.0,2144.0,2108.0,2119.0,17776.0
2019-03-11 21:00:00,MYX:FCPO1!,2127.0,2140.0,2114.0,2116.0,18372.0
2019-03-12 21:00:00,MYX:FCPO1!,2117.0,2121.0,2070.0,2091.0,19453.0
2019-03-13 21:00:00,MYX:FCPO1!,2087.0,2090.0,2051.0,2063.0,18844.0
2019-03-14 21:00:00,MYX:FCPO1!,2055.0,2088.0,2038.0,2067.0,18664.0
2019-03-18 10:00:00,MYX:FCPO1!,2107.0,2122.0,2101.0,2105.0,17723.0
2019-03-18 21:00:00,MYX:FCPO1!,2101.0,2145.0,2092.0,2131.0,26109.0
2019-03-19 21:00:00,MYX:FCPO1!,2125.0,2172.0,2119.0,2164.0,22394.0
2019-03-20 21:00:00,MYX:FCPO1!,2160.0,2184.0,2154.0,2172.0,18458.0
2019-03-21 21:00:00,MYX:FCPO1!,2160.0,2175.0,2152.0,2167.0,14793.0
2019-03-25 10:00:00,MYX:FCPO1!,2155.0,2156.0,2133.0,2140.0,11800.0
2019-03-25 21:00:00,MYX:FCPO1!,2147.0,2149.0,2122.0,2132.0,15405.0
2019-03-26 21:00:00,MYX:FCPO1!,2130.0,2141.0,2109.0,2136.0,18015.0
2019-03-27 21:00:00,MYX:FCPO1!,2131.0,2131.0,2106.0,2120.0,16801.0
2019-03-28 21:00:00,MYX:FCPO1!,2102.0,2112.0,2095.0,2106.0,11556.0
2019-04-01 10:00:00,MYX:FCPO1!,2110.0,2121.0,2098.0,2113.0,12680.0
2019-04-01 21:00:00,MYX:FCPO1!,2125.0,2154.0,2124.0,2153.0,21059.0
2019-04-02 21:00:00,MYX:FCPO1!,2166.0,2182.0,2164.0,2175.0,22922.0
2019-04-03 21:00:00,MYX:FCPO1!,2164.0,2214.0,2164.0,2204.0,21464.0
2019-04-04 21:00:00,MYX:FCPO1!,2215.0,2235.0,2199.0,2224.0,19238.0
2019-04-08 10:00:00,MYX:FCPO1!,2220.0,2225.0,2196.0,2200.0,17541.0
2019-04-08 21:00:00,MYX:FCPO1!,2212.0,2232.0,2210.0,2212.0,17504.0
2019-04-09 21:00:00,MYX:FCPO1!,2218.0,2219.0,2155.0,2170.0,24835.0
2019-04-10 21:00:00,MYX:FCPO1!,2175.0,2180.0,2148.0,2154.0,19595.0
2019-04-11 21:00:00,MYX:FCPO1!,2150.0,2177.0,2150.0,2162.0,19170.0
2019-04-15 10:00:00,MYX:FCPO1!,2172.0,2172.0,2140.0,2142.0,16606.0
2019-04-15 21:00:00,MYX:FCPO1!,2152.0,2184.0,2139.0,2173.0,16633.0
2019-04-16 21:00:00,MYX:FCPO1!,2181.0,2219.0,2180.0,2205.0,15836.0
2019-04-17 21:00:00,MYX:FCPO1!,2194.0,2200.0,2164.0,2183.0,16861.0
2019-04-18 21:00:00,MYX:FCPO1!,2203.0,2206.0,2180.0,2190.0,9585.0
2019-04-22 10:00:00,MYX:FCPO1!,2211.0,2211.0,2171.0,2172.0,14037.0
2019-04-22 21:00:00,MYX:FCPO1!,2166.0,2174.0,2152.0,2170.0,14952.0
2019-04-23 21:00:00,MYX:FCPO1!,2145.0,2175.0,2140.0,2170.0,18058.0
2019-04-24 21:00:00,MYX:FCPO1!,2172.0,2179.0,2156.0,2157.0,15578.0
2019-04-25 21:00:00,MYX:FCPO1!,2136.0,2137.0,2104.0,2118.0,19830.0
2019-04-29 10:00:00,MYX:FCPO1!,2116.0,2121.0,2099.0,2108.0,12036.0
2019-04-29 21:00:00,MYX:FCPO1!,2121.0,2124.0,2092.0,2095.0,16655.0
2019-05-01 21:00:00,MYX:FCPO1!,2089.0,2090.0,2016.0,2032.0,21553.0
2019-05-02 21:00:00,MYX:FCPO1!,2034.0,2046.0,2006.0,2010.0,18953.0
2019-05-06 10:00:00,MYX:FCPO1!,1984.0,1996.0,1970.0,1984.0,21355.0
2019-05-06 21:00:00,MYX:FCPO1!,2004.0,2042.0,2000.0,2040.0,15991.0
2019-05-07 21:00:00,MYX:FCPO1!,2037.0,2058.0,2012.0,2037.0,18355.0
2019-05-08 21:00:00,MYX:FCPO1!,2025.0,2039.0,2001.0,2005.0,20154.0
2019-05-09 21:00:00,MYX:FCPO1!,1996.0,2019.0,1981.0,1983.0,19266.0
2019-05-13 10:00:00,MYX:FCPO1!,1970.0,1986.0,1960.0,1985.0,16446.0
2019-05-13 21:00:00,MYX:FCPO1!,2002.0,2019.0,1983.0,2014.0,23132.0
2019-05-14 21:00:00,MYX:FCPO1!,2028.0,2050.0,2021.0,2029.0,16667.0
2019-05-15 21:00:00,MYX:FCPO1!,2046.0,2099.0,2043.0,2096.0,22899.0
2019-05-16 21:00:00,MYX:FCPO1!,2105.0,2112.0,2078.0,2098.0,26816.0
2019-05-20 21:00:00,MYX:FCPO1!,2108.0,2115.0,2051.0,2057.0,18255.0
2019-05-22 21:00:00,MYX:FCPO1!,2040.0,2040.0,2012.0,2016.0,15476.0
2019-05-23 21:00:00,MYX:FCPO1!,2001.0,2018.0,1993.0,2013.0,13788.0
2019-05-27 10:00:00,MYX:FCPO1!,2020.0,2044.0,2020.0,2025.0,13074.0
2019-05-27 21:00:00,MYX:FCPO1!,2036.0,2069.0,2029.0,2066.0,17151.0
2019-05-28 21:00:00,MYX:FCPO1!,2089.0,2115.0,2082.0,2105.0,18300.0
2019-05-29 21:00:00,MYX:FCPO1!,2094.0,2095.0,2070.0,2084.0,18536.0
2019-05-30 21:00:00,MYX:FCPO1!,2083.0,2093.0,2065.0,2069.0,15231.0
2019-06-03 10:00:00,MYX:FCPO1!,2053.0,2055.0,2026.0,2028.0,16304.0
2019-06-03 21:00:00,MYX:FCPO1!,2037.0,2061.0,2032.0,2056.0,9167.0
2019-06-06 21:00:00,MYX:FCPO1!,2068.0,2075.0,2023.0,2028.0,16653.0
2019-06-10 10:00:00,MYX:FCPO1!,2027.0,2031.0,1991.0,1994.0,14200.0
2019-06-10 21:00:00,MYX:FCPO1!,2000.0,2019.0,1995.0,2007.0,19292.0
2019-06-11 21:00:00,MYX:FCPO1!,2001.0,2015.0,1964.0,1968.0,22156.0
2019-06-12 21:00:00,MYX:FCPO1!,1994.0,2021.0,1983.0,2008.0,24494.0
2019-06-13 21:00:00,MYX:FCPO1!,2027.0,2030.0,2006.0,2009.0,18410.0
2019-06-17 10:00:00,MYX:FCPO1!,2008.0,2038.0,2002.0,2034.0,18978.0
2019-06-17 21:00:00,MYX:FCPO1!,2028.0,2059.0,2016.0,2022.0,28840.0
2019-06-18 21:00:00,MYX:FCPO1!,2025.0,2049.0,2007.0,2046.0,23421.0
2019-06-19 21:00:00,MYX:FCPO1!,2041.0,2042.0,2017.0,2023.0,20413.0
2019-06-20 21:00:00,MYX:FCPO1!,2029.0,2040.0,2021.0,2022.0,16140.0
2019-06-24 10:00:00,MYX:FCPO1!,2009.0,2012.0,1995.0,1998.0,16583.0
2019-06-24 21:00:00,MYX:FCPO1!,1999.0,2010.0,1972.0,1981.0,20389.0
2019-06-25 21:00:00,MYX:FCPO1!,1967.0,1980.0,1953.0,1966.0,23263.0
2019-06-26 21:00:00,MYX:FCPO1!,1970.0,1987.0,1962.0,1963.0,19976.0
2019-06-27 21:00:00,MYX:FCPO1!,1963.0,1966.0,1946.0,1951.0,16558.0
2019-07-01 10:00:00,MYX:FCPO1!,1979.0,1982.0,1956.0,1958.0,18325.0
2019-07-01 21:00:00,MYX:FCPO1!,1949.0,1971.0,1938.0,1967.0,20139.0
2019-07-02 21:00:00,MYX:FCPO1!,1945.0,1959.0,1938.0,1956.0,16765.0
2019-07-03 21:00:00,MYX:FCPO1!,1962.0,1965.0,1947.0,1950.0,11431.0
2019-07-04 21:00:00,MYX:FCPO1!,1946.0,1969.0,1930.0,1960.0,27726.0
2019-07-08 10:00:00,MYX:FCPO1!,1959.0,1964.0,1940.0,1945.0,17175.0
2019-07-08 21:00:00,MYX:FCPO1!,1949.0,1955.0,1928.0,1942.0,16726.0
2019-07-09 21:00:00,MYX:FCPO1!,1948.0,1956.0,1916.0,1937.0,21268.0
2019-07-10 21:00:00,MYX:FCPO1!,1936.0,1947.0,1921.0,1941.0,20373.0
2019-07-11 21:00:00,MYX:FCPO1!,1935.0,1952.0,1926.0,1944.0,16106.0
2019-07-15 10:00:00,MYX:FCPO1!,1956.0,1965.0,1938.0,1958.0,19383.0
2019-07-15 21:00:00,MYX:FCPO1!,1980.0,1989.0,1973.0,1981.0,14781.0
2019-07-16 21:00:00,MYX:FCPO1!,1970.0,1990.0,1963.0,1988.0,16423.0
2019-07-17 21:00:00,MYX:FCPO1!,1979.0,1991.0,1972.0,1983.0,20140.0
2019-07-18 21:00:00,MYX:FCPO1!,1976.0,1984.0,1965.0,1972.0,19815.0
2019-07-22 10:00:00,MYX:FCPO1!,1984.0,1989.0,1975.0,1983.0,12015.0
2019-07-22 21:00:00,MYX:FCPO1!,1982.0,2008.0,1978.0,2004.0,16563.0
2019-07-23 21:00:00,MYX:FCPO1!,2011.0,2032.0,2011.0,2029.0,21956.0
2019-07-24 21:00:00,MYX:FCPO1!,2036.0,2062.0,2022.0,2058.0,27230.0
2019-07-25 21:00:00,MYX:FCPO1!,2050.0,2073.0,2041.0,2067.0,24011.0
2019-07-29 10:00:00,MYX:FCPO1!,2073.0,2075.0,2052.0,2061.0,17286.0
2019-07-30 21:00:00,MYX:FCPO1!,2057.0,2075.0,2056.0,2070.0,21226.0
2019-07-31 21:00:00,MYX:FCPO1!,2050.0,2068.0,2049.0,2064.0,16675.0
2019-08-01 21:00:00,MYX:FCPO1!,2062.0,2065.0,2054.0,2062.0,12815.0
2019-08-05 10:00:00,MYX:FCPO1!,2080.0,2095.0,2078.0,2093.0,11991.0
2019-08-05 21:00:00,MYX:FCPO1!,2088.0,2108.0,2081.0,2102.0,17392.0
2019-08-06 21:00:00,MYX:FCPO1!,2091.0,2109.0,2091.0,2104.0,12277.0
2019-08-07 21:00:00,MYX:FCPO1!,2109.0,2144.0,2104.0,2135.0,21863.0
2019-08-08 21:00:00,MYX:FCPO1!,2159.0,2185.0,2149.0,2179.0,25639.0
2019-08-12 21:00:00,MYX:FCPO1!,2195.0,2217.0,2188.0,2212.0,23028.0
2019-08-13 21:00:00,MYX:FCPO1!,2201.0,2223.0,2183.0,2219.0,24345.0
2019-08-14 21:00:00,MYX:FCPO1!,2214.0,2220.0,2173.0,2174.0,22905.0
2019-08-15 21:00:00,MYX:FCPO1!,2225.0,2226.0,2184.0,2192.0,22102.0
2019-08-19 10:00:00,MYX:FCPO1!,2184.0,2188.0,2152.0,2156.0,20096.0
2019-08-19 21:00:00,MYX:FCPO1!,2161.0,2192.0,2150.0,2177.0,21688.0
2019-08-20 21:00:00,MYX:FCPO1!,2172.0,2210.0,2160.0,2208.0,20111.0
2019-08-21 21:00:00,MYX:FCPO1!,2212.0,2265.0,2211.0,2256.0,28512.0
2019-08-22 21:00:00,MYX:FCPO1!,2247.0,2271.0,2235.0,2262.0,26510.0
2019-08-26 10:00:00,MYX:FCPO1!,2295.0,2312.0,2266.0,2269.0,31702.0
2019-08-26 21:00:00,MYX:FCPO1!,2254.0,2258.0,2227.0,2239.0,27591.0
2019-08-27 21:00:00,MYX:FCPO1!,2230.0,2264.0,2225.0,2253.0,20289.0
2019-08-28 21:00:00,MYX:FCPO1!,2255.0,2258.0,2216.0,2221.0,19341.0
2019-08-29 21:00:00,MYX:FCPO1!,2229.0,2246.0,2201.0,2234.0,22572.0
2019-09-02 21:00:00,MYX:FCPO1!,2245.0,2254.0,2179.0,2181.0,22572.0
2019-09-03 21:00:00,MYX:FCPO1!,2198.0,2217.0,2181.0,2187.0,26580.0
2019-09-04 21:00:00,MYX:FCPO1!,2167.0,2197.0,2163.0,2182.0,22938.0
2019-09-05 21:00:00,MYX:FCPO1!,2171.0,2216.0,2163.0,2201.0,18133.0
2019-09-09 21:00:00,MYX:FCPO1!,2218.0,2233.0,2186.0,2222.0,25189.0
2019-09-10 21:00:00,MYX:FCPO1!,2235.0,2240.0,2203.0,2206.0,24580.0
2019-09-11 21:00:00,MYX:FCPO1!,2213.0,2221.0,2185.0,2189.0,19373.0
2019-09-12 21:00:00,MYX:FCPO1!,2197.0,2206.0,2172.0,2190.0,17334.0
2019-09-16 21:00:00,MYX:FCPO1!,2282.0,2297.0,2279.0,2285.0,26636.0
2019-09-17 21:00:00,MYX:FCPO1!,2262.0,2273.0,2252.0,2260.0,18416.0
2019-09-18 21:00:00,MYX:FCPO1!,2266.0,2272.0,2240.0,2245.0,19990.0
2019-09-19 21:00:00,MYX:FCPO1!,2235.0,2238.0,2214.0,2225.0,17925.0
2019-09-23 10:00:00,MYX:FCPO1!,2219.0,2221.0,2187.0,2189.0,19197.0
2019-09-23 21:00:00,MYX:FCPO1!,2180.0,2183.0,2134.0,2141.0,27568.0
2019-09-24 21:00:00,MYX:FCPO1!,2152.0,2159.0,2135.0,2147.0,16426.0
2019-09-25 21:00:00,MYX:FCPO1!,2143.0,2173.0,2135.0,2169.0,16306.0
2019-09-26 21:00:00,MYX:FCPO1!,2160.0,2163.0,2141.0,2149.0,16879.0
2019-09-30 10:00:00,MYX:FCPO1!,2145.0,2147.0,2119.0,2135.0,16261.0
2019-09-30 21:00:00,MYX:FCPO1!,2136.0,2176.0,2135.0,2167.0,22452.0
2019-10-01 21:00:00,MYX:FCPO1!,2157.0,2168.0,2134.0,2141.0,18075.0
2019-10-02 21:00:00,MYX:FCPO1!,2150.0,2164.0,2136.0,2137.0,16819.0
2019-10-03 21:00:00,MYX:FCPO1!,2164.0,2170.0,2146.0,2149.0,17400.0
2019-10-07 10:00:00,MYX:FCPO1!,2152.0,2166.0,2149.0,2160.0,11339.0
2019-10-07 21:00:00,MYX:FCPO1!,2162.0,2177.0,2158.0,2175.0,17657.0
2019-10-08 21:00:00,MYX:FCPO1!,2192.0,2206.0,2188.0,2196.0,17962.0
2019-10-09 21:00:00,MYX:FCPO1!,2190.0,2216.0,2190.0,2201.0,15485.0
2019-10-10 21:00:00,MYX:FCPO1!,2201.0,2221.0,2182.0,2185.0,17529.0
2019-10-14 10:00:00,MYX:FCPO1!,2169.0,2172.0,2145.0,2157.0,19458.0
2019-10-14 21:00:00,MYX:FCPO1!,2158.0,2174.0,2140.0,2173.0,16638.0
2019-10-15 21:00:00,MYX:FCPO1!,2238.0,2260.0,2236.0,2252.0,23389.0
2019-10-16 21:00:00,MYX:FCPO1!,2258.0,2274.0,2248.0,2259.0,22022.0
2019-10-17 21:00:00,MYX:FCPO1!,2249.0,2289.0,2247.0,2287.0,19319.0
2019-10-21 10:00:00,MYX:FCPO1!,2288.0,2309.0,2281.0,2285.0,18083.0
2019-10-21 21:00:00,MYX:FCPO1!,2272.0,2321.0,2263.0,2317.0,23151.0
2019-10-22 21:00:00,MYX:FCPO1!,2344.0,2359.0,2321.0,2322.0,26736.0
2019-10-23 21:00:00,MYX:FCPO1!,2328.0,2408.0,2322.0,2384.0,32860.0
2019-10-24 21:00:00,MYX:FCPO1!,2405.0,2460.0,2377.0,2398.0,41324.0
2019-10-28 21:00:00,MYX:FCPO1!,2421.0,2444.0,2400.0,2417.0,18889.0
2019-10-29 21:00:00,MYX:FCPO1!,2461.0,2499.0,2445.0,2496.0,27992.0
2019-10-30 21:00:00,MYX:FCPO1!,2480.0,2514.0,2470.0,2485.0,33639.0
2019-10-31 21:00:00,MYX:FCPO1!,2504.0,2505.0,2454.0,2461.0,27566.0
2019-11-04 10:00:00,MYX:FCPO1!,2460.0,2532.0,2454.0,2529.0,25508.0
2019-11-04 21:00:00,MYX:FCPO1!,2580.0,2594.0,2512.0,2515.0,32535.0
2019-11-05 21:00:00,MYX:FCPO1!,2508.0,2564.0,2503.0,2554.0,24222.0
2019-11-06 21:00:00,MYX:FCPO1!,2554.0,2575.0,2515.0,2528.0,23202.0
2019-11-07 21:00:00,MYX:FCPO1!,2520.0,2585.0,2512.0,2573.0,27058.0
2019-11-11 10:00:00,MYX:FCPO1!,2570.0,2657.0,2562.0,2627.0,25309.0
2019-11-11 21:00:00,MYX:FCPO1!,2632.0,2653.0,2594.0,2604.0,21121.0
2019-11-12 21:00:00,MYX:FCPO1!,2602.0,2650.0,2577.0,2586.0,21150.0
2019-11-13 21:00:00,MYX:FCPO1!,2570.0,2639.0,2558.0,2606.0,26120.0
2019-11-14 21:00:00,MYX:FCPO1!,2587.0,2594.0,2558.0,2571.0,15193.0
2019-11-18 10:00:00,MYX:FCPO1!,2590.0,2636.0,2587.0,2597.0,25552.0
2019-11-18 21:00:00,MYX:FCPO1!,2622.0,2635.0,2603.0,2622.0,24278.0
2019-11-19 21:00:00,MYX:FCPO1!,2670.0,2699.0,2656.0,2685.0,28733.0
2019-11-20 21:00:00,MYX:FCPO1!,2680.0,2709.0,2656.0,2667.0,29910.0
2019-11-21 21:00:00,MYX:FCPO1!,2650.0,2755.0,2650.0,2748.0,29576.0
2019-11-25 10:00:00,MYX:FCPO1!,2736.0,2760.0,2727.0,2733.0,19216.0
2019-11-25 21:00:00,MYX:FCPO1!,2702.0,2705.0,2634.0,2676.0,27974.0
2019-11-26 21:00:00,MYX:FCPO1!,2673.0,2694.0,2651.0,2687.0,21976.0
2019-11-27 21:00:00,MYX:FCPO1!,2681.0,2726.0,2645.0,2723.0,31191.0
2019-11-28 21:00:00,MYX:FCPO1!,2720.0,2782.0,2708.0,2744.0,22851.0
2019-12-02 10:00:00,MYX:FCPO1!,2735.0,2742.0,2685.0,2731.0,24481.0
2019-12-02 21:00:00,MYX:FCPO1!,2700.0,2763.0,2691.0,2747.0,21129.0
2019-12-03 21:00:00,MYX:FCPO1!,2771.0,2777.0,2740.0,2773.0,23082.0
2019-12-04 21:00:00,MYX:FCPO1!,2783.0,2818.0,2770.0,2815.0,20886.0
2019-12-05 21:00:00,MYX:FCPO1!,2812.0,2883.0,2801.0,2858.0,22314.0
2019-12-09 10:00:00,MYX:FCPO1!,2882.0,2915.0,2863.0,2902.0,21226.0
2019-12-09 21:00:00,MYX:FCPO1!,2895.0,2929.0,2875.0,2903.0,25465.0
2019-12-10 21:00:00,MYX:FCPO1!,2897.0,2930.0,2870.0,2878.0,21867.0
2019-12-11 21:00:00,MYX:FCPO1!,2877.0,2908.0,2867.0,2891.0,18945.0
2019-12-12 21:00:00,MYX:FCPO1!,2925.0,2928.0,2850.0,2852.0,22221.0
2019-12-16 10:00:00,MYX:FCPO1!,2852.0,2885.0,2851.0,2875.0,15810.0
2019-12-16 21:00:00,MYX:FCPO1!,2910.0,2920.0,2871.0,2878.0,19744.0
2019-12-17 21:00:00,MYX:FCPO1!,2865.0,2877.0,2806.0,2858.0,33347.0
2019-12-18 21:00:00,MYX:FCPO1!,2868.0,2885.0,2819.0,2874.0,22262.0
2019-12-19 21:00:00,MYX:FCPO1!,2911.0,2922.0,2899.0,2912.0,18666.0
2019-12-23 10:00:00,MYX:FCPO1!,2894.0,2919.0,2894.0,2907.0,11089.0
2019-12-23 21:00:00,MYX:FCPO1!,2897.0,2926.0,2894.0,2923.0,11751.0
2019-12-25 21:00:00,MYX:FCPO1!,2934.0,3008.0,2930.0,3005.0,15536.0
2019-12-26 21:00:00,MYX:FCPO1!,3036.0,3103.0,3024.0,3073.0,19067.0
2019-12-30 10:00:00,MYX:FCPO1!,3069.0,3140.0,3052.0,3128.0,17633.0
2019-12-30 21:00:00,MYX:FCPO1!,3108.0,3130.0,3011.0,3052.0,17937.0
2020-01-01 21:00:00,MYX:FCPO1!,3059.0,3144.0,3043.0,3130.0,24637.0
2020-01-02 21:00:00,MYX:FCPO1!,3140.0,3149.0,3069.0,3116.0,22159.0
2020-01-06 10:00:00,MYX:FCPO1!,3133.0,3136.0,3040.0,3042.0,28706.0
2020-01-06 21:00:00,MYX:FCPO1!,3046.0,3085.0,3013.0,3042.0,29611.0
2020-01-07 21:00:00,MYX:FCPO1!,3047.0,3059.0,3024.0,3041.0,18328.0
2020-01-08 21:00:00,MYX:FCPO1!,3038.0,3124.0,3038.0,3110.0,24034.0
2020-01-09 21:00:00,MYX:FCPO1!,3100.0,3150.0,3088.0,3134.0,16975.0
2020-01-13 10:00:00,MYX:FCPO1!,3135.0,3135.0,3086.0,3092.0,20418.0
2020-01-13 21:00:00,MYX:FCPO1!,3064.0,3075.0,3004.0,3005.0,23101.0
2020-01-14 21:00:00,MYX:FCPO1!,3021.0,3038.0,2943.0,2945.0,27726.0
2020-01-15 21:00:00,MYX:FCPO1!,2880.0,2926.0,2877.0,2886.0,23749.0
2020-01-16 21:00:00,MYX:FCPO1!,2888.0,2902.0,2816.0,2837.0,26214.0
2020-01-20 10:00:00,MYX:FCPO1!,2856.0,2907.0,2846.0,2902.0,23223.0
2020-01-20 21:00:00,MYX:FCPO1!,2894.0,2896.0,2819.0,2887.0,31505.0
2020-01-21 21:00:00,MYX:FCPO1!,2869.0,2975.0,2853.0,2973.0,25562.0
2020-01-22 21:00:00,MYX:FCPO1!,2958.0,2966.0,2912.0,2925.0,24157.0
2020-01-23 21:00:00,MYX:FCPO1!,2930.0,2936.0,2859.0,2861.0,9668.0
2020-01-27 21:00:00,MYX:FCPO1!,2792.0,2798.0,2575.0,2575.0,40511.0
2020-01-28 21:00:00,MYX:FCPO1!,2653.0,2810.0,2653.0,2723.0,30212.0
2020-01-29 21:00:00,MYX:FCPO1!,2685.0,2703.0,2611.0,2652.0,26734.0
2020-01-30 21:00:00,MYX:FCPO1!,2603.0,2634.0,2584.0,2604.0,24029.0
2020-02-03 10:00:00,MYX:FCPO1!,2595.0,2644.0,2595.0,2613.0,22471.0
2020-02-03 21:00:00,MYX:FCPO1!,2685.0,2697.0,2626.0,2668.0,27638.0
2020-02-04 21:00:00,MYX:FCPO1!,2710.0,2813.0,2704.0,2804.0,31518.0
2020-02-05 21:00:00,MYX:FCPO1!,2820.0,2895.0,2794.0,2850.0,28373.0
2020-02-06 21:00:00,MYX:FCPO1!,2835.0,2880.0,2791.0,2813.0,30488.0
2020-02-10 10:00:00,MYX:FCPO1!,2829.0,2836.0,2746.0,2754.0,21859.0
2020-02-10 21:00:00,MYX:FCPO1!,2777.0,2779.0,2693.0,2695.0,29988.0
2020-02-11 21:00:00,MYX:FCPO1!,2704.0,2718.0,2635.0,2709.0,37884.0
2020-02-12 21:00:00,MYX:FCPO1!,2705.0,2709.0,2619.0,2625.0,32960.0
2020-02-13 21:00:00,MYX:FCPO1!,2616.0,2662.0,2601.0,2660.0,23222.0
2020-02-17 10:00:00,MYX:FCPO1!,2640.0,2666.0,2623.0,2649.0,22819.0
2020-02-17 21:00:00,MYX:FCPO1!,2634.0,2647.0,2609.0,2639.0,22860.0
2020-02-18 21:00:00,MYX:FCPO1!,2638.0,2638.0,2545.0,2547.0,26796.0
2020-02-19 21:00:00,MYX:FCPO1!,2565.0,2592.0,2516.0,2590.0,32229.0
2020-02-20 21:00:00,MYX:FCPO1!,2578.0,2626.0,2571.0,2622.0,26789.0
2020-02-24 10:00:00,MYX:FCPO1!,2605.0,2616.0,2542.0,2543.0,27346.0
2020-02-24 21:00:00,MYX:FCPO1!,2515.0,2533.0,2435.0,2438.0,31278.0
2020-02-25 21:00:00,MYX:FCPO1!,2450.0,2482.0,2393.0,2419.0,39087.0
2020-02-26 21:00:00,MYX:FCPO1!,2438.0,2470.0,2407.0,2459.0,25097.0
2020-02-27 21:00:00,MYX:FCPO1!,2420.0,2430.0,2288.0,2319.0,33026.0
2020-03-02 10:00:00,MYX:FCPO1!,2343.0,2380.0,2317.0,2321.0,31195.0
2020-03-02 21:00:00,MYX:FCPO1!,2336.0,2387.0,2308.0,2377.0,28362.0
2020-03-03 21:00:00,MYX:FCPO1!,2360.0,2502.0,2349.0,2495.0,33636.0
2020-03-04 21:00:00,MYX:FCPO1!,2482.0,2586.0,2469.0,2524.0,36347.0
2020-03-05 21:00:00,MYX:FCPO1!,2480.0,2494.0,2425.0,2451.0,27832.0
2020-03-09 10:00:00,MYX:FCPO1!,2299.0,2358.0,2190.0,2332.0,37103.0
2020-03-09 21:00:00,MYX:FCPO1!,2350.0,2396.0,2303.0,2342.0,29492.0
2020-03-10 21:00:00,MYX:FCPO1!,2359.0,2375.0,2311.0,2359.0,22488.0
2020-03-11 21:00:00,MYX:FCPO1!,2226.0,2304.0,2216.0,2277.0,30137.0
2020-03-12 21:00:00,MYX:FCPO1!,2204.0,2349.0,2198.0,2284.0,29576.0
2020-03-16 10:00:00,MYX:FCPO1!,2260.0,2283.0,2211.0,2220.0,22936.0
2020-03-16 21:00:00,MYX:FCPO1!,2200.0,2342.0,2186.0,2250.0,46813.0
2020-03-17 21:00:00,MYX:FCPO1!,2314.0,2393.0,2220.0,2239.0,51762.0
2020-03-18 21:00:00,MYX:FCPO1!,2202.0,2271.0,2186.0,2216.0,34424.0
2020-03-19 21:00:00,MYX:FCPO1!,2255.0,2303.0,2220.0,2288.0,34511.0
2020-03-23 10:00:00,MYX:FCPO1!,2233.0,2312.0,2214.0,2289.0,26768.0
2020-03-23 21:00:00,MYX:FCPO1!,2335.0,2383.0,2297.0,2353.0,27617.0
2020-03-24 21:00:00,MYX:FCPO1!,2333.0,2429.0,2332.0,2383.0,26953.0
2020-03-25 21:00:00,MYX:FCPO1!,2369.0,2406.0,2320.0,2357.0,28333.0
2020-03-26 21:00:00,MYX:FCPO1!,2361.0,2399.0,2342.0,2378.0,19303.0
2020-03-30 10:00:00,MYX:FCPO1!,2415.0,2466.0,2402.0,2441.0,21466.0
2020-03-30 21:00:00,MYX:FCPO1!,2446.0,2446.0,2360.0,2402.0,30474.0
2020-03-31 21:00:00,MYX:FCPO1!,2375.0,2420.0,2323.0,2339.0,25706.0
2020-04-01 21:00:00,MYX:FCPO1!,2334.0,2368.0,2298.0,2311.0,26360.0
2020-04-02 21:00:00,MYX:FCPO1!,2305.0,2323.0,2242.0,2245.0,23393.0
2020-04-06 10:00:00,MYX:FCPO1!,2254.0,2280.0,2222.0,2250.0,15021.0
2020-04-06 21:00:00,MYX:FCPO1!,2298.0,2332.0,2261.0,2315.0,25498.0
2020-04-07 21:00:00,MYX:FCPO1!,2333.0,2378.0,2328.0,2357.0,25655.0
2020-04-08 21:00:00,MYX:FCPO1!,2385.0,2409.0,2286.0,2304.0,24617.0
2020-04-09 21:00:00,MYX:FCPO1!,2314.0,2335.0,2262.0,2312.0,20445.0
2020-04-13 10:00:00,MYX:FCPO1!,2312.0,2318.0,2240.0,2246.0,18531.0
2020-04-13 21:00:00,MYX:FCPO1!,2245.0,2264.0,2217.0,2250.0,21440.0
2020-04-14 21:00:00,MYX:FCPO1!,2257.0,2303.0,2246.0,2261.0,15806.0
2020-04-15 21:00:00,MYX:FCPO1!,2254.0,2271.0,2202.0,2204.0,22266.0
2020-04-16 21:00:00,MYX:FCPO1!,2195.0,2244.0,2181.0,2235.0,22029.0
2020-04-20 10:00:00,MYX:FCPO1!,2240.0,2273.0,2229.0,2232.0,22401.0
2020-04-20 21:00:00,MYX:FCPO1!,2178.0,2186.0,2025.0,2064.0,43455.0
2020-04-21 21:00:00,MYX:FCPO1!,2091.0,2114.0,2040.0,2075.0,36173.0
2020-04-22 21:00:00,MYX:FCPO1!,2102.0,2125.0,2065.0,2119.0,24485.0
2020-04-23 21:00:00,MYX:FCPO1!,2095.0,2108.0,2059.0,2075.0,20282.0
2020-04-27 10:00:00,MYX:FCPO1!,2056.0,2062.0,2003.0,2018.0,25945.0
2020-04-27 21:00:00,MYX:FCPO1!,2006.0,2030.0,1988.0,2020.0,19615.0
2020-04-28 21:00:00,MYX:FCPO1!,2037.0,2049.0,2023.0,2031.0,14614.0
2020-04-29 21:00:00,MYX:FCPO1!,2067.0,2095.0,2055.0,2088.0,18384.0
2020-05-04 10:00:00,MYX:FCPO1!,2055.0,2064.0,1976.0,1983.0,18915.0
2020-05-04 21:00:00,MYX:FCPO1!,2002.0,2012.0,1972.0,1975.0,16872.0
2020-05-05 21:00:00,MYX:FCPO1!,1987.0,2005.0,1939.0,1946.0,18759.0
2020-05-07 21:00:00,MYX:FCPO1!,1970.0,2024.0,1968.0,2020.0,23259.0
2020-05-11 21:00:00,MYX:FCPO1!,2010.0,2017.0,1965.0,1994.0,22455.0
2020-05-12 21:00:00,MYX:FCPO1!,1985.0,2038.0,1979.0,2032.0,15437.0
2020-05-13 21:00:00,MYX:FCPO1!,2013.0,2044.0,2005.0,2031.0,20637.0
2020-05-14 21:00:00,MYX:FCPO1!,2054.0,2104.0,2054.0,2091.0,16272.0
2020-05-18 10:00:00,MYX:FCPO1!,2126.0,2155.0,2119.0,2142.0,18232.0
2020-05-18 21:00:00,MYX:FCPO1!,2165.0,2189.0,2140.0,2182.0,26652.0
2020-05-19 21:00:00,MYX:FCPO1!,2183.0,2186.0,2144.0,2159.0,20175.0
2020-05-20 21:00:00,MYX:FCPO1!,2158.0,2209.0,2157.0,2207.0,22031.0
2020-05-21 21:00:00,MYX:FCPO1!,2173.0,2181.0,2144.0,2167.0,21469.0
2020-05-26 21:00:00,MYX:FCPO1!,2210.0,2297.0,2199.0,2281.0,26775.0
2020-05-27 21:00:00,MYX:FCPO1!,2300.0,2300.0,2246.0,2268.0,25652.0
2020-05-28 21:00:00,MYX:FCPO1!,2261.0,2303.0,2248.0,2292.0,20651.0
2020-06-01 10:00:00,MYX:FCPO1!,2310.0,2341.0,2279.0,2285.0,24235.0
2020-06-01 21:00:00,MYX:FCPO1!,2285.0,2347.0,2270.0,2341.0,26898.0
2020-06-02 21:00:00,MYX:FCPO1!,2361.0,2400.0,2333.0,2399.0,21445.0
2020-06-03 21:00:00,MYX:FCPO1!,2374.0,2387.0,2318.0,2326.0,33046.0
2020-06-04 21:00:00,MYX:FCPO1!,2342.0,2396.0,2298.0,2348.0,34015.0
2020-06-08 21:00:00,MYX:FCPO1!,2332.0,2422.0,2331.0,2388.0,29793.0
2020-06-09 21:00:00,MYX:FCPO1!,2404.0,2420.0,2348.0,2349.0,26017.0
2020-06-10 21:00:00,MYX:FCPO1!,2361.0,2381.0,2332.0,2366.0,21849.0
2020-06-11 21:00:00,MYX:FCPO1!,2327.0,2400.0,2316.0,2371.0,22873.0
2020-06-15 10:00:00,MYX:FCPO1!,2370.0,2384.0,2294.0,2329.0,22788.0
2020-06-15 21:00:00,MYX:FCPO1!,2340.0,2364.0,2327.0,2356.0,23862.0
2020-06-16 21:00:00,MYX:FCPO1!,2347.0,2384.0,2337.0,2361.0,21975.0
2020-06-17 21:00:00,MYX:FCPO1!,2358.0,2371.0,2351.0,2367.0,14959.0
2020-06-18 21:00:00,MYX:FCPO1!,2395.0,2475.0,2391.0,2472.0,19149.0
2020-06-22 10:00:00,MYX:FCPO1!,2457.0,2475.0,2430.0,2445.0,16925.0
2020-06-22 21:00:00,MYX:FCPO1!,2445.0,2468.0,2420.0,2466.0,20551.0
2020-06-23 21:00:00,MYX:FCPO1!,2450.0,2472.0,2435.0,2436.0,17211.0
2020-06-24 21:00:00,MYX:FCPO1!,2402.0,2412.0,2381.0,2395.0,16832.0
2020-06-25 21:00:00,MYX:FCPO1!,2419.0,2430.0,2356.0,2368.0,20311.0
2020-06-29 10:00:00,MYX:FCPO1!,2353.0,2358.0,2313.0,2341.0,22769.0
2020-06-29 21:00:00,MYX:FCPO1!,2358.0,2367.0,2293.0,2297.0,21675.0
2020-06-30 21:00:00,MYX:FCPO1!,2322.0,2352.0,2308.0,2327.0,21201.0
2020-07-01 21:00:00,MYX:FCPO1!,2340.0,2368.0,2332.0,2362.0,16273.0
2020-07-02 21:00:00,MYX:FCPO1!,2357.0,2394.0,2335.0,2358.0,19534.0
2020-07-06 10:00:00,MYX:FCPO1!,2394.0,2420.0,2377.0,2391.0,18297.0
2020-07-06 21:00:00,MYX:FCPO1!,2390.0,2404.0,2351.0,2359.0,16716.0
2020-07-07 21:00:00,MYX:FCPO1!,2390.0,2409.0,2381.0,2407.0,19307.0
2020-07-08 21:00:00,MYX:FCPO1!,2402.0,2433.0,2399.0,2403.0,20328.0
2020-07-09 21:00:00,MYX:FCPO1!,2379.0,2435.0,2362.0,2412.0,23594.0
2020-07-13 10:00:00,MYX:FCPO1!,2392.0,2447.0,2383.0,2429.0,19778.0
2020-07-13 21:00:00,MYX:FCPO1!,2430.0,2504.0,2410.0,2502.0,22374.0
2020-07-14 21:00:00,MYX:FCPO1!,2519.0,2567.0,2515.0,2564.0,18521.0
2020-07-15 21:00:00,MYX:FCPO1!,2560.0,2584.0,2517.0,2520.0,23440.0
2020-07-16 21:00:00,MYX:FCPO1!,2569.0,2625.0,2564.0,2614.0,27972.0
2020-07-20 10:00:00,MYX:FCPO1!,2655.0,2675.0,2643.0,2661.0,20631.0
2020-07-20 21:00:00,MYX:FCPO1!,2630.0,2692.0,2627.0,2641.0,25004.0
2020-07-21 21:00:00,MYX:FCPO1!,2685.0,2712.0,2638.0,2656.0,29387.0
2020-07-22 21:00:00,MYX:FCPO1!,2666.0,2710.0,2630.0,2708.0,31143.0
2020-07-23 21:00:00,MYX:FCPO1!,2744.0,2790.0,2720.0,2778.0,30030.0
2020-07-27 10:00:00,MYX:FCPO1!,2764.0,2780.0,2669.0,2672.0,27254.0
2020-07-27 21:00:00,MYX:FCPO1!,2666.0,2666.0,2562.0,2603.0,31294.0
2020-07-28 21:00:00,MYX:FCPO1!,2633.0,2646.0,2602.0,2645.0,21320.0
2020-07-29 21:00:00,MYX:FCPO1!,2645.0,2695.0,2636.0,2677.0,19712.0
2020-08-03 10:00:00,MYX:FCPO1!,2723.0,2763.0,2718.0,2731.0,21663.0
2020-08-03 21:00:00,MYX:FCPO1!,2736.0,2808.0,2733.0,2768.0,20364.0
2020-08-04 21:00:00,MYX:FCPO1!,2740.0,2769.0,2707.0,2717.0,26751.0
2020-08-05 21:00:00,MYX:FCPO1!,2736.0,2775.0,2716.0,2765.0,21924.0
2020-08-06 21:00:00,MYX:FCPO1!,2764.0,2780.0,2722.0,2758.0,20714.0
2020-08-10 10:00:00,MYX:FCPO1!,2702.0,2740.0,2694.0,2709.0,18760.0
2020-08-10 21:00:00,MYX:FCPO1!,2731.0,2750.0,2638.0,2643.0,24064.0
2020-08-11 21:00:00,MYX:FCPO1!,2615.0,2690.0,2606.0,2688.0,25688.0
2020-08-12 21:00:00,MYX:FCPO1!,2722.0,2778.0,2701.0,2716.0,28256.0
2020-08-13 21:00:00,MYX:FCPO1!,2705.0,2739.0,2672.0,2686.0,25121.0
2020-08-17 10:00:00,MYX:FCPO1!,2705.0,2709.0,2677.0,2679.0,21932.0
2020-08-17 21:00:00,MYX:FCPO1!,2679.0,2720.0,2650.0,2711.0,29088.0
2020-08-18 21:00:00,MYX:FCPO1!,2708.0,2758.0,2699.0,2737.0,23671.0
2020-08-20 21:00:00,MYX:FCPO1!,2685.0,2700.0,2668.0,2681.0,25391.0
2020-08-24 10:00:00,MYX:FCPO1!,2671.0,2698.0,2648.0,2662.0,20207.0
2020-08-24 21:00:00,MYX:FCPO1!,2692.0,2700.0,2607.0,2615.0,24278.0
2020-08-25 21:00:00,MYX:FCPO1!,2620.0,2650.0,2614.0,2645.0,22912.0
2020-08-26 21:00:00,MYX:FCPO1!,2658.0,2698.0,2652.0,2682.0,24166.0
2020-08-27 21:00:00,MYX:FCPO1!,2733.0,2758.0,2724.0,2738.0,24559.0
2020-08-31 21:00:00,MYX:FCPO1!,2783.0,2825.0,2777.0,2784.0,22699.0
2020-09-01 21:00:00,MYX:FCPO1!,2770.0,2843.0,2765.0,2811.0,24637.0
2020-09-02 21:00:00,MYX:FCPO1!,2857.0,2902.0,2847.0,2891.0,27538.0
2020-09-03 21:00:00,MYX:FCPO1!,2863.0,2873.0,2811.0,2835.0,25896.0
2020-09-07 10:00:00,MYX:FCPO1!,2833.0,2855.0,2800.0,2804.0,25520.0
2020-09-07 21:00:00,MYX:FCPO1!,2859.0,2885.0,2838.0,2871.0,23261.0
2020-09-08 21:00:00,MYX:FCPO1!,2835.0,2872.0,2812.0,2814.0,24879.0
2020-09-09 21:00:00,MYX:FCPO1!,2812.0,2840.0,2791.0,2814.0,22047.0
2020-09-10 21:00:00,MYX:FCPO1!,2795.0,2824.0,2788.0,2811.0,21356.0
2020-09-14 10:00:00,MYX:FCPO1!,2880.0,2910.0,2867.0,2892.0,22158.0
2020-09-14 21:00:00,MYX:FCPO1!,2896.0,2942.0,2893.0,2940.0,19400.0
2020-09-16 21:00:00,MYX:FCPO1!,2983.0,3002.0,2964.0,2975.0,31774.0
2020-09-17 21:00:00,MYX:FCPO1!,3025.0,3083.0,3024.0,3080.0,28071.0
2020-09-21 10:00:00,MYX:FCPO1!,3091.0,3104.0,3006.0,3007.0,25077.0
2020-09-21 21:00:00,MYX:FCPO1!,2995.0,3000.0,2917.0,2957.0,32636.0
2020-09-22 21:00:00,MYX:FCPO1!,2901.0,2928.0,2849.0,2861.0,31139.0
2020-09-23 21:00:00,MYX:FCPO1!,2825.0,2825.0,2755.0,2757.0,35471.0
2020-09-24 21:00:00,MYX:FCPO1!,2766.0,2845.0,2725.0,2822.0,27438.0
2020-09-28 10:00:00,MYX:FCPO1!,2870.0,2870.0,2750.0,2822.0,28363.0
2020-09-28 21:00:00,MYX:FCPO1!,2825.0,2847.0,2772.0,2777.0,28152.0
2020-09-29 21:00:00,MYX:FCPO1!,2730.0,2776.0,2708.0,2714.0,31854.0
2020-09-30 21:00:00,MYX:FCPO1!,2760.0,2825.0,2755.0,2789.0,26014.0
2020-10-01 21:00:00,MYX:FCPO1!,2728.0,2734.0,2691.0,2708.0,22348.0
2020-10-05 10:00:00,MYX:FCPO1!,2707.0,2747.0,2691.0,2721.0,20612.0
2020-10-05 21:00:00,MYX:FCPO1!,2781.0,2820.0,2772.0,2818.0,20093.0
2020-10-06 21:00:00,MYX:FCPO1!,2807.0,2892.0,2803.0,2870.0,24219.0
2020-10-07 21:00:00,MYX:FCPO1!,2858.0,2908.0,2855.0,2888.0,20296.0
2020-10-08 21:00:00,MYX:FCPO1!,2909.0,2950.0,2894.0,2911.0,23324.0
2020-10-12 10:00:00,MYX:FCPO1!,2984.0,3026.0,2979.0,2994.0,23602.0
2020-10-12 21:00:00,MYX:FCPO1!,2978.0,3023.0,2960.0,3003.0,27603.0
2020-10-13 21:00:00,MYX:FCPO1!,2995.0,3018.0,2979.0,2989.0,23760.0
2020-10-14 21:00:00,MYX:FCPO1!,2992.0,2998.0,2910.0,2918.0,21082.0
2020-10-15 21:00:00,MYX:FCPO1!,2853.0,2902.0,2842.0,2870.0,26403.0
2020-10-19 10:00:00,MYX:FCPO1!,2845.0,2846.0,2767.0,2776.0,29591.0
2020-10-19 21:00:00,MYX:FCPO1!,2777.0,2863.0,2764.0,2858.0,29340.0
2020-10-20 21:00:00,MYX:FCPO1!,2892.0,2938.0,2880.0,2888.0,27731.0
2020-10-21 21:00:00,MYX:FCPO1!,2879.0,2945.0,2871.0,2943.0,29323.0
2020-10-22 21:00:00,MYX:FCPO1!,2958.0,2963.0,2884.0,2942.0,31935.0
2020-10-26 10:00:00,MYX:FCPO1!,2971.0,3078.0,2971.0,3066.0,31201.0
2020-10-26 21:00:00,MYX:FCPO1!,3055.0,3084.0,3018.0,3065.0,33604.0
2020-10-27 21:00:00,MYX:FCPO1!,3042.0,3123.0,3028.0,3051.0,34560.0
2020-10-29 21:00:00,MYX:FCPO1!,3098.0,3115.0,2990.0,3011.0,29393.0
2020-11-02 10:00:00,MYX:FCPO1!,2982.0,2990.0,2935.0,2975.0,21734.0
2020-11-02 21:00:00,MYX:FCPO1!,3013.0,3078.0,3006.0,3070.0,25281.0
2020-11-03 21:00:00,MYX:FCPO1!,3070.0,3136.0,3059.0,3097.0,28624.0
2020-11-04 21:00:00,MYX:FCPO1!,3135.0,3211.0,3106.0,3208.0,30556.0
2020-11-05 21:00:00,MYX:FCPO1!,3235.0,3262.0,3175.0,3181.0,27090.0
2020-11-09 10:00:00,MYX:FCPO1!,3217.0,3234.0,3154.0,3227.0,21274.0
2020-11-09 21:00:00,MYX:FCPO1!,3218.0,3259.0,3193.0,3256.0,25246.0
2020-11-10 21:00:00,MYX:FCPO1!,3305.0,3349.0,3281.0,3346.0,26314.0
2020-11-11 21:00:00,MYX:FCPO1!,3330.0,3397.0,3321.0,3391.0,21177.0
2020-11-12 21:00:00,MYX:FCPO1!,3360.0,3413.0,3337.0,3380.0,23921.0
2020-11-16 10:00:00,MYX:FCPO1!,3299.0,3328.0,3278.0,3283.0,18201.0
2020-11-16 21:00:00,MYX:FCPO1!,3330.0,3349.0,3276.0,3279.0,29544.0
2020-11-17 21:00:00,MYX:FCPO1!,3299.0,3370.0,3277.0,3364.0,27704.0
2020-11-18 21:00:00,MYX:FCPO1!,3410.0,3420.0,3319.0,3342.0,25623.0
2020-11-19 21:00:00,MYX:FCPO1!,3390.0,3392.0,3283.0,3288.0,26019.0
2020-11-23 10:00:00,MYX:FCPO1!,3260.0,3332.0,3182.0,3326.0,28751.0
2020-11-23 21:00:00,MYX:FCPO1!,3269.0,3315.0,3241.0,3249.0,31142.0
2020-11-24 21:00:00,MYX:FCPO1!,3290.0,3302.0,3245.0,3285.0,21110.0
2020-11-25 21:00:00,MYX:FCPO1!,3293.0,3293.0,3217.0,3227.0,23001.0
2020-11-26 21:00:00,MYX:FCPO1!,3300.0,3340.0,3200.0,3338.0,36955.0
2020-11-30 10:00:00,MYX:FCPO1!,3316.0,3333.0,3255.0,3305.0,26349.0
2020-11-30 21:00:00,MYX:FCPO1!,3299.0,3366.0,3280.0,3347.0,21770.0
2020-12-01 21:00:00,MYX:FCPO1!,3298.0,3336.0,3296.0,3316.0,21687.0
2020-12-02 21:00:00,MYX:FCPO1!,3323.0,3388.0,3273.0,3332.0,33334.0
2020-12-03 21:00:00,MYX:FCPO1!,3355.0,3447.0,3346.0,3437.0,27051.0
2020-12-07 10:00:00,MYX:FCPO1!,3420.0,3470.0,3382.0,3392.0,26791.0
2020-12-07 21:00:00,MYX:FCPO1!,3398.0,3429.0,3349.0,3366.0,22305.0
2020-12-08 21:00:00,MYX:FCPO1!,3359.0,3388.0,3340.0,3358.0,20524.0
2020-12-09 21:00:00,MYX:FCPO1!,3374.0,3423.0,3354.0,3403.0,17763.0
2020-12-10 21:00:00,MYX:FCPO1!,3428.0,3456.0,3397.0,3410.0,18939.0
2020-12-14 10:00:00,MYX:FCPO1!,3445.0,3468.0,3422.0,3456.0,20428.0
2020-12-14 21:00:00,MYX:FCPO1!,3440.0,3469.0,3422.0,3446.0,13919.0
2020-12-15 21:00:00,MYX:FCPO1!,3383.0,3414.0,3359.0,3365.0,25395.0
2020-12-16 21:00:00,MYX:FCPO1!,3386.0,3420.0,3324.0,3378.0,25289.0
2020-12-17 21:00:00,MYX:FCPO1!,3409.0,3448.0,3393.0,3444.0,21120.0
2020-12-21 10:00:00,MYX:FCPO1!,3440.0,3460.0,3405.0,3406.0,21527.0
2020-12-21 21:00:00,MYX:FCPO1!,3439.0,3465.0,3370.0,3412.0,28920.0
2020-12-22 21:00:00,MYX:FCPO1!,3400.0,3544.0,3394.0,3535.0,29776.0
2020-12-23 21:00:00,MYX:FCPO1!,3547.0,3598.0,3542.0,3569.0,21315.0
2020-12-28 10:00:00,MYX:FCPO1!,3575.0,3589.0,3516.0,3542.0,17379.0
2020-12-28 21:00:00,MYX:FCPO1!,3541.0,3556.0,3502.0,3550.0,13312.0
2020-12-29 21:00:00,MYX:FCPO1!,3573.0,3606.0,3554.0,3588.0,16406.0
2020-12-30 21:00:00,MYX:FCPO1!,3608.0,3619.0,3568.0,3600.0,14661.0
2021-01-04 10:00:00,MYX:FCPO1!,3661.0,3732.0,3657.0,3724.0,22040.0
2021-01-04 21:00:00,MYX:FCPO1!,3674.0,3757.0,3666.0,3755.0,23838.0
2021-01-05 21:00:00,MYX:FCPO1!,3785.0,3888.0,3774.0,3877.0,28399.0
2021-01-06 21:00:00,MYX:FCPO1!,3850.0,3884.0,3800.0,3817.0,25099.0
2021-01-07 21:00:00,MYX:FCPO1!,3810.0,3843.0,3788.0,3830.0,20737.0
2021-01-11 10:00:00,MYX:FCPO1!,3810.0,3846.0,3740.0,3797.0,23718.0
2021-01-11 21:00:00,MYX:FCPO1!,3750.0,3796.0,3690.0,3695.0,18604.0
2021-01-12 21:00:00,MYX:FCPO1!,3727.0,3740.0,3679.0,3692.0,21217.0
2021-01-13 21:00:00,MYX:FCPO1!,3646.0,3654.0,3490.0,3527.0,27491.0
2021-01-14 21:00:00,MYX:FCPO1!,3580.0,3600.0,3388.0,3423.0,24826.0
2021-01-18 10:00:00,MYX:FCPO1!,3337.0,3380.0,3267.0,3350.0,29372.0
2021-01-18 21:00:00,MYX:FCPO1!,3314.0,3360.0,3244.0,3267.0,35000.0
2021-01-19 21:00:00,MYX:FCPO1!,3270.0,3280.0,3160.0,3221.0,33593.0
2021-01-20 21:00:00,MYX:FCPO1!,3267.0,3303.0,3246.0,3284.0,29356.0
2021-01-21 21:00:00,MYX:FCPO1!,3255.0,3308.0,3224.0,3282.0,31439.0
2021-01-25 10:00:00,MYX:FCPO1!,3238.0,3307.0,3218.0,3242.0,23171.0
2021-01-25 21:00:00,MYX:FCPO1!,3278.0,3292.0,3196.0,3266.0,29991.0
2021-01-26 21:00:00,MYX:FCPO1!,3310.0,3392.0,3282.0,3388.0,29034.0
2021-01-28 21:00:00,MYX:FCPO1!,3370.0,3495.0,3365.0,3490.0,27762.0
2021-02-01 21:00:00,MYX:FCPO1!,3458.0,3464.0,3385.0,3391.0,24400.0
2021-02-02 21:00:00,MYX:FCPO1!,3315.0,3327.0,3210.0,3226.0,31428.0
2021-02-03 21:00:00,MYX:FCPO1!,3259.0,3379.0,3233.0,3317.0,33173.0
2021-02-04 21:00:00,MYX:FCPO1!,3342.0,3420.0,3335.0,3375.0,22986.0
2021-02-08 10:00:00,MYX:FCPO1!,3377.0,3441.0,3357.0,3435.0,18726.0
2021-02-08 21:00:00,MYX:FCPO1!,3486.0,3594.0,3486.0,3572.0,23080.0
2021-02-09 21:00:00,MYX:FCPO1!,3584.0,3656.0,3543.0,3629.0,25835.0
2021-02-10 21:00:00,MYX:FCPO1!,3570.0,3590.0,3540.0,3558.0,10005.0
2021-02-15 10:00:00,MYX:FCPO1!,3601.0,3720.0,3598.0,3715.0,16532.0
2021-02-15 21:00:00,MYX:FCPO1!,3550.0,3602.0,3516.0,3535.0,33652.0
2021-02-16 21:00:00,MYX:FCPO1!,3587.0,3651.0,3587.0,3632.0,27817.0
2021-02-17 21:00:00,MYX:FCPO1!,3600.0,3600.0,3461.0,3489.0,27539.0
2021-02-18 21:00:00,MYX:FCPO1!,3507.0,3564.0,3480.0,3522.0,27694.0
2021-02-22 10:00:00,MYX:FCPO1!,3570.0,3618.0,3533.0,3544.0,19143.0
2021-02-22 21:00:00,MYX:FCPO1!,3577.0,3696.0,3576.0,3676.0,25814.0
2021-02-23 21:00:00,MYX:FCPO1!,3726.0,3745.0,3609.0,3651.0,29092.0
2021-02-24 21:00:00,MYX:FCPO1!,3750.0,3791.0,3701.0,3784.0,25714.0
2021-02-25 21:00:00,MYX:FCPO1!,3708.0,3762.0,3703.0,3742.0,22333.0
2021-03-01 10:00:00,MYX:FCPO1!,3817.0,3819.0,3673.0,3684.0,26437.0
2021-03-01 21:00:00,MYX:FCPO1!,3626.0,3659.0,3598.0,3642.0,23331.0
2021-03-02 21:00:00,MYX:FCPO1!,3630.0,3682.0,3606.0,3678.0,21241.0
2021-03-03 21:00:00,MYX:FCPO1!,3701.0,3767.0,3689.0,3731.0,25723.0
2021-03-04 21:00:00,MYX:FCPO1!,3700.0,3807.0,3694.0,3741.0,28330.0
2021-03-08 10:00:00,MYX:FCPO1!,3880.0,3954.0,3854.0,3878.0,30580.0
2021-03-08 21:00:00,MYX:FCPO1!,3905.0,3941.0,3827.0,3915.0,26434.0
2021-03-09 21:00:00,MYX:FCPO1!,3862.0,3986.0,3837.0,3974.0,30584.0
2021-03-10 21:00:00,MYX:FCPO1!,3961.0,4064.0,3935.0,4060.0,25108.0
2021-03-11 21:00:00,MYX:FCPO1!,4120.0,4153.0,4065.0,4125.0,30980.0
2021-03-15 10:00:00,MYX:FCPO1!,4175.0,4192.0,4098.0,4138.0,19683.0
2021-03-15 21:00:00,MYX:FCPO1!,4040.0,4059.0,3891.0,3897.0,30886.0
2021-03-16 21:00:00,MYX:FCPO1!,3901.0,3981.0,3872.0,3937.0,26980.0
2021-03-17 21:00:00,MYX:FCPO1!,3888.0,3911.0,3789.0,3799.0,30113.0
2021-03-18 21:00:00,MYX:FCPO1!,3740.0,3766.0,3667.0,3724.0,29852.0
2021-03-22 10:00:00,MYX:FCPO1!,3734.0,3855.0,3721.0,3843.0,25290.0
2021-03-22 21:00:00,MYX:FCPO1!,3965.0,4011.0,3921.0,3930.0,25979.0
2021-03-23 21:00:00,MYX:FCPO1!,3915.0,3966.0,3862.0,3923.0,29489.0
2021-03-24 21:00:00,MYX:FCPO1!,3945.0,3954.0,3826.0,3863.0,22459.0
2021-03-25 21:00:00,MYX:FCPO1!,3740.0,3761.0,3664.0,3692.0,30111.0
2021-03-29 10:00:00,MYX:FCPO1!,3601.0,3756.0,3594.0,3747.0,27275.0
2021-03-29 21:00:00,MYX:FCPO1!,3720.0,3721.0,3566.0,3572.0,29107.0
2021-03-30 21:00:00,MYX:FCPO1!,3510.0,3624.0,3495.0,3612.0,22993.0
2021-03-31 21:00:00,MYX:FCPO1!,3682.0,3763.0,3650.0,3741.0,28049.0
2021-04-01 21:00:00,MYX:FCPO1!,3711.0,3780.0,3674.0,3737.0,15698.0
2021-04-05 10:00:00,MYX:FCPO1!,3750.0,3798.0,3703.0,3739.0,17822.0
2021-04-05 21:00:00,MYX:FCPO1!,3744.0,3819.0,3716.0,3802.0,26089.0
2021-04-06 21:00:00,MYX:FCPO1!,3860.0,3870.0,3799.0,3845.0,20265.0
2021-04-07 21:00:00,MYX:FCPO1!,3805.0,3921.0,3760.0,3791.0,33412.0
2021-04-08 21:00:00,MYX:FCPO1!,3797.0,3868.0,3750.0,3767.0,26778.0
2021-04-12 10:00:00,MYX:FCPO1!,3780.0,3791.0,3642.0,3650.0,29744.0
2021-04-12 21:00:00,MYX:FCPO1!,3663.0,3757.0,3654.0,3726.0,24465.0
2021-04-13 21:00:00,MYX:FCPO1!,3758.0,3787.0,3686.0,3730.0,25558.0
2021-04-14 21:00:00,MYX:FCPO1!,3780.0,3813.0,3757.0,3807.0,19135.0
2021-04-15 21:00:00,MYX:FCPO1!,3651.0,3723.0,3650.0,3716.0,24295.0
2021-04-19 10:00:00,MYX:FCPO1!,3726.0,3726.0,3666.0,3710.0,16806.0
2021-04-19 21:00:00,MYX:FCPO1!,3690.0,3813.0,3680.0,3805.0,24048.0
2021-04-20 21:00:00,MYX:FCPO1!,3860.0,3951.0,3845.0,3894.0,27131.0
2021-04-21 21:00:00,MYX:FCPO1!,3990.0,4010.0,3943.0,3989.0,24350.0
2021-04-22 21:00:00,MYX:FCPO1!,4047.0,4084.0,3921.0,3927.0,26043.0
2021-04-26 10:00:00,MYX:FCPO1!,3990.0,4009.0,3852.0,3887.0,27161.0
2021-04-26 21:00:00,MYX:FCPO1!,3920.0,4074.0,3908.0,4069.0,35035.0
2021-04-27 21:00:00,MYX:FCPO1!,3922.0,3976.0,3913.0,3936.0,27787.0
2021-04-29 21:00:00,MYX:FCPO1!,3990.0,3996.0,3865.0,3868.0,25996.0
2021-05-03 10:00:00,MYX:FCPO1!,4006.0,4095.0,4001.0,4061.0,24743.0
2021-05-03 21:00:00,MYX:FCPO1!,4007.0,4093.0,3969.0,4042.0,24835.0
2021-05-04 21:00:00,MYX:FCPO1!,4029.0,4085.0,4018.0,4044.0,18788.0
2021-05-05 21:00:00,MYX:FCPO1!,4120.0,4231.0,4120.0,4215.0,25434.0
2021-05-06 21:00:00,MYX:FCPO1!,4283.0,4434.0,4277.0,4427.0,27894.0
2021-05-10 10:00:00,MYX:FCPO1!,4398.0,4398.0,4281.0,4368.0,25867.0
2021-05-10 21:00:00,MYX:FCPO1!,4315.0,4434.0,4309.0,4350.0,26129.0
2021-05-11 21:00:00,MYX:FCPO1!,4499.0,4525.0,4466.0,4506.0,10868.0
2021-05-17 10:00:00,MYX:FCPO1!,4270.0,4292.0,4203.0,4242.0,23801.0
2021-05-17 21:00:00,MYX:FCPO1!,4320.0,4468.0,4300.0,4457.0,24622.0
2021-05-18 21:00:00,MYX:FCPO1!,4350.0,4380.0,4271.0,4302.0,26718.0
2021-05-19 21:00:00,MYX:FCPO1!,4232.0,4311.0,4100.0,4112.0,26079.0
2021-05-20 21:00:00,MYX:FCPO1!,4078.0,4134.0,3954.0,3991.0,34609.0
2021-05-24 10:00:00,MYX:FCPO1!,3942.0,3990.0,3867.0,3890.0,29667.0
2021-05-24 21:00:00,MYX:FCPO1!,3960.0,4034.0,3950.0,4024.0,30845.0
2021-05-26 21:00:00,MYX:FCPO1!,3966.0,4015.0,3886.0,3916.0,30304.0
2021-05-27 21:00:00,MYX:FCPO1!,4039.0,4061.0,3988.0,4010.0,29560.0
2021-05-31 10:00:00,MYX:FCPO1!,3981.0,4012.0,3872.0,3919.0,27331.0
2021-05-31 21:00:00,MYX:FCPO1!,3952.0,3976.0,3852.0,3891.0,32107.0
2021-06-01 21:00:00,MYX:FCPO1!,3969.0,4107.0,3940.0,4092.0,30274.0
2021-06-02 21:00:00,MYX:FCPO1!,4249.0,4260.0,4111.0,4158.0,33139.0
2021-06-03 21:00:00,MYX:FCPO1!,4080.0,4166.0,4064.0,4129.0,26865.0
2021-06-07 21:00:00,MYX:FCPO1!,4062.0,4065.0,3913.0,4049.0,31877.0
2021-06-08 21:00:00,MYX:FCPO1!,4030.0,4060.0,3854.0,3871.0,31364.0
2021-06-09 21:00:00,MYX:FCPO1!,3897.0,3950.0,3806.0,3844.0,36419.0
2021-06-10 21:00:00,MYX:FCPO1!,3768.0,3792.0,3623.0,3663.0,31184.0
2021-06-14 10:00:00,MYX:FCPO1!,3539.0,3550.0,3298.0,3375.0,41820.0
2021-06-14 21:00:00,MYX:FCPO1!,3395.0,3593.0,3395.0,3580.0,31632.0
2021-06-15 21:00:00,MYX:FCPO1!,3500.0,3500.0,3340.0,3404.0,34769.0
2021-06-16 21:00:00,MYX:FCPO1!,3333.0,3452.0,3323.0,3377.0,44950.0
2021-06-17 21:00:00,MYX:FCPO1!,3290.0,3460.0,3251.0,3424.0,37172.0
2021-06-21 10:00:00,MYX:FCPO1!,3394.0,3455.0,3350.0,3391.0,33483.0
2021-06-21 21:00:00,MYX:FCPO1!,3432.0,3499.0,3375.0,3390.0,41170.0
2021-06-22 21:00:00,MYX:FCPO1!,3485.0,3548.0,3421.0,3445.0,32821.0
2021-06-23 21:00:00,MYX:FCPO1!,3410.0,3480.0,3375.0,3421.0,32059.0
2021-06-24 21:00:00,MYX:FCPO1!,3472.0,3526.0,3442.0,3520.0,25952.0
2021-06-28 10:00:00,MYX:FCPO1!,3450.0,3525.0,3421.0,3506.0,23922.0
2021-06-28 21:00:00,MYX:FCPO1!,3489.0,3569.0,3460.0,3553.0,32117.0
2021-06-29 21:00:00,MYX:FCPO1!,3610.0,3679.0,3586.0,3599.0,38973.0
2021-06-30 21:00:00,MYX:FCPO1!,3736.0,3763.0,3703.0,3710.0,29177.0
2021-07-01 21:00:00,MYX:FCPO1!,3751.0,3809.0,3725.0,3789.0,23627.0
2021-07-05 10:00:00,MYX:FCPO1!,3769.0,3885.0,3737.0,3880.0,26021.0
2021-07-05 21:00:00,MYX:FCPO1!,3908.0,3978.0,3840.0,3851.0,30039.0
2021-07-06 21:00:00,MYX:FCPO1!,3781.0,3838.0,3711.0,3795.0,35462.0
2021-07-07 21:00:00,MYX:FCPO1!,3813.0,3816.0,3744.0,3769.0,24531.0
2021-07-08 21:00:00,MYX:FCPO1!,3790.0,3904.0,3775.0,3892.0,28385.0
2021-07-12 10:00:00,MYX:FCPO1!,3954.0,3962.0,3843.0,3863.0,26301.0
2021-07-12 21:00:00,MYX:FCPO1!,3919.0,3997.0,3888.0,3977.0,30651.0
2021-07-13 21:00:00,MYX:FCPO1!,3979.0,4056.0,3927.0,4021.0,25460.0
2021-07-14 21:00:00,MYX:FCPO1!,3995.0,4189.0,3980.0,4173.0,24877.0
2021-07-15 21:00:00,MYX:FCPO1!,4106.0,4155.0,4039.0,4137.0,29028.0
2021-07-19 10:00:00,MYX:FCPO1!,4186.0,4193.0,4134.0,4151.0,24958.0
2021-07-20 21:00:00,MYX:FCPO1!,4138.0,4200.0,4078.0,4149.0,31288.0
2021-07-21 21:00:00,MYX:FCPO1!,4110.0,4145.0,4074.0,4121.0,24256.0
2021-07-22 21:00:00,MYX:FCPO1!,4107.0,4294.0,4107.0,4271.0,27947.0
2021-07-26 10:00:00,MYX:FCPO1!,4210.0,4404.0,4205.0,4383.0,27315.0
2021-07-26 21:00:00,MYX:FCPO1!,4448.0,4480.0,4384.0,4422.0,29086.0
2021-07-27 21:00:00,MYX:FCPO1!,4407.0,4437.0,4297.0,4308.0,25173.0
2021-07-28 21:00:00,MYX:FCPO1!,4322.0,4453.0,4293.0,4427.0,27792.0
2021-07-29 21:00:00,MYX:FCPO1!,4442.0,4498.0,4366.0,4369.0,28618.0
2021-08-02 10:00:00,MYX:FCPO1!,4247.0,4254.0,4093.0,4120.0,31301.0
2021-08-02 21:00:00,MYX:FCPO1!,4122.0,4189.0,4105.0,4143.0,29992.0
2021-08-03 21:00:00,MYX:FCPO1!,4178.0,4333.0,4160.0,4291.0,25848.0
2021-08-04 21:00:00,MYX:FCPO1!,4256.0,4334.0,4202.0,4217.0,27471.0
2021-08-05 21:00:00,MYX:FCPO1!,4220.0,4285.0,4169.0,4274.0,27525.0
2021-08-09 10:00:00,MYX:FCPO1!,4250.0,4330.0,4195.0,4200.0,23544.0
2021-08-10 21:00:00,MYX:FCPO1!,4300.0,4548.0,4285.0,4511.0,29182.0
2021-08-11 21:00:00,MYX:FCPO1!,4490.0,4560.0,4460.0,4474.0,23919.0
2021-08-12 21:00:00,MYX:FCPO1!,4454.0,4519.0,4410.0,4511.0,23004.0
2021-08-16 10:00:00,MYX:FCPO1!,4435.0,4518.0,4424.0,4447.0,23344.0
2021-08-16 21:00:00,MYX:FCPO1!,4518.0,4530.0,4363.0,4408.0,27148.0
2021-08-17 21:00:00,MYX:FCPO1!,4326.0,4352.0,4277.0,4301.0,29283.0
2021-08-18 21:00:00,MYX:FCPO1!,4332.0,4365.0,4226.0,4238.0,34292.0
2021-08-19 21:00:00,MYX:FCPO1!,4237.0,4292.0,4187.0,4265.0,31090.0
2021-08-23 10:00:00,MYX:FCPO1!,4161.0,4348.0,4160.0,4316.0,29190.0
2021-08-23 21:00:00,MYX:FCPO1!,4280.0,4326.0,4255.0,4303.0,27197.0
2021-08-24 21:00:00,MYX:FCPO1!,4318.0,4388.0,4300.0,4364.0,28342.0
2021-08-25 21:00:00,MYX:FCPO1!,4381.0,4413.0,4319.0,4392.0,27436.0
2021-08-26 21:00:00,MYX:FCPO1!,4337.0,4393.0,4326.0,4333.0,25390.0
2021-08-30 10:00:00,MYX:FCPO1!,4350.0,4374.0,4235.0,4254.0,23486.0
2021-08-31 21:00:00,MYX:FCPO1!,4196.0,4284.0,4173.0,4176.0,30406.0
2021-09-01 21:00:00,MYX:FCPO1!,4181.0,4266.0,4150.0,4241.0,27177.0
2021-09-02 21:00:00,MYX:FCPO1!,4265.0,4371.0,4265.0,4310.0,28282.0
2021-09-06 10:00:00,MYX:FCPO1!,4305.0,4389.0,4304.0,4331.0,20454.0
2021-09-06 21:00:00,MYX:FCPO1!,4331.0,4400.0,4314.0,4390.0,22452.0
2021-09-07 21:00:00,MYX:FCPO1!,4380.0,4480.0,4353.0,4478.0,35057.0
2021-09-08 21:00:00,MYX:FCPO1!,4455.0,4460.0,4367.0,4392.0,27160.0
2021-09-09 21:00:00,MYX:FCPO1!,4415.0,4419.0,4253.0,4278.0,29681.0
2021-09-13 10:00:00,MYX:FCPO1!,4299.0,4370.0,4290.0,4318.0,23016.0
2021-09-13 21:00:00,MYX:FCPO1!,4288.0,4378.0,4285.0,4340.0,23592.0
2021-09-14 21:00:00,MYX:FCPO1!,4389.0,4450.0,4376.0,4440.0,20340.0
2021-09-16 21:00:00,MYX:FCPO1!,4326.0,4329.0,4184.0,4261.0,36720.0
2021-09-20 10:00:00,MYX:FCPO1!,4176.0,4250.0,4032.0,4173.0,22588.0
2021-09-20 21:00:00,MYX:FCPO1!,4133.0,4197.0,4125.0,4192.0,20026.0
2021-09-21 21:00:00,MYX:FCPO1!,4210.0,4342.0,4210.0,4330.0,26156.0
2021-09-22 21:00:00,MYX:FCPO1!,4350.0,4460.0,4320.0,4447.0,27195.0
2021-09-23 21:00:00,MYX:FCPO1!,4435.0,4491.0,4400.0,4441.0,21213.0
2021-09-27 10:00:00,MYX:FCPO1!,4470.0,4488.0,4355.0,4394.0,23441.0
2021-09-27 21:00:00,MYX:FCPO1!,4360.0,4477.0,4318.0,4447.0,26279.0
2021-09-28 21:00:00,MYX:FCPO1!,4428.0,4483.0,4379.0,4455.0,22412.0
2021-09-29 21:00:00,MYX:FCPO1!,4545.0,4598.0,4512.0,4595.0,25869.0
2021-09-30 21:00:00,MYX:FCPO1!,4540.0,4580.0,4495.0,4505.0,21162.0
2021-10-04 10:00:00,MYX:FCPO1!,4500.0,4590.0,4486.0,4583.0,19863.0
2021-10-04 21:00:00,MYX:FCPO1!,4595.0,4786.0,4595.0,4738.0,26807.0
2021-10-05 21:00:00,MYX:FCPO1!,4816.0,4880.0,4804.0,4872.0,24729.0
2021-10-06 21:00:00,MYX:FCPO1!,4831.0,4862.0,4805.0,4849.0,21377.0
2021-10-07 21:00:00,MYX:FCPO1!,4902.0,4981.0,4793.0,4966.0,34825.0
2021-10-11 10:00:00,MYX:FCPO1!,4922.0,4981.0,4907.0,4955.0,24440.0
2021-10-11 21:00:00,MYX:FCPO1!,4915.0,4917.0,4838.0,4855.0,24070.0
2021-10-12 21:00:00,MYX:FCPO1!,4787.0,5039.0,4753.0,5021.0,35575.0
2021-10-13 21:00:00,MYX:FCPO1!,4872.0,4930.0,4850.0,4877.0,25926.0
2021-10-14 21:00:00,MYX:FCPO1!,4910.0,5002.0,4879.0,4961.0,24710.0
2021-10-18 10:00:00,MYX:FCPO1!,4850.0,4950.0,4850.0,4944.0,26580.0
2021-10-19 21:00:00,MYX:FCPO1!,4966.0,5090.0,4954.0,5071.0,31725.0
2021-10-20 21:00:00,MYX:FCPO1!,5190.0,5220.0,4940.0,4968.0,38652.0
2021-10-21 21:00:00,MYX:FCPO1!,4879.0,4935.0,4816.0,4924.0,40192.0
2021-10-25 10:00:00,MYX:FCPO1!,4956.0,5021.0,4944.0,4969.0,22010.0
2021-10-25 21:00:00,MYX:FCPO1!,5027.0,5067.0,4936.0,5012.0,29050.0
2021-10-26 21:00:00,MYX:FCPO1!,4942.0,5019.0,4923.0,4966.0,28202.0
2021-10-27 21:00:00,MYX:FCPO1!,4870.0,4941.0,4827.0,4929.0,29974.0
2021-10-28 21:00:00,MYX:FCPO1!,4969.0,5054.0,4964.0,5026.0,28171.0
2021-11-01 10:00:00,MYX:FCPO1!,5010.0,5063.0,4905.0,4961.0,27615.0
2021-11-01 21:00:00,MYX:FCPO1!,5012.0,5049.0,4849.0,4970.0,36147.0
2021-11-02 21:00:00,MYX:FCPO1!,4920.0,5086.0,4910.0,5071.0,29409.0
2021-11-04 21:00:00,MYX:FCPO1!,4900.0,4936.0,4877.0,4880.0,27741.0
2021-11-08 10:00:00,MYX:FCPO1!,4790.0,4910.0,4761.0,4895.0,24972.0
2021-11-08 21:00:00,MYX:FCPO1!,4812.0,4823.0,4706.0,4792.0,36794.0
2021-11-09 21:00:00,MYX:FCPO1!,4849.0,4945.0,4817.0,4920.0,28925.0
2021-11-10 21:00:00,MYX:FCPO1!,4964.0,4980.0,4832.0,4881.0,31957.0
2021-11-11 21:00:00,MYX:FCPO1!,4917.0,4995.0,4909.0,4935.0,26265.0
2021-11-15 10:00:00,MYX:FCPO1!,4930.0,4997.0,4890.0,4966.0,20971.0
2021-11-15 21:00:00,MYX:FCPO1!,4830.0,4858.0,4780.0,4788.0,21041.0
2021-11-16 21:00:00,MYX:FCPO1!,4855.0,4910.0,4831.0,4899.0,27622.0
2021-11-17 21:00:00,MYX:FCPO1!,4914.0,5010.0,4859.0,4998.0,27910.0
2021-11-18 21:00:00,MYX:FCPO1!,5017.0,5069.0,4971.0,4993.0,25600.0
2021-11-22 10:00:00,MYX:FCPO1!,4947.0,4976.0,4905.0,4959.0,20900.0
2021-11-22 21:00:00,MYX:FCPO1!,5020.0,5025.0,4842.0,4852.0,27605.0
2021-11-23 21:00:00,MYX:FCPO1!,4927.0,4937.0,4851.0,4916.0,26094.0
2021-11-24 21:00:00,MYX:FCPO1!,4950.0,4995.0,4921.0,4927.0,20847.0
2021-11-25 21:00:00,MYX:FCPO1!,4910.0,4945.0,4838.0,4849.0,23629.0
2021-11-29 10:00:00,MYX:FCPO1!,4900.0,4931.0,4832.0,4857.0,30223.0
2021-11-29 21:00:00,MYX:FCPO1!,4760.0,4806.0,4638.0,4672.0,33820.0
2021-11-30 21:00:00,MYX:FCPO1!,4718.0,4737.0,4657.0,4684.0,24784.0
2021-12-01 21:00:00,MYX:FCPO1!,4639.0,4677.0,4567.0,4650.0,26412.0
2021-12-06 10:00:00,MYX:FCPO1!,4805.0,4830.0,4734.0,4750.0,26591.0
2021-12-06 21:00:00,MYX:FCPO1!,4750.0,4935.0,4750.0,4929.0,29137.0
2021-12-07 21:00:00,MYX:FCPO1!,4939.0,4949.0,4792.0,4841.0,25061.0
2021-12-08 21:00:00,MYX:FCPO1!,4840.0,4916.0,4764.0,4778.0,28119.0
2021-12-09 21:00:00,MYX:FCPO1!,4762.0,4841.0,4724.0,4800.0,23819.0
2021-12-13 10:00:00,MYX:FCPO1!,4723.0,4842.0,4719.0,4792.0,24949.0
2021-12-13 21:00:00,MYX:FCPO1!,4757.0,4815.0,4694.0,4699.0,25953.0
2021-12-14 21:00:00,MYX:FCPO1!,4699.0,4717.0,4412.0,4486.0,40408.0
2021-12-15 21:00:00,MYX:FCPO1!,4265.0,4444.0,4245.0,4400.0,31975.0
2021-12-16 21:00:00,MYX:FCPO1!,4404.0,4529.0,4386.0,4408.0,28115.0
2021-12-20 10:00:00,MYX:FCPO1!,4380.0,4419.0,4294.0,4295.0,24229.0
2021-12-20 21:00:00,MYX:FCPO1!,4304.0,4418.0,4304.0,4384.0,23864.0
2021-12-21 21:00:00,MYX:FCPO1!,4424.0,4500.0,4380.0,4448.0,22593.0
2021-12-22 21:00:00,MYX:FCPO1!,4460.0,4520.0,4451.0,4478.0,22545.0
2021-12-23 21:00:00,MYX:FCPO1!,4483.0,4653.0,4471.0,4649.0,20889.0
2021-12-27 10:00:00,MYX:FCPO1!,4635.0,4677.0,4601.0,4604.0,16106.0
2021-12-27 21:00:00,MYX:FCPO1!,4606.0,4796.0,4603.0,4772.0,23056.0
2021-12-28 21:00:00,MYX:FCPO1!,4761.0,4770.0,4652.0,4695.0,22126.0
2021-12-29 21:00:00,MYX:FCPO1!,4691.0,4740.0,4667.0,4683.0,20970.0
2021-12-30 21:00:00,MYX:FCPO1!,4678.0,4742.0,4668.0,4697.0,19584.0
2022-01-03 10:00:00,MYX:FCPO1!,4718.0,4888.0,4718.0,4857.0,25151.0
2022-01-03 21:00:00,MYX:FCPO1!,4855.0,4922.0,4799.0,4914.0,22863.0
2022-01-04 21:00:00,MYX:FCPO1!,4907.0,5047.0,4896.0,5036.0,22372.0
2022-01-05 21:00:00,MYX:FCPO1!,5029.0,5053.0,4924.0,4985.0,25797.0
2022-01-06 21:00:00,MYX:FCPO1!,5007.0,5045.0,4962.0,4993.0,22947.0
2022-01-10 10:00:00,MYX:FCPO1!,4995.0,5123.0,4969.0,5029.0,23449.0
2022-01-10 21:00:00,MYX:FCPO1!,5013.0,5079.0,4950.0,5069.0,24734.0
2022-01-11 21:00:00,MYX:FCPO1!,5072.0,5112.0,5025.0,5040.0,22401.0
2022-01-12 21:00:00,MYX:FCPO1!,5036.0,5164.0,5036.0,5161.0,23737.0
2022-01-13 21:00:00,MYX:FCPO1!,5144.0,5153.0,5047.0,5123.0,22840.0
2022-01-17 10:00:00,MYX:FCPO1!,4954.0,5045.0,4912.0,5034.0,27350.0
2022-01-18 21:00:00,MYX:FCPO1!,5141.0,5195.0,5106.0,5124.0,32529.0
2022-01-19 21:00:00,MYX:FCPO1!,5128.0,5228.0,5118.0,5187.0,32986.0
2022-01-20 21:00:00,MYX:FCPO1!,5190.0,5327.0,5181.0,5322.0,26465.0
2022-01-24 10:00:00,MYX:FCPO1!,5298.0,5380.0,5233.0,5260.0,30053.0
2022-01-24 21:00:00,MYX:FCPO1!,5260.0,5286.0,5202.0,5282.0,24324.0
2022-01-25 21:00:00,MYX:FCPO1!,5273.0,5352.0,5250.0,5329.0,19196.0
2022-01-26 21:00:00,MYX:FCPO1!,5340.0,5500.0,5329.0,5444.0,30736.0
2022-01-27 21:00:00,MYX:FCPO1!,5475.0,5639.0,5445.0,5628.0,33993.0
2022-01-31 10:00:00,MYX:FCPO1!,5690.0,5700.0,5586.0,5592.0,9246.0
2022-02-02 21:00:00,MYX:FCPO1!,5549.0,5611.0,5471.0,5513.0,19945.0
2022-02-03 21:00:00,MYX:FCPO1!,5523.0,5626.0,5489.0,5617.0,24507.0
2022-02-07 10:00:00,MYX:FCPO1!,5722.0,5749.0,5446.0,5536.0,38944.0
2022-02-07 21:00:00,MYX:FCPO1!,5552.0,5581.0,5351.0,5449.0,46045.0
2022-02-08 21:00:00,MYX:FCPO1!,5415.0,5612.0,5291.0,5594.0,46295.0
2022-02-09 21:00:00,MYX:FCPO1!,5631.0,5631.0,5514.0,5535.0,34075.0
2022-02-10 21:00:00,MYX:FCPO1!,5564.0,5624.0,5498.0,5573.0,31834.0
2022-02-14 10:00:00,MYX:FCPO1!,5655.0,5697.0,5616.0,5667.0,28658.0
2022-02-14 21:00:00,MYX:FCPO1!,5649.0,5773.0,5612.0,5657.0,24812.0
2022-02-15 21:00:00,MYX:FCPO1!,5455.0,5547.0,5358.0,5433.0,31932.0
2022-02-16 21:00:00,MYX:FCPO1!,5450.0,5557.0,5412.0,5507.0,41946.0
2022-02-17 21:00:00,MYX:FCPO1!,5527.0,5623.0,5524.0,5539.0,29733.0
2022-02-21 10:00:00,MYX:FCPO1!,5622.0,5708.0,5611.0,5675.0,22901.0
2022-02-21 21:00:00,MYX:FCPO1!,5679.0,5856.0,5624.0,5840.0,28171.0
2022-02-22 21:00:00,MYX:FCPO1!,5802.0,6043.0,5750.0,5982.0,38126.0
2022-02-23 21:00:00,MYX:FCPO1!,5990.0,6465.0,5990.0,6453.0,46313.0
2022-02-24 21:00:00,MYX:FCPO1!,6400.0,6470.0,5808.0,5966.0,56895.0
2022-02-28 10:00:00,MYX:FCPO1!,6158.0,6348.0,6088.0,6299.0,31567.0
2022-02-28 21:00:00,MYX:FCPO1!,6265.0,6794.0,6191.0,6762.0,34670.0
2022-03-01 21:00:00,MYX:FCPO1!,6790.0,7108.0,6353.0,6660.0,43978.0
2022-03-02 21:00:00,MYX:FCPO1!,6679.0,7040.0,6658.0,6808.0,27985.0
2022-03-03 21:00:00,MYX:FCPO1!,6764.0,6865.0,6166.0,6276.0,29792.0
2022-03-07 10:00:00,MYX:FCPO1!,6547.0,6666.0,6340.0,6626.0,18958.0
2022-03-07 21:00:00,MYX:FCPO1!,6600.0,6695.0,6375.0,6416.0,25489.0
2022-03-08 21:00:00,MYX:FCPO1!,6419.0,7268.0,6369.0,7074.0,24475.0
2022-03-09 21:00:00,MYX:FCPO1!,6934.0,7071.0,6760.0,6961.0,22024.0
2022-03-10 21:00:00,MYX:FCPO1!,7005.0,7099.0,6664.0,6707.0,19916.0
2022-03-14 10:00:00,MYX:FCPO1!,6555.0,6558.0,6050.0,6361.0,25913.0
2022-03-14 21:00:00,MYX:FCPO1!,6274.0,6361.0,5996.0,6132.0,22963.0
2022-03-15 21:00:00,MYX:FCPO1!,5724.0,6081.0,5702.0,6067.0,23152.0
2022-03-16 21:00:00,MYX:FCPO1!,6047.0,6174.0,5658.0,5936.0,30900.0
2022-03-17 21:00:00,MYX:FCPO1!,5980.0,6098.0,5620.0,5629.0,25471.0
2022-03-21 10:00:00,MYX:FCPO1!,5730.0,5950.0,5695.0,5774.0,24495.0
2022-03-21 21:00:00,MYX:FCPO1!,5735.0,5994.0,5735.0,5967.0,24229.0
2022-03-22 21:00:00,MYX:FCPO1!,5973.0,6219.0,5925.0,6192.0,20808.0
2022-03-23 21:00:00,MYX:FCPO1!,6228.0,6339.0,5917.0,5943.0,28381.0
2022-03-24 21:00:00,MYX:FCPO1!,5919.0,6060.0,5901.0,6027.0,23896.0
2022-03-28 10:00:00,MYX:FCPO1!,6066.0,6098.0,5950.0,5978.0,14464.0
2022-03-28 21:00:00,MYX:FCPO1!,5915.0,6080.0,5820.0,6020.0,20839.0
2022-03-29 21:00:00,MYX:FCPO1!,5877.0,5983.0,5831.0,5930.0,19381.0
2022-03-30 21:00:00,MYX:FCPO1!,5945.0,5983.0,5698.0,5705.0,21703.0
2022-03-31 21:00:00,MYX:FCPO1!,5790.0,5810.0,5477.0,5566.0,29041.0
2022-04-04 10:00:00,MYX:FCPO1!,5528.0,5756.0,5528.0,5692.0,19725.0
2022-04-04 21:00:00,MYX:FCPO1!,5731.0,5950.0,5715.0,5915.0,17716.0
2022-04-05 21:00:00,MYX:FCPO1!,5923.0,6013.0,5807.0,5912.0,23711.0
2022-04-06 21:00:00,MYX:FCPO1!,5906.0,5950.0,5757.0,5827.0,24631.0
2022-04-07 21:00:00,MYX:FCPO1!,5835.0,5945.0,5796.0,5921.0,20317.0
2022-04-11 10:00:00,MYX:FCPO1!,5836.0,6070.0,5836.0,6005.0,23877.0
2022-04-11 21:00:00,MYX:FCPO1!,5974.0,6181.0,5958.0,6177.0,22347.0
2022-04-12 21:00:00,MYX:FCPO1!,6180.0,6249.0,6062.0,6135.0,24682.0
2022-04-13 21:00:00,MYX:FCPO1!,6179.0,6338.0,6140.0,6288.0,23594.0
2022-04-14 21:00:00,MYX:FCPO1!,6277.0,6520.0,6256.0,6468.0,13029.0
2022-04-18 10:00:00,MYX:FCPO1!,6340.0,6473.0,6325.0,6463.0,24303.0
2022-04-19 21:00:00,MYX:FCPO1!,6521.0,6546.0,6290.0,6308.0,31373.0
2022-04-20 21:00:00,MYX:FCPO1!,6322.0,6428.0,6306.0,6313.0,22881.0
2022-04-21 21:00:00,MYX:FCPO1!,6290.0,6408.0,6217.0,6355.0,27900.0
2022-04-25 10:00:00,MYX:FCPO1!,6590.0,6799.0,6097.0,6229.0,43321.0
2022-04-25 21:00:00,MYX:FCPO1!,6210.0,6453.0,6180.0,6400.0,23534.0
2022-04-26 21:00:00,MYX:FCPO1!,6416.0,7040.0,6416.0,6987.0,33719.0
2022-04-27 21:00:00,MYX:FCPO1!,7100.0,7132.0,6714.0,6914.0,26485.0
2022-04-28 21:00:00,MYX:FCPO1!,6908.0,7229.0,6851.0,7104.0,25313.0
2022-05-04 21:00:00,MYX:FCPO1!,6844.0,6925.0,6750.0,6752.0,19711.0
2022-05-05 21:00:00,MYX:FCPO1!,6762.0,6854.0,6344.0,6400.0,30262.0
2022-05-09 10:00:00,MYX:FCPO1!,6417.0,6499.0,6350.0,6409.0,17344.0
2022-05-09 21:00:00,MYX:FCPO1!,6415.0,6464.0,6262.0,6313.0,20539.0
2022-05-10 21:00:00,MYX:FCPO1!,6339.0,6582.0,6284.0,6476.0,25620.0
2022-05-11 21:00:00,MYX:FCPO1!,6459.0,6534.0,6270.0,6342.0,29055.0
2022-05-12 21:00:00,MYX:FCPO1!,6342.0,6479.0,6329.0,6369.0,18659.0
2022-05-16 21:00:00,MYX:FCPO1!,6166.0,6215.0,6010.0,6116.0,21284.0
2022-05-17 21:00:00,MYX:FCPO1!,6130.0,6201.0,6095.0,6134.0,20288.0
2022-05-18 21:00:00,MYX:FCPO1!,6145.0,6169.0,6003.0,6072.0,28534.0
2022-05-19 21:00:00,MYX:FCPO1!,5967.0,6325.0,5925.0,6109.0,45978.0
2022-05-23 10:00:00,MYX:FCPO1!,6153.0,6285.0,6116.0,6261.0,19878.0
2022-05-23 21:00:00,MYX:FCPO1!,6242.0,6564.0,6231.0,6482.0,29447.0
2022-05-24 21:00:00,MYX:FCPO1!,6487.0,6524.0,6370.0,6383.0,27640.0
2022-05-25 21:00:00,MYX:FCPO1!,6374.0,6589.0,6289.0,6533.0,30752.0
2022-05-26 21:00:00,MYX:FCPO1!,6533.0,6698.0,6345.0,6353.0,33978.0
2022-05-30 10:00:00,MYX:FCPO1!,6360.0,6381.0,6209.0,6232.0,27242.0
2022-05-30 21:00:00,MYX:FCPO1!,6225.0,6381.0,6204.0,6304.0,28667.0
2022-05-31 21:00:00,MYX:FCPO1!,6304.0,6390.0,6221.0,6356.0,24278.0
2022-06-01 21:00:00,MYX:FCPO1!,6381.0,6544.0,6334.0,6468.0,24815.0
2022-06-02 21:00:00,MYX:FCPO1!,6506.0,6632.0,6368.0,6453.0,23100.0
2022-06-06 21:00:00,MYX:FCPO1!,6423.0,6574.0,6406.0,6505.0,20813.0
2022-06-07 21:00:00,MYX:FCPO1!,6499.0,6616.0,6408.0,6467.0,27243.0
2022-06-08 21:00:00,MYX:FCPO1!,6485.0,6485.0,6151.0,6210.0,28912.0
2022-06-09 21:00:00,MYX:FCPO1!,6157.0,6277.0,5900.0,5920.0,28057.0
2022-06-13 10:00:00,MYX:FCPO1!,5952.0,5996.0,5726.0,5793.0,29792.0
2022-06-13 21:00:00,MYX:FCPO1!,5800.0,5879.0,5750.0,5848.0,24927.0
2022-06-14 21:00:00,MYX:FCPO1!,5879.0,5879.0,5604.0,5657.0,27140.0
2022-06-15 21:00:00,MYX:FCPO1!,5620.0,5629.0,5397.0,5473.0,31942.0
2022-06-16 21:00:00,MYX:FCPO1!,5489.0,5489.0,5353.0,5454.0,26351.0
2022-06-20 10:00:00,MYX:FCPO1!,5252.0,5271.0,4958.0,4981.0,27802.0
2022-06-20 21:00:00,MYX:FCPO1!,4981.0,5081.0,4839.0,4980.0,36822.0
2022-06-21 21:00:00,MYX:FCPO1!,4983.0,5020.0,4493.0,4499.0,35155.0
2022-06-22 21:00:00,MYX:FCPO1!,4524.0,4791.0,4524.0,4744.0,38632.0
2022-06-23 21:00:00,MYX:FCPO1!,4817.0,4949.0,4520.0,4664.0,32617.0
2022-06-27 10:00:00,MYX:FCPO1!,4689.0,4965.0,4681.0,4922.0,29084.0
2022-06-27 21:00:00,MYX:FCPO1!,4926.0,5048.0,4775.0,4989.0,29670.0
2022-06-28 21:00:00,MYX:FCPO1!,4993.0,4997.0,4857.0,4903.0,26733.0
2022-06-29 21:00:00,MYX:FCPO1!,4923.0,4975.0,4810.0,4910.0,25836.0
2022-06-30 21:00:00,MYX:FCPO1!,4912.0,4912.0,4551.0,4708.0,38871.0
2022-07-04 10:00:00,MYX:FCPO1!,4599.0,4640.0,4238.0,4350.0,26564.0
2022-07-04 21:00:00,MYX:FCPO1!,4377.0,4432.0,4150.0,4174.0,29937.0
2022-07-05 21:00:00,MYX:FCPO1!,4167.0,4181.0,3735.0,4055.0,46630.0
2022-07-06 21:00:00,MYX:FCPO1!,4080.0,4214.0,3860.0,4140.0,44418.0
2022-07-07 21:00:00,MYX:FCPO1!,4132.0,4314.0,4051.0,4157.0,33946.0
2022-07-11 21:00:00,MYX:FCPO1!,4216.0,4280.0,4100.0,4116.0,22291.0
2022-07-12 21:00:00,MYX:FCPO1!,4089.0,4096.0,3754.0,3761.0,33915.0
2022-07-13 21:00:00,MYX:FCPO1!,3712.0,3948.0,3489.0,3568.0,43524.0
2022-07-14 21:00:00,MYX:FCPO1!,3610.0,3744.0,3514.0,3588.0,31057.0
2022-07-18 10:00:00,MYX:FCPO1!,3730.0,3964.0,3717.0,3945.0,29584.0
2022-07-18 21:00:00,MYX:FCPO1!,3970.0,4077.0,3795.0,3812.0,37594.0
2022-07-19 21:00:00,MYX:FCPO1!,3782.0,4036.0,3779.0,3935.0,35675.0
2022-07-20 21:00:00,MYX:FCPO1!,3933.0,3967.0,3688.0,3720.0,28284.0
2022-07-21 21:00:00,MYX:FCPO1!,3741.0,3813.0,3645.0,3704.0,30519.0
2022-07-25 10:00:00,MYX:FCPO1!,3744.0,3785.0,3622.0,3646.0,26410.0
2022-07-25 21:00:00,MYX:FCPO1!,3685.0,3902.0,3685.0,3787.0,33501.0
2022-07-26 21:00:00,MYX:FCPO1!,3810.0,3880.0,3669.0,3826.0,34128.0
2022-07-27 21:00:00,MYX:FCPO1!,3860.0,4024.0,3802.0,3957.0,33199.0
2022-07-28 21:00:00,MYX:FCPO1!,3983.0,4306.0,3956.0,4289.0,32535.0
2022-08-01 10:00:00,MYX:FCPO1!,4201.0,4213.0,4050.0,4060.0,29972.0
2022-08-01 21:00:00,MYX:FCPO1!,4043.0,4060.0,3829.0,3841.0,29629.0
2022-08-02 21:00:00,MYX:FCPO1!,3838.0,3973.0,3763.0,3864.0,23199.0
2022-08-03 21:00:00,MYX:FCPO1!,3933.0,3940.0,3690.0,3821.0,29146.0
2022-08-04 21:00:00,MYX:FCPO1!,3846.0,3936.0,3805.0,3878.0,18800.0
2022-08-08 10:00:00,MYX:FCPO1!,4000.0,4118.0,3977.0,4071.0,19875.0
2022-08-08 21:00:00,MYX:FCPO1!,4090.0,4193.0,4011.0,4119.0,25421.0
2022-08-09 21:00:00,MYX:FCPO1!,4162.0,4190.0,4024.0,4111.0,18789.0
2022-08-10 21:00:00,MYX:FCPO1!,4138.0,4274.0,4120.0,4264.0,20210.0
2022-08-11 21:00:00,MYX:FCPO1!,4277.0,4495.0,4255.0,4407.0,29127.0
2022-08-15 10:00:00,MYX:FCPO1!,4339.0,4364.0,4101.0,4125.0,21740.0
2022-08-15 21:00:00,MYX:FCPO1!,4129.0,4329.0,4101.0,4182.0,22176.0
2022-08-16 21:00:00,MYX:FCPO1!,4226.0,4250.0,4141.0,4193.0,23018.0
2022-08-17 21:00:00,MYX:FCPO1!,4177.0,4206.0,4036.0,4043.0,27851.0
2022-08-18 21:00:00,MYX:FCPO1!,4068.0,4180.0,4000.0,4093.0,27827.0
2022-08-22 10:00:00,MYX:FCPO1!,4228.0,4281.0,4136.0,4160.0,20400.0
2022-08-22 21:00:00,MYX:FCPO1!,4166.0,4250.0,4103.0,4234.0,29177.0
2022-08-23 21:00:00,MYX:FCPO1!,4220.0,4350.0,4053.0,4308.0,35028.0
2022-08-24 21:00:00,MYX:FCPO1!,4307.0,4338.0,4229.0,4258.0,24701.0
2022-08-25 21:00:00,MYX:FCPO1!,4238.0,4313.0,4163.0,4172.0,22107.0
2022-08-29 10:00:00,MYX:FCPO1!,4217.0,4266.0,4160.0,4174.0,23186.0
2022-08-29 21:00:00,MYX:FCPO1!,4196.0,4218.0,4107.0,4144.0,29407.0
2022-08-31 21:00:00,MYX:FCPO1!,4213.0,4216.0,3985.0,3994.0,23079.0
2022-09-01 21:00:00,MYX:FCPO1!,3982.0,4013.0,3840.0,3915.0,23887.0
2022-09-05 10:00:00,MYX:FCPO1!,3955.0,3984.0,3879.0,3916.0,16336.0
2022-09-05 21:00:00,MYX:FCPO1!,3929.0,3956.0,3761.0,3797.0,21461.0
2022-09-06 21:00:00,MYX:FCPO1!,3811.0,3848.0,3645.0,3690.0,31664.0
2022-09-07 21:00:00,MYX:FCPO1!,3708.0,3749.0,3481.0,3541.0,33669.0
2022-09-08 21:00:00,MYX:FCPO1!,3549.0,3680.0,3539.0,3594.0,26566.0
2022-09-12 10:00:00,MYX:FCPO1!,3570.0,3692.0,3570.0,3683.0,20118.0
2022-09-12 21:00:00,MYX:FCPO1!,3684.0,3912.0,3666.0,3898.0,23449.0
2022-09-13 21:00:00,MYX:FCPO1!,3854.0,3900.0,3774.0,3856.0,21413.0
2022-09-14 21:00:00,MYX:FCPO1!,3832.0,3856.0,3692.0,3724.0,19372.0
2022-09-19 10:00:00,MYX:FCPO1!,3840.0,3889.0,3671.0,3700.0,34313.0
2022-09-19 21:00:00,MYX:FCPO1!,3726.0,3797.0,3631.0,3737.0,31049.0
2022-09-20 21:00:00,MYX:FCPO1!,3711.0,3919.0,3654.0,3887.0,30663.0
2022-09-21 21:00:00,MYX:FCPO1!,3867.0,3884.0,3790.0,3826.0,24587.0
2022-09-22 21:00:00,MYX:FCPO1!,3835.0,3860.0,3730.0,3736.0,27044.0
2022-09-26 10:00:00,MYX:FCPO1!,3603.0,3617.0,3431.0,3541.0,31187.0
2022-09-26 21:00:00,MYX:FCPO1!,3551.0,3589.0,3437.0,3523.0,26161.0
2022-09-27 21:00:00,MYX:FCPO1!,3530.0,3559.0,3220.0,3226.0,36951.0
2022-09-28 21:00:00,MYX:FCPO1!,3262.0,3400.0,3234.0,3342.0,34475.0
2022-09-29 21:00:00,MYX:FCPO1!,3363.0,3450.0,3308.0,3416.0,24306.0
2022-10-03 10:00:00,MYX:FCPO1!,3342.0,3469.0,3324.0,3426.0,18561.0
2022-10-03 21:00:00,MYX:FCPO1!,3431.0,3637.0,3431.0,3614.0,23610.0
2022-10-04 21:00:00,MYX:FCPO1!,3646.0,3810.0,3616.0,3642.0,23933.0
2022-10-05 21:00:00,MYX:FCPO1!,3640.0,3806.0,3620.0,3700.0,24441.0
2022-10-06 21:00:00,MYX:FCPO1!,3692.0,3846.0,3691.0,3837.0,20221.0
2022-10-10 21:00:00,MYX:FCPO1!,3787.0,3819.0,3678.0,3692.0,24947.0
2022-10-11 21:00:00,MYX:FCPO1!,3709.0,3783.0,3693.0,3736.0,24390.0
2022-10-12 21:00:00,MYX:FCPO1!,3714.0,3782.0,3659.0,3665.0,22814.0
2022-10-13 21:00:00,MYX:FCPO1!,3601.0,3889.0,3594.0,3833.0,29867.0
2022-10-17 10:00:00,MYX:FCPO1!,3873.0,3898.0,3776.0,3887.0,23873.0
2022-10-17 21:00:00,MYX:FCPO1!,3900.0,4084.0,3887.0,4011.0,46364.0
2022-10-18 21:00:00,MYX:FCPO1!,4054.0,4165.0,4013.0,4118.0,42105.0
2022-10-19 21:00:00,MYX:FCPO1!,4098.0,4196.0,4050.0,4096.0,37902.0
2022-10-20 21:00:00,MYX:FCPO1!,4127.0,4179.0,4052.0,4101.0,27213.0
2022-10-24 21:00:00,MYX:FCPO1!,4170.0,4263.0,4080.0,4127.0,32522.0
2022-10-25 21:00:00,MYX:FCPO1!,4126.0,4235.0,4087.0,4121.0,35325.0
2022-10-26 21:00:00,MYX:FCPO1!,4133.0,4255.0,4130.0,4147.0,30639.0
2022-10-27 21:00:00,MYX:FCPO1!,4172.0,4189.0,3968.0,3989.0,35395.0
2022-10-31 10:00:00,MYX:FCPO1!,4073.0,4189.0,4011.0,4054.0,31079.0
2022-10-31 21:00:00,MYX:FCPO1!,4037.0,4298.0,4037.0,4233.0,35909.0
2022-11-01 21:00:00,MYX:FCPO1!,4290.0,4450.0,4249.0,4398.0,28666.0
2022-11-02 21:00:00,MYX:FCPO1!,4340.0,4497.0,4335.0,4337.0,27829.0
2022-11-03 21:00:00,MYX:FCPO1!,4324.0,4473.0,4270.0,4367.0,28196.0
2022-11-07 10:00:00,MYX:FCPO1!,4316.0,4449.0,4300.0,4433.0,19552.0
2022-11-07 21:00:00,MYX:FCPO1!,4433.0,4458.0,4350.0,4361.0,19799.0
2022-11-08 21:00:00,MYX:FCPO1!,4366.0,4403.0,4185.0,4198.0,27329.0
2022-11-09 21:00:00,MYX:FCPO1!,4180.0,4275.0,4086.0,4178.0,28322.0
2022-11-10 21:00:00,MYX:FCPO1!,4163.0,4333.0,4163.0,4287.0,26116.0
2022-11-14 10:00:00,MYX:FCPO1!,4221.0,4293.0,4106.0,4112.0,24524.0
2022-11-14 21:00:00,MYX:FCPO1!,4112.0,4176.0,4003.0,4033.0,25331.0
2022-11-15 21:00:00,MYX:FCPO1!,4072.0,4119.0,4013.0,4022.0,22705.0
2022-11-16 21:00:00,MYX:FCPO1!,3995.0,4016.0,3825.0,3850.0,33692.0
2022-11-21 10:00:00,MYX:FCPO1!,3830.0,3920.0,3787.0,3855.0,25136.0
2022-11-21 21:00:00,MYX:FCPO1!,3874.0,4018.0,3820.0,4004.0,32378.0
2022-11-22 21:00:00,MYX:FCPO1!,4025.0,4125.0,3985.0,4105.0,29746.0
2022-11-23 21:00:00,MYX:FCPO1!,4061.0,4219.0,4024.0,4040.0,27208.0
2022-11-24 21:00:00,MYX:FCPO1!,4059.0,4154.0,4020.0,4140.0,22353.0
2022-11-28 21:00:00,MYX:FCPO1!,4195.0,4286.0,4175.0,4219.0,32556.0
2022-11-29 21:00:00,MYX:FCPO1!,4250.0,4265.0,4173.0,4234.0,27172.0
2022-11-30 21:00:00,MYX:FCPO1!,4241.0,4300.0,4060.0,4078.0,36073.0
2022-12-01 21:00:00,MYX:FCPO1!,4120.0,4161.0,3918.0,3952.0,33228.0
2022-12-05 10:00:00,MYX:FCPO1!,4046.0,4093.0,3930.0,3967.0,29106.0
2022-12-05 21:00:00,MYX:FCPO1!,3984.0,4111.0,3865.0,4094.0,38269.0
2022-12-06 21:00:00,MYX:FCPO1!,4053.0,4116.0,3947.0,3969.0,31210.0
2022-12-07 21:00:00,MYX:FCPO1!,4010.0,4056.0,3875.0,3943.0,26890.0
2022-12-08 21:00:00,MYX:FCPO1!,3977.0,4043.0,3951.0,3995.0,25641.0
2022-12-12 10:00:00,MYX:FCPO1!,3852.0,3875.0,3721.0,3737.0,35699.0
2022-12-12 21:00:00,MYX:FCPO1!,3763.0,3941.0,3747.0,3886.0,32069.0
2022-12-13 21:00:00,MYX:FCPO1!,3926.0,4005.0,3895.0,3950.0,24267.0
2022-12-14 21:00:00,MYX:FCPO1!,3957.0,3993.0,3870.0,3878.0,15781.0
2022-12-15 21:00:00,MYX:FCPO1!,3916.0,4013.0,3878.0,3918.0,25393.0
2022-12-19 10:00:00,MYX:FCPO1!,3943.0,3978.0,3907.0,3929.0,15922.0
2022-12-19 21:00:00,MYX:FCPO1!,3957.0,3995.0,3847.0,3869.0,25901.0
2022-12-20 21:00:00,MYX:FCPO1!,3881.0,3979.0,3850.0,3960.0,25490.0
2022-12-21 21:00:00,MYX:FCPO1!,3960.0,3994.0,3857.0,3898.0,21174.0
2022-12-22 21:00:00,MYX:FCPO1!,3889.0,3889.0,3815.0,3830.0,27726.0
2022-12-26 21:00:00,MYX:FCPO1!,4005.0,4117.0,4000.0,4100.0,27368.0
2022-12-27 21:00:00,MYX:FCPO1!,4098.0,4133.0,4068.0,4087.0,19952.0
2022-12-28 21:00:00,MYX:FCPO1!,4100.0,4106.0,4004.0,4090.0,18145.0
2022-12-29 21:00:00,MYX:FCPO1!,4125.0,4242.0,4075.0,4174.0,24970.0
2023-01-02 21:00:00,MYX:FCPO1!,4146.0,4276.0,4142.0,4253.0,24541.0
2023-01-03 21:00:00,MYX:FCPO1!,4241.0,4257.0,4147.0,4169.0,30017.0
2023-01-04 21:00:00,MYX:FCPO1!,4154.0,4170.0,4050.0,4090.0,29682.0
2023-01-05 21:00:00,MYX:FCPO1!,4104.0,4136.0,4040.0,4052.0,24469.0
2023-01-09 10:00:00,MYX:FCPO1!,4048.0,4124.0,3979.0,4118.0,27384.0
2023-01-09 21:00:00,MYX:FCPO1!,4100.0,4102.0,3913.0,3984.0,33253.0
2023-01-10 21:00:00,MYX:FCPO1!,3975.0,3999.0,3888.0,3911.0,26929.0
2023-01-11 21:00:00,MYX:FCPO1!,3929.0,3963.0,3861.0,3911.0,23574.0
2023-01-12 21:00:00,MYX:FCPO1!,3925.0,3930.0,3835.0,3841.0,23502.0
2023-01-16 10:00:00,MYX:FCPO1!,3890.0,3923.0,3850.0,3852.0,15674.0
2023-01-16 21:00:00,MYX:FCPO1!,3864.0,3883.0,3785.0,3795.0,23059.0
2023-01-17 21:00:00,MYX:FCPO1!,3830.0,3894.0,3805.0,3867.0,27995.0
2023-01-18 21:00:00,MYX:FCPO1!,3860.0,3918.0,3850.0,3889.0,20603.0
2023-01-19 21:00:00,MYX:FCPO1!,3885.0,3950.0,3861.0,3892.0,20105.0
2023-01-24 21:00:00,MYX:FCPO1!,3845.0,3859.0,3721.0,3753.0,28120.0
2023-01-25 21:00:00,MYX:FCPO1!,3753.0,3815.0,3724.0,3781.0,15967.0
2023-01-26 21:00:00,MYX:FCPO1!,3784.0,3910.0,3773.0,3902.0,21518.0
2023-01-30 10:00:00,MYX:FCPO1!,3946.0,3991.0,3916.0,3936.0,25939.0
2023-01-30 21:00:00,MYX:FCPO1!,3932.0,3976.0,3810.0,3815.0,21994.0
2023-02-01 21:00:00,MYX:FCPO1!,3750.0,3795.0,3728.0,3751.0,20335.0
2023-02-02 21:00:00,MYX:FCPO1!,3750.0,3870.0,3731.0,3851.0,21405.0
2023-02-06 21:00:00,MYX:FCPO1!,3891.0,3972.0,3888.0,3939.0,23080.0
2023-02-07 21:00:00,MYX:FCPO1!,3937.0,4035.0,3913.0,3997.0,27391.0
2023-02-08 21:00:00,MYX:FCPO1!,3981.0,4007.0,3937.0,3973.0,19305.0
2023-02-09 21:00:00,MYX:FCPO1!,3976.0,3985.0,3849.0,3931.0,24158.0
2023-02-13 10:00:00,MYX:FCPO1!,3965.0,3966.0,3882.0,3923.0,20714.0
2023-02-13 21:00:00,MYX:FCPO1!,3929.0,3978.0,3906.0,3956.0,19054.0
2023-02-14 21:00:00,MYX:FCPO1!,3955.0,3985.0,3908.0,3936.0,20037.0
2023-02-15 21:00:00,MYX:FCPO1!,3950.0,4093.0,3927.0,4069.0,33987.0
2023-02-16 21:00:00,MYX:FCPO1!,4064.0,4170.0,4061.0,4131.0,28924.0
2023-02-20 10:00:00,MYX:FCPO1!,4152.0,4202.0,4137.0,4167.0,20612.0
2023-02-20 21:00:00,MYX:FCPO1!,4167.0,4200.0,4127.0,4141.0,19330.0
2023-02-21 21:00:00,MYX:FCPO1!,4141.0,4225.0,4140.0,4146.0,25619.0
2023-02-22 21:00:00,MYX:FCPO1!,4168.0,4238.0,4160.0,4235.0,25455.0
2023-02-23 21:00:00,MYX:FCPO1!,4225.0,4269.0,4192.0,4202.0,26762.0
2023-02-27 10:00:00,MYX:FCPO1!,4171.0,4242.0,4147.0,4225.0,24604.0
2023-02-27 21:00:00,MYX:FCPO1!,4224.0,4234.0,4135.0,4142.0,25439.0
2023-02-28 21:00:00,MYX:FCPO1!,4151.0,4220.0,4141.0,4182.0,24447.0
2023-03-01 21:00:00,MYX:FCPO1!,4192.0,4425.0,4187.0,4294.0,34965.0
2023-03-02 21:00:00,MYX:FCPO1!,4281.0,4359.0,4267.0,4352.0,23175.0
2023-03-06 10:00:00,MYX:FCPO1!,4299.0,4317.0,4253.0,4283.0,18350.0
2023-03-06 21:00:00,MYX:FCPO1!,4269.0,4287.0,4196.0,4205.0,21490.0
2023-03-07 21:00:00,MYX:FCPO1!,4202.0,4218.0,4109.0,4180.0,24500.0
2023-03-08 21:00:00,MYX:FCPO1!,4170.0,4247.0,4140.0,4205.0,25348.0
2023-03-09 21:00:00,MYX:FCPO1!,4215.0,4244.0,4088.0,4093.0,31296.0
2023-03-13 10:00:00,MYX:FCPO1!,4090.0,4130.0,4034.0,4043.0,33414.0
2023-03-13 21:00:00,MYX:FCPO1!,4010.0,4064.0,3967.0,3982.0,30582.0
2023-03-14 21:00:00,MYX:FCPO1!,3991.0,4058.0,3991.0,4017.0,22642.0
2023-03-15 21:00:00,MYX:FCPO1!,3930.0,3959.0,3892.0,3933.0,28977.0
2023-03-16 21:00:00,MYX:FCPO1!,3934.0,3993.0,3895.0,3920.0,26302.0
2023-03-20 10:00:00,MYX:FCPO1!,3900.0,3906.0,3768.0,3785.0,29433.0
2023-03-20 21:00:00,MYX:FCPO1!,3820.0,3854.0,3761.0,3784.0,30264.0
2023-03-21 21:00:00,MYX:FCPO1!,3801.0,3811.0,3634.0,3664.0,34759.0
2023-03-22 21:00:00,MYX:FCPO1!,3667.0,3683.0,3561.0,3569.0,32147.0
2023-03-23 21:00:00,MYX:FCPO1!,3571.0,3650.0,3500.0,3512.0,44705.0
2023-03-27 10:00:00,MYX:FCPO1!,3562.0,3610.0,3528.0,3576.0,31810.0
2023-03-27 21:00:00,MYX:FCPO1!,3600.0,3695.0,3567.0,3687.0,30329.0
2023-03-28 21:00:00,MYX:FCPO1!,3683.0,3723.0,3646.0,3707.0,23938.0
2023-03-29 21:00:00,MYX:FCPO1!,3711.0,3802.0,3681.0,3788.0,27311.0
2023-03-30 21:00:00,MYX:FCPO1!,3800.0,3805.0,3714.0,3761.0,25778.0
2023-04-03 10:00:00,MYX:FCPO1!,3869.0,3922.0,3833.0,3884.0,23299.0
2023-04-03 21:00:00,MYX:FCPO1!,3888.0,3980.0,3863.0,3966.0,23431.0
2023-04-04 21:00:00,MYX:FCPO1!,3953.0,3965.0,3864.0,3868.0,30768.0
2023-04-05 21:00:00,MYX:FCPO1!,3851.0,3914.0,3820.0,3823.0,25155.0
2023-04-06 21:00:00,MYX:FCPO1!,3821.0,3855.0,3769.0,3794.0,25059.0
2023-04-10 10:00:00,MYX:FCPO1!,3765.0,3862.0,3735.0,3837.0,33058.0
2023-04-10 21:00:00,MYX:FCPO1!,3823.0,3916.0,3810.0,3888.0,27548.0
2023-04-11 21:00:00,MYX:FCPO1!,3905.0,3909.0,3761.0,3775.0,32076.0
2023-04-12 21:00:00,MYX:FCPO1!,3792.0,3804.0,3673.0,3713.0,29407.0
2023-04-13 21:00:00,MYX:FCPO1!,3711.0,3760.0,3653.0,3702.0,25708.0
2023-04-17 10:00:00,MYX:FCPO1!,3575.0,3652.0,3567.0,3638.0,20115.0
2023-04-17 21:00:00,MYX:FCPO1!,3642.0,3810.0,3631.0,3789.0,33625.0
2023-04-18 21:00:00,MYX:FCPO1!,3780.0,3820.0,3721.0,3735.0,30183.0
2023-04-19 21:00:00,MYX:FCPO1!,3741.0,3773.0,3669.0,3705.0,25983.0
2023-04-24 21:00:00,MYX:FCPO1!,3600.0,3658.0,3562.0,3635.0,28303.0
2023-04-25 21:00:00,MYX:FCPO1!,3618.0,3630.0,3563.0,3570.0,26305.0
2023-04-26 21:00:00,MYX:FCPO1!,3567.0,3597.0,3447.0,3455.0,36367.0
2023-04-27 21:00:00,MYX:FCPO1!,3467.0,3484.0,3288.0,3338.0,42983.0
2023-05-01 21:00:00,MYX:FCPO1!,3410.0,3449.0,3361.0,3421.0,22953.0
2023-05-02 21:00:00,MYX:FCPO1!,3424.0,3464.0,3344.0,3425.0,20643.0
2023-05-04 21:00:00,MYX:FCPO1!,3507.0,3625.0,3495.0,3601.0,31042.0
2023-05-08 10:00:00,MYX:FCPO1!,3645.0,3788.0,3625.0,3762.0,31137.0
2023-05-08 21:00:00,MYX:FCPO1!,3755.0,3837.0,3670.0,3807.0,41758.0
2023-05-09 21:00:00,MYX:FCPO1!,3791.0,3800.0,3700.0,3709.0,36132.0
2023-05-10 21:00:00,MYX:FCPO1!,3715.0,3735.0,3585.0,3603.0,24066.0
2023-05-11 21:00:00,MYX:FCPO1!,3580.0,3666.0,3550.0,3648.0,25424.0
2023-05-15 10:00:00,MYX:FCPO1!,3541.0,3698.0,3541.0,3616.0,22072.0
2023-05-15 21:00:00,MYX:FCPO1!,3530.0,3558.0,3436.0,3457.0,27628.0
2023-05-16 21:00:00,MYX:FCPO1!,3450.0,3463.0,3368.0,3434.0,35354.0
2023-05-17 21:00:00,MYX:FCPO1!,3415.0,3448.0,3381.0,3392.0,24509.0
2023-05-18 21:00:00,MYX:FCPO1!,3388.0,3494.0,3375.0,3481.0,25600.0
2023-05-22 10:00:00,MYX:FCPO1!,3400.0,3454.0,3384.0,3428.0,20706.0
2023-05-22 21:00:00,MYX:FCPO1!,3443.0,3468.0,3365.0,3378.0,29603.0
2023-05-23 21:00:00,MYX:FCPO1!,3406.0,3433.0,3365.0,3407.0,29407.0
2023-05-24 21:00:00,MYX:FCPO1!,3403.0,3520.0,3388.0,3493.0,28274.0
2023-05-25 21:00:00,MYX:FCPO1!,3505.0,3586.0,3478.0,3559.0,29125.0
2023-05-29 10:00:00,MYX:FCPO1!,3520.0,3564.0,3489.0,3546.0,17154.0
2023-05-29 21:00:00,MYX:FCPO1!,3537.0,3556.0,3392.0,3403.0,32296.0
2023-05-30 21:00:00,MYX:FCPO1!,3395.0,3399.0,3196.0,3201.0,37728.0
2023-05-31 21:00:00,MYX:FCPO1!,3198.0,3285.0,3194.0,3279.0,27842.0
2023-06-01 21:00:00,MYX:FCPO1!,3310.0,3409.0,3284.0,3381.0,23749.0
2023-06-05 21:00:00,MYX:FCPO1!,3411.0,3421.0,3297.0,3316.0,22921.0
2023-06-06 21:00:00,MYX:FCPO1!,3314.0,3374.0,3286.0,3320.0,22503.0
2023-06-07 21:00:00,MYX:FCPO1!,3320.0,3350.0,3255.0,3264.0,22378.0
2023-06-08 21:00:00,MYX:FCPO1!,3275.0,3404.0,3271.0,3367.0,28154.0
2023-06-12 10:00:00,MYX:FCPO1!,3395.0,3398.0,3304.0,3349.0,20384.0
2023-06-12 21:00:00,MYX:FCPO1!,3350.0,3437.0,3313.0,3416.0,26559.0
2023-06-13 21:00:00,MYX:FCPO1!,3428.0,3527.0,3405.0,3452.0,28096.0
2023-06-14 21:00:00,MYX:FCPO1!,3465.0,3536.0,3433.0,3521.0,21331.0
2023-06-15 21:00:00,MYX:FCPO1!,3518.0,3791.0,3511.0,3743.0,45074.0
2023-06-19 10:00:00,MYX:FCPO1!,3760.0,3804.0,3716.0,3757.0,28900.0
2023-06-19 21:00:00,MYX:FCPO1!,3758.0,3791.0,3723.0,3727.0,21770.0
2023-06-20 21:00:00,MYX:FCPO1!,3717.0,3758.0,3578.0,3614.0,31111.0
2023-06-21 21:00:00,MYX:FCPO1!,3597.0,3635.0,3534.0,3562.0,27499.0
2023-06-22 21:00:00,MYX:FCPO1!,3536.0,3675.0,3512.0,3620.0,28468.0
2023-06-26 10:00:00,MYX:FCPO1!,3699.0,3722.0,3630.0,3719.0,19456.0
2023-06-26 21:00:00,MYX:FCPO1!,3723.0,3756.0,3673.0,3675.0,28130.0
2023-06-27 21:00:00,MYX:FCPO1!,3665.0,3802.0,3654.0,3755.0,30823.0
2023-06-29 21:00:00,MYX:FCPO1!,3810.0,3829.0,3777.0,3789.0,23998.0
2023-07-03 10:00:00,MYX:FCPO1!,3975.0,3994.0,3921.0,3985.0,27423.0
2023-07-03 21:00:00,MYX:FCPO1!,3995.0,3995.0,3877.0,3883.0,21278.0
2023-07-04 21:00:00,MYX:FCPO1!,3893.0,3936.0,3853.0,3862.0,29193.0
2023-07-05 21:00:00,MYX:FCPO1!,3878.0,3925.0,3865.0,3911.0,28021.0
2023-07-06 21:00:00,MYX:FCPO1!,3900.0,3914.0,3822.0,3834.0,29414.0
2023-07-10 10:00:00,MYX:FCPO1!,3800.0,3942.0,3799.0,3920.0,20224.0
2023-07-10 21:00:00,MYX:FCPO1!,3914.0,3981.0,3862.0,3889.0,25392.0
2023-07-11 21:00:00,MYX:FCPO1!,3899.0,3945.0,3889.0,3926.0,18187.0
2023-07-12 21:00:00,MYX:FCPO1!,3921.0,3961.0,3829.0,3865.0,25711.0
2023-07-13 21:00:00,MYX:FCPO1!,3886.0,3935.0,3812.0,3881.0,29352.0
2023-07-17 10:00:00,MYX:FCPO1!,3893.0,3945.0,3861.0,3930.0,17901.0
2023-07-17 21:00:00,MYX:FCPO1!,3927.0,3956.0,3870.0,3895.0,28034.0
2023-07-19 21:00:00,MYX:FCPO1!,3962.0,4050.0,3954.0,4046.0,34503.0
2023-07-20 21:00:00,MYX:FCPO1!,4035.0,4080.0,4006.0,4035.0,39458.0
2023-07-24 10:00:00,MYX:FCPO1!,3989.0,4209.0,3962.0,4164.0,35291.0
2023-07-24 21:00:00,MYX:FCPO1!,4146.0,4162.0,4042.0,4066.0,32064.0
2023-07-25 21:00:00,MYX:FCPO1!,4062.0,4150.0,4040.0,4062.0,33642.0
2023-07-26 21:00:00,MYX:FCPO1!,4061.0,4088.0,4020.0,4026.0,27633.0
2023-07-27 21:00:00,MYX:FCPO1!,4039.0,4039.0,3944.0,4006.0,30746.0
2023-07-31 10:00:00,MYX:FCPO1!,3928.0,3952.0,3870.0,3878.0,21637.0
2023-07-31 21:00:00,MYX:FCPO1!,3878.0,3917.0,3832.0,3872.0,24787.0
2023-08-01 21:00:00,MYX:FCPO1!,3868.0,3946.0,3855.0,3915.0,21728.0
2023-08-02 21:00:00,MYX:FCPO1!,3915.0,3931.0,3817.0,3824.0,27392.0
2023-08-03 21:00:00,MYX:FCPO1!,3837.0,3888.0,3809.0,3859.0,28820.0
2023-08-07 10:00:00,MYX:FCPO1!,3853.0,3886.0,3754.0,3772.0,28201.0
2023-08-07 21:00:00,MYX:FCPO1!,3769.0,3787.0,3683.0,3693.0,28830.0
2023-08-08 21:00:00,MYX:FCPO1!,3687.0,3778.0,3662.0,3771.0,25271.0
2023-08-09 21:00:00,MYX:FCPO1!,3770.0,3803.0,3717.0,3728.0,27559.0
2023-08-10 21:00:00,MYX:FCPO1!,3733.0,3770.0,3690.0,3717.0,21592.0
2023-08-14 10:00:00,MYX:FCPO1!,3749.0,3757.0,3683.0,3694.0,19190.0
2023-08-14 21:00:00,MYX:FCPO1!,3686.0,3842.0,3681.0,3783.0,25460.0
2023-08-15 21:00:00,MYX:FCPO1!,3822.0,3860.0,3814.0,3846.0,20036.0
2023-08-16 21:00:00,MYX:FCPO1!,3853.0,3936.0,3828.0,3923.0,24931.0
2023-08-17 21:00:00,MYX:FCPO1!,3915.0,3966.0,3866.0,3871.0,27139.0
2023-08-21 10:00:00,MYX:FCPO1!,3956.0,3978.0,3908.0,3936.0,19190.0
2023-08-21 21:00:00,MYX:FCPO1!,3938.0,3944.0,3855.0,3866.0,23565.0
2023-08-22 21:00:00,MYX:FCPO1!,3862.0,3898.0,3804.0,3830.0,26222.0
2023-08-23 21:00:00,MYX:FCPO1!,3840.0,3938.0,3833.0,3881.0,30031.0
2023-08-24 21:00:00,MYX:FCPO1!,3873.0,3964.0,3855.0,3962.0,26875.0
2023-08-28 10:00:00,MYX:FCPO1!,3968.0,3970.0,3904.0,3910.0,19848.0
2023-08-28 21:00:00,MYX:FCPO1!,3910.0,3965.0,3908.0,3930.0,23186.0
2023-08-29 21:00:00,MYX:FCPO1!,3932.0,4020.0,3919.0,4010.0,28527.0
2023-08-31 21:00:00,MYX:FCPO1!,4010.0,4068.0,3990.0,4040.0,22658.0
2023-09-04 10:00:00,MYX:FCPO1!,4000.0,4009.0,3947.0,3986.0,16337.0
2023-09-04 21:00:00,MYX:FCPO1!,3988.0,3988.0,3898.0,3901.0,23811.0
2023-09-05 21:00:00,MYX:FCPO1!,3918.0,3941.0,3862.0,3881.0,28211.0
2023-09-06 21:00:00,MYX:FCPO1!,3891.0,3904.0,3817.0,3832.0,20639.0
2023-09-07 21:00:00,MYX:FCPO1!,3841.0,3841.0,3781.0,3830.0,30816.0
2023-09-11 10:00:00,MYX:FCPO1!,3846.0,3860.0,3703.0,3713.0,31449.0
2023-09-11 21:00:00,MYX:FCPO1!,3715.0,3772.0,3667.0,3683.0,32952.0
2023-09-12 21:00:00,MYX:FCPO1!,3695.0,3730.0,3671.0,3726.0,28628.0
2023-09-13 21:00:00,MYX:FCPO1!,3721.0,3776.0,3698.0,3761.0,21504.0
2023-09-14 21:00:00,MYX:FCPO1!,3761.0,3812.0,3755.0,3785.0,17407.0
2023-09-18 10:00:00,MYX:FCPO1!,3775.0,3785.0,3737.0,3749.0,25390.0
2023-09-18 21:00:00,MYX:FCPO1!,3746.0,3763.0,3690.0,3749.0,33175.0
2023-09-19 21:00:00,MYX:FCPO1!,3747.0,3757.0,3706.0,3720.0,23248.0
2023-09-20 21:00:00,MYX:FCPO1!,3725.0,3728.0,3637.0,3678.0,29493.0
2023-09-21 21:00:00,MYX:FCPO1!,3682.0,3702.0,3644.0,3681.0,27773.0
2023-09-25 10:00:00,MYX:FCPO1!,3688.0,3728.0,3664.0,3716.0,23912.0
2023-09-25 21:00:00,MYX:FCPO1!,3703.0,3721.0,3675.0,3692.0,31695.0
2023-09-26 21:00:00,MYX:FCPO1!,3684.0,3806.0,3676.0,3771.0,36240.0
2023-09-28 21:00:00,MYX:FCPO1!,3752.0,3844.0,3750.0,3767.0,28412.0
2023-10-02 10:00:00,MYX:FCPO1!,3738.0,3771.0,3684.0,3704.0,22804.0
2023-10-02 21:00:00,MYX:FCPO1!,3718.0,3762.0,3693.0,3708.0,23578.0
2023-10-03 21:00:00,MYX:FCPO1!,3700.0,3739.0,3688.0,3715.0,22095.0
2023-10-04 21:00:00,MYX:FCPO1!,3701.0,3710.0,3603.0,3607.0,33969.0
2023-10-05 21:00:00,MYX:FCPO1!,3610.0,3632.0,3563.0,3600.0,29808.0
2023-10-09 10:00:00,MYX:FCPO1!,3634.0,3668.0,3591.0,3605.0,20766.0
2023-10-09 21:00:00,MYX:FCPO1!,3608.0,3636.0,3520.0,3565.0,28844.0
2023-10-10 21:00:00,MYX:FCPO1!,3575.0,3611.0,3547.0,3551.0,34732.0
2023-10-11 21:00:00,MYX:FCPO1!,3539.0,3649.0,3539.0,3638.0,31679.0
2023-10-12 21:00:00,MYX:FCPO1!,3639.0,3740.0,3613.0,3737.0,25763.0
2023-10-16 10:00:00,MYX:FCPO1!,3770.0,3788.0,3743.0,3780.0,26100.0
2023-10-16 21:00:00,MYX:FCPO1!,3792.0,3808.0,3758.0,3784.0,33314.0
2023-10-17 21:00:00,MYX:FCPO1!,3779.0,3835.0,3771.0,3810.0,29841.0
2023-10-18 21:00:00,MYX:FCPO1!,3819.0,3842.0,3740.0,3758.0,30060.0
2023-10-19 21:00:00,MYX:FCPO1!,3770.0,3780.0,3711.0,3771.0,29051.0
2023-10-23 10:00:00,MYX:FCPO1!,3739.0,3772.0,3717.0,3753.0,20058.0
2023-10-23 21:00:00,MYX:FCPO1!,3754.0,3756.0,3651.0,3667.0,32118.0
2023-10-24 21:00:00,MYX:FCPO1!,3683.0,3692.0,3623.0,3679.0,31395.0
2023-10-25 21:00:00,MYX:FCPO1!,3669.0,3794.0,3661.0,3762.0,34585.0
2023-10-26 21:00:00,MYX:FCPO1!,3758.0,3790.0,3711.0,3775.0,23081.0
2023-10-30 10:00:00,MYX:FCPO1!,3807.0,3807.0,3730.0,3737.0,19464.0
2023-10-30 21:00:00,MYX:FCPO1!,3740.0,3755.0,3660.0,3679.0,26519.0
2023-10-31 21:00:00,MYX:FCPO1!,3689.0,3729.0,3658.0,3688.0,23310.0
2023-11-01 21:00:00,MYX:FCPO1!,3697.0,3800.0,3682.0,3784.0,33246.0
2023-11-02 21:00:00,MYX:FCPO1!,3783.0,3808.0,3761.0,3768.0,22532.0
2023-11-06 10:00:00,MYX:FCPO1!,3752.0,3793.0,3721.0,3753.0,23288.0
2023-11-06 21:00:00,MYX:FCPO1!,3760.0,3805.0,3710.0,3720.0,27908.0
2023-11-07 21:00:00,MYX:FCPO1!,3720.0,3789.0,3720.0,3768.0,24289.0
2023-11-08 21:00:00,MYX:FCPO1!,3755.0,3787.0,3727.0,3743.0,22152.0
2023-11-09 21:00:00,MYX:FCPO1!,3750.0,3815.0,3740.0,3802.0,28858.0
2023-11-13 21:00:00,MYX:FCPO1!,3826.0,3910.0,3826.0,3904.0,27559.0
2023-11-14 21:00:00,MYX:FCPO1!,3908.0,3996.0,3904.0,3978.0,27014.0
2023-11-15 21:00:00,MYX:FCPO1!,4020.0,4043.0,3979.0,3998.0,28387.0
2023-11-16 21:00:00,MYX:FCPO1!,3997.0,4004.0,3912.0,3931.0,27140.0
2023-11-20 10:00:00,MYX:FCPO1!,3940.0,3957.0,3912.0,3934.0,20896.0
2023-11-20 21:00:00,MYX:FCPO1!,3939.0,4008.0,3938.0,3953.0,24852.0
2023-11-21 21:00:00,MYX:FCPO1!,3954.0,4029.0,3942.0,3988.0,32306.0
2023-11-22 21:00:00,MYX:FCPO1!,3991.0,3994.0,3943.0,3951.0,21690.0
2023-11-23 21:00:00,MYX:FCPO1!,3955.0,3955.0,3886.0,3890.0,23538.0
2023-11-27 10:00:00,MYX:FCPO1!,3893.0,3918.0,3850.0,3891.0,19167.0
2023-11-27 21:00:00,MYX:FCPO1!,3892.0,3931.0,3864.0,3897.0,27168.0
2023-11-28 21:00:00,MYX:FCPO1!,3900.0,3913.0,3842.0,3872.0,26346.0
2023-11-29 21:00:00,MYX:FCPO1!,3869.0,3912.0,3861.0,3895.0,18798.0
2023-11-30 21:00:00,MYX:FCPO1!,3897.0,3920.0,3825.0,3874.0,29459.0
2023-12-04 10:00:00,MYX:FCPO1!,3835.0,3854.0,3816.0,3824.0,16437.0
2023-12-04 21:00:00,MYX:FCPO1!,3824.0,3840.0,3758.0,3781.0,30374.0
2023-12-05 21:00:00,MYX:FCPO1!,3777.0,3779.0,3675.0,3719.0,38960.0
2023-12-06 21:00:00,MYX:FCPO1!,3712.0,3726.0,3641.0,3702.0,29968.0
2023-12-07 21:00:00,MYX:FCPO1!,3716.0,3778.0,3716.0,3740.0,18965.0
2023-12-11 10:00:00,MYX:FCPO1!,3738.0,3772.0,3719.0,3741.0,22103.0
2023-12-11 21:00:00,MYX:FCPO1!,3756.0,3786.0,3711.0,3735.0,26345.0
2023-12-12 21:00:00,MYX:FCPO1!,3729.0,3740.0,3667.0,3670.0,28158.0
2023-12-13 21:00:00,MYX:FCPO1!,3677.0,3704.0,3656.0,3688.0,23323.0
2023-12-14 21:00:00,MYX:FCPO1!,3697.0,3728.0,3664.0,3692.0,20013.0
2023-12-18 10:00:00,MYX:FCPO1!,3689.0,3772.0,3687.0,3745.0,20269.0
2023-12-18 21:00:00,MYX:FCPO1!,3770.0,3793.0,3751.0,3755.0,25951.0
2023-12-19 21:00:00,MYX:FCPO1!,3758.0,3804.0,3758.0,3778.0,22715.0
2023-12-20 21:00:00,MYX:FCPO1!,3790.0,3819.0,3725.0,3741.0,22128.0
2023-12-21 21:00:00,MYX:FCPO1!,3742.0,3743.0,3684.0,3738.0,19455.0
2023-12-25 21:00:00,MYX:FCPO1!,3750.0,3768.0,3730.0,3763.0,12648.0
2023-12-26 21:00:00,MYX:FCPO1!,3771.0,3794.0,3755.0,3770.0,20361.0
2023-12-27 21:00:00,MYX:FCPO1!,3751.0,3767.0,3736.0,3739.0,20479.0
2023-12-28 21:00:00,MYX:FCPO1!,3744.0,3754.0,3676.0,3721.0,22534.0
2024-01-01 21:00:00,MYX:FCPO1!,3682.0,3703.0,3653.0,3660.0,22625.0
2024-01-02 21:00:00,MYX:FCPO1!,3668.0,3676.0,3607.0,3621.0,36348.0
2024-01-03 21:00:00,MYX:FCPO1!,3637.0,3670.0,3628.0,3657.0,21581.0
2024-01-04 21:00:00,MYX:FCPO1!,3654.0,3688.0,3645.0,3682.0,25717.0
2024-01-08 10:00:00,MYX:FCPO1!,3647.0,3703.0,3647.0,3693.0,22102.0
2024-01-08 21:00:00,MYX:FCPO1!,3682.0,3745.0,3632.0,3732.0,33495.0
2024-01-09 21:00:00,MYX:FCPO1!,3736.0,3813.0,3721.0,3757.0,36257.0
2024-01-10 21:00:00,MYX:FCPO1!,3770.0,3815.0,3768.0,3794.0,34811.0
2024-01-11 21:00:00,MYX:FCPO1!,3791.0,3873.0,3781.0,3856.0,31472.0
2024-01-15 10:00:00,MYX:FCPO1!,3828.0,3854.0,3811.0,3818.0,22318.0
2024-01-15 21:00:00,MYX:FCPO1!,3803.0,3887.0,3803.0,3862.0,35651.0
2024-01-16 21:00:00,MYX:FCPO1!,3870.0,3886.0,3805.0,3815.0,32619.0
2024-01-17 21:00:00,MYX:FCPO1!,3819.0,3908.0,3800.0,3895.0,30070.0
2024-01-18 21:00:00,MYX:FCPO1!,3899.0,3950.0,3878.0,3939.0,31055.0
2024-01-22 10:00:00,MYX:FCPO1!,3916.0,3941.0,3901.0,3904.0,17411.0
2024-01-22 21:00:00,MYX:FCPO1!,3897.0,3980.0,3897.0,3948.0,29226.0
2024-01-23 21:00:00,MYX:FCPO1!,3945.0,3998.0,3937.0,3994.0,27629.0
2024-01-25 21:00:00,MYX:FCPO1!,3961.0,4036.0,3949.0,4017.0,33356.0
2024-01-29 10:00:00,MYX:FCPO1!,3980.0,3987.0,3944.0,3948.0,30638.0
2024-01-29 21:00:00,MYX:FCPO1!,3946.0,3957.0,3832.0,3842.0,38858.0
2024-01-30 21:00:00,MYX:FCPO1!,3833.0,3860.0,3795.0,3798.0,32237.0
2024-02-01 21:00:00,MYX:FCPO1!,3780.0,3791.0,3754.0,3764.0,28249.0
2024-02-05 10:00:00,MYX:FCPO1!,3749.0,3809.0,3745.0,3802.0,24708.0
2024-02-05 21:00:00,MYX:FCPO1!,3797.0,3853.0,3782.0,3843.0,22866.0
2024-02-06 21:00:00,MYX:FCPO1!,3855.0,3890.0,3815.0,3877.0,28806.0
2024-02-07 21:00:00,MYX:FCPO1!,3875.0,3920.0,3845.0,3874.0,28977.0
2024-02-08 21:00:00,MYX:FCPO1!,3871.0,3945.0,3871.0,3884.0,25058.0
2024-02-12 21:00:00,MYX:FCPO1!,3882.0,3914.0,3840.0,3901.0,29105.0
2024-02-13 21:00:00,MYX:FCPO1!,3897.0,3958.0,3897.0,3948.0,23932.0
2024-02-14 21:00:00,MYX:FCPO1!,3948.0,3965.0,3868.0,3875.0,20281.0
2024-02-15 21:00:00,MYX:FCPO1!,3826.0,3848.0,3802.0,3809.0,26914.0
2024-02-19 10:00:00,MYX:FCPO1!,3846.0,3885.0,3818.0,3865.0,19973.0
2024-02-19 21:00:00,MYX:FCPO1!,3864.0,3895.0,3851.0,3860.0,23938.0
2024-02-20 21:00:00,MYX:FCPO1!,3862.0,3914.0,3824.0,3863.0,41274.0
2024-02-21 21:00:00,MYX:FCPO1!,3865.0,3890.0,3831.0,3839.0,34783.0
2024-02-22 21:00:00,MYX:FCPO1!,3845.0,3865.0,3811.0,3853.0,24320.0
2024-02-26 10:00:00,MYX:FCPO1!,3850.0,3872.0,3830.0,3863.0,19796.0
2024-02-26 21:00:00,MYX:FCPO1!,3863.0,3933.0,3863.0,3922.0,31990.0
2024-02-27 21:00:00,MYX:FCPO1!,3915.0,3944.0,3891.0,3907.0,26527.0
2024-02-28 21:00:00,MYX:FCPO1!,3916.0,3981.0,3911.0,3970.0,29081.0
2024-02-29 21:00:00,MYX:FCPO1!,3961.0,3997.0,3940.0,3966.0,25180.0
2024-03-04 10:00:00,MYX:FCPO1!,3950.0,3985.0,3927.0,3938.0,17985.0
2024-03-04 21:00:00,MYX:FCPO1!,3942.0,3996.0,3916.0,3986.0,26223.0
2024-03-05 21:00:00,MYX:FCPO1!,3979.0,4083.0,3979.0,4081.0,25238.0
2024-03-06 21:00:00,MYX:FCPO1!,4076.0,4090.0,4044.0,4071.0,29432.0
2024-03-07 21:00:00,MYX:FCPO1!,4100.0,4143.0,4073.0,4094.0,36114.0
2024-03-11 10:00:00,MYX:FCPO1!,4104.0,4139.0,4050.0,4131.0,27326.0
2024-03-11 21:00:00,MYX:FCPO1!,4122.0,4175.0,4115.0,4129.0,31641.0
2024-03-12 21:00:00,MYX:FCPO1!,4138.0,4198.0,4130.0,4195.0,37276.0
2024-03-13 21:00:00,MYX:FCPO1!,4191.0,4316.0,4190.0,4295.0,43278.0
2024-03-14 21:00:00,MYX:FCPO1!,4275.0,4327.0,4264.0,4287.0,29317.0
2024-03-18 10:00:00,MYX:FCPO1!,4286.0,4300.0,4221.0,4236.0,29571.0
2024-03-18 21:00:00,MYX:FCPO1!,4236.0,4271.0,4196.0,4201.0,43669.0
2024-03-19 21:00:00,MYX:FCPO1!,4201.0,4300.0,4198.0,4272.0,43856.0
2024-03-20 21:00:00,MYX:FCPO1!,4278.0,4314.0,4233.0,4249.0,30828.0
2024-03-21 21:00:00,MYX:FCPO1!,4248.0,4284.0,4176.0,4188.0,33979.0
2024-03-25 10:00:00,MYX:FCPO1!,4202.0,4273.0,4165.0,4247.0,26713.0
2024-03-25 21:00:00,MYX:FCPO1!,4254.0,4280.0,4217.0,4236.0,25094.0
2024-03-26 21:00:00,MYX:FCPO1!,4238.0,4238.0,4128.0,4136.0,36400.0
2024-03-28 21:00:00,MYX:FCPO1!,4161.0,4200.0,4151.0,4194.0,15776.0
2024-04-01 10:00:00,MYX:FCPO1!,4235.0,4269.0,4201.0,4267.0,27668.0
2024-04-01 21:00:00,MYX:FCPO1!,4260.0,4324.0,4224.0,4312.0,30714.0
2024-04-02 21:00:00,MYX:FCPO1!,4306.0,4443.0,4292.0,4407.0,55338.0
2024-04-03 21:00:00,MYX:FCPO1!,4405.0,4431.0,4370.0,4400.0,32810.0
2024-04-04 21:00:00,MYX:FCPO1!,4384.0,4386.0,4321.0,4343.0,37584.0
2024-04-08 10:00:00,MYX:FCPO1!,4345.0,4360.0,4257.0,4295.0,32647.0
2024-04-08 21:00:00,MYX:FCPO1!,4291.0,4333.0,4261.0,4318.0,27014.0
2024-04-11 21:00:00,MYX:FCPO1!,4275.0,4286.0,4230.0,4282.0,28977.0
2024-04-15 10:00:00,MYX:FCPO1!,4244.0,4278.0,4183.0,4204.0,33275.0
2024-04-15 21:00:00,MYX:FCPO1!,4145.0,4167.0,4072.0,4074.0,34557.0
2024-04-16 21:00:00,MYX:FCPO1!,4077.0,4093.0,3974.0,4012.0,48227.0
2024-04-17 21:00:00,MYX:FCPO1!,4010.0,4028.0,3980.0,3984.0,34165.0
2024-04-18 21:00:00,MYX:FCPO1!,3979.0,4040.0,3886.0,3926.0,45007.0
2024-04-22 10:00:00,MYX:FCPO1!,3958.0,3966.0,3880.0,3944.0,30329.0
2024-04-22 21:00:00,MYX:FCPO1!,3936.0,4023.0,3923.0,3971.0,33114.0
2024-04-23 21:00:00,MYX:FCPO1!,3949.0,4022.0,3925.0,3942.0,30144.0
2024-04-24 21:00:00,MYX:FCPO1!,3942.0,3965.0,3817.0,3874.0,49041.0
2024-04-25 21:00:00,MYX:FCPO1!,3873.0,3920.0,3836.0,3896.0,30111.0
2024-04-29 10:00:00,MYX:FCPO1!,3917.0,3942.0,3880.0,3915.0,22907.0
2024-04-29 21:00:00,MYX:FCPO1!,3907.0,3930.0,3814.0,3818.0,38878.0
2024-05-01 21:00:00,MYX:FCPO1!,3805.0,3850.0,3801.0,3846.0,25087.0
2024-05-02 21:00:00,MYX:FCPO1!,3843.0,3851.0,3809.0,3844.0,20438.0
2024-05-06 10:00:00,MYX:FCPO1!,3840.0,3871.0,3829.0,3862.0,21084.0
2024-05-06 21:00:00,MYX:FCPO1!,3862.0,3935.0,3860.0,3930.0,31055.0
2024-05-07 21:00:00,MYX:FCPO1!,3930.0,3956.0,3867.0,3869.0,36543.0
2024-05-08 21:00:00,MYX:FCPO1!,3868.0,3889.0,3820.0,3831.0,25888.0
2024-05-09 21:00:00,MYX:FCPO1!,3825.0,3848.0,3767.0,3809.0,34274.0
2024-05-13 10:00:00,MYX:FCPO1!,3858.0,3898.0,3851.0,3868.0,26230.0
2024-05-13 21:00:00,MYX:FCPO1!,3874.0,3904.0,3809.0,3815.0,33767.0
2024-05-14 21:00:00,MYX:FCPO1!,3805.0,3880.0,3780.0,3861.0,29448.0
2024-05-15 21:00:00,MYX:FCPO1!,3843.0,3870.0,3790.0,3804.0,22529.0
2024-05-16 21:00:00,MYX:FCPO1!,3811.0,3908.0,3805.0,3892.0,29159.0
2024-05-20 10:00:00,MYX:FCPO1!,3913.0,3929.0,3888.0,3921.0,23360.0
2024-05-20 21:00:00,MYX:FCPO1!,3917.0,3964.0,3862.0,3868.0,34515.0
2024-05-22 21:00:00,MYX:FCPO1!,3879.0,3913.0,3873.0,3894.0,29692.0
2024-05-23 21:00:00,MYX:FCPO1!,3906.0,3932.0,3876.0,3885.0,25500.0
2024-05-27 10:00:00,MYX:FCPO1!,3916.0,3923.0,3853.0,3870.0,20341.0
2024-05-27 21:00:00,MYX:FCPO1!,3873.0,3968.0,3873.0,3960.0,31712.0
2024-05-28 21:00:00,MYX:FCPO1!,3961.0,4043.0,3942.0,4034.0,34913.0
2024-05-29 21:00:00,MYX:FCPO1!,4022.0,4029.0,3965.0,3993.0,37303.0
2024-05-30 21:00:00,MYX:FCPO1!,3990.0,4087.0,3968.0,4076.0,36336.0
2024-06-03 21:00:00,MYX:FCPO1!,3946.0,3951.0,3898.0,3921.0,42636.0
2024-06-04 21:00:00,MYX:FCPO1!,3920.0,3950.0,3892.0,3906.0,31356.0
2024-06-05 21:00:00,MYX:FCPO1!,3912.0,3978.0,3890.0,3960.0,29003.0
2024-06-06 21:00:00,MYX:FCPO1!,3974.0,4026.0,3966.0,3975.0,30637.0
2024-06-10 10:00:00,MYX:FCPO1!,3929.0,3960.0,3916.0,3919.0,17091.0
2024-06-10 21:00:00,MYX:FCPO1!,3936.0,3962.0,3883.0,3931.0,34863.0
2024-06-11 21:00:00,MYX:FCPO1!,3918.0,3988.0,3915.0,3963.0,26930.0
2024-06-12 21:00:00,MYX:FCPO1!,3972.0,3999.0,3932.0,3936.0,24793.0
2024-06-13 21:00:00,MYX:FCPO1!,3936.0,3983.0,3910.0,3946.0,31952.0
2024-06-17 21:00:00,MYX:FCPO1!,3927.0,3929.0,3868.0,3883.0,32478.0
2024-06-18 21:00:00,MYX:FCPO1!,3880.0,3940.0,3880.0,3920.0,25313.0
2024-06-19 21:00:00,MYX:FCPO1!,3926.0,3966.0,3901.0,3959.0,26883.0
2024-06-20 21:00:00,MYX:FCPO1!,3951.0,3962.0,3892.0,3900.0,30043.0
2024-06-24 10:00:00,MYX:FCPO1!,3870.0,3919.0,3868.0,3898.0,20935.0
2024-06-24 21:00:00,MYX:FCPO1!,3891.0,3900.0,3846.0,3859.0,32571.0
2024-06-25 21:00:00,MYX:FCPO1!,3864.0,3894.0,3830.0,3879.0,30286.0
2024-06-26 21:00:00,MYX:FCPO1!,3877.0,3908.0,3858.0,3890.0,30059.0
2024-06-27 21:00:00,MYX:FCPO1!,3895.0,3932.0,3893.0,3916.0,30025.0
2024-07-01 10:00:00,MYX:FCPO1!,3969.0,4011.0,3955.0,3979.0,28982.0
2024-07-01 21:00:00,MYX:FCPO1!,3985.0,4096.0,3985.0,4089.0,32231.0
2024-07-02 21:00:00,MYX:FCPO1!,4096.0,4104.0,4020.0,4082.0,33849.0
2024-07-03 21:00:00,MYX:FCPO1!,4089.0,4122.0,4052.0,4067.0,28163.0
2024-07-04 21:00:00,MYX:FCPO1!,4069.0,4090.0,4034.0,4042.0,27919.0
2024-07-08 21:00:00,MYX:FCPO1!,4004.0,4008.0,3933.0,3959.0,37924.0
2024-07-09 21:00:00,MYX:FCPO1!,3959.0,3963.0,3850.0,3918.0,46731.0
2024-07-10 21:00:00,MYX:FCPO1!,3924.0,3940.0,3890.0,3935.0,23786.0
2024-07-11 21:00:00,MYX:FCPO1!,3939.0,3991.0,3909.0,3915.0,29917.0
2024-07-15 10:00:00,MYX:FCPO1!,3878.0,3934.0,3862.0,3895.0,21713.0
2024-07-15 21:00:00,MYX:FCPO1!,3859.0,3938.0,3853.0,3925.0,19455.0
2024-07-16 21:00:00,MYX:FCPO1!,3912.0,3977.0,3906.0,3932.0,26198.0
2024-07-17 21:00:00,MYX:FCPO1!,3948.0,3961.0,3900.0,3937.0,26501.0
2024-07-18 21:00:00,MYX:FCPO1!,3933.0,3963.0,3914.0,3961.0,17859.0
2024-07-22 10:00:00,MYX:FCPO1!,3944.0,3998.0,3943.0,3985.0,23895.0
2024-07-22 21:00:00,MYX:FCPO1!,3984.0,4017.0,3954.0,3969.0,26465.0
2024-07-23 21:00:00,MYX:FCPO1!,3974.0,3991.0,3906.0,3925.0,35099.0
2024-07-24 21:00:00,MYX:FCPO1!,3926.0,3930.0,3878.0,3918.0,31917.0
2024-07-25 21:00:00,MYX:FCPO1!,3928.0,3970.0,3909.0,3942.0,25274.0
2024-07-29 10:00:00,MYX:FCPO1!,3876.0,3950.0,3861.0,3908.0,34525.0
2024-07-29 21:00:00,MYX:FCPO1!,3903.0,3952.0,3881.0,3915.0,36466.0
2024-07-30 21:00:00,MYX:FCPO1!,3901.0,3918.0,3881.0,3908.0,31112.0
2024-07-31 21:00:00,MYX:FCPO1!,3921.0,3941.0,3843.0,3870.0,41794.0
2024-08-01 21:00:00,MYX:FCPO1!,3863.0,3933.0,3858.0,3917.0,35650.0
2024-08-05 10:00:00,MYX:FCPO1!,3842.0,3898.0,3782.0,3787.0,39972.0
2024-08-05 21:00:00,MYX:FCPO1!,3792.0,3799.0,3700.0,3705.0,48405.0
2024-08-06 21:00:00,MYX:FCPO1!,3702.0,3749.0,3679.0,3697.0,37936.0
2024-08-07 21:00:00,MYX:FCPO1!,3730.0,3752.0,3670.0,3704.0,34504.0
2024-08-08 21:00:00,MYX:FCPO1!,3711.0,3767.0,3709.0,3747.0,29244.0
2024-08-12 10:00:00,MYX:FCPO1!,3712.0,3745.0,3698.0,3708.0,24766.0
2024-08-12 21:00:00,MYX:FCPO1!,3719.0,3732.0,3674.0,3690.0,28073.0
2024-08-13 21:00:00,MYX:FCPO1!,3700.0,3730.0,3638.0,3723.0,32314.0
2024-08-14 21:00:00,MYX:FCPO1!,3719.0,3761.0,3714.0,3754.0,25253.0
2024-08-15 21:00:00,MYX:FCPO1!,3688.0,3734.0,3672.0,3681.0,25981.0
2024-08-19 10:00:00,MYX:FCPO1!,3703.0,3733.0,3663.0,3721.0,28611.0
2024-08-19 21:00:00,MYX:FCPO1!,3711.0,3741.0,3698.0,3715.0,28367.0
2024-08-20 21:00:00,MYX:FCPO1!,3714.0,3776.0,3714.0,3754.0,29895.0
2024-08-21 21:00:00,MYX:FCPO1!,3762.0,3828.0,3741.0,3826.0,42636.0
2024-08-22 21:00:00,MYX:FCPO1!,3822.0,3880.0,3794.0,3867.0,32854.0
2024-08-26 10:00:00,MYX:FCPO1!,3878.0,3990.0,3868.0,3924.0,40364.0
2024-08-26 21:00:00,MYX:FCPO1!,3935.0,3979.0,3918.0,3923.0,43382.0
2024-08-27 21:00:00,MYX:FCPO1!,3930.0,3942.0,3903.0,3920.0,34130.0
2024-08-28 21:00:00,MYX:FCPO1!,3907.0,3950.0,3872.0,3940.0,31696.0
2024-08-29 21:00:00,MYX:FCPO1!,3944.0,4003.0,3932.0,3977.0,30590.0
2024-09-02 10:00:00,MYX:FCPO1!,3924.0,3947.0,3901.0,3933.0,22991.0
2024-09-02 21:00:00,MYX:FCPO1!,3929.0,3990.0,3910.0,3931.0,34512.0
2024-09-03 21:00:00,MYX:FCPO1!,3941.0,3955.0,3866.0,3886.0,34834.0
2024-09-04 21:00:00,MYX:FCPO1!,3881.0,3925.0,3849.0,3917.0,28128.0
2024-09-05 21:00:00,MYX:FCPO1!,3914.0,3950.0,3884.0,3898.0,30631.0
2024-09-09 10:00:00,MYX:FCPO1!,3885.0,3901.0,3855.0,3895.0,23557.0
2024-09-09 21:00:00,MYX:FCPO1!,3898.0,3914.0,3868.0,3885.0,32782.0
2024-09-10 21:00:00,MYX:FCPO1!,3894.0,3951.0,3858.0,3901.0,39520.0
2024-09-11 21:00:00,MYX:FCPO1!,3899.0,3899.0,3830.0,3852.0,43543.0
2024-09-12 21:00:00,MYX:FCPO1!,3857.0,3904.0,3806.0,3814.0,51875.0
2024-09-16 21:00:00,MYX:FCPO1!,3719.0,3760.0,3702.0,3736.0,28510.0
2024-09-17 21:00:00,MYX:FCPO1!,3741.0,3856.0,3738.0,3845.0,29091.0
2024-09-18 21:00:00,MYX:FCPO1!,3844.0,3967.0,3819.0,3876.0,60543.0
2024-09-19 21:00:00,MYX:FCPO1!,3899.0,3950.0,3879.0,3947.0,30067.0
2024-09-23 10:00:00,MYX:FCPO1!,3984.0,4040.0,3961.0,3977.0,39907.0
2024-09-23 21:00:00,MYX:FCPO1!,3984.0,4022.0,3952.0,3988.0,34582.0
2024-09-24 21:00:00,MYX:FCPO1!,4003.0,4069.0,3990.0,4043.0,41907.0
2024-09-25 21:00:00,MYX:FCPO1!,4037.0,4155.0,4029.0,4152.0,43642.0
2024-09-26 21:00:00,MYX:FCPO1!,4158.0,4199.0,4030.0,4051.0,54467.0
2024-09-30 10:00:00,MYX:FCPO1!,4042.0,4064.0,3987.0,3995.0,29566.0
2024-09-30 21:00:00,MYX:FCPO1!,4017.0,4046.0,3994.0,4006.0,29207.0
2024-10-01 21:00:00,MYX:FCPO1!,4000.0,4198.0,4000.0,4196.0,55833.0
2024-10-02 21:00:00,MYX:FCPO1!,4177.0,4229.0,4121.0,4182.0,51237.0
2024-10-03 21:00:00,MYX:FCPO1!,4190.0,4350.0,4175.0,4300.0,45627.0
2024-10-07 10:00:00,MYX:FCPO1!,4252.0,4349.0,4247.0,4343.0,32379.0
2024-10-07 21:00:00,MYX:FCPO1!,4337.0,4408.0,4241.0,4271.0,52841.0
2024-10-08 21:00:00,MYX:FCPO1!,4276.0,4302.0,4194.0,4252.0,42191.0
2024-10-09 21:00:00,MYX:FCPO1!,4236.0,4285.0,4187.0,4233.0,43678.0
2024-10-10 21:00:00,MYX:FCPO1!,4240.0,4352.0,4239.0,4350.0,47486.0
2024-10-14 10:00:00,MYX:FCPO1!,4293.0,4404.0,4289.0,4313.0,40082.0
2024-10-14 21:00:00,MYX:FCPO1!,4300.0,4321.0,4236.0,4272.0,38576.0
2024-10-15 21:00:00,MYX:FCPO1!,4233.0,4333.0,4226.0,4311.0,48470.0
2024-10-16 21:00:00,MYX:FCPO1!,4319.0,4335.0,4258.0,4278.0,47752.0
2024-10-17 21:00:00,MYX:FCPO1!,4283.0,4378.0,4230.0,4255.0,50737.0
2024-10-21 10:00:00,MYX:FCPO1!,4230.0,4313.0,4230.0,4299.0,28783.0
2024-10-21 21:00:00,MYX:FCPO1!,4301.0,4389.0,4290.0,4386.0,39786.0
2024-10-22 21:00:00,MYX:FCPO1!,4397.0,4514.0,4384.0,4486.0,48325.0
2024-10-23 21:00:00,MYX:FCPO1!,4478.0,4610.0,4451.0,4603.0,44183.0
2024-10-24 21:00:00,MYX:FCPO1!,4590.0,4660.0,4518.0,4536.0,49408.0
2024-10-28 10:00:00,MYX:FCPO1!,4502.0,4589.0,4482.0,4529.0,31169.0
2024-10-28 21:00:00,MYX:FCPO1!,4529.0,4659.0,4523.0,4637.0,43817.0
2024-10-29 21:00:00,MYX:FCPO1!,4628.0,4702.0,4592.0,4696.0,45211.0
2024-10-31 21:00:00,MYX:FCPO1!,4764.0,4879.0,4745.0,4868.0,38331.0
2024-11-04 10:00:00,MYX:FCPO1!,4842.0,4911.0,4825.0,4891.0,32599.0
2024-11-04 21:00:00,MYX:FCPO1!,4878.0,4889.0,4784.0,4806.0,39369.0
2024-11-05 21:00:00,MYX:FCPO1!,4809.0,4924.0,4780.0,4917.0,42740.0
2024-11-06 21:00:00,MYX:FCPO1!,4898.0,5014.0,4867.0,4952.0,50229.0
2024-11-07 21:00:00,MYX:FCPO1!,4970.0,5104.0,4965.0,5101.0,55255.0
2024-11-11 10:00:00,MYX:FCPO1!,5076.0,5202.0,5058.0,5196.0,40633.0
2024-11-11 21:00:00,MYX:FCPO1!,5172.0,5195.0,5020.0,5026.0,58721.0
2024-11-12 21:00:00,MYX:FCPO1!,5052.0,5095.0,4845.0,4987.0,74439.0
2024-11-13 21:00:00,MYX:FCPO1!,4970.0,5018.0,4826.0,4964.0,61095.0
2024-11-14 21:00:00,MYX:FCPO1!,4950.0,5092.0,4915.0,5088.0,46770.0
2024-11-18 10:00:00,MYX:FCPO1!,4967.0,5009.0,4865.0,4899.0,47169.0
2024-11-18 21:00:00,MYX:FCPO1!,4907.0,5007.0,4804.0,4924.0,49592.0
2024-11-19 21:00:00,MYX:FCPO1!,4928.0,4972.0,4811.0,4815.0,44223.0
2024-11-20 21:00:00,MYX:FCPO1!,4812.0,4825.0,4626.0,4772.0,66087.0
2024-11-21 21:00:00,MYX:FCPO1!,4746.0,4764.0,4638.0,4642.0,45437.0
2024-11-25 10:00:00,MYX:FCPO1!,4710.0,4738.0,4670.0,4699.0,30068.0
2024-11-25 21:00:00,MYX:FCPO1!,4691.0,4764.0,4660.0,4735.0,38735.0
2024-11-26 21:00:00,MYX:FCPO1!,4741.0,4820.0,4700.0,4798.0,37084.0
2024-11-27 21:00:00,MYX:FCPO1!,4790.0,4891.0,4752.0,4885.0,41291.0
2024-11-28 21:00:00,MYX:FCPO1!,4874.0,5039.0,4857.0,5020.0,45798.0
2024-12-02 10:00:00,MYX:FCPO1!,5035.0,5063.0,4931.0,4955.0,35260.0
2024-12-02 21:00:00,MYX:FCPO1!,4960.0,5087.0,4946.0,5075.0,39884.0
2024-12-03 21:00:00,MYX:FCPO1!,5085.0,5160.0,5010.0,5032.0,51440.0
2024-12-04 21:00:00,MYX:FCPO1!,5053.0,5158.0,4988.0,5135.0,40814.0
2024-12-05 21:00:00,MYX:FCPO1!,5130.0,5179.0,5080.0,5128.0,43242.0
2024-12-09 10:00:00,MYX:FCPO1!,5133.0,5146.0,5067.0,5120.0,29575.0
2024-12-09 21:00:00,MYX:FCPO1!,5126.0,5158.0,4925.0,4951.0,52236.0
2024-12-10 21:00:00,MYX:FCPO1!,4951.0,4982.0,4817.0,4856.0,48613.0
2024-12-11 21:00:00,MYX:FCPO1!,4858.0,4938.0,4762.0,4921.0,50529.0
2024-12-12 21:00:00,MYX:FCPO1!,4908.0,4938.0,4856.0,4906.0,45590.0
2024-12-16 10:00:00,MYX:FCPO1!,4776.0,4887.0,4747.0,4758.0,45047.0
2024-12-16 21:00:00,MYX:FCPO1!,4758.0,4779.0,4687.0,4725.0,44644.0
2024-12-17 21:00:00,MYX:FCPO1!,4715.0,4724.0,4505.0,4529.0,58347.0
2024-12-18 21:00:00,MYX:FCPO1!,4537.0,4574.0,4367.0,4508.0,72855.0
2024-12-19 21:00:00,MYX:FCPO1!,4493.0,4546.0,4347.0,4433.0,57294.0
2024-12-23 10:00:00,MYX:FCPO1!,4451.0,4550.0,4421.0,4542.0,25747.0
2024-12-23 21:00:00,MYX:FCPO1!,4542.0,4566.0,4506.0,4558.0,23034.0
2024-12-25 21:00:00,MYX:FCPO1!,4501.0,4576.0,4469.0,4543.0,22020.0
2024-12-26 21:00:00,MYX:FCPO1!,4544.0,4634.0,4530.0,4624.0,26590.0
2024-12-30 10:00:00,MYX:FCPO1!,4598.0,4646.0,4546.0,4551.0,22787.0
2024-12-30 21:00:00,MYX:FCPO1!,4562.0,4577.0,4418.0,4448.0,35763.0
2025-01-02 10:00:00,MYX:FCPO1!,4512.0,4527.0,4312.0,4333.0,35402.0
2025-01-02 21:00:00,MYX:FCPO1!,4343.0,4403.0,4280.0,4368.0,45127.0
2025-01-06 10:00:00,MYX:FCPO1!,4449.0,4449.0,4286.0,4338.0,39861.0
2025-01-06 21:00:00,MYX:FCPO1!,4361.0,4425.0,4286.0,4365.0,47331.0
2025-01-07 21:00:00,MYX:FCPO1!,4380.0,4408.0,4313.0,4354.0,37733.0
2025-01-08 21:00:00,MYX:FCPO1!,4353.0,4354.0,4225.0,4296.0,43753.0
2025-01-09 21:00:00,MYX:FCPO1!,4297.0,4409.0,4273.0,4391.0,37060.0
2025-01-13 10:00:00,MYX:FCPO1!,4484.0,4549.0,4459.0,4500.0,32384.0
2025-01-13 21:00:00,MYX:FCPO1!,4496.0,4510.0,4433.0,4437.0,33511.0
2025-01-14 21:00:00,MYX:FCPO1!,4444.0,4453.0,4323.0,4367.0,32985.0
2025-01-15 21:00:00,MYX:FCPO1!,4251.0,4284.0,4166.0,4186.0,35336.0
2025-01-16 21:00:00,MYX:FCPO1!,4170.0,4215.0,4106.0,4190.0,36550.0
2025-01-20 10:00:00,MYX:FCPO1!,4220.0,4256.0,4176.0,4206.0,27757.0
2025-01-20 21:00:00,MYX:FCPO1!,4205.0,4272.0,4183.0,4260.0,34126.0
2025-01-21 21:00:00,MYX:FCPO1!,4258.0,4278.0,4169.0,4208.0,28189.0
2025-01-22 21:00:00,MYX:FCPO1!,4194.0,4201.0,4127.0,4190.0,32587.0
2025-01-23 21:00:00,MYX:FCPO1!,4182.0,4245.0,4152.0,4216.0,41098.0
2025-01-27 10:00:00,MYX:FCPO1!,4226.0,4251.0,4206.0,4218.0,20247.0
2025-01-27 21:00:00,MYX:FCPO1!,4205.0,4290.0,4187.0,4279.0,26534.0
2025-01-31 10:00:00,MYX:FCPO1!,4300.0,4320.0,4251.0,4289.0,25737.0
2025-02-03 10:00:00,MYX:FCPO1!,4334.0,4415.0,4312.0,4367.0,30059.0
2025-02-03 21:00:00,MYX:FCPO1!,4372.0,4390.0,4270.0,4308.0,31739.0
2025-02-04 21:00:00,MYX:FCPO1!,4297.0,4372.0,4287.0,4334.0,32931.0
2025-02-05 21:00:00,MYX:FCPO1!,4326.0,4424.0,4316.0,4403.0,32974.0
2025-02-06 21:00:00,MYX:FCPO1!,4403.0,4543.0,4395.0,4504.0,37464.0
2025-02-10 10:00:00,MYX:FCPO1!,4514.0,4617.0,4487.0,4593.0,36531.0
2025-02-12 10:00:00,MYX:FCPO1!,4640.0,4704.0,4618.0,4621.0,38770.0
2025-02-12 21:00:00,MYX:FCPO1!,4627.0,4663.0,4542.0,4554.0,34548.0
2025-02-13 21:00:00,MYX:FCPO1!,4546.0,4632.0,4532.0,4592.0,38629.0
2025-02-17 10:00:00,MYX:FCPO1!,4473.0,4558.0,4457.0,4542.0,31893.0
2025-02-17 21:00:00,MYX:FCPO1!,4531.0,4548.0,4487.0,4504.0,39748.0
2025-02-18 21:00:00,MYX:FCPO1!,4510.0,4695.0,4501.0,4672.0,49054.0
2025-02-19 21:00:00,MYX:FCPO1!,4645.0,4685.0,4613.0,4642.0,33500.0
2025-02-20 21:00:00,MYX:FCPO1!,4658.0,4720.0,4652.0,4664.0,42208.0
2025-02-24 10:00:00,MYX:FCPO1!,4601.0,4630.0,4544.0,4559.0,25747.0
2025-02-24 21:00:00,MYX:FCPO1!,4555.0,4633.0,4525.0,4565.0,34540.0
2025-02-25 21:00:00,MYX:FCPO1!,4553.0,4622.0,4545.0,4611.0,32016.0
2025-02-26 21:00:00,MYX:FCPO1!,4596.0,4607.0,4477.0,4511.0,44115.0
2025-02-27 21:00:00,MYX:FCPO1!,4523.0,4567.0,4487.0,4554.0,32690.0
2025-03-03 10:00:00,MYX:FCPO1!,4532.0,4544.0,4476.0,4484.0,28477.0
2025-03-03 21:00:00,MYX:FCPO1!,4493.0,4507.0,4332.0,4349.0,42687.0
2025-03-04 21:00:00,MYX:FCPO1!,4351.0,4428.0,4327.0,4417.0,43750.0
2025-03-05 21:00:00,MYX:FCPO1!,4404.0,4493.0,4370.0,4480.0,47062.0
2025-03-06 21:00:00,MYX:FCPO1!,4479.0,4638.0,4462.0,4625.0,49522.0
2025-03-10 10:00:00,MYX:FCPO1!,4650.0,4664.0,4490.0,4499.0,38892.0
2025-03-10 21:00:00,MYX:FCPO1!,4510.0,4525.0,4431.0,4488.0,48169.0
2025-03-11 21:00:00,MYX:FCPO1!,4500.0,4544.0,4454.0,4487.0,37439.0
2025-03-12 21:00:00,MYX:FCPO1!,4490.0,4557.0,4486.0,4539.0,39513.0
2025-03-13 21:00:00,MYX:FCPO1!,4548.0,4586.0,4500.0,4576.0,37453.0
2025-03-17 10:00:00,MYX:FCPO1!,4480.0,4498.0,4359.0,4366.0,30855.0
2025-03-19 10:00:00,MYX:FCPO1!,4429.0,4450.0,4344.0,4389.0,39853.0
2025-03-19 21:00:00,MYX:FCPO1!,4383.0,4463.0,4363.0,4413.0,39373.0
2025-03-20 21:00:00,MYX:FCPO1!,4410.0,4428.0,4365.0,4375.0,31448.0
2025-03-24 10:00:00,MYX:FCPO1!,4359.0,4378.0,4286.0,4305.0,33552.0
2025-03-24 21:00:00,MYX:FCPO1!,4309.0,4357.0,4232.0,4245.0,43786.0
2025-03-25 21:00:00,MYX:FCPO1!,4252.0,4289.0,4230.0,4259.0,33518.0
2025-03-26 21:00:00,MYX:FCPO1!,4276.0,4329.0,4261.0,4312.0,34542.0
2025-03-27 21:00:00,MYX:FCPO1!,4350.0,4435.0,4340.0,4419.0,33644.0
2025-04-02 10:00:00,MYX:FCPO1!,4526.0,4544.0,4486.0,4517.0,27397.0
2025-04-02 21:00:00,MYX:FCPO1!,4523.0,4532.0,4447.0,4489.0,28130.0
2025-04-03 21:00:00,MYX:FCPO1!,4460.0,4460.0,4324.0,4328.0,39320.0
2025-04-07 10:00:00,MYX:FCPO1!,4258.0,4291.0,4163.0,4185.0,40953.0
2025-04-07 21:00:00,MYX:FCPO1!,4212.0,4280.0,4171.0,4188.0,46131.0
2025-04-08 21:00:00,MYX:FCPO1!,4197.0,4244.0,4085.0,4148.0,45389.0
2025-04-09 21:00:00,MYX:FCPO1!,4102.0,4260.0,4096.0,4200.0,34352.0
2025-04-10 21:00:00,MYX:FCPO1!,4194.0,4226.0,4163.0,4212.0,34099.0
2025-04-14 10:00:00,MYX:FCPO1!,4224.0,4224.0,4116.0,4170.0,31167.0
2025-04-14 21:00:00,MYX:FCPO1!,4161.0,4170.0,4072.0,4108.0,30754.0
2025-04-15 21:00:00,MYX:FCPO1!,4036.0,4063.0,4000.0,4015.0,35510.0
2025-04-16 21:00:00,MYX:FCPO1!,4029.0,4078.0,4005.0,4011.0,34047.0
2025-04-17 21:00:00,MYX:FCPO1!,4025.0,4059.0,3968.0,3975.0,27121.0
2025-04-21 10:00:00,MYX:FCPO1!,3965.0,3973.0,3898.0,3910.0,28531.0
2025-04-21 21:00:00,MYX:FCPO1!,3911.0,3969.0,3863.0,3966.0,36882.0
2025-04-22 21:00:00,MYX:FCPO1!,3964.0,4056.0,3935.0,4037.0,36788.0
2025-04-23 21:00:00,MYX:FCPO1!,4023.0,4054.0,4005.0,4036.0,27165.0
2025-04-24 21:00:00,MYX:FCPO1!,4049.0,4150.0,4032.0,4057.0,38757.0
2025-04-28 10:00:00,MYX:FCPO1!,4030.0,4030.0,3941.0,3965.0,24251.0
2025-04-28 21:00:00,MYX:FCPO1!,3981.0,3997.0,3928.0,3943.0,27891.0
2025-04-29 21:00:00,MYX:FCPO1!,3940.0,3945.0,3882.0,3911.0,30744.0
2025-05-02 10:00:00,MYX:FCPO1!,3949.0,3970.0,3829.0,3881.0,29956.0
2025-05-05 10:00:00,MYX:FCPO1!,3817.0,3838.0,3762.0,3827.0,26041.0
2025-05-05 21:00:00,MYX:FCPO1!,3822.0,3844.0,3772.0,3792.0,30354.0
2025-05-06 21:00:00,MYX:FCPO1!,3785.0,3796.0,3717.0,3728.0,37108.0
2025-05-07 21:00:00,MYX:FCPO1!,3725.0,3808.0,3696.0,3801.0,44679.0
2025-05-08 21:00:00,MYX:FCPO1!,3801.0,3857.0,3745.0,3814.0,44418.0
2025-05-13 10:00:00,MYX:FCPO1!,3881.0,3937.0,3853.0,3893.0,34328.0
2025-05-13 21:00:00,MYX:FCPO1!,3909.0,3998.0,3894.0,3923.0,46006.0
2025-05-14 21:00:00,MYX:FCPO1!,3939.0,3973.0,3843.0,3868.0,33668.0
2025-05-15 21:00:00,MYX:FCPO1!,3845.0,3870.0,3793.0,3815.0,30230.0
2025-05-19 10:00:00,MYX:FCPO1!,3846.0,3895.0,3840.0,3882.0,28223.0
2025-05-19 21:00:00,MYX:FCPO1!,3876.0,3940.0,3861.0,3908.0,32570.0
2025-05-20 21:00:00,MYX:FCPO1!,3912.0,3935.0,3875.0,3894.0,33189.0
2025-05-21 21:00:00,MYX:FCPO1!,3901.0,3910.0,3802.0,3820.0,29791.0
2025-05-22 21:00:00,MYX:FCPO1!,3836.0,3864.0,3813.0,3827.0,26560.0
2025-05-26 10:00:00,MYX:FCPO1!,3837.0,3837.0,3774.0,3833.0,16292.0
2025-05-26 21:00:00,MYX:FCPO1!,3820.0,3873.0,3797.0,3868.0,23625.0
2025-05-27 21:00:00,MYX:FCPO1!,3870.0,3912.0,3851.0,3899.0,26860.0
2025-05-28 21:00:00,MYX:FCPO1!,3897.0,3966.0,3882.0,3932.0,30071.0
2025-05-29 21:00:00,MYX:FCPO1!,3923.0,3932.0,3848.0,3878.0,30587.0
2025-06-03 10:00:00,MYX:FCPO1!,3926.0,3977.0,3905.0,3934.0,41219.0
2025-06-03 21:00:00,MYX:FCPO1!,3951.0,3969.0,3907.0,3948.0,28453.0
2025-06-04 21:00:00,MYX:FCPO1!,3947.0,3956.0,3889.0,3903.0,27788.0
2025-06-05 21:00:00,MYX:FCPO1!,3917.0,3939.0,3884.0,3917.0,28785.0
2025-06-09 10:00:00,MYX:FCPO1!,3932.0,3954.0,3913.0,3925.0,23405.0
2025-06-09 21:00:00,MYX:FCPO1!,3942.0,3947.0,3861.0,3864.0,33741.0
2025-06-10 21:00:00,MYX:FCPO1!,3874.0,3877.0,3810.0,3839.0,27927.0
2025-06-11 21:00:00,MYX:FCPO1!,3839.0,3889.0,3820.0,3839.0,24673.0
2025-06-12 21:00:00,MYX:FCPO1!,3860.0,3942.0,3846.0,3927.0,40834.0
2025-06-16 10:00:00,MYX:FCPO1!,4030.0,4103.0,4029.0,4094.0,43206.0
2025-06-16 21:00:00,MYX:FCPO1!,4114.0,4122.0,4056.0,4064.0,49766.0
2025-06-17 21:00:00,MYX:FCPO1!,4078.0,4115.0,4065.0,4100.0,34097.0
2025-06-18 21:00:00,MYX:FCPO1!,4108.0,4129.0,4085.0,4104.0,24084.0
2025-06-19 21:00:00,MYX:FCPO1!,4107.0,4144.0,4081.0,4118.0,31259.0
2025-06-23 10:00:00,MYX:FCPO1!,4106.0,4135.0,4100.0,4126.0,26073.0
2025-06-23 21:00:00,MYX:FCPO1!,4112.0,4120.0,3964.0,3983.0,41102.0
2025-06-24 21:00:00,MYX:FCPO1!,3983.0,4012.0,3954.0,3965.0,30608.0
2025-06-25 21:00:00,MYX:FCPO1!,3970.0,4020.0,3958.0,4011.0,29932.0
2025-06-30 10:00:00,MYX:FCPO1!,3975.0,4003.0,3960.0,3986.0,17343.0
2025-06-30 21:00:00,MYX:FCPO1!,3987.0,3993.0,3947.0,3968.0,25127.0
2025-07-01 21:00:00,MYX:FCPO1!,3980.0,4085.0,3963.0,4062.0,33335.0
2025-07-02 21:00:00,MYX:FCPO1!,4064.0,4107.0,4055.0,4091.0,27469.0
2025-07-03 21:00:00,MYX:FCPO1!,4085.0,4108.0,4056.0,4062.0,20179.0
2025-07-07 10:00:00,MYX:FCPO1!,4042.0,4079.0,4033.0,4071.0,25666.0
2025-07-07 21:00:00,MYX:FCPO1!,4067.0,4175.0,4058.0,4148.0,36362.0
2025-07-08 21:00:00,MYX:FCPO1!,4151.0,4194.0,4140.0,4157.0,36042.0
2025-07-09 21:00:00,MYX:FCPO1!,4159.0,4190.0,4130.0,4146.0,36369.0
2025-07-10 21:00:00,MYX:FCPO1!,4137.0,4235.0,4125.0,4174.0,35912.0
2025-07-14 10:00:00,MYX:FCPO1!,4167.0,4245.0,4164.0,4230.0,26016.0
2025-07-14 21:00:00,MYX:FCPO1!,4227.0,4240.0,4129.0,4146.0,42295.0
2025-07-15 21:00:00,MYX:FCPO1!,4182.0,4229.0,4163.0,4224.0,33673.0
2025-07-16 21:00:00,MYX:FCPO1!,4210.0,4247.0,4191.0,4210.0,42903.0
2025-07-17 21:00:00,MYX:FCPO1!,4218.0,4353.0,4200.0,4315.0,49708.0
2025-07-21 10:00:00,MYX:FCPO1!,4285.0,4297.0,4205.0,4225.0,30931.0
2025-07-21 21:00:00,MYX:FCPO1!,4234.0,4278.0,4219.0,4264.0,35563.0
2025-07-22 21:00:00,MYX:FCPO1!,4252.0,4334.0,4235.0,4315.0,34454.0
2025-07-23 21:00:00,MYX:FCPO1!,4315.0,4374.0,4292.0,4330.0,33238.0
2025-07-24 21:00:00,MYX:FCPO1!,4320.0,4327.0,4235.0,4273.0,35762.0
2025-07-28 10:00:00,MYX:FCPO1!,4256.0,4273.0,4221.0,4242.0,21479.0
2025-07-28 21:00:00,MYX:FCPO1!,4250.0,4278.0,4195.0,4254.0,30421.0
2025-07-29 21:00:00,MYX:FCPO1!,4265.0,4298.0,4260.0,4278.0,29261.0
2025-07-30 21:00:00,MYX:FCPO1!,4270.0,4274.0,4222.0,4230.0,25371.0
2025-07-31 21:00:00,MYX:FCPO1!,4230.0,4251.0,4193.0,4245.0,31463.0
2025-08-04 10:00:00,MYX:FCPO1!,4180.0,4205.0,4159.0,4187.0,34315.0
2025-08-04 21:00:00,MYX:FCPO1!,4175.0,4304.0,4175.0,4290.0,33877.0
2025-08-05 21:00:00,MYX:FCPO1!,4285.0,4292.0,4231.0,4267.0,26732.0
2025-08-06 21:00:00,MYX:FCPO1!,4267.0,4280.0,4225.0,4240.0,27356.0
2025-08-07 21:00:00,MYX:FCPO1!,4244.0,4298.0,4238.0,4255.0,34284.0
2025-08-11 10:00:00,MYX:FCPO1!,4251.0,4390.0,4245.0,4384.0,31152.0
2025-08-11 21:00:00,MYX:FCPO1!,4380.0,4460.0,4368.0,4402.0,38530.0
2025-08-12 21:00:00,MYX:FCPO1!,4396.0,4474.0,4393.0,4435.0,31452.0
2025-08-13 21:00:00,MYX:FCPO1!,4445.0,4460.0,4376.0,4403.0,33741.0
2025-08-14 21:00:00,MYX:FCPO1!,4389.0,4479.0,4385.0,4472.0,23548.0
2025-08-18 10:00:00,MYX:FCPO1!,4559.0,4582.0,4529.0,4559.0,26246.0
2025-08-18 21:00:00,MYX:FCPO1!,4553.0,4614.0,4501.0,4521.0,37391.0
2025-08-19 21:00:00,MYX:FCPO1!,4525.0,4533.0,4450.0,4498.0,31272.0
2025-08-20 21:00:00,MYX:FCPO1!,4507.0,4550.0,4446.0,4460.0,28598.0
2025-08-21 21:00:00,MYX:FCPO1!,4470.0,4549.0,4453.0,4529.0,30137.0
2025-08-25 10:00:00,MYX:FCPO1!,4564.0,4568.0,4475.0,4492.0,22666.0
2025-08-25 21:00:00,MYX:FCPO1!,4507.0,4514.0,4459.0,4470.0,23127.0
2025-08-26 21:00:00,MYX:FCPO1!,4462.0,4513.0,4448.0,4488.0,33722.0
2025-08-27 21:00:00,MYX:FCPO1!,4485.0,4493.0,4429.0,4449.0,26195.0
2025-08-28 21:00:00,MYX:FCPO1!,4449.0,4453.0,4377.0,4380.0,32100.0
2025-09-02 10:00:00,MYX:FCPO1!,4422.0,4480.0,4420.0,4476.0,26260.0
2025-09-02 21:00:00,MYX:FCPO1!,4461.0,4496.0,4421.0,4442.0,34049.0
2025-09-03 21:00:00,MYX:FCPO1!,4431.0,4487.0,4406.0,4448.0,35029.0
2025-09-08 10:00:00,MYX:FCPO1!,4460.0,4495.0,4426.0,4488.0,24398.0
2025-09-08 21:00:00,MYX:FCPO1!,4489.0,4509.0,4466.0,4479.0,22409.0
2025-09-09 21:00:00,MYX:FCPO1!,4475.0,4478.0,4381.0,4413.0,34478.0
2025-09-10 21:00:00,MYX:FCPO1!,4416.0,4471.0,4391.0,4454.0,26326.0
2025-09-11 21:00:00,MYX:FCPO1!,4450.0,4488.0,4414.0,4445.0,32247.0
