date,price
2005-09-30,1709.57
2005-10-01,1711.324193548387
2005-10-02,1713.0783870967741
2005-10-03,1714.8325806451612
2005-10-04,1716.5867741935483
2005-10-05,1718.3409677419354
2005-10-06,1720.0951612903225
2005-10-07,1721.8493548387096
2005-10-08,1723.6035483870967
2005-10-09,1725.3577419354838
2005-10-10,1727.1119354838709
2005-10-11,1728.866129032258
2005-10-12,1730.620322580645
2005-10-13,1732.3745161290321
2005-10-14,1734.1287096774192
2005-10-15,1735.8829032258063
2005-10-16,1737.6370967741937
2005-10-17,1739.3912903225807
2005-10-18,1741.1454838709678
2005-10-19,1742.899677419355
2005-10-20,1744.653870967742
2005-10-21,1746.4080645161291
2005-10-22,1748.1622580645162
2005-10-23,1749.9164516129033
2005-10-24,1751.6706451612904
2005-10-25,1753.4248387096775
2005-10-26,1755.1790322580646
2005-10-27,1756.9332258064517
2005-10-28,1758.6874193548388
2005-10-29,1760.4416129032259
2005-10-30,1762.195806451613
2005-10-31,1763.95
2005-11-01,1763.9436666666668
2005-11-02,1763.9373333333333
2005-11-03,1763.931
2005-11-04,1763.9246666666668
2005-11-05,1763.9183333333333
2005-11-06,1763.912
2005-11-07,1763.9056666666668
2005-11-08,1763.8993333333333
2005-11-09,1763.893
2005-11-10,1763.8866666666668
2005-11-11,1763.8803333333333
2005-11-12,1763.874
2005-11-13,1763.8676666666668
2005-11-14,1763.8613333333333
2005-11-15,1763.855
2005-11-16,1763.8486666666668
2005-11-17,1763.8423333333333
2005-11-18,1763.836
2005-11-19,1763.8296666666668
2005-11-20,1763.8233333333333
2005-11-21,1763.817
2005-11-22,1763.8106666666667
2005-11-23,1763.8043333333333
2005-11-24,1763.798
2005-11-25,1763.7916666666667
2005-11-26,1763.7853333333333
2005-11-27,1763.779
2005-11-28,1763.7726666666667
2005-11-29,1763.7663333333333
2005-11-30,1763.76
2005-12-01,1762.5351612903225
2005-12-02,1761.310322580645
2005-12-03,1760.0854838709677
2005-12-04,1758.8606451612902
2005-12-05,1757.6358064516128
2005-12-06,1756.4109677419356
2005-12-07,1755.1861290322581
2005-12-08,1753.9612903225807
2005-12-09,1752.7364516129032
2005-12-10,1751.5116129032258
2005-12-11,1750.2867741935484
2005-12-12,1749.061935483871
2005-12-13,1747.8370967741935
2005-12-14,1746.612258064516
2005-12-15,1745.3874193548386
2005-12-16,1744.1625806451614
2005-12-17,1742.937741935484
2005-12-18,1741.7129032258065
2005-12-19,1740.488064516129
2005-12-20,1739.2632258064516
2005-12-21,1738.0383870967742
2005-12-22,1736.8135483870967
2005-12-23,1735.5887096774193
2005-12-24,1734.3638709677418
2005-12-25,1733.1390322580644
2005-12-26,1731.9141935483872
2005-12-27,1730.6893548387097
2005-12-28,1729.4645161290323
2005-12-29,1728.2396774193548
2005-12-30,1727.0148387096774
2005-12-31,1725.79
2006-01-01,1725.6664516129033
2006-01-02,1725.5429032258064
2006-01-03,1725.4193548387098
2006-01-04,1725.2958064516129
2006-01-05,1725.1722580645162
2006-01-06,1725.0487096774193
2006-01-07,1724.9251612903226
2006-01-08,1724.8016129032258
2006-01-09,1724.678064516129
2006-01-10,1724.5545161290322
2006-01-11,1724.4309677419355
2006-01-12,1724.3074193548387
2006-01-13,1724.183870967742
2006-01-14,1724.060322580645
2006-01-15,1723.9367741935484
2006-01-16,1723.8132258064516
2006-01-17,1723.689677419355
2006-01-18,1723.566129032258
2006-01-19,1723.4425806451613
2006-01-20,1723.3190322580645
2006-01-21,1723.1954838709678
2006-01-22,1723.071935483871
2006-01-23,1722.9483870967742
2006-01-24,1722.8248387096774
2006-01-25,1722.7012903225807
2006-01-26,1722.5777419354838
2006-01-27,1722.4541935483871
2006-01-28,1722.3306451612902
2006-01-29,1722.2070967741936
2006-01-30,1722.0835483870967
2006-01-31,1721.96
2006-02-01,1723.5117857142857
2006-02-02,1725.0635714285715
2006-02-03,1726.6153571428572
2006-02-04,1728.1671428571428
2006-02-05,1729.7189285714287
2006-02-06,1731.2707142857143
2006-02-07,1732.8225
2006-02-08,1734.3742857142859
2006-02-09,1735.9260714285715
2006-02-10,1737.4778571428571
2006-02-11,1739.029642857143
2006-02-12,1740.5814285714287
2006-02-13,1742.1332142857143
2006-02-14,1743.685
2006-02-15,1745.2367857142858
2006-02-16,1746.7885714285715
2006-02-17,1748.340357142857
2006-02-18,1749.892142857143
2006-02-19,1751.4439285714286
2006-02-20,1752.9957142857143
2006-02-21,1754.5475000000001
2006-02-22,1756.0992857142858
2006-02-23,1757.6510714285714
2006-02-24,1759.2028571428573
2006-02-25,1760.754642857143
2006-02-26,1762.3064285714286
2006-02-27,1763.8582142857144
2006-02-28,1765.41
2006-03-01,1764.9329032258065
2006-03-02,1764.455806451613
2006-03-03,1763.9787096774194
2006-03-04,1763.5016129032258
2006-03-05,1763.0245161290322
2006-03-06,1762.5474193548387
2006-03-07,1762.070322580645
2006-03-08,1761.5932258064518
2006-03-09,1761.1161290322582
2006-03-10,1760.6390322580646
2006-03-11,1760.161935483871
2006-03-12,1759.6848387096775
2006-03-13,1759.207741935484
2006-03-14,1758.7306451612903
2006-03-15,1758.2535483870968
2006-03-16,1757.7764516129032
2006-03-17,1757.2993548387096
2006-03-18,1756.822258064516
2006-03-19,1756.3451612903225
2006-03-20,1755.868064516129
2006-03-21,1755.3909677419354
2006-03-22,1754.9138709677418
2006-03-23,1754.4367741935482
2006-03-24,1753.9596774193549
2006-03-25,1753.4825806451613
2006-03-26,1753.0054838709677
2006-03-27,1752.5283870967742
2006-03-28,1752.0512903225806
2006-03-29,1751.574193548387
2006-03-30,1751.0970967741935
2006-03-31,1750.62
2006-04-01,1750.3709999999999
2006-04-02,1750.1219999999998
2006-04-03,1749.8729999999998
2006-04-04,1749.624
2006-04-05,1749.375
2006-04-06,1749.126
2006-04-07,1748.877
2006-04-08,1748.628
2006-04-09,1748.379
2006-04-10,1748.1299999999999
2006-04-11,1747.8809999999999
2006-04-12,1747.632
2006-04-13,1747.383
2006-04-14,1747.134
2006-04-15,1746.885
2006-04-16,1746.636
2006-04-17,1746.387
2006-04-18,1746.138
2006-04-19,1745.8890000000001
2006-04-20,1745.64
2006-04-21,1745.391
2006-04-22,1745.142
2006-04-23,1744.893
2006-04-24,1744.644
2006-04-25,1744.395
2006-04-26,1744.146
2006-04-27,1743.8970000000002
2006-04-28,1743.6480000000001
2006-04-29,1743.3990000000001
2006-04-30,1743.15
2006-05-01,1743.333548387097
2006-05-02,1743.5170967741935
2006-05-03,1743.7006451612904
2006-05-04,1743.8841935483872
2006-05-05,1744.067741935484
2006-05-06,1744.2512903225806
2006-05-07,1744.4348387096775
2006-05-08,1744.6183870967743
2006-05-09,1744.801935483871
2006-05-10,1744.9854838709678
2006-05-11,1745.1690322580646
2006-05-12,1745.3525806451614
2006-05-13,1745.536129032258
2006-05-14,1745.7196774193549
2006-05-15,1745.9032258064517
2006-05-16,1746.0867741935483
2006-05-17,1746.2703225806451
2006-05-18,1746.453870967742
2006-05-19,1746.6374193548386
2006-05-20,1746.8209677419354
2006-05-21,1747.0045161290323
2006-05-22,1747.188064516129
2006-05-23,1747.3716129032257
2006-05-24,1747.5551612903225
2006-05-25,1747.7387096774194
2006-05-26,1747.922258064516
2006-05-27,1748.1058064516128
2006-05-28,1748.2893548387096
2006-05-29,1748.4729032258065
2006-05-30,1748.656451612903
2006-05-31,1748.84
2006-06-01,1748.9576666666667
2006-06-02,1749.0753333333332
2006-06-03,1749.193
2006-06-04,1749.3106666666665
2006-06-05,1749.4283333333333
2006-06-06,1749.5459999999998
2006-06-07,1749.6636666666666
2006-06-08,1749.7813333333334
2006-06-09,1749.899
2006-06-10,1750.0166666666667
2006-06-11,1750.1343333333332
2006-06-12,1750.252
2006-06-13,1750.3696666666665
2006-06-14,1750.4873333333333
2006-06-15,1750.605
2006-06-16,1750.7226666666666
2006-06-17,1750.8403333333333
2006-06-18,1750.9579999999999
2006-06-19,1751.0756666666666
2006-06-20,1751.1933333333332
2006-06-21,1751.311
2006-06-22,1751.4286666666665
2006-06-23,1751.5463333333332
2006-06-24,1751.664
2006-06-25,1751.7816666666665
2006-06-26,1751.8993333333333
2006-06-27,1752.0169999999998
2006-06-28,1752.1346666666666
2006-06-29,1752.2523333333331
2006-06-30,1752.37
2006-07-01,1754.9251612903224
2006-07-02,1757.480322580645
2006-07-03,1760.0354838709677
2006-07-04,1762.5906451612902
2006-07-05,1765.1458064516128
2006-07-06,1767.7009677419353
2006-07-07,1770.256129032258
2006-07-08,1772.8112903225806
2006-07-09,1775.3664516129031
2006-07-10,1777.9216129032257
2006-07-11,1780.4767741935484
2006-07-12,1783.031935483871
2006-07-13,1785.5870967741935
2006-07-14,1788.142258064516
2006-07-15,1790.6974193548385
2006-07-16,1793.2525806451613
2006-07-17,1795.8077419354838
2006-07-18,1798.3629032258063
2006-07-19,1800.9180645161289
2006-07-20,1803.4732258064516
2006-07-21,1806.0283870967742
2006-07-22,1808.5835483870967
2006-07-23,1811.1387096774192
2006-07-24,1813.6938709677418
2006-07-25,1816.2490322580645
2006-07-26,1818.804193548387
2006-07-27,1821.3593548387096
2006-07-28,1823.914516129032
2006-07-29,1826.4696774193549
2006-07-30,1829.0248387096774
2006-07-31,1831.58
2006-08-01,1835.8316129032257
2006-08-02,1840.0832258064515
2006-08-03,1844.3348387096773
2006-08-04,1848.5864516129031
2006-08-05,1852.838064516129
2006-08-06,1857.0896774193548
2006-08-07,1861.3412903225806
2006-08-08,1865.5929032258064
2006-08-09,1869.8445161290322
2006-08-10,1874.096129032258
2006-08-11,1878.3477419354838
2006-08-12,1882.5993548387096
2006-08-13,1886.8509677419354
2006-08-14,1891.1025806451612
2006-08-15,1895.354193548387
2006-08-16,1899.6058064516128
2006-08-17,1903.8574193548388
2006-08-18,1908.1090322580646
2006-08-19,1912.3606451612904
2006-08-20,1916.6122580645163
2006-08-21,1920.863870967742
2006-08-22,1925.1154838709679
2006-08-23,1929.3670967741937
2006-08-24,1933.6187096774195
2006-08-25,1937.8703225806453
2006-08-26,1942.121935483871
2006-08-27,1946.373548387097
2006-08-28,1950.6251612903227
2006-08-29,1954.8767741935485
2006-08-30,1959.1283870967743
2006-08-31,1963.38
2006-09-01,1960.5236666666667
2006-09-02,1957.6673333333335
2006-09-03,1954.8110000000001
2006-09-04,1951.9546666666668
2006-09-05,1949.0983333333334
2006-09-06,1946.2420000000002
2006-09-07,1943.3856666666668
2006-09-08,1940.5293333333334
2006-09-09,1937.673
2006-09-10,1934.8166666666668
2006-09-11,1931.9603333333334
2006-09-12,1929.104
2006-09-13,1926.2476666666666
2006-09-14,1923.3913333333335
2006-09-15,1920.535
2006-09-16,1917.6786666666667
2006-09-17,1914.8223333333335
2006-09-18,1911.9660000000001
2006-09-19,1909.1096666666667
2006-09-20,1906.2533333333333
2006-09-21,1903.3970000000002
2006-09-22,1900.5406666666668
2006-09-23,1897.6843333333334
2006-09-24,1894.828
2006-09-25,1891.9716666666668
2006-09-26,1889.1153333333334
2006-09-27,1886.259
2006-09-28,1883.4026666666668
2006-09-29,1880.5463333333335
2006-09-30,1877.69
2006-10-01,1878.1390322580646
2006-10-02,1878.5880645161292
2006-10-03,1879.0370967741935
2006-10-04,1879.486129032258
2006-10-05,1879.9351612903226
2006-10-06,1880.3841935483872
2006-10-07,1880.8332258064515
2006-10-08,1881.282258064516
2006-10-09,1881.7312903225807
2006-10-10,1882.1803225806452
2006-10-11,1882.6293548387098
2006-10-12,1883.0783870967741
2006-10-13,1883.5274193548387
2006-10-14,1883.9764516129032
2006-10-15,1884.4254838709678
2006-10-16,1884.8745161290321
2006-10-17,1885.3235483870967
2006-10-18,1885.7725806451613
2006-10-19,1886.2216129032258
2006-10-20,1886.6706451612902
2006-10-21,1887.1196774193547
2006-10-22,1887.5687096774193
2006-10-23,1888.0177419354839
2006-10-24,1888.4667741935484
2006-10-25,1888.9158064516128
2006-10-26,1889.3648387096773
2006-10-27,1889.8138709677419
2006-10-28,1890.2629032258064
2006-10-29,1890.7119354838708
2006-10-30,1891.1609677419353
2006-10-31,1891.61
2006-11-01,1897.98
2006-11-02,1904.35
2006-11-03,1910.7199999999998
2006-11-04,1917.09
2006-11-05,1923.46
2006-11-06,1929.83
2006-11-07,1936.1999999999998
2006-11-08,1942.57
2006-11-09,1948.94
2006-11-10,1955.31
2006-11-11,1961.6799999999998
2006-11-12,1968.05
2006-11-13,1974.42
2006-11-14,1980.79
2006-11-15,1987.1599999999999
2006-11-16,1993.53
2006-11-17,1999.9
2006-11-18,2006.27
2006-11-19,2012.6399999999999
2006-11-20,2019.01
2006-11-21,2025.38
2006-11-22,2031.75
2006-11-23,2038.12
2006-11-24,2044.49
2006-11-25,2050.86
2006-11-26,2057.23
2006-11-27,2063.6
2006-11-28,2069.9700000000003
2006-11-29,2076.34
2006-11-30,2082.71
2006-12-01,2087.2887096774193
2006-12-02,2091.8674193548386
2006-12-03,2096.446129032258
2006-12-04,2101.0248387096776
2006-12-05,2105.603548387097
2006-12-06,2110.182258064516
2006-12-07,2114.7609677419355
2006-12-08,2119.3396774193548
2006-12-09,2123.918387096774
2006-12-10,2128.497096774194
2006-12-11,2133.075806451613
2006-12-12,2137.6545161290323
2006-12-13,2142.2332258064516
2006-12-14,2146.811935483871
2006-12-15,2151.39064516129
2006-12-16,2155.96935483871
2006-12-17,2160.548064516129
2006-12-18,2165.1267741935485
2006-12-19,2169.705483870968
2006-12-20,2174.284193548387
2006-12-21,2178.8629032258063
2006-12-22,2183.441612903226
2006-12-23,2188.0203225806454
2006-12-24,2192.5990322580647
2006-12-25,2197.177741935484
2006-12-26,2201.756451612903
2006-12-27,2206.3351612903225
2006-12-28,2210.913870967742
2006-12-29,2215.4925806451615
2006-12-30,2220.071290322581
2006-12-31,2224.65
2007-01-01,2225.033870967742
2007-01-02,2225.417741935484
2007-01-03,2225.8016129032258
2007-01-04,2226.185483870968
2007-01-05,2226.56935483871
2007-01-06,2226.953225806452
2007-01-07,2227.3370967741935
2007-01-08,2227.7209677419355
2007-01-09,2228.1048387096776
2007-01-10,2228.4887096774196
2007-01-11,2228.8725806451616
2007-01-12,2229.256451612903
2007-01-13,2229.6403225806453
2007-01-14,2230.0241935483873
2007-01-15,2230.4080645161293
2007-01-16,2230.791935483871
2007-01-17,2231.175806451613
2007-01-18,2231.559677419355
2007-01-19,2231.943548387097
2007-01-20,2232.3274193548386
2007-01-21,2232.7112903225807
2007-01-22,2233.0951612903227
2007-01-23,2233.4790322580648
2007-01-24,2233.862903225807
2007-01-25,2234.2467741935484
2007-01-26,2234.6306451612904
2007-01-27,2235.0145161290325
2007-01-28,2235.3983870967745
2007-01-29,2235.782258064516
2007-01-30,2236.166129032258
2007-01-31,2236.55
2007-02-01,2237.2382142857145
2007-02-02,2237.926428571429
2007-02-03,2238.614642857143
2007-02-04,2239.302857142857
2007-02-05,2239.9910714285716
2007-02-06,2240.679285714286
2007-02-07,2241.3675000000003
2007-02-08,2242.0557142857147
2007-02-09,2242.7439285714286
2007-02-10,2243.432142857143
2007-02-11,2244.1203571428573
2007-02-12,2244.8085714285717
2007-02-13,2245.496785714286
2007-02-14,2246.1850000000004
2007-02-15,2246.8732142857143
2007-02-16,2247.5614285714287
2007-02-17,2248.249642857143
2007-02-18,2248.9378571428574
2007-02-19,2249.626071428572
2007-02-20,2250.3142857142857
2007-02-21,2251.0025
2007-02-22,2251.6907142857144
2007-02-23,2252.378928571429
2007-02-24,2253.067142857143
2007-02-25,2253.7553571428575
2007-02-26,2254.4435714285714
2007-02-27,2255.131785714286
2007-02-28,2255.82
2007-03-01,2257.512258064516
2007-03-02,2259.2045161290325
2007-03-03,2260.8967741935485
2007-03-04,2262.589032258065
2007-03-05,2264.281290322581
2007-03-06,2265.973548387097
2007-03-07,2267.665806451613
2007-03-08,2269.358064516129
2007-03-09,2271.050322580645
2007-03-10,2272.7425806451615
2007-03-11,2274.4348387096775
2007-03-12,2276.127096774194
2007-03-13,2277.81935483871
2007-03-14,2279.511612903226
2007-03-15,2281.203870967742
2007-03-16,2282.896129032258
2007-03-17,2284.5883870967746
2007-03-18,2286.2806451612905
2007-03-19,2287.9729032258065
2007-03-20,2289.665161290323
2007-03-21,2291.357419354839
2007-03-22,2293.0496774193552
2007-03-23,2294.741935483871
2007-03-24,2296.434193548387
2007-03-25,2298.1264516129036
2007-03-26,2299.8187096774195
2007-03-27,2301.5109677419355
2007-03-28,2303.203225806452
2007-03-29,2304.895483870968
2007-03-30,2306.5877419354842
2007-03-31,2308.28
2007-04-01,2316.5600000000004
2007-04-02,2324.84
2007-04-03,2333.1200000000003
2007-04-04,2341.4
2007-04-05,2349.6800000000003
2007-04-06,2357.96
2007-04-07,2366.2400000000002
2007-04-08,2374.52
2007-04-09,2382.8
2007-04-10,2391.08
2007-04-11,2399.36
2007-04-12,2407.64
2007-04-13,2415.92
2007-04-14,2424.2
2007-04-15,2432.48
2007-04-16,2440.76
2007-04-17,2449.04
2007-04-18,2457.32
2007-04-19,2465.6
2007-04-20,2473.88
2007-04-21,2482.16
2007-04-22,2490.44
2007-04-23,2498.72
2007-04-24,2507.0
2007-04-25,2515.2799999999997
2007-04-26,2523.56
2007-04-27,2531.8399999999997
2007-04-28,2540.12
2007-04-29,2548.3999999999996
2007-04-30,2556.68
2007-05-01,2563.7648387096774
2007-05-02,2570.8496774193545
2007-05-03,2577.934516129032
2007-05-04,2585.0193548387097
2007-05-05,2592.104193548387
2007-05-06,2599.1890322580643
2007-05-07,2606.273870967742
2007-05-08,2613.358709677419
2007-05-09,2620.4435483870966
2007-05-10,2627.528387096774
2007-05-11,2634.6132258064513
2007-05-12,2641.698064516129
2007-05-13,2648.7829032258064
2007-05-14,2655.8677419354835
2007-05-15,2662.952580645161
2007-05-16,2670.0374193548387
2007-05-17,2677.1222580645162
2007-05-18,2684.2070967741934
2007-05-19,2691.291935483871
2007-05-20,2698.3767741935485
2007-05-21,2705.4616129032256
2007-05-22,2712.546451612903
2007-05-23,2719.6312903225808
2007-05-24,2726.716129032258
2007-05-25,2733.8009677419354
2007-05-26,2740.885806451613
2007-05-27,2747.97064516129
2007-05-28,2755.0554838709677
2007-05-29,2762.1403225806453
2007-05-30,2769.2251612903224
2007-05-31,2776.31
2007-06-01,2779.4463333333333
2007-06-02,2782.5826666666667
2007-06-03,2785.719
2007-06-04,2788.8553333333334
2007-06-05,2791.991666666667
2007-06-06,2795.128
2007-06-07,2798.2643333333335
2007-06-08,2801.4006666666664
2007-06-09,2804.537
2007-06-10,2807.673333333333
2007-06-11,2810.8096666666665
2007-06-12,2813.946
2007-06-13,2817.0823333333333
2007-06-14,2820.2186666666666
2007-06-15,2823.355
2007-06-16,2826.4913333333334
2007-06-17,2829.6276666666668
2007-06-18,2832.764
2007-06-19,2835.9003333333335
2007-06-20,2839.036666666667
2007-06-21,2842.1730000000002
2007-06-22,2845.3093333333336
2007-06-23,2848.4456666666665
2007-06-24,2851.582
2007-06-25,2854.7183333333332
2007-06-26,2857.8546666666666
2007-06-27,2860.991
2007-06-28,2864.1273333333334
2007-06-29,2867.2636666666667
2007-06-30,2870.4
2007-07-01,2872.686129032258
2007-07-02,2874.972258064516
2007-07-03,2877.258387096774
2007-07-04,2879.544516129032
2007-07-05,2881.8306451612902
2007-07-06,2884.1167741935483
2007-07-07,2886.4029032258063
2007-07-08,2888.689032258065
2007-07-09,2890.975161290323
2007-07-10,2893.261290322581
2007-07-11,2895.547419354839
2007-07-12,2897.833548387097
2007-07-13,2900.119677419355
2007-07-14,2902.405806451613
2007-07-15,2904.691935483871
2007-07-16,2906.978064516129
2007-07-17,2909.264193548387
2007-07-18,2911.550322580645
2007-07-19,2913.836451612903
2007-07-20,2916.122580645161
2007-07-21,2918.408709677419
2007-07-22,2920.6948387096772
2007-07-23,2922.9809677419353
2007-07-24,2925.2670967741938
2007-07-25,2927.553225806452
2007-07-26,2929.83935483871
2007-07-27,2932.125483870968
2007-07-28,2934.411612903226
2007-07-29,2936.697741935484
2007-07-30,2938.983870967742
2007-07-31,2941.27
2007-08-01,2939.7654838709677
2007-08-02,2938.2609677419355
2007-08-03,2936.756451612903
2007-08-04,2935.251935483871
2007-08-05,2933.7474193548387
2007-08-06,2932.2429032258065
2007-08-07,2930.738387096774
2007-08-08,2929.233870967742
2007-08-09,2927.7293548387097
2007-08-10,2926.2248387096774
2007-08-11,2924.720322580645
2007-08-12,2923.215806451613
2007-08-13,2921.7112903225807
2007-08-14,2920.2067741935484
2007-08-15,2918.702258064516
2007-08-16,2917.197741935484
2007-08-17,2915.6932258064517
2007-08-18,2914.1887096774194
2007-08-19,2912.684193548387
2007-08-20,2911.179677419355
2007-08-21,2909.6751612903226
2007-08-22,2908.1706451612904
2007-08-23,2906.666129032258
2007-08-24,2905.161612903226
2007-08-25,2903.6570967741936
2007-08-26,2902.1525806451614
2007-08-27,2900.648064516129
2007-08-28,2899.143548387097
2007-08-29,2897.6390322580646
2007-08-30,2896.1345161290324
2007-08-31,2894.63
2007-09-01,2896.7253333333333
2007-09-02,2898.820666666667
2007-09-03,2900.916
2007-09-04,2903.0113333333334
2007-09-05,2905.1066666666666
2007-09-06,2907.202
2007-09-07,2909.2973333333334
2007-09-08,2911.3926666666666
2007-09-09,2913.488
2007-09-10,2915.5833333333335
2007-09-11,2917.6786666666667
2007-09-12,2919.774
2007-09-13,2921.869333333333
2007-09-14,2923.9646666666667
2007-09-15,2926.06
2007-09-16,2928.155333333333
2007-09-17,2930.250666666667
2007-09-18,2932.346
2007-09-19,2934.441333333333
2007-09-20,2936.5366666666664
2007-09-21,2938.632
2007-09-22,2940.7273333333333
2007-09-23,2942.8226666666665
2007-09-24,2944.9179999999997
2007-09-25,2947.0133333333333
2007-09-26,2949.1086666666665
2007-09-27,2951.2039999999997
2007-09-28,2953.299333333333
2007-09-29,2955.3946666666666
2007-09-30,2957.49
2007-10-01,2963.027741935484
2007-10-02,2968.5654838709675
2007-10-03,2974.1032258064515
2007-10-04,2979.640967741935
2007-10-05,2985.178709677419
2007-10-06,2990.716451612903
2007-10-07,2996.254193548387
2007-10-08,3001.791935483871
2007-10-09,3007.3296774193545
2007-10-10,3012.8674193548386
2007-10-11,3018.405161290322
2007-10-12,3023.9429032258063
2007-10-13,3029.4806451612903
2007-10-14,3035.018387096774
2007-10-15,3040.556129032258
2007-10-16,3046.0938709677416
2007-10-17,3051.6316129032257
2007-10-18,3057.1693548387093
2007-10-19,3062.7070967741934
2007-10-20,3068.2448387096774
2007-10-21,3073.782580645161
2007-10-22,3079.320322580645
2007-10-23,3084.8580645161287
2007-10-24,3090.3958064516128
2007-10-25,3095.9335483870964
2007-10-26,3101.4712903225804
2007-10-27,3107.0090322580645
2007-10-28,3112.546774193548
2007-10-29,3118.084516129032
2007-10-30,3123.622258064516
2007-10-31,3129.16
2007-11-01,3136.6113333333333
2007-11-02,3144.0626666666667
2007-11-03,3151.5139999999997
2007-11-04,3158.965333333333
2007-11-05,3166.4166666666665
2007-11-06,3173.868
2007-11-07,3181.3193333333334
2007-11-08,3188.7706666666663
2007-11-09,3196.2219999999998
2007-11-10,3203.673333333333
2007-11-11,3211.1246666666666
2007-11-12,3218.576
2007-11-13,3226.027333333333
2007-11-14,3233.4786666666664
2007-11-15,3240.93
2007-11-16,3248.3813333333333
2007-11-17,3255.8326666666667
2007-11-18,3263.2839999999997
2007-11-19,3270.735333333333
2007-11-20,3278.1866666666665
2007-11-21,3285.638
2007-11-22,3293.0893333333333
2007-11-23,3300.5406666666663
2007-11-24,3307.9919999999997
2007-11-25,3315.443333333333
2007-11-26,3322.8946666666666
2007-11-27,3330.346
2007-11-28,3337.797333333333
2007-11-29,3345.2486666666664
2007-11-30,3352.7
2007-12-01,3352.3416129032257
2007-12-02,3351.9832258064516
2007-12-03,3351.624838709677
2007-12-04,3351.266451612903
2007-12-05,3350.908064516129
2007-12-06,3350.549677419355
2007-12-07,3350.1912903225807
2007-12-08,3349.832903225806
2007-12-09,3349.474516129032
2007-12-10,3349.116129032258
2007-12-11,3348.757741935484
2007-12-12,3348.3993548387098
2007-12-13,3348.040967741935
2007-12-14,3347.682580645161
2007-12-15,3347.324193548387
2007-12-16,3346.965806451613
2007-12-17,3346.607419354839
2007-12-18,3346.2490322580647
2007-12-19,3345.89064516129
2007-12-20,3345.532258064516
2007-12-21,3345.173870967742
2007-12-22,3344.815483870968
2007-12-23,3344.457096774194
2007-12-24,3344.0987096774193
2007-12-25,3343.740322580645
2007-12-26,3343.381935483871
2007-12-27,3343.023548387097
2007-12-28,3342.665161290323
2007-12-29,3342.3067741935483
2007-12-30,3341.9483870967742
2007-12-31,3341.59
2008-01-01,3352.0887096774195
2008-01-02,3362.587419354839
2008-01-03,3373.086129032258
2008-01-04,3383.5848387096776
2008-01-05,3394.083548387097
2008-01-06,3404.5822580645163
2008-01-07,3415.0809677419356
2008-01-08,3425.579677419355
2008-01-09,3436.0783870967743
2008-01-10,3446.5770967741937
2008-01-11,3457.075806451613
2008-01-12,3467.5745161290324
2008-01-13,3478.073225806452
2008-01-14,3488.571935483871
2008-01-15,3499.0706451612905
2008-01-16,3509.56935483871
2008-01-17,3520.068064516129
2008-01-18,3530.5667741935486
2008-01-19,3541.065483870968
2008-01-20,3551.5641935483873
2008-01-21,3562.0629032258066
2008-01-22,3572.561612903226
2008-01-23,3583.0603225806453
2008-01-24,3593.5590322580647
2008-01-25,3604.057741935484
2008-01-26,3614.5564516129034
2008-01-27,3625.0551612903228
2008-01-28,3635.553870967742
2008-01-29,3646.0525806451615
2008-01-30,3656.551290322581
2008-01-31,3667.05
2008-02-01,3681.5603448275865
2008-02-02,3696.0706896551724
2008-02-03,3710.5810344827587
2008-02-04,3725.091379310345
2008-02-05,3739.6017241379313
2008-02-06,3754.112068965517
2008-02-07,3768.6224137931035
2008-02-08,3783.13275862069
2008-02-09,3797.643103448276
2008-02-10,3812.153448275862
2008-02-11,3826.6637931034484
2008-02-12,3841.1741379310347
2008-02-13,3855.6844827586206
2008-02-14,3870.194827586207
2008-02-15,3884.705172413793
2008-02-16,3899.2155172413795
2008-02-17,3913.7258620689654
2008-02-18,3928.2362068965517
2008-02-19,3942.746551724138
2008-02-20,3957.256896551724
2008-02-21,3971.7672413793102
2008-02-22,3986.2775862068966
2008-02-23,4000.787931034483
2008-02-24,4015.2982758620687
2008-02-25,4029.808620689655
2008-02-26,4044.3189655172414
2008-02-27,4058.8293103448277
2008-02-28,4073.3396551724136
2008-02-29,4087.85
2008-03-01,4097.5599999999995
2008-03-02,4107.2699999999995
2008-03-03,4116.98
2008-03-04,4126.69
2008-03-05,4136.4
2008-03-06,4146.11
2008-03-07,4155.82
2008-03-08,4165.53
2008-03-09,4175.24
2008-03-10,4184.95
2008-03-11,4194.66
2008-03-12,4204.37
2008-03-13,4214.08
2008-03-14,4223.79
2008-03-15,4233.5
2008-03-16,4243.21
2008-03-17,4252.92
2008-03-18,4262.63
2008-03-19,4272.34
2008-03-20,4282.05
2008-03-21,4291.759999999999
2008-03-22,4301.469999999999
2008-03-23,4311.179999999999
2008-03-24,4320.889999999999
2008-03-25,4330.599999999999
2008-03-26,4340.3099999999995
2008-03-27,4350.0199999999995
2008-03-28,4359.73
2008-03-29,4369.44
2008-03-30,4379.15
2008-03-31,4388.86
2008-04-01,4381.710333333333
2008-04-02,4374.560666666666
2008-04-03,4367.411
2008-04-04,4360.261333333333
2008-04-05,4353.111666666667
2008-04-06,4345.9619999999995
2008-04-07,4338.812333333333
2008-04-08,4331.662666666666
2008-04-09,4324.513
2008-04-10,4317.363333333333
2008-04-11,4310.2136666666665
2008-04-12,4303.063999999999
2008-04-13,4295.914333333333
2008-04-14,4288.764666666666
2008-04-15,4281.615
2008-04-16,4274.465333333334
2008-04-17,4267.315666666666
2008-04-18,4260.166
2008-04-19,4253.016333333333
2008-04-20,4245.866666666667
2008-04-21,4238.717
2008-04-22,4231.567333333333
2008-04-23,4224.417666666666
2008-04-24,4217.268
2008-04-25,4210.118333333333
2008-04-26,4202.968666666667
2008-04-27,4195.8189999999995
2008-04-28,4188.669333333333
2008-04-29,4181.519666666666
2008-04-30,4174.37
2008-05-01,4177.407096774194
2008-05-02,4180.444193548387
2008-05-03,4183.48129032258
2008-05-04,4186.518387096774
2008-05-05,4189.555483870968
2008-05-06,4192.592580645161
2008-05-07,4195.629677419355
2008-05-08,4198.666774193548
2008-05-09,4201.703870967742
2008-05-10,4204.7409677419355
2008-05-11,4207.778064516129
2008-05-12,4210.815161290323
2008-05-13,4213.852258064516
2008-05-14,4216.88935483871
2008-05-15,4219.926451612903
2008-05-16,4222.963548387097
2008-05-17,4226.000645161291
2008-05-18,4229.0377419354845
2008-05-19,4232.074838709677
2008-05-20,4235.111935483871
2008-05-21,4238.149032258065
2008-05-22,4241.186129032259
2008-05-23,4244.223225806452
2008-05-24,4247.260322580645
2008-05-25,4250.297419354839
2008-05-26,4253.334516129033
2008-05-27,4256.371612903226
2008-05-28,4259.40870967742
2008-05-29,4262.445806451613
2008-05-30,4265.482903225807
2008-05-31,4268.52
2008-06-01,4266.6630000000005
2008-06-02,4264.8060000000005
2008-06-03,4262.9490000000005
2008-06-04,4261.092000000001
2008-06-05,4259.235000000001
2008-06-06,4257.378000000001
2008-06-07,4255.521000000001
2008-06-08,4253.664000000001
2008-06-09,4251.807000000001
2008-06-10,4249.950000000001
2008-06-11,4248.093000000001
2008-06-12,4246.236000000001
2008-06-13,4244.379000000001
2008-06-14,4242.522000000001
2008-06-15,4240.665000000001
2008-06-16,4238.808
2008-06-17,4236.951
2008-06-18,4235.094
2008-06-19,4233.237
2008-06-20,4231.38
2008-06-21,4229.523
2008-06-22,4227.666
2008-06-23,4225.809
2008-06-24,4223.952
2008-06-25,4222.095
2008-06-26,4220.238
2008-06-27,4218.381
2008-06-28,4216.524
2008-06-29,4214.667
2008-06-30,4212.81
2008-07-01,4204.130645161291
2008-07-02,4195.451290322581
2008-07-03,4186.771935483871
2008-07-04,4178.092580645161
2008-07-05,4169.413225806452
2008-07-06,4160.733870967742
2008-07-07,4152.054516129033
2008-07-08,4143.3751612903225
2008-07-09,4134.695806451613
2008-07-10,4126.016451612903
2008-07-11,4117.337096774194
2008-07-12,4108.657741935484
2008-07-13,4099.978387096774
2008-07-14,4091.299032258065
2008-07-15,4082.619677419355
2008-07-16,4073.9403225806454
2008-07-17,4065.2609677419355
2008-07-18,4056.581612903226
2008-07-19,4047.9022580645164
2008-07-20,4039.2229032258065
2008-07-21,4030.543548387097
2008-07-22,4021.8641935483874
2008-07-23,4013.1848387096775
2008-07-24,4004.505483870968
2008-07-25,3995.826129032258
2008-07-26,3987.1467741935485
2008-07-27,3978.467419354839
2008-07-28,3969.788064516129
2008-07-29,3961.1087096774195
2008-07-30,3952.4293548387095
2008-07-31,3943.75
2008-08-01,3919.955483870968
2008-08-02,3896.1609677419356
2008-08-03,3872.3664516129033
2008-08-04,3848.571935483871
2008-08-05,3824.7774193548385
2008-08-06,3800.9829032258062
2008-08-07,3777.188387096774
2008-08-08,3753.393870967742
2008-08-09,3729.5993548387096
2008-08-10,3705.8048387096774
2008-08-11,3682.010322580645
2008-08-12,3658.215806451613
2008-08-13,3634.4212903225807
2008-08-14,3610.6267741935485
2008-08-15,3586.8322580645163
2008-08-16,3563.0377419354836
2008-08-17,3539.2432258064514
2008-08-18,3515.448709677419
2008-08-19,3491.654193548387
2008-08-20,3467.8596774193547
2008-08-21,3444.0651612903225
2008-08-22,3420.2706451612903
2008-08-23,3396.476129032258
2008-08-24,3372.681612903226
2008-08-25,3348.887096774193
2008-08-26,3325.0925806451614
2008-08-27,3301.2980645161288
2008-08-28,3277.5035483870965
2008-08-29,3253.7090322580643
2008-08-30,3229.914516129032
2008-08-31,3206.12
2008-09-01,3194.011
2008-09-02,3181.902
2008-09-03,3169.7929999999997
2008-09-04,3157.6839999999997
2008-09-05,3145.575
2008-09-06,3133.466
2008-09-07,3121.357
2008-09-08,3109.248
2008-09-09,3097.139
2008-09-10,3085.0299999999997
2008-09-11,3072.921
2008-09-12,3060.812
2008-09-13,3048.703
2008-09-14,3036.594
2008-09-15,3024.4849999999997
2008-09-16,3012.3759999999997
2008-09-17,3000.267
2008-09-18,2988.158
2008-09-19,2976.049
2008-09-20,2963.94
2008-09-21,2951.831
2008-09-22,2939.7219999999998
2008-09-23,2927.613
2008-09-24,2915.504
2008-09-25,2903.395
2008-09-26,2891.286
2008-09-27,2879.1769999999997
2008-09-28,2867.0679999999998
2008-09-29,2854.959
2008-09-30,2842.85
2008-10-01,2823.4654838709675
2008-10-02,2804.080967741935
2008-10-03,2784.6964516129033
2008-10-04,2765.311935483871
2008-10-05,2745.9274193548385
2008-10-06,2726.542903225806
2008-10-07,2707.1583870967743
2008-10-08,2687.773870967742
2008-10-09,2668.3893548387096
2008-10-10,2649.004838709677
2008-10-11,2629.620322580645
2008-10-12,2610.235806451613
2008-10-13,2590.8512903225806
2008-10-14,2571.466774193548
2008-10-15,2552.082258064516
2008-10-16,2532.697741935484
2008-10-17,2513.3132258064516
2008-10-18,2493.928709677419
2008-10-19,2474.544193548387
2008-10-20,2455.159677419355
2008-10-21,2435.7751612903226
2008-10-22,2416.39064516129
2008-10-23,2397.006129032258
2008-10-24,2377.6216129032255
2008-10-25,2358.2370967741936
2008-10-26,2338.852580645161
2008-10-27,2319.468064516129
2008-10-28,2300.0835483870965
2008-10-29,2280.699032258064
2008-10-30,2261.314516129032
2008-10-31,2241.93
2008-11-01,2236.6976666666665
2008-11-02,2231.465333333333
2008-11-03,2226.2329999999997
2008-11-04,2221.0006666666663
2008-11-05,2215.7683333333334
2008-11-06,2210.536
2008-11-07,2205.3036666666667
2008-11-08,2200.0713333333333
2008-11-09,2194.839
2008-11-10,2189.6066666666666
2008-11-11,2184.374333333333
2008-11-12,2179.142
2008-11-13,2173.9096666666665
2008-11-14,2168.677333333333
2008-11-15,2163.4449999999997
2008-11-16,2158.212666666667
2008-11-17,2152.9803333333334
2008-11-18,2147.748
2008-11-19,2142.5156666666667
2008-11-20,2137.2833333333333
2008-11-21,2132.051
2008-11-22,2126.8186666666666
2008-11-23,2121.586333333333
2008-11-24,2116.354
2008-11-25,2111.121666666667
2008-11-26,2105.8893333333335
2008-11-27,2100.657
2008-11-28,2095.424666666667
2008-11-29,2090.1923333333334
2008-11-30,2084.96
2008-12-01,2085.0525806451615
2008-12-02,2085.1451612903224
2008-12-03,2085.237741935484
2008-12-04,2085.3303225806453
2008-12-05,2085.4229032258063
2008-12-06,2085.5154838709677
2008-12-07,2085.608064516129
2008-12-08,2085.70064516129
2008-12-09,2085.7932258064516
2008-12-10,2085.885806451613
2008-12-11,2085.978387096774
2008-12-12,2086.0709677419354
2008-12-13,2086.163548387097
2008-12-14,2086.256129032258
2008-12-15,2086.3487096774193
2008-12-16,2086.4412903225807
2008-12-17,2086.533870967742
2008-12-18,2086.626451612903
2008-12-19,2086.7190322580645
2008-12-20,2086.811612903226
2008-12-21,2086.904193548387
2008-12-22,2086.9967741935484
2008-12-23,2087.08935483871
2008-12-24,2087.181935483871
2008-12-25,2087.2745161290322
2008-12-26,2087.3670967741937
2008-12-27,2087.4596774193546
2008-12-28,2087.552258064516
2008-12-29,2087.6448387096775
2008-12-30,2087.7374193548385
2008-12-31,2087.83
2009-01-01,2096.238387096774
2009-01-02,2104.6467741935485
2009-01-03,2113.0551612903223
2009-01-04,2121.4635483870966
2009-01-05,2129.871935483871
2009-01-06,2138.280322580645
2009-01-07,2146.6887096774194
2009-01-08,2155.0970967741932
2009-01-09,2163.5054838709675
2009-01-10,2171.913870967742
2009-01-11,2180.322258064516
2009-01-12,2188.7306451612903
2009-01-13,2197.139032258064
2009-01-14,2205.5474193548384
2009-01-15,2213.9558064516127
2009-01-16,2222.364193548387
2009-01-17,2230.7725806451613
2009-01-18,2239.180967741935
2009-01-19,2247.5893548387094
2009-01-20,2255.9977419354836
2009-01-21,2264.406129032258
2009-01-22,2272.814516129032
2009-01-23,2281.2229032258065
2009-01-24,2289.6312903225803
2009-01-25,2298.0396774193546
2009-01-26,2306.448064516129
2009-01-27,2314.856451612903
2009-01-28,2323.2648387096774
2009-01-29,2331.6732258064512
2009-01-30,2340.0816129032255
2009-01-31,2348.49
2009-02-01,2349.8174999999997
2009-02-02,2351.145
2009-02-03,2352.4725
2009-02-04,2353.7999999999997
2009-02-05,2355.1274999999996
2009-02-06,2356.455
2009-02-07,2357.7825
2009-02-08,2359.1099999999997
2009-02-09,2360.4375
2009-02-10,2361.765
2009-02-11,2363.0924999999997
2009-02-12,2364.4199999999996
2009-02-13,2365.7475
2009-02-14,2367.075
2009-02-15,2368.4024999999997
2009-02-16,2369.73
2009-02-17,2371.0575
2009-02-18,2372.3849999999998
2009-02-19,2373.7124999999996
2009-02-20,2375.04
2009-02-21,2376.3675
2009-02-22,2377.6949999999997
2009-02-23,2379.0225
2009-02-24,2380.35
2009-02-25,2381.6775
2009-02-26,2383.0049999999997
2009-02-27,2384.3325
2009-02-28,2385.66
2009-03-01,2386.958387096774
2009-03-02,2388.256774193548
2009-03-03,2389.5551612903223
2009-03-04,2390.8535483870965
2009-03-05,2392.1519354838706
2009-03-06,2393.450322580645
2009-03-07,2394.7487096774194
2009-03-08,2396.0470967741935
2009-03-09,2397.3454838709677
2009-03-10,2398.643870967742
2009-03-11,2399.942258064516
2009-03-12,2401.24064516129
2009-03-13,2402.5390322580643
2009-03-14,2403.8374193548384
2009-03-15,2405.1358064516126
2009-03-16,2406.434193548387
2009-03-17,2407.7325806451613
2009-03-18,2409.0309677419355
2009-03-19,2410.3293548387096
2009-03-20,2411.6277419354838
2009-03-21,2412.926129032258
2009-03-22,2414.224516129032
2009-03-23,2415.522903225806
2009-03-24,2416.8212903225804
2009-03-25,2418.1196774193545
2009-03-26,2419.418064516129
2009-03-27,2420.7164516129033
2009-03-28,2422.0148387096774
2009-03-29,2423.3132258064516
2009-03-30,2424.6116129032257
2009-03-31,2425.91
2009-04-01,2441.2776666666664
2009-04-02,2456.6453333333334
2009-04-03,2472.013
2009-04-04,2487.3806666666665
2009-04-05,2502.748333333333
2009-04-06,2518.116
2009-04-07,2533.4836666666665
2009-04-08,2548.851333333333
2009-04-09,2564.219
2009-04-10,2579.5866666666666
2009-04-11,2594.954333333333
2009-04-12,2610.322
2009-04-13,2625.6896666666667
2009-04-14,2641.057333333333
2009-04-15,2656.425
2009-04-16,2671.7926666666667
2009-04-17,2687.1603333333333
2009-04-18,2702.5280000000002
2009-04-19,2717.895666666667
2009-04-20,2733.2633333333333
2009-04-21,2748.631
2009-04-22,2763.998666666667
2009-04-23,2779.3663333333334
2009-04-24,2794.734
2009-04-25,2810.1016666666665
2009-04-26,2825.4693333333335
2009-04-27,2840.837
2009-04-28,2856.2046666666665
2009-04-29,2871.5723333333335
2009-04-30,2886.94
2009-05-01,2892.963870967742
2009-05-02,2898.987741935484
2009-05-03,2905.011612903226
2009-05-04,2911.0354838709677
2009-05-05,2917.0593548387096
2009-05-06,2923.0832258064515
2009-05-07,2929.1070967741935
2009-05-08,2935.1309677419354
2009-05-09,2941.1548387096773
2009-05-10,2947.178709677419
2009-05-11,2953.202580645161
2009-05-12,2959.226451612903
2009-05-13,2965.250322580645
2009-05-14,2971.274193548387
2009-05-15,2977.2980645161288
2009-05-16,2983.321935483871
2009-05-17,2989.345806451613
2009-05-18,2995.369677419355
2009-05-19,3001.393548387097
2009-05-20,3007.417419354839
2009-05-21,3013.4412903225807
2009-05-22,3019.4651612903226
2009-05-23,3025.4890322580645
2009-05-24,3031.5129032258064
2009-05-25,3037.5367741935484
2009-05-26,3043.5606451612903
2009-05-27,3049.584516129032
2009-05-28,3055.608387096774
2009-05-29,3061.632258064516
2009-05-30,3067.656129032258
2009-05-31,3073.68
2009-06-01,3063.702333333333
2009-06-02,3053.7246666666665
2009-06-03,3043.747
2009-06-04,3033.769333333333
2009-06-05,3023.7916666666665
2009-06-06,3013.814
2009-06-07,3003.836333333333
2009-06-08,2993.8586666666665
2009-06-09,2983.881
2009-06-10,2973.903333333333
2009-06-11,2963.9256666666665
2009-06-12,2953.948
2009-06-13,2943.970333333333
2009-06-14,2933.9926666666665
2009-06-15,2924.015
2009-06-16,2914.037333333333
2009-06-17,2904.0596666666665
2009-06-18,2894.082
2009-06-19,2884.104333333333
2009-06-20,2874.1266666666666
2009-06-21,2864.149
2009-06-22,2854.171333333333
2009-06-23,2844.1936666666666
2009-06-24,2834.216
2009-06-25,2824.2383333333332
2009-06-26,2814.2606666666666
2009-06-27,2804.283
2009-06-28,2794.3053333333332
2009-06-29,2784.3276666666666
2009-06-30,2774.35
2009-07-01,2764.7648387096774
2009-07-02,2755.179677419355
2009-07-03,2745.5945161290324
2009-07-04,2736.0093548387094
2009-07-05,2726.424193548387
2009-07-06,2716.8390322580644
2009-07-07,2707.253870967742
2009-07-08,2697.6687096774194
2009-07-09,2688.083548387097
2009-07-10,2678.498387096774
2009-07-11,2668.9132258064515
2009-07-12,2659.328064516129
2009-07-13,2649.7429032258065
2009-07-14,2640.157741935484
2009-07-15,2630.5725806451615
2009-07-16,2620.9874193548385
2009-07-17,2611.402258064516
2009-07-18,2601.8170967741935
2009-07-19,2592.231935483871
2009-07-20,2582.6467741935485
2009-07-21,2573.061612903226
2009-07-22,2563.476451612903
2009-07-23,2553.8912903225805
2009-07-24,2544.306129032258
2009-07-25,2534.7209677419355
2009-07-26,2525.135806451613
2009-07-27,2515.5506451612905
2009-07-28,2505.9654838709675
2009-07-29,2496.380322580645
2009-07-30,2486.7951612903225
2009-07-31,2477.21
2009-08-01,2481.9574193548387
2009-08-02,2486.7048387096775
2009-08-03,2491.452258064516
2009-08-04,2496.199677419355
2009-08-05,2500.9470967741936
2009-08-06,2505.6945161290323
2009-08-07,2510.441935483871
2009-08-08,2515.1893548387097
2009-08-09,2519.9367741935484
2009-08-10,2524.684193548387
2009-08-11,2529.431612903226
2009-08-12,2534.1790322580646
2009-08-13,2538.9264516129033
2009-08-14,2543.673870967742
2009-08-15,2548.4212903225807
2009-08-16,2553.1687096774194
2009-08-17,2557.916129032258
2009-08-18,2562.663548387097
2009-08-19,2567.4109677419356
2009-08-20,2572.1583870967743
2009-08-21,2576.905806451613
2009-08-22,2581.6532258064517
2009-08-23,2586.4006451612904
2009-08-24,2591.148064516129
2009-08-25,2595.895483870968
2009-08-26,2600.6429032258065
2009-08-27,2605.3903225806453
2009-08-28,2610.137741935484
2009-08-29,2614.8851612903227
2009-08-30,2619.6325806451614
2009-08-31,2624.38
2009-09-01,2618.944
2009-09-02,2613.5080000000003
2009-09-03,2608.072
2009-09-04,2602.636
2009-09-05,2597.2000000000003
2009-09-06,2591.764
2009-09-07,2586.328
2009-09-08,2580.8920000000003
2009-09-09,2575.456
2009-09-10,2570.02
2009-09-11,2564.5840000000003
2009-09-12,2559.148
2009-09-13,2553.712
2009-09-14,2548.2760000000003
2009-09-15,2542.84
2009-09-16,2537.404
2009-09-17,2531.9680000000003
2009-09-18,2526.532
2009-09-19,2521.096
2009-09-20,2515.6600000000003
2009-09-21,2510.224
2009-09-22,2504.788
2009-09-23,2499.3520000000003
2009-09-24,2493.916
2009-09-25,2488.48
2009-09-26,2483.0440000000003
2009-09-27,2477.608
2009-09-28,2472.172
2009-09-29,2466.7360000000003
2009-09-30,2461.3
2009-10-01,2461.46935483871
2009-10-02,2461.6387096774197
2009-10-03,2461.8080645161294
2009-10-04,2461.9774193548387
2009-10-05,2462.1467741935485
2009-10-06,2462.3161290322582
2009-10-07,2462.485483870968
2009-10-08,2462.6548387096777
2009-10-09,2462.8241935483875
2009-10-10,2462.993548387097
2009-10-11,2463.1629032258065
2009-10-12,2463.3322580645163
2009-10-13,2463.501612903226
2009-10-14,2463.670967741936
2009-10-15,2463.8403225806455
2009-10-16,2464.009677419355
2009-10-17,2464.1790322580646
2009-10-18,2464.3483870967743
2009-10-19,2464.517741935484
2009-10-20,2464.687096774194
2009-10-21,2464.8564516129036
2009-10-22,2465.025806451613
2009-10-23,2465.1951612903226
2009-10-24,2465.3645161290324
2009-10-25,2465.533870967742
2009-10-26,2465.703225806452
2009-10-27,2465.8725806451616
2009-10-28,2466.041935483871
2009-10-29,2466.2112903225807
2009-10-30,2466.3806451612904
2009-10-31,2466.55
2009-11-01,2470.574
2009-11-02,2474.598
2009-11-03,2478.6220000000003
2009-11-04,2482.646
2009-11-05,2486.67
2009-11-06,2490.694
2009-11-07,2494.7180000000003
2009-11-08,2498.742
2009-11-09,2502.766
2009-11-10,2506.79
2009-11-11,2510.8140000000003
2009-11-12,2514.838
2009-11-13,2518.862
2009-11-14,2522.886
2009-11-15,2526.91
2009-11-16,2530.934
2009-11-17,2534.958
2009-11-18,2538.982
2009-11-19,2543.006
2009-11-20,2547.03
2009-11-21,2551.054
2009-11-22,2555.078
2009-11-23,2559.102
2009-11-24,2563.126
2009-11-25,2567.15
2009-11-26,2571.174
2009-11-27,2575.198
2009-11-28,2579.222
2009-11-29,2583.246
2009-11-30,2587.27
2009-12-01,2594.2532258064516
2009-12-02,2601.2364516129032
2009-12-03,2608.219677419355
2009-12-04,2615.2029032258065
2009-12-05,2622.186129032258
2009-12-06,2629.1693548387098
2009-12-07,2636.1525806451614
2009-12-08,2643.135806451613
2009-12-09,2650.1190322580646
2009-12-10,2657.1022580645163
2009-12-11,2664.085483870968
2009-12-12,2671.0687096774195
2009-12-13,2678.051935483871
2009-12-14,2685.035161290323
2009-12-15,2692.018387096774
2009-12-16,2699.0016129032256
2009-12-17,2705.984838709677
2009-12-18,2712.968064516129
2009-12-19,2719.9512903225805
2009-12-20,2726.934516129032
2009-12-21,2733.9177419354837
2009-12-22,2740.9009677419353
2009-12-23,2747.884193548387
2009-12-24,2754.8674193548386
2009-12-25,2761.8506451612902
2009-12-26,2768.833870967742
2009-12-27,2775.8170967741935
2009-12-28,2782.800322580645
2009-12-29,2789.7835483870967
2009-12-30,2796.7667741935484
2009-12-31,2803.75
2010-01-01,2803.7693548387097
2010-01-02,2803.7887096774193
2010-01-03,2803.808064516129
2010-01-04,2803.8274193548386
2010-01-05,2803.8467741935483
2010-01-06,2803.866129032258
2010-01-07,2803.8854838709676
2010-01-08,2803.9048387096773
2010-01-09,2803.924193548387
2010-01-10,2803.9435483870966
2010-01-11,2803.9629032258063
2010-01-12,2803.982258064516
2010-01-13,2804.0016129032256
2010-01-14,2804.0209677419352
2010-01-15,2804.040322580645
2010-01-16,2804.059677419355
2010-01-17,2804.0790322580647
2010-01-18,2804.0983870967743
2010-01-19,2804.117741935484
2010-01-20,2804.1370967741937
2010-01-21,2804.1564516129033
2010-01-22,2804.175806451613
2010-01-23,2804.1951612903226
2010-01-24,2804.2145161290323
2010-01-25,2804.233870967742
2010-01-26,2804.2532258064516
2010-01-27,2804.2725806451613
2010-01-28,2804.291935483871
2010-01-29,2804.3112903225806
2010-01-30,2804.3306451612902
2010-01-31,2804.35
2010-02-01,2805.445357142857
2010-02-02,2806.5407142857143
2010-02-03,2807.6360714285715
2010-02-04,2808.7314285714283
2010-02-05,2809.8267857142855
2010-02-06,2810.9221428571427
2010-02-07,2812.0175
2010-02-08,2813.112857142857
2010-02-09,2814.2082142857143
2010-02-10,2815.3035714285716
2010-02-11,2816.3989285714283
2010-02-12,2817.4942857142855
2010-02-13,2818.5896428571427
2010-02-14,2819.685
2010-02-15,2820.780357142857
2010-02-16,2821.8757142857144
2010-02-17,2822.9710714285716
2010-02-18,2824.0664285714283
2010-02-19,2825.1617857142855
2010-02-20,2826.2571428571428
2010-02-21,2827.3525
2010-02-22,2828.447857142857
2010-02-23,2829.5432142857144
2010-02-24,2830.6385714285716
2010-02-25,2831.7339285714284
2010-02-26,2832.8292857142856
2010-02-27,2833.9246428571428
2010-02-28,2835.02
2010-03-01,2836.128064516129
2010-03-02,2837.236129032258
2010-03-03,2838.344193548387
2010-03-04,2839.452258064516
2010-03-05,2840.5603225806453
2010-03-06,2841.668387096774
2010-03-07,2842.776451612903
2010-03-08,2843.8845161290324
2010-03-09,2844.992580645161
2010-03-10,2846.1006451612902
2010-03-11,2847.2087096774194
2010-03-12,2848.3167741935486
2010-03-13,2849.4248387096773
2010-03-14,2850.5329032258064
2010-03-15,2851.6409677419356
2010-03-16,2852.7490322580643
2010-03-17,2853.8570967741935
2010-03-18,2854.9651612903226
2010-03-19,2856.0732258064513
2010-03-20,2857.1812903225805
2010-03-21,2858.2893548387096
2010-03-22,2859.397419354839
2010-03-23,2860.5054838709675
2010-03-24,2861.6135483870967
2010-03-25,2862.721612903226
2010-03-26,2863.8296774193545
2010-03-27,2864.9377419354837
2010-03-28,2866.045806451613
2010-03-29,2867.153870967742
2010-03-30,2868.2619354838707
2010-03-31,2869.37
2010-04-01,2865.9263333333333
2010-04-02,2862.482666666667
2010-04-03,2859.0389999999998
2010-04-04,2855.595333333333
2010-04-05,2852.1516666666666
2010-04-06,2848.708
2010-04-07,2845.264333333333
2010-04-08,2841.8206666666665
2010-04-09,2838.377
2010-04-10,2834.9333333333334
2010-04-11,2831.4896666666664
2010-04-12,2828.046
2010-04-13,2824.6023333333333
2010-04-14,2821.1586666666667
2010-04-15,2817.715
2010-04-16,2814.271333333333
2010-04-17,2810.8276666666666
2010-04-18,2807.384
2010-04-19,2803.9403333333335
2010-04-20,2800.4966666666664
2010-04-21,2797.053
2010-04-22,2793.6093333333333
2010-04-23,2790.1656666666668
2010-04-24,2786.7219999999998
2010-04-25,2783.278333333333
2010-04-26,2779.8346666666666
2010-04-27,2776.391
2010-04-28,2772.947333333333
2010-04-29,2769.5036666666665
2010-04-30,2766.06
2010-05-01,2766.678064516129
2010-05-02,2767.296129032258
2010-05-03,2767.914193548387
2010-05-04,2768.532258064516
2010-05-05,2769.150322580645
2010-05-06,2769.768387096774
2010-05-07,2770.3864516129033
2010-05-08,2771.0045161290323
2010-05-09,2771.622580645161
2010-05-10,2772.24064516129
2010-05-11,2772.858709677419
2010-05-12,2773.4767741935484
2010-05-13,2774.0948387096773
2010-05-14,2774.7129032258063
2010-05-15,2775.330967741935
2010-05-16,2775.9490322580646
2010-05-17,2776.5670967741935
2010-05-18,2777.1851612903224
2010-05-19,2777.8032258064513
2010-05-20,2778.4212903225807
2010-05-21,2779.0393548387096
2010-05-22,2779.6574193548386
2010-05-23,2780.2754838709675
2010-05-24,2780.8935483870964
2010-05-25,2781.511612903226
2010-05-26,2782.1296774193547
2010-05-27,2782.7477419354836
2010-05-28,2783.3658064516126
2010-05-29,2783.983870967742
2010-05-30,2784.601935483871
2010-05-31,2785.22
2010-06-01,2782.2273333333333
2010-06-02,2779.2346666666663
2010-06-03,2776.2419999999997
2010-06-04,2773.249333333333
2010-06-05,2770.2566666666667
2010-06-06,2767.2639999999997
2010-06-07,2764.271333333333
2010-06-08,2761.2786666666666
2010-06-09,2758.286
2010-06-10,2755.293333333333
2010-06-11,2752.3006666666665
2010-06-12,2749.308
2010-06-13,2746.3153333333335
2010-06-14,2743.3226666666665
2010-06-15,2740.33
2010-06-16,2737.3373333333334
2010-06-17,2734.3446666666664
2010-06-18,2731.352
2010-06-19,2728.3593333333333
2010-06-20,2725.366666666667
2010-06-21,2722.374
2010-06-22,2719.3813333333333
2010-06-23,2716.3886666666667
2010-06-24,2713.396
2010-06-25,2710.403333333333
2010-06-26,2707.4106666666667
2010-06-27,2704.418
2010-06-28,2701.4253333333336
2010-06-29,2698.4326666666666
2010-06-30,2695.44
2010-07-01,2695.9009677419353
2010-07-02,2696.361935483871
2010-07-03,2696.8229032258064
2010-07-04,2697.283870967742
2010-07-05,2697.7448387096774
2010-07-06,2698.205806451613
2010-07-07,2698.6667741935485
2010-07-08,2699.1277419354838
2010-07-09,2699.5887096774195
2010-07-10,2700.049677419355
2010-07-11,2700.5106451612905
2010-07-12,2700.971612903226
2010-07-13,2701.432580645161
2010-07-14,2701.893548387097
2010-07-15,2702.354516129032
2010-07-16,2702.815483870968
2010-07-17,2703.276451612903
2010-07-18,2703.737419354839
2010-07-19,2704.1983870967742
2010-07-20,2704.6593548387095
2010-07-21,2705.1203225806453
2010-07-22,2705.5812903225806
2010-07-23,2706.0422580645163
2010-07-24,2706.5032258064516
2010-07-25,2706.964193548387
2010-07-26,2707.4251612903226
2010-07-27,2707.886129032258
2010-07-28,2708.3470967741937
2010-07-29,2708.808064516129
2010-07-30,2709.2690322580647
2010-07-31,2709.73
2010-08-01,2718.293870967742
2010-08-02,2726.857741935484
2010-08-03,2735.4216129032257
2010-08-04,2743.985483870968
2010-08-05,2752.54935483871
2010-08-06,2761.1132258064517
2010-08-07,2769.6770967741936
2010-08-08,2778.2409677419355
2010-08-09,2786.8048387096774
2010-08-10,2795.3687096774192
2010-08-11,2803.932580645161
2010-08-12,2812.4964516129035
2010-08-13,2821.0603225806453
2010-08-14,2829.624193548387
2010-08-15,2838.188064516129
2010-08-16,2846.751935483871
2010-08-17,2855.315806451613
2010-08-18,2863.8796774193547
2010-08-19,2872.4435483870966
2010-08-20,2881.007419354839
2010-08-21,2889.571290322581
2010-08-22,2898.1351612903227
2010-08-23,2906.6990322580646
2010-08-24,2915.2629032258064
2010-08-25,2923.8267741935483
2010-08-26,2932.39064516129
2010-08-27,2940.954516129032
2010-08-28,2949.5183870967744
2010-08-29,2958.0822580645163
2010-08-30,2966.646129032258
2010-08-31,2975.21
2010-09-01,2974.2703333333334
2010-09-02,2973.3306666666667
2010-09-03,2972.391
2010-09-04,2971.4513333333334
2010-09-05,2970.5116666666668
2010-09-06,2969.572
2010-09-07,2968.6323333333335
2010-09-08,2967.692666666667
2010-09-09,2966.753
2010-09-10,2965.8133333333335
2010-09-11,2964.873666666667
2010-09-12,2963.934
2010-09-13,2962.9943333333335
2010-09-14,2962.054666666667
2010-09-15,2961.115
2010-09-16,2960.175333333333
2010-09-17,2959.2356666666665
2010-09-18,2958.296
2010-09-19,2957.356333333333
2010-09-20,2956.4166666666665
2010-09-21,2955.477
2010-09-22,2954.537333333333
2010-09-23,2953.5976666666666
2010-09-24,2952.658
2010-09-25,2951.7183333333332
2010-09-26,2950.7786666666666
2010-09-27,2949.839
2010-09-28,2948.8993333333333
2010-09-29,2947.9596666666666
2010-09-30,2947.02
2010-10-01,2954.5529032258064
2010-10-02,2962.085806451613
2010-10-03,2969.6187096774192
2010-10-04,2977.1516129032257
2010-10-05,2984.684516129032
2010-10-06,2992.2174193548385
2010-10-07,2999.750322580645
2010-10-08,3007.283225806452
2010-10-09,3014.8161290322582
2010-10-10,3022.3490322580647
2010-10-11,3029.881935483871
2010-10-12,3037.4148387096775
2010-10-13,3044.947741935484
2010-10-14,3052.4806451612903
2010-10-15,3060.0135483870968
2010-10-16,3067.546451612903
2010-10-17,3075.0793548387096
2010-10-18,3082.612258064516
2010-10-19,3090.1451612903224
2010-10-20,3097.678064516129
2010-10-21,3105.2109677419353
2010-10-22,3112.7438709677417
2010-10-23,3120.2767741935486
2010-10-24,3127.809677419355
2010-10-25,3135.3425806451614
2010-10-26,3142.875483870968
2010-10-27,3150.4083870967743
2010-10-28,3157.9412903225807
2010-10-29,3165.474193548387
2010-10-30,3173.0070967741935
2010-10-31,3180.54
2010-11-01,3191.7826666666665
2010-11-02,3203.0253333333335
2010-11-03,3214.268
2010-11-04,3225.5106666666666
2010-11-05,3236.753333333333
2010-11-06,3247.996
2010-11-07,3259.2386666666666
2010-11-08,3270.481333333333
2010-11-09,3281.724
2010-11-10,3292.9666666666667
2010-11-11,3304.2093333333332
2010-11-12,3315.452
2010-11-13,3326.6946666666668
2010-11-14,3337.9373333333333
2010-11-15,3349.1800000000003
2010-11-16,3360.422666666667
2010-11-17,3371.6653333333334
2010-11-18,3382.908
2010-11-19,3394.150666666667
2010-11-20,3405.3933333333334
2010-11-21,3416.636
2010-11-22,3427.878666666667
2010-11-23,3439.1213333333335
2010-11-24,3450.364
2010-11-25,3461.6066666666666
2010-11-26,3472.8493333333336
2010-11-27,3484.092
2010-11-28,3495.3346666666666
2010-11-29,3506.5773333333336
2010-11-30,3517.82
2010-12-01,3528.9767741935484
2010-12-02,3540.133548387097
2010-12-03,3551.2903225806454
2010-12-04,3562.4470967741936
2010-12-05,3573.603870967742
2010-12-06,3584.7606451612905
2010-12-07,3595.917419354839
2010-12-08,3607.074193548387
2010-12-09,3618.2309677419357
2010-12-10,3629.387741935484
2010-12-11,3640.544516129032
2010-12-12,3651.7012903225805
2010-12-13,3662.858064516129
2010-12-14,3674.0148387096774
2010-12-15,3685.1716129032257
2010-12-16,3696.3283870967743
2010-12-17,3707.4851612903226
2010-12-18,3718.641935483871
2010-12-19,3729.7987096774195
2010-12-20,3740.955483870968
2010-12-21,3752.112258064516
2010-12-22,3763.2690322580643
2010-12-23,3774.425806451613
2010-12-24,3785.582580645161
2010-12-25,3796.7393548387095
2010-12-26,3807.8961290322577
2010-12-27,3819.0529032258064
2010-12-28,3830.2096774193546
2010-12-29,3841.366451612903
2010-12-30,3852.5232258064516
2010-12-31,3863.68
2011-01-01,3867.7674193548387
2011-01-02,3871.854838709677
2011-01-03,3875.942258064516
2011-01-04,3880.029677419355
2011-01-05,3884.117096774193
2011-01-06,3888.204516129032
2011-01-07,3892.291935483871
2011-01-08,3896.3793548387093
2011-01-09,3900.466774193548
2011-01-10,3904.554193548387
2011-01-11,3908.6416129032255
2011-01-12,3912.7290322580643
2011-01-13,3916.816451612903
2011-01-14,3920.9038709677416
2011-01-15,3924.9912903225804
2011-01-16,3929.0787096774193
2011-01-17,3933.166129032258
2011-01-18,3937.2535483870965
2011-01-19,3941.3409677419354
2011-01-20,3945.4283870967743
2011-01-21,3949.5158064516127
2011-01-22,3953.6032258064515
2011-01-23,3957.6906451612904
2011-01-24,3961.778064516129
2011-01-25,3965.8654838709676
2011-01-26,3969.9529032258065
2011-01-27,3974.040322580645
2011-01-28,3978.1277419354838
2011-01-29,3982.2151612903226
2011-01-30,3986.302580645161
2011-01-31,3990.39
2011-02-01,3992.1974999999998
2011-02-02,3994.005
2011-02-03,3995.8125
2011-02-04,3997.62
2011-02-05,3999.4275
2011-02-06,4001.2349999999997
2011-02-07,4003.0425
2011-02-08,4004.85
2011-02-09,4006.6575
2011-02-10,4008.465
2011-02-11,4010.2725
2011-02-12,4012.08
2011-02-13,4013.8875
2011-02-14,4015.6949999999997
2011-02-15,4017.5025
2011-02-16,4019.31
2011-02-17,4021.1175
2011-02-18,4022.925
2011-02-19,4024.7325
2011-02-20,4026.54
2011-02-21,4028.3475
2011-02-22,4030.1549999999997
2011-02-23,4031.9625
2011-02-24,4033.77
2011-02-25,4035.5775
2011-02-26,4037.385
2011-02-27,4039.1925
2011-02-28,4041.0
2011-03-01,4032.2883870967744
2011-03-02,4023.5767741935483
2011-03-03,4014.8651612903227
2011-03-04,4006.1535483870966
2011-03-05,3997.441935483871
2011-03-06,3988.730322580645
2011-03-07,3980.0187096774193
2011-03-08,3971.3070967741937
2011-03-09,3962.5954838709677
2011-03-10,3953.883870967742
2011-03-11,3945.172258064516
2011-03-12,3936.4606451612904
2011-03-13,3927.7490322580647
2011-03-14,3919.0374193548387
2011-03-15,3910.325806451613
2011-03-16,3901.614193548387
2011-03-17,3892.9025806451614
2011-03-18,3884.1909677419353
2011-03-19,3875.4793548387097
2011-03-20,3866.767741935484
2011-03-21,3858.056129032258
2011-03-22,3849.3445161290324
2011-03-23,3840.6329032258063
2011-03-24,3831.9212903225807
2011-03-25,3823.209677419355
2011-03-26,3814.498064516129
2011-03-27,3805.7864516129034
2011-03-28,3797.0748387096774
2011-03-29,3788.3632258064517
2011-03-30,3779.651612903226
2011-03-31,3770.94
2011-04-01,3767.720333333333
2011-04-02,3764.500666666667
2011-04-03,3761.281
2011-04-04,3758.0613333333336
2011-04-05,3754.8416666666667
2011-04-06,3751.622
2011-04-07,3748.4023333333334
2011-04-08,3745.1826666666666
2011-04-09,3741.963
2011-04-10,3738.7433333333333
2011-04-11,3735.5236666666665
2011-04-12,3732.304
2011-04-13,3729.0843333333332
2011-04-14,3725.864666666667
2011-04-15,3722.645
2011-04-16,3719.425333333333
2011-04-17,3716.2056666666667
2011-04-18,3712.986
2011-04-19,3709.7663333333335
2011-04-20,3706.5466666666666
2011-04-21,3703.3269999999998
2011-04-22,3700.1073333333334
2011-04-23,3696.8876666666665
2011-04-24,3693.668
2011-04-25,3690.4483333333333
2011-04-26,3687.2286666666664
2011-04-27,3684.009
2011-04-28,3680.789333333333
2011-04-29,3677.5696666666668
2011-04-30,3674.35
2011-05-01,3675.3709677419356
2011-05-02,3676.391935483871
2011-05-03,3677.4129032258065
2011-05-04,3678.4338709677418
2011-05-05,3679.4548387096775
2011-05-06,3680.4758064516127
2011-05-07,3681.4967741935484
2011-05-08,3682.5177419354836
2011-05-09,3683.5387096774193
2011-05-10,3684.5596774193546
2011-05-11,3685.5806451612902
2011-05-12,3686.601612903226
2011-05-13,3687.622580645161
2011-05-14,3688.643548387097
2011-05-15,3689.664516129032
2011-05-16,3690.685483870968
2011-05-17,3691.706451612903
2011-05-18,3692.7274193548387
2011-05-19,3693.748387096774
2011-05-20,3694.7693548387097
2011-05-21,3695.7903225806454
2011-05-22,3696.8112903225806
2011-05-23,3697.8322580645163
2011-05-24,3698.8532258064515
2011-05-25,3699.874193548387
2011-05-26,3700.8951612903224
2011-05-27,3701.916129032258
2011-05-28,3702.9370967741934
2011-05-29,3703.958064516129
2011-05-30,3704.9790322580643
2011-05-31,3706.0
2011-06-01,3702.887333333333
2011-06-02,3699.7746666666667
2011-06-03,3696.662
2011-06-04,3693.5493333333334
2011-06-05,3690.4366666666665
2011-06-06,3687.324
2011-06-07,3684.211333333333
2011-06-08,3681.0986666666668
2011-06-09,3677.986
2011-06-10,3674.8733333333334
2011-06-11,3671.7606666666666
2011-06-12,3668.648
2011-06-13,3665.5353333333333
2011-06-14,3662.422666666667
2011-06-15,3659.31
2011-06-16,3656.197333333333
2011-06-17,3653.0846666666666
2011-06-18,3649.9719999999998
2011-06-19,3646.8593333333333
2011-06-20,3643.7466666666664
2011-06-21,3640.634
2011-06-22,3637.521333333333
2011-06-23,3634.4086666666667
2011-06-24,3631.296
2011-06-25,3628.1833333333334
2011-06-26,3625.0706666666665
2011-06-27,3621.958
2011-06-28,3618.845333333333
2011-06-29,3615.732666666667
2011-06-30,3612.62
2011-07-01,3610.4090322580646
2011-07-02,3608.198064516129
2011-07-03,3605.9870967741936
2011-07-04,3603.776129032258
2011-07-05,3601.5651612903225
2011-07-06,3599.354193548387
2011-07-07,3597.1432258064515
2011-07-08,3594.932258064516
2011-07-09,3592.7212903225804
2011-07-10,3590.510322580645
2011-07-11,3588.2993548387094
2011-07-12,3586.088387096774
2011-07-13,3583.877419354839
2011-07-14,3581.666451612903
2011-07-15,3579.455483870968
2011-07-16,3577.244516129032
2011-07-17,3575.0335483870967
2011-07-18,3572.822580645161
2011-07-19,3570.6116129032257
2011-07-20,3568.4006451612904
2011-07-21,3566.1896774193547
2011-07-22,3563.9787096774194
2011-07-23,3561.7677419354836
2011-07-24,3559.5567741935483
2011-07-25,3557.345806451613
2011-07-26,3555.1348387096773
2011-07-27,3552.923870967742
2011-07-28,3550.7129032258063
2011-07-29,3548.501935483871
2011-07-30,3546.290967741935
2011-07-31,3544.08
2011-08-01,3545.841935483871
2011-08-02,3547.603870967742
2011-08-03,3549.365806451613
2011-08-04,3551.1277419354838
2011-08-05,3552.889677419355
2011-08-06,3554.6516129032257
2011-08-07,3556.413548387097
2011-08-08,3558.1754838709676
2011-08-09,3559.9374193548388
2011-08-10,3561.6993548387095
2011-08-11,3563.4612903225807
2011-08-12,3565.2232258064514
2011-08-13,3566.9851612903226
2011-08-14,3568.7470967741933
2011-08-15,3570.5090322580645
2011-08-16,3572.2709677419352
2011-08-17,3574.0329032258064
2011-08-18,3575.794838709677
2011-08-19,3577.5567741935483
2011-08-20,3579.318709677419
2011-08-21,3581.0806451612902
2011-08-22,3582.842580645161
2011-08-23,3584.604516129032
2011-08-24,3586.366451612903
2011-08-25,3588.128387096774
2011-08-26,3589.890322580645
2011-08-27,3591.652258064516
2011-08-28,3593.4141935483867
2011-08-29,3595.176129032258
2011-08-30,3596.9380645161286
2011-08-31,3598.7
2011-09-01,3595.934333333333
2011-09-02,3593.1686666666665
2011-09-03,3590.403
2011-09-04,3587.637333333333
2011-09-05,3584.8716666666664
2011-09-06,3582.1059999999998
2011-09-07,3579.340333333333
2011-09-08,3576.5746666666664
2011-09-09,3573.8089999999997
2011-09-10,3571.043333333333
2011-09-11,3568.2776666666664
2011-09-12,3565.5119999999997
2011-09-13,3562.746333333333
2011-09-14,3559.9806666666664
2011-09-15,3557.215
2011-09-16,3554.4493333333335
2011-09-17,3551.683666666667
2011-09-18,3548.918
2011-09-19,3546.1523333333334
2011-09-20,3543.3866666666668
2011-09-21,3540.621
2011-09-22,3537.8553333333334
2011-09-23,3535.0896666666667
2011-09-24,3532.324
2011-09-25,3529.5583333333334
2011-09-26,3526.7926666666667
2011-09-27,3524.027
2011-09-28,3521.2613333333334
2011-09-29,3518.4956666666667
2011-09-30,3515.73
2011-10-01,3508.1506451612904
2011-10-02,3500.571290322581
2011-10-03,3492.991935483871
2011-10-04,3485.412580645161
2011-10-05,3477.8332258064515
2011-10-06,3470.253870967742
2011-10-07,3462.6745161290323
2011-10-08,3455.0951612903227
2011-10-09,3447.515806451613
2011-10-10,3439.936451612903
2011-10-11,3432.3570967741935
2011-10-12,3424.777741935484
2011-10-13,3417.1983870967742
2011-10-14,3409.6190322580646
2011-10-15,3402.039677419355
2011-10-16,3394.460322580645
2011-10-17,3386.8809677419354
2011-10-18,3379.3016129032258
2011-10-19,3371.722258064516
2011-10-20,3364.1429032258065
2011-10-21,3356.563548387097
2011-10-22,3348.9841935483873
2011-10-23,3341.4048387096773
2011-10-24,3333.8254838709677
2011-10-25,3326.246129032258
2011-10-26,3318.6667741935485
2011-10-27,3311.087419354839
2011-10-28,3303.508064516129
2011-10-29,3295.928709677419
2011-10-30,3288.3493548387096
2011-10-31,3280.77
2011-11-01,3288.2953333333335
2011-11-02,3295.8206666666665
2011-11-03,3303.346
2011-11-04,3310.8713333333335
2011-11-05,3318.3966666666665
2011-11-06,3325.922
2011-11-07,3333.4473333333335
2011-11-08,3340.9726666666666
2011-11-09,3348.498
2011-11-10,3356.0233333333335
2011-11-11,3363.5486666666666
2011-11-12,3371.074
2011-11-13,3378.5993333333336
2011-11-14,3386.1246666666666
2011-11-15,3393.65
2011-11-16,3401.1753333333336
2011-11-17,3408.7006666666666
2011-11-18,3416.226
2011-11-19,3423.7513333333336
2011-11-20,3431.2766666666666
2011-11-21,3438.802
2011-11-22,3446.3273333333336
2011-11-23,3453.8526666666667
2011-11-24,3461.378
2011-11-25,3468.9033333333336
2011-11-26,3476.4286666666667
2011-11-27,3483.954
2011-11-28,3491.4793333333337
2011-11-29,3499.0046666666667
2011-11-30,3506.53
2011-12-01,3507.838064516129
2011-12-02,3509.146129032258
2011-12-03,3510.454193548387
2011-12-04,3511.762258064516
2011-12-05,3513.070322580645
2011-12-06,3514.3783870967745
2011-12-07,3515.6864516129035
2011-12-08,3516.9945161290325
2011-12-09,3518.3025806451615
2011-12-10,3519.6106451612904
2011-12-11,3520.9187096774194
2011-12-12,3522.2267741935484
2011-12-13,3523.5348387096774
2011-12-14,3524.8429032258064
2011-12-15,3526.1509677419353
2011-12-16,3527.459032258065
2011-12-17,3528.7670967741938
2011-12-18,3530.0751612903227
2011-12-19,3531.3832258064517
2011-12-20,3532.6912903225807
2011-12-21,3533.9993548387097
2011-12-22,3535.3074193548387
2011-12-23,3536.6154838709676
2011-12-24,3537.9235483870966
2011-12-25,3539.2316129032256
2011-12-26,3540.539677419355
2011-12-27,3541.847741935484
2011-12-28,3543.155806451613
2011-12-29,3544.463870967742
2011-12-30,3545.771935483871
2011-12-31,3547.08
2012-01-01,3545.4338709677418
2012-01-02,3543.7877419354836
2012-01-03,3542.141612903226
2012-01-04,3540.4954838709677
2012-01-05,3538.8493548387096
2012-01-06,3537.2032258064514
2012-01-07,3535.5570967741937
2012-01-08,3533.9109677419356
2012-01-09,3532.2648387096774
2012-01-10,3530.6187096774192
2012-01-11,3528.972580645161
2012-01-12,3527.3264516129034
2012-01-13,3525.680322580645
2012-01-14,3524.034193548387
2012-01-15,3522.388064516129
2012-01-16,3520.741935483871
2012-01-17,3519.095806451613
2012-01-18,3517.449677419355
2012-01-19,3515.8035483870967
2012-01-20,3514.157419354839
2012-01-21,3512.511290322581
2012-01-22,3510.8651612903227
2012-01-23,3509.2190322580645
2012-01-24,3507.5729032258064
2012-01-25,3505.9267741935487
2012-01-26,3504.2806451612905
2012-01-27,3502.6345161290324
2012-01-28,3500.988387096774
2012-01-29,3499.3422580645165
2012-01-30,3497.6961290322583
2012-01-31,3496.05
2012-02-01,3495.0593103448277
2012-02-02,3494.0686206896553
2012-02-03,3493.077931034483
2012-02-04,3492.0872413793104
2012-02-05,3491.096551724138
2012-02-06,3490.1058620689655
2012-02-07,3489.115172413793
2012-02-08,3488.124482758621
2012-02-09,3487.1337931034486
2012-02-10,3486.143103448276
2012-02-11,3485.1524137931037
2012-02-12,3484.1617241379313
2012-02-13,3483.171034482759
2012-02-14,3482.1803448275864
2012-02-15,3481.189655172414
2012-02-16,3480.1989655172415
2012-02-17,3479.208275862069
2012-02-18,3478.2175862068966
2012-02-19,3477.226896551724
2012-02-20,3476.2362068965517
2012-02-21,3475.2455172413793
2012-02-22,3474.2548275862073
2012-02-23,3473.264137931035
2012-02-24,3472.2734482758624
2012-02-25,3471.28275862069
2012-02-26,3470.2920689655175
2012-02-27,3469.301379310345
2012-02-28,3468.3106896551726
2012-02-29,3467.32
2012-03-01,3472.8587096774195
2012-03-02,3478.397419354839
2012-03-03,3483.936129032258
2012-03-04,3489.4748387096774
2012-03-05,3495.0135483870968
2012-03-06,3500.552258064516
2012-03-07,3506.0909677419354
2012-03-08,3511.629677419355
2012-03-09,3517.1683870967745
2012-03-10,3522.707096774194
2012-03-11,3528.245806451613
2012-03-12,3533.7845161290325
2012-03-13,3539.323225806452
2012-03-14,3544.861935483871
2012-03-15,3550.4006451612904
2012-03-16,3555.9393548387097
2012-03-17,3561.478064516129
2012-03-18,3567.0167741935484
2012-03-19,3572.5554838709677
2012-03-20,3578.094193548387
2012-03-21,3583.6329032258063
2012-03-22,3589.1716129032257
2012-03-23,3594.710322580645
2012-03-24,3600.2490322580647
2012-03-25,3605.787741935484
2012-03-26,3611.3264516129034
2012-03-27,3616.8651612903227
2012-03-28,3622.403870967742
2012-03-29,3627.9425806451613
2012-03-30,3633.4812903225807
2012-03-31,3639.02
2012-04-01,3643.6276666666668
2012-04-02,3648.2353333333335
2012-04-03,3652.843
2012-04-04,3657.4506666666666
2012-04-05,3662.0583333333334
2012-04-06,3666.666
2012-04-07,3671.2736666666665
2012-04-08,3675.8813333333333
2012-04-09,3680.489
2012-04-10,3685.096666666667
2012-04-11,3689.704333333333
2012-04-12,3694.312
2012-04-13,3698.9196666666667
2012-04-14,3703.5273333333334
2012-04-15,3708.135
2012-04-16,3712.7426666666665
2012-04-17,3717.3503333333333
2012-04-18,3721.958
2012-04-19,3726.565666666667
2012-04-20,3731.173333333333
2012-04-21,3735.781
2012-04-22,3740.3886666666667
2012-04-23,3744.9963333333335
2012-04-24,3749.604
2012-04-25,3754.2116666666666
2012-04-26,3758.8193333333334
2012-04-27,3763.427
2012-04-28,3768.0346666666665
2012-04-29,3772.642333333333
2012-04-30,3777.25
2012-05-01,3767.7506451612903
2012-05-02,3758.2512903225806
2012-05-03,3748.751935483871
2012-05-04,3739.2525806451613
2012-05-05,3729.7532258064516
2012-05-06,3720.253870967742
2012-05-07,3710.7545161290323
2012-05-08,3701.2551612903226
2012-05-09,3691.755806451613
2012-05-10,3682.256451612903
2012-05-11,3672.7570967741935
2012-05-12,3663.257741935484
2012-05-13,3653.758387096774
2012-05-14,3644.2590322580645
2012-05-15,3634.759677419355
2012-05-16,3625.260322580645
2012-05-17,3615.7609677419355
2012-05-18,3606.261612903226
2012-05-19,3596.762258064516
2012-05-20,3587.2629032258064
2012-05-21,3577.7635483870968
2012-05-22,3568.264193548387
2012-05-23,3558.7648387096774
2012-05-24,3549.2654838709677
2012-05-25,3539.766129032258
2012-05-26,3530.2667741935484
2012-05-27,3520.7674193548387
2012-05-28,3511.268064516129
2012-05-29,3501.7687096774193
2012-05-30,3492.2693548387097
2012-05-31,3482.77
2012-06-01,3475.5826666666667
2012-06-02,3468.3953333333334
2012-06-03,3461.208
2012-06-04,3454.020666666667
2012-06-05,3446.8333333333335
2012-06-06,3439.646
2012-06-07,3432.458666666667
2012-06-08,3425.271333333333
2012-06-09,3418.084
2012-06-10,3410.8966666666665
2012-06-11,3403.7093333333332
2012-06-12,3396.522
2012-06-13,3389.3346666666666
2012-06-14,3382.1473333333333
2012-06-15,3374.96
2012-06-16,3367.7726666666667
2012-06-17,3360.5853333333334
2012-06-18,3353.398
2012-06-19,3346.210666666667
2012-06-20,3339.0233333333335
2012-06-21,3331.8360000000002
2012-06-22,3324.648666666667
2012-06-23,3317.4613333333336
2012-06-24,3310.274
2012-06-25,3303.0866666666666
2012-06-26,3295.8993333333333
2012-06-27,3288.712
2012-06-28,3281.5246666666667
2012-06-29,3274.3373333333334
2012-06-30,3267.15
2012-07-01,3269.3883870967743
2012-07-02,3271.6267741935485
2012-07-03,3273.8651612903227
2012-07-04,3276.103548387097
2012-07-05,3278.341935483871
2012-07-06,3280.5803225806453
2012-07-07,3282.8187096774195
2012-07-08,3285.0570967741937
2012-07-09,3287.295483870968
2012-07-10,3289.533870967742
2012-07-11,3291.7722580645163
2012-07-12,3294.0106451612905
2012-07-13,3296.2490322580647
2012-07-14,3298.487419354839
2012-07-15,3300.725806451613
2012-07-16,3302.964193548387
2012-07-17,3305.202580645161
2012-07-18,3307.4409677419353
2012-07-19,3309.6793548387095
2012-07-20,3311.9177419354837
2012-07-21,3314.156129032258
2012-07-22,3316.394516129032
2012-07-23,3318.6329032258063
2012-07-24,3320.8712903225805
2012-07-25,3323.1096774193547
2012-07-26,3325.348064516129
2012-07-27,3327.586451612903
2012-07-28,3329.8248387096774
2012-07-29,3332.0632258064516
2012-07-30,3334.3016129032258
2012-07-31,3336.54
2012-08-01,3331.713870967742
2012-08-02,3326.887741935484
2012-08-03,3322.061612903226
2012-08-04,3317.2354838709675
2012-08-05,3312.4093548387095
2012-08-06,3307.5832258064515
2012-08-07,3302.7570967741935
2012-08-08,3297.9309677419355
2012-08-09,3293.1048387096776
2012-08-10,3288.278709677419
2012-08-11,3283.452580645161
2012-08-12,3278.626451612903
2012-08-13,3273.800322580645
2012-08-14,3268.974193548387
2012-08-15,3264.148064516129
2012-08-16,3259.3219354838707
2012-08-17,3254.4958064516127
2012-08-18,3249.6696774193547
2012-08-19,3244.8435483870967
2012-08-20,3240.0174193548387
2012-08-21,3235.1912903225807
2012-08-22,3230.3651612903222
2012-08-23,3225.5390322580643
2012-08-24,3220.7129032258063
2012-08-25,3215.8867741935483
2012-08-26,3211.0606451612903
2012-08-27,3206.2345161290323
2012-08-28,3201.4083870967743
2012-08-29,3196.582258064516
2012-08-30,3191.756129032258
2012-08-31,3186.93
2012-09-01,3183.5296666666663
2012-09-02,3180.1293333333333
2012-09-03,3176.729
2012-09-04,3173.3286666666663
2012-09-05,3169.9283333333333
2012-09-06,3166.528
2012-09-07,3163.1276666666668
2012-09-08,3159.7273333333333
2012-09-09,3156.3269999999998
2012-09-10,3152.9266666666667
2012-09-11,3149.5263333333332
2012-09-12,3146.1259999999997
2012-09-13,3142.7256666666667
2012-09-14,3139.325333333333
2012-09-15,3135.9249999999997
2012-09-16,3132.5246666666667
2012-09-17,3129.124333333333
2012-09-18,3125.724
2012-09-19,3122.3236666666667
2012-09-20,3118.923333333333
2012-09-21,3115.523
2012-09-22,3112.1226666666666
2012-09-23,3108.722333333333
2012-09-24,3105.322
2012-09-25,3101.9216666666666
2012-09-26,3098.5213333333336
2012-09-27,3095.121
2012-09-28,3091.7206666666666
2012-09-29,3088.3203333333336
2012-09-30,3084.92
2012-10-01,3072.796451612903
2012-10-02,3060.6729032258067
2012-10-03,3048.54935483871
2012-10-04,3036.425806451613
2012-10-05,3024.302258064516
2012-10-06,3012.1787096774196
2012-10-07,3000.0551612903228
2012-10-08,2987.931612903226
2012-10-09,2975.808064516129
2012-10-10,2963.6845161290325
2012-10-11,2951.5609677419357
2012-10-12,2939.4374193548388
2012-10-13,2927.313870967742
2012-10-14,2915.1903225806454
2012-10-15,2903.0667741935486
2012-10-16,2890.9432258064517
2012-10-17,2878.819677419355
2012-10-18,2866.6961290322583
2012-10-19,2854.5725806451615
2012-10-20,2842.4490322580646
2012-10-21,2830.3254838709677
2012-10-22,2818.2019354838712
2012-10-23,2806.0783870967743
2012-10-24,2793.9548387096775
2012-10-25,2781.8312903225806
2012-10-26,2769.707741935484
2012-10-27,2757.5841935483872
2012-10-28,2745.4606451612904
2012-10-29,2733.337096774194
2012-10-30,2721.213548387097
2012-10-31,2709.09
2012-11-01,2706.8050000000003
2012-11-02,2704.52
2012-11-03,2702.235
2012-11-04,2699.9500000000003
2012-11-05,2697.665
2012-11-06,2695.38
2012-11-07,2693.0950000000003
2012-11-08,2690.81
2012-11-09,2688.525
2012-11-10,2686.2400000000002
2012-11-11,2683.955
2012-11-12,2681.67
2012-11-13,2679.385
2012-11-14,2677.1
2012-11-15,2674.815
2012-11-16,2672.53
2012-11-17,2670.245
2012-11-18,2667.96
2012-11-19,2665.675
2012-11-20,2663.39
2012-11-21,2661.105
2012-11-22,2658.82
2012-11-23,2656.535
2012-11-24,2654.25
2012-11-25,2651.965
2012-11-26,2649.68
2012-11-27,2647.395
2012-11-28,2645.11
2012-11-29,2642.825
2012-11-30,2640.54
2012-12-01,2638.500322580645
2012-12-02,2636.4606451612904
2012-12-03,2634.4209677419353
2012-12-04,2632.3812903225808
2012-12-05,2630.3416129032257
2012-12-06,2628.301935483871
2012-12-07,2626.262258064516
2012-12-08,2624.222580645161
2012-12-09,2622.1829032258065
2012-12-10,2620.1432258064515
2012-12-11,2618.103548387097
2012-12-12,2616.063870967742
2012-12-13,2614.024193548387
2012-12-14,2611.9845161290323
2012-12-15,2609.9448387096772
2012-12-16,2607.9051612903227
2012-12-17,2605.8654838709676
2012-12-18,2603.825806451613
2012-12-19,2601.786129032258
2012-12-20,2599.746451612903
2012-12-21,2597.7067741935484
2012-12-22,2595.6670967741934
2012-12-23,2593.627419354839
2012-12-24,2591.587741935484
2012-12-25,2589.5480645161288
2012-12-26,2587.508387096774
2012-12-27,2585.468709677419
2012-12-28,2583.4290322580646
2012-12-29,2581.3893548387096
2012-12-30,2579.349677419355
2012-12-31,2577.31
2013-01-01,2580.9074193548386
2013-01-02,2584.504838709677
2013-01-03,2588.1022580645163
2013-01-04,2591.699677419355
2013-01-05,2595.2970967741935
2013-01-06,2598.894516129032
2013-01-07,2602.4919354838707
2013-01-08,2606.08935483871
2013-01-09,2609.6867741935484
2013-01-10,2613.284193548387
2013-01-11,2616.8816129032257
2013-01-12,2620.4790322580643
2013-01-13,2624.0764516129034
2013-01-14,2627.673870967742
2013-01-15,2631.2712903225806
2013-01-16,2634.8687096774192
2013-01-17,2638.466129032258
2013-01-18,2642.0635483870965
2013-01-19,2645.6609677419356
2013-01-20,2649.258387096774
2013-01-21,2652.855806451613
2013-01-22,2656.4532258064514
2013-01-23,2660.05064516129
2013-01-24,2663.648064516129
2013-01-25,2667.2454838709677
2013-01-26,2670.8429032258064
2013-01-27,2674.440322580645
2013-01-28,2678.0377419354836
2013-01-29,2681.6351612903227
2013-01-30,2685.2325806451613
2013-01-31,2688.83
2013-02-01,2694.5464285714284
2013-02-02,2700.2628571428572
2013-02-03,2705.9792857142857
2013-02-04,2711.695714285714
2013-02-05,2717.412142857143
2013-02-06,2723.1285714285714
2013-02-07,2728.845
2013-02-08,2734.5614285714287
2013-02-09,2740.277857142857
2013-02-10,2745.9942857142855
2013-02-11,2751.7107142857144
2013-02-12,2757.427142857143
2013-02-13,2763.1435714285712
2013-02-14,2768.8599999999997
2013-02-15,2774.5764285714286
2013-02-16,2780.292857142857
2013-02-17,2786.0092857142854
2013-02-18,2791.7257142857143
2013-02-19,2797.4421428571427
2013-02-20,2803.158571428571
2013-02-21,2808.875
2013-02-22,2814.5914285714284
2013-02-23,2820.307857142857
2013-02-24,2826.0242857142857
2013-02-25,2831.740714285714
2013-02-26,2837.4571428571426
2013-02-27,2843.1735714285714
2013-02-28,2848.89
2013-03-01,2846.396451612903
2013-03-02,2843.9029032258063
2013-03-03,2841.4093548387095
2013-03-04,2838.9158064516128
2013-03-05,2836.422258064516
2013-03-06,2833.928709677419
2013-03-07,2831.4351612903224
2013-03-08,2828.9416129032256
2013-03-09,2826.448064516129
2013-03-10,2823.954516129032
2013-03-11,2821.4609677419353
2013-03-12,2818.9674193548385
2013-03-13,2816.4738709677417
2013-03-14,2813.980322580645
2013-03-15,2811.486774193548
2013-03-16,2808.993225806452
2013-03-17,2806.499677419355
2013-03-18,2804.0061290322583
2013-03-19,2801.5125806451615
2013-03-20,2799.0190322580647
2013-03-21,2796.525483870968
2013-03-22,2794.031935483871
2013-03-23,2791.5383870967744
2013-03-24,2789.0448387096776
2013-03-25,2786.551290322581
2013-03-26,2784.057741935484
2013-03-27,2781.5641935483873
2013-03-28,2779.0706451612905
2013-03-29,2776.5770967741937
2013-03-30,2774.083548387097
2013-03-31,2771.59
2013-04-01,2768.069
2013-04-02,2764.5480000000002
2013-04-03,2761.027
2013-04-04,2757.5060000000003
2013-04-05,2753.985
2013-04-06,2750.464
2013-04-07,2746.943
2013-04-08,2743.422
2013-04-09,2739.9010000000003
2013-04-10,2736.38
2013-04-11,2732.859
2013-04-12,2729.338
2013-04-13,2725.817
2013-04-14,2722.2960000000003
2013-04-15,2718.775
2013-04-16,2715.254
2013-04-17,2711.733
2013-04-18,2708.212
2013-04-19,2704.6910000000003
2013-04-20,2701.17
2013-04-21,2697.649
2013-04-22,2694.128
2013-04-23,2690.607
2013-04-24,2687.0860000000002
2013-04-25,2683.565
2013-04-26,2680.044
2013-04-27,2676.523
2013-04-28,2673.002
2013-04-29,2669.481
2013-04-30,2665.96
2013-05-01,2665.5529032258064
2013-05-02,2665.1458064516128
2013-05-03,2664.7387096774196
2013-05-04,2664.331612903226
2013-05-05,2663.9245161290323
2013-05-06,2663.5174193548387
2013-05-07,2663.110322580645
2013-05-08,2662.703225806452
2013-05-09,2662.2961290322582
2013-05-10,2661.8890322580646
2013-05-11,2661.481935483871
2013-05-12,2661.0748387096774
2013-05-13,2660.667741935484
2013-05-14,2660.2606451612905
2013-05-15,2659.853548387097
2013-05-16,2659.4464516129033
2013-05-17,2659.0393548387096
2013-05-18,2658.632258064516
2013-05-19,2658.225161290323
2013-05-20,2657.818064516129
2013-05-21,2657.4109677419356
2013-05-22,2657.003870967742
2013-05-23,2656.5967741935483
2013-05-24,2656.189677419355
2013-05-25,2655.7825806451615
2013-05-26,2655.375483870968
2013-05-27,2654.968387096774
2013-05-28,2654.5612903225806
2013-05-29,2654.1541935483874
2013-05-30,2653.747096774194
2013-05-31,2653.34
2013-06-01,2656.935
2013-06-02,2660.53
2013-06-03,2664.125
2013-06-04,2667.7200000000003
2013-06-05,2671.315
2013-06-06,2674.9100000000003
2013-06-07,2678.505
2013-06-08,2682.1
2013-06-09,2685.695
2013-06-10,2689.29
2013-06-11,2692.885
2013-06-12,2696.48
2013-06-13,2700.0750000000003
2013-06-14,2703.67
2013-06-15,2707.265
2013-06-16,2710.86
2013-06-17,2714.455
2013-06-18,2718.05
2013-06-19,2721.645
2013-06-20,2725.2400000000002
2013-06-21,2728.835
2013-06-22,2732.4300000000003
2013-06-23,2736.025
2013-06-24,2739.62
2013-06-25,2743.215
2013-06-26,2746.81
2013-06-27,2750.405
2013-06-28,2754.0
2013-06-29,2757.5950000000003
2013-06-30,2761.19
2013-07-01,2757.2567741935486
2013-07-02,2753.3235483870967
2013-07-03,2749.3903225806453
2013-07-04,2745.457096774194
2013-07-05,2741.523870967742
2013-07-06,2737.5906451612905
2013-07-07,2733.657419354839
2013-07-08,2729.724193548387
2013-07-09,2725.7909677419357
2013-07-10,2721.857741935484
2013-07-11,2717.9245161290323
2013-07-12,2713.991290322581
2013-07-13,2710.058064516129
2013-07-14,2706.1248387096775
2013-07-15,2702.191612903226
2013-07-16,2698.258387096774
2013-07-17,2694.3251612903227
2013-07-18,2690.3919354838713
2013-07-19,2686.4587096774194
2013-07-20,2682.525483870968
2013-07-21,2678.5922580645165
2013-07-22,2674.6590322580646
2013-07-23,2670.725806451613
2013-07-24,2666.7925806451613
2013-07-25,2662.85935483871
2013-07-26,2658.9261290322584
2013-07-27,2654.9929032258065
2013-07-28,2651.059677419355
2013-07-29,2647.1264516129036
2013-07-30,2643.1932258064517
2013-07-31,2639.26
2013-08-01,2640.8522580645163
2013-08-02,2642.4445161290323
2013-08-03,2644.0367741935484
2013-08-04,2645.629032258065
2013-08-05,2647.221290322581
2013-08-06,2648.813548387097
2013-08-07,2650.405806451613
2013-08-08,2651.998064516129
2013-08-09,2653.590322580645
2013-08-10,2655.1825806451616
2013-08-11,2656.7748387096776
2013-08-12,2658.3670967741937
2013-08-13,2659.9593548387097
2013-08-14,2661.5516129032258
2013-08-15,2663.143870967742
2013-08-16,2664.7361290322583
2013-08-17,2666.3283870967743
2013-08-18,2667.9206451612904
2013-08-19,2669.5129032258064
2013-08-20,2671.1051612903225
2013-08-21,2672.6974193548385
2013-08-22,2674.289677419355
2013-08-23,2675.881935483871
2013-08-24,2677.474193548387
2013-08-25,2679.066451612903
2013-08-26,2680.658709677419
2013-08-27,2682.2509677419353
2013-08-28,2683.8432258064518
2013-08-29,2685.435483870968
2013-08-30,2687.027741935484
2013-08-31,2688.62
2013-09-01,2688.4553333333333
2013-09-02,2688.2906666666668
2013-09-03,2688.1259999999997
2013-09-04,2687.961333333333
2013-09-05,2687.7966666666666
2013-09-06,2687.632
2013-09-07,2687.467333333333
2013-09-08,2687.3026666666665
2013-09-09,2687.138
2013-09-10,2686.9733333333334
2013-09-11,2686.8086666666663
2013-09-12,2686.644
2013-09-13,2686.479333333333
2013-09-14,2686.3146666666667
2013-09-15,2686.1499999999996
2013-09-16,2685.985333333333
2013-09-17,2685.8206666666665
2013-09-18,2685.656
2013-09-19,2685.4913333333334
2013-09-20,2685.3266666666664
2013-09-21,2685.162
2013-09-22,2684.9973333333332
2013-09-23,2684.8326666666667
2013-09-24,2684.6679999999997
2013-09-25,2684.503333333333
2013-09-26,2684.3386666666665
2013-09-27,2684.174
2013-09-28,2684.009333333333
2013-09-29,2683.8446666666664
2013-09-30,2683.68
2013-10-01,2685.258709677419
2013-10-02,2686.8374193548384
2013-10-03,2688.4161290322577
2013-10-04,2689.9948387096774
2013-10-05,2691.5735483870967
2013-10-06,2693.152258064516
2013-10-07,2694.7309677419353
2013-10-08,2696.3096774193546
2013-10-09,2697.888387096774
2013-10-10,2699.4670967741936
2013-10-11,2701.045806451613
2013-10-12,2702.624516129032
2013-10-13,2704.2032258064514
2013-10-14,2705.7819354838707
2013-10-15,2707.36064516129
2013-10-16,2708.9393548387097
2013-10-17,2710.518064516129
2013-10-18,2712.0967741935483
2013-10-19,2713.6754838709676
2013-10-20,2715.254193548387
2013-10-21,2716.832903225806
2013-10-22,2718.411612903226
2013-10-23,2719.990322580645
2013-10-24,2721.5690322580645
2013-10-25,2723.1477419354837
2013-10-26,2724.726451612903
2013-10-27,2726.3051612903223
2013-10-28,2727.883870967742
2013-10-29,2729.4625806451613
2013-10-30,2731.0412903225806
2013-10-31,2732.62
2013-11-01,2737.8813333333333
2013-11-02,2743.1426666666666
2013-11-03,2748.404
2013-11-04,2753.6653333333334
2013-11-05,2758.9266666666667
2013-11-06,2764.188
2013-11-07,2769.4493333333335
2013-11-08,2774.7106666666664
2013-11-09,2779.9719999999998
2013-11-10,2785.233333333333
2013-11-11,2790.4946666666665
2013-11-12,2795.756
2013-11-13,2801.017333333333
2013-11-14,2806.2786666666666
2013-11-15,2811.54
2013-11-16,2816.8013333333333
2013-11-17,2822.0626666666667
2013-11-18,2827.324
2013-11-19,2832.5853333333334
2013-11-20,2837.846666666667
2013-11-21,2843.108
2013-11-22,2848.3693333333335
2013-11-23,2853.6306666666665
2013-11-24,2858.892
2013-11-25,2864.153333333333
2013-11-26,2869.4146666666666
2013-11-27,2874.676
2013-11-28,2879.9373333333333
2013-11-29,2885.1986666666667
2013-11-30,2890.46
2013-12-01,2890.14064516129
2013-12-02,2889.821290322581
2013-12-03,2889.501935483871
2013-12-04,2889.182580645161
2013-12-05,2888.8632258064517
2013-12-06,2888.543870967742
2013-12-07,2888.224516129032
2013-12-08,2887.9051612903227
2013-12-09,2887.585806451613
2013-12-10,2887.2664516129034
2013-12-11,2886.9470967741936
2013-12-12,2886.6277419354838
2013-12-13,2886.3083870967744
2013-12-14,2885.9890322580645
2013-12-15,2885.6696774193547
2013-12-16,2885.3503225806453
2013-12-17,2885.0309677419355
2013-12-18,2884.7116129032256
2013-12-19,2884.392258064516
2013-12-20,2884.0729032258064
2013-12-21,2883.7535483870965
2013-12-22,2883.434193548387
2013-12-23,2883.1148387096773
2013-12-24,2882.795483870968
2013-12-25,2882.476129032258
2013-12-26,2882.1567741935482
2013-12-27,2881.837419354839
2013-12-28,2881.518064516129
2013-12-29,2881.198709677419
2013-12-30,2880.87935483871
2013-12-31,2880.56
2014-01-01,2879.5558064516126
2014-01-02,2878.5516129032258
2014-01-03,2877.5474193548384
2014-01-04,2876.5432258064516
2014-01-05,2875.5390322580643
2014-01-06,2874.5348387096774
2014-01-07,2873.53064516129
2014-01-08,2872.526451612903
2014-01-09,2871.522258064516
2014-01-10,2870.518064516129
2014-01-11,2869.5138709677417
2014-01-12,2868.509677419355
2014-01-13,2867.5054838709675
2014-01-14,2866.5012903225806
2014-01-15,2865.4970967741933
2014-01-16,2864.4929032258065
2014-01-17,2863.488709677419
2014-01-18,2862.4845161290323
2014-01-19,2861.480322580645
2014-01-20,2860.476129032258
2014-01-21,2859.4719354838708
2014-01-22,2858.467741935484
2014-01-23,2857.4635483870966
2014-01-24,2856.4593548387097
2014-01-25,2855.4551612903224
2014-01-26,2854.4509677419355
2014-01-27,2853.446774193548
2014-01-28,2852.4425806451613
2014-01-29,2851.438387096774
2014-01-30,2850.434193548387
2014-01-31,2849.43
2014-02-01,2854.593571428571
2014-02-02,2859.7571428571428
2014-02-03,2864.920714285714
2014-02-04,2870.0842857142857
2014-02-05,2875.247857142857
2014-02-06,2880.4114285714286
2014-02-07,2885.575
2014-02-08,2890.7385714285715
2014-02-09,2895.9021428571427
2014-02-10,2901.0657142857144
2014-02-11,2906.2292857142857
2014-02-12,2911.3928571428573
2014-02-13,2916.5564285714286
2014-02-14,2921.7200000000003
2014-02-15,2926.8835714285715
2014-02-16,2932.0471428571427
2014-02-17,2937.2107142857144
2014-02-18,2942.3742857142856
2014-02-19,2947.5378571428573
2014-02-20,2952.7014285714286
2014-02-21,2957.8650000000002
2014-02-22,2963.0285714285715
2014-02-23,2968.192142857143
2014-02-24,2973.3557142857144
2014-02-25,2978.519285714286
2014-02-26,2983.6828571428573
2014-02-27,2988.846428571429
2014-02-28,2994.01
2014-03-01,2998.4767741935484
2014-03-02,3002.943548387097
2014-03-03,3007.4103225806452
2014-03-04,3011.877096774194
2014-03-05,3016.343870967742
2014-03-06,3020.8106451612907
2014-03-07,3025.277419354839
2014-03-08,3029.744193548387
2014-03-09,3034.2109677419357
2014-03-10,3038.677741935484
2014-03-11,3043.1445161290326
2014-03-12,3047.6112903225808
2014-03-13,3052.078064516129
2014-03-14,3056.5448387096776
2014-03-15,3061.011612903226
2014-03-16,3065.4783870967744
2014-03-17,3069.9451612903226
2014-03-18,3074.4119354838713
2014-03-19,3078.8787096774195
2014-03-20,3083.3454838709677
2014-03-21,3087.8122580645163
2014-03-22,3092.2790322580645
2014-03-23,3096.745806451613
2014-03-24,3101.2125806451613
2014-03-25,3105.6793548387095
2014-03-26,3110.146129032258
2014-03-27,3114.6129032258063
2014-03-28,3119.079677419355
2014-03-29,3123.546451612903
2014-03-30,3128.013225806452
2014-03-31,3132.48
2014-04-01,3128.692
2014-04-02,3124.904
2014-04-03,3121.116
2014-04-04,3117.328
2014-04-05,3113.54
2014-04-06,3109.752
2014-04-07,3105.964
2014-04-08,3102.176
2014-04-09,3098.388
2014-04-10,3094.6
2014-04-11,3090.812
2014-04-12,3087.024
2014-04-13,3083.236
2014-04-14,3079.448
2014-04-15,3075.66
2014-04-16,3071.8720000000003
2014-04-17,3068.0840000000003
2014-04-18,3064.2960000000003
2014-04-19,3060.5080000000003
2014-04-20,3056.7200000000003
2014-04-21,3052.9320000000002
2014-04-22,3049.1440000000002
2014-04-23,3045.356
2014-04-24,3041.568
2014-04-25,3037.78
2014-04-26,3033.992
2014-04-27,3030.204
2014-04-28,3026.416
2014-04-29,3022.628
2014-04-30,3018.84
2014-05-01,3015.055806451613
2014-05-02,3011.271612903226
2014-05-03,3007.487419354839
2014-05-04,3003.703225806452
2014-05-05,2999.919032258065
2014-05-06,2996.1348387096778
2014-05-07,2992.3506451612907
2014-05-08,2988.566451612903
2014-05-09,2984.782258064516
2014-05-10,2980.998064516129
2014-05-11,2977.213870967742
2014-05-12,2973.429677419355
2014-05-13,2969.645483870968
2014-05-14,2965.8612903225808
2014-05-15,2962.0770967741937
2014-05-16,2958.2929032258066
2014-05-17,2954.5087096774196
2014-05-18,2950.7245161290325
2014-05-19,2946.9403225806454
2014-05-20,2943.1561290322584
2014-05-21,2939.3719354838713
2014-05-22,2935.5877419354842
2014-05-23,2931.803548387097
2014-05-24,2928.0193548387097
2014-05-25,2924.2351612903226
2014-05-26,2920.4509677419355
2014-05-27,2916.6667741935485
2014-05-28,2912.8825806451614
2014-05-29,2909.0983870967743
2014-05-30,2905.3141935483873
2014-05-31,2901.53
2014-06-01,2897.286666666667
2014-06-02,2893.0433333333335
2014-06-03,2888.8
2014-06-04,2884.556666666667
2014-06-05,2880.3133333333335
2014-06-06,2876.07
2014-06-07,2871.826666666667
2014-06-08,2867.5833333333335
2014-06-09,2863.34
2014-06-10,2859.096666666667
2014-06-11,2854.8533333333335
2014-06-12,2850.61
2014-06-13,2846.366666666667
2014-06-14,2842.1233333333334
2014-06-15,2837.88
2014-06-16,2833.6366666666668
2014-06-17,2829.3933333333334
2014-06-18,2825.15
2014-06-19,2820.9066666666668
2014-06-20,2816.6633333333334
2014-06-21,2812.42
2014-06-22,2808.1766666666667
2014-06-23,2803.9333333333334
2014-06-24,2799.69
2014-06-25,2795.4466666666667
2014-06-26,2791.2033333333334
2014-06-27,2786.96
2014-06-28,2782.7166666666667
2014-06-29,2778.4733333333334
2014-06-30,2774.23
2014-07-01,2772.4416129032256
2014-07-02,2770.6532258064517
2014-07-03,2768.8648387096773
2014-07-04,2767.0764516129034
2014-07-05,2765.288064516129
2014-07-06,2763.499677419355
2014-07-07,2761.7112903225807
2014-07-08,2759.9229032258063
2014-07-09,2758.1345161290324
2014-07-10,2756.346129032258
2014-07-11,2754.557741935484
2014-07-12,2752.7693548387097
2014-07-13,2750.9809677419353
2014-07-14,2749.1925806451613
2014-07-15,2747.404193548387
2014-07-16,2745.615806451613
2014-07-17,2743.8274193548386
2014-07-18,2742.0390322580647
2014-07-19,2740.2506451612903
2014-07-20,2738.462258064516
2014-07-21,2736.673870967742
2014-07-22,2734.8854838709676
2014-07-23,2733.0970967741937
2014-07-24,2731.3087096774193
2014-07-25,2729.520322580645
2014-07-26,2727.731935483871
2014-07-27,2725.9435483870966
2014-07-28,2724.1551612903227
2014-07-29,2722.3667741935483
2014-07-30,2720.5783870967743
2014-07-31,2718.79
2014-08-01,2710.926774193548
2014-08-02,2703.063548387097
2014-08-03,2695.200322580645
2014-08-04,2687.3370967741935
2014-08-05,2679.4738709677417
2014-08-06,2671.6106451612904
2014-08-07,2663.7474193548387
2014-08-08,2655.884193548387
2014-08-09,2648.0209677419357
2014-08-10,2640.157741935484
2014-08-11,2632.294516129032
2014-08-12,2624.431290322581
2014-08-13,2616.568064516129
2014-08-14,2608.7048387096775
2014-08-15,2600.8416129032257
2014-08-16,2592.9783870967744
2014-08-17,2585.1151612903227
2014-08-18,2577.251935483871
2014-08-19,2569.3887096774197
2014-08-20,2561.525483870968
2014-08-21,2553.662258064516
2014-08-22,2545.7990322580645
2014-08-23,2537.935806451613
2014-08-24,2530.0725806451615
2014-08-25,2522.2093548387097
2014-08-26,2514.3461290322584
2014-08-27,2506.4829032258067
2014-08-28,2498.619677419355
2014-08-29,2490.756451612903
2014-08-30,2482.893225806452
2014-08-31,2475.03
2014-09-01,2474.1360000000004
2014-09-02,2473.242
2014-09-03,2472.348
2014-09-04,2471.454
2014-09-05,2470.5600000000004
2014-09-06,2469.666
2014-09-07,2468.772
2014-09-08,2467.878
2014-09-09,2466.9840000000004
2014-09-10,2466.09
2014-09-11,2465.196
2014-09-12,2464.302
2014-09-13,2463.4080000000004
2014-09-14,2462.514
2014-09-15,2461.62
2014-09-16,2460.726
2014-09-17,2459.8320000000003
2014-09-18,2458.938
2014-09-19,2458.044
2014-09-20,2457.15
2014-09-21,2456.2560000000003
2014-09-22,2455.362
2014-09-23,2454.468
2014-09-24,2453.574
2014-09-25,2452.6800000000003
2014-09-26,2451.786
2014-09-27,2450.892
2014-09-28,2449.998
2014-09-29,2449.1040000000003
2014-09-30,2448.21
2014-10-01,2449.8509677419356
2014-10-02,2451.491935483871
2014-10-03,2453.1329032258063
2014-10-04,2454.773870967742
2014-10-05,2456.4148387096775
2014-10-06,2458.055806451613
2014-10-07,2459.696774193548
2014-10-08,2461.337741935484
2014-10-09,2462.9787096774194
2014-10-10,2464.619677419355
2014-10-11,2466.2606451612905
2014-10-12,2467.9016129032257
2014-10-13,2469.5425806451613
2014-10-14,2471.183548387097
2014-10-15,2472.8245161290324
2014-10-16,2474.4654838709675
2014-10-17,2476.106451612903
2014-10-18,2477.7474193548387
2014-10-19,2479.3883870967743
2014-10-20,2481.0293548387094
2014-10-21,2482.670322580645
2014-10-22,2484.3112903225806
2014-10-23,2485.952258064516
2014-10-24,2487.5932258064518
2014-10-25,2489.234193548387
2014-10-26,2490.8751612903225
2014-10-27,2492.516129032258
2014-10-28,2494.1570967741936
2014-10-29,2495.7980645161288
2014-10-30,2497.4390322580643
2014-10-31,2499.08
2014-11-01,2500.9846666666667
2014-11-02,2502.889333333333
2014-11-03,2504.794
2014-11-04,2506.6986666666667
2014-11-05,2508.6033333333335
2014-11-06,2510.508
2014-11-07,2512.4126666666666
2014-11-08,2514.3173333333334
2014-11-09,2516.2219999999998
2014-11-10,2518.1266666666666
2014-11-11,2520.0313333333334
2014-11-12,2521.9359999999997
2014-11-13,2523.8406666666665
2014-11-14,2525.7453333333333
2014-11-15,2527.6499999999996
2014-11-16,2529.5546666666664
2014-11-17,2531.4593333333332
2014-11-18,2533.364
2014-11-19,2535.2686666666664
2014-11-20,2537.173333333333
2014-11-21,2539.078
2014-11-22,2540.9826666666663
2014-11-23,2542.887333333333
2014-11-24,2544.792
2014-11-25,2546.6966666666667
2014-11-26,2548.601333333333
2014-11-27,2550.506
2014-11-28,2552.4106666666667
2014-11-29,2554.315333333333
2014-11-30,2556.22
2014-12-01,2554.546774193548
2014-12-02,2552.8735483870964
2014-12-03,2551.2003225806448
2014-12-04,2549.5270967741935
2014-12-05,2547.853870967742
2014-12-06,2546.18064516129
2014-12-07,2544.5074193548385
2014-12-08,2542.834193548387
2014-12-09,2541.160967741935
2014-12-10,2539.487741935484
2014-12-11,2537.814516129032
2014-12-12,2536.1412903225805
2014-12-13,2534.468064516129
2014-12-14,2532.794838709677
2014-12-15,2531.1216129032255
2014-12-16,2529.4483870967742
2014-12-17,2527.7751612903226
2014-12-18,2526.101935483871
2014-12-19,2524.428709677419
2014-12-20,2522.7554838709675
2014-12-21,2521.082258064516
2014-12-22,2519.4090322580646
2014-12-23,2517.735806451613
2014-12-24,2516.0625806451612
2014-12-25,2514.3893548387096
2014-12-26,2512.716129032258
2014-12-27,2511.042903225806
2014-12-28,2509.369677419355
2014-12-29,2507.6964516129033
2014-12-30,2506.0232258064516
2014-12-31,2504.35
2015-01-01,2506.8635483870967
2015-01-02,2509.3770967741934
2015-01-03,2511.89064516129
2015-01-04,2514.404193548387
2015-01-05,2516.9177419354837
2015-01-06,2519.4312903225805
2015-01-07,2521.9448387096772
2015-01-08,2524.458387096774
2015-01-09,2526.9719354838708
2015-01-10,2529.4854838709675
2015-01-11,2531.9990322580643
2015-01-12,2534.512580645161
2015-01-13,2537.026129032258
2015-01-14,2539.5396774193546
2015-01-15,2542.0532258064513
2015-01-16,2544.5667741935486
2015-01-17,2547.0803225806453
2015-01-18,2549.593870967742
2015-01-19,2552.107419354839
2015-01-20,2554.6209677419356
2015-01-21,2557.1345161290324
2015-01-22,2559.648064516129
2015-01-23,2562.161612903226
2015-01-24,2564.6751612903226
2015-01-25,2567.1887096774194
2015-01-26,2569.702258064516
2015-01-27,2572.215806451613
2015-01-28,2574.7293548387097
2015-01-29,2577.2429032258065
2015-01-30,2579.756451612903
2015-01-31,2582.27
2015-02-01,2582.8621428571428
2015-02-02,2583.4542857142856
2015-02-03,2584.0464285714284
2015-02-04,2584.6385714285716
2015-02-05,2585.2307142857144
2015-02-06,2585.822857142857
2015-02-07,2586.415
2015-02-08,2587.0071428571428
2015-02-09,2587.5992857142855
2015-02-10,2588.1914285714283
2015-02-11,2588.7835714285716
2015-02-12,2589.3757142857144
2015-02-13,2589.967857142857
2015-02-14,2590.56
2015-02-15,2591.1521428571427
2015-02-16,2591.7442857142855
2015-02-17,2592.3364285714283
2015-02-18,2592.9285714285716
2015-02-19,2593.5207142857143
2015-02-20,2594.112857142857
2015-02-21,2594.705
2015-02-22,2595.2971428571427
2015-02-23,2595.8892857142855
2015-02-24,2596.4814285714283
2015-02-25,2597.0735714285715
2015-02-26,2597.6657142857143
2015-02-27,2598.257857142857
2015-02-28,2598.85
2015-03-01,2597.9974193548387
2015-03-02,2597.1448387096775
2015-03-03,2596.292258064516
2015-03-04,2595.4396774193547
2015-03-05,2594.5870967741935
2015-03-06,2593.7345161290323
2015-03-07,2592.881935483871
2015-03-08,2592.0293548387094
2015-03-09,2591.176774193548
2015-03-10,2590.324193548387
2015-03-11,2589.471612903226
2015-03-12,2588.6190322580646
2015-03-13,2587.766451612903
2015-03-14,2586.913870967742
2015-03-15,2586.0612903225806
2015-03-16,2585.2087096774194
2015-03-17,2584.356129032258
2015-03-18,2583.503548387097
2015-03-19,2582.6509677419353
2015-03-20,2581.798387096774
2015-03-21,2580.945806451613
2015-03-22,2580.0932258064518
2015-03-23,2579.2406451612906
2015-03-24,2578.388064516129
2015-03-25,2577.5354838709677
2015-03-26,2576.6829032258065
2015-03-27,2575.8303225806453
2015-03-28,2574.977741935484
2015-03-29,2574.1251612903225
2015-03-30,2573.2725806451613
2015-03-31,2572.42
2015-04-01,2569.413666666667
2015-04-02,2566.4073333333336
2015-04-03,2563.401
2015-04-04,2560.3946666666666
2015-04-05,2557.3883333333333
2015-04-06,2554.382
2015-04-07,2551.375666666667
2015-04-08,2548.3693333333335
2015-04-09,2545.3630000000003
2015-04-10,2542.3566666666666
2015-04-11,2539.3503333333333
2015-04-12,2536.344
2015-04-13,2533.337666666667
2015-04-14,2530.3313333333335
2015-04-15,2527.325
2015-04-16,2524.3186666666666
2015-04-17,2521.3123333333333
2015-04-18,2518.306
2015-04-19,2515.299666666667
2015-04-20,2512.2933333333335
2015-04-21,2509.2870000000003
2015-04-22,2506.2806666666665
2015-04-23,2503.2743333333333
2015-04-24,2500.268
2015-04-25,2497.2616666666668
2015-04-26,2494.2553333333335
2015-04-27,2491.249
2015-04-28,2488.2426666666665
2015-04-29,2485.2363333333333
2015-04-30,2482.23
2015-05-01,2483.214838709677
2015-05-02,2484.199677419355
2015-05-03,2485.184516129032
2015-05-04,2486.1693548387098
2015-05-05,2487.154193548387
2015-05-06,2488.1390322580646
2015-05-07,2489.123870967742
2015-05-08,2490.1087096774195
2015-05-09,2491.0935483870967
2015-05-10,2492.0783870967743
2015-05-11,2493.0632258064516
2015-05-12,2494.048064516129
2015-05-13,2495.0329032258064
2015-05-14,2496.017741935484
2015-05-15,2497.0025806451613
2015-05-16,2497.987419354839
2015-05-17,2498.972258064516
2015-05-18,2499.957096774194
2015-05-19,2500.941935483871
2015-05-20,2501.9267741935487
2015-05-21,2502.911612903226
2015-05-22,2503.8964516129035
2015-05-23,2504.8812903225808
2015-05-24,2505.8661290322584
2015-05-25,2506.8509677419356
2015-05-26,2507.8358064516133
2015-05-27,2508.8206451612905
2015-05-28,2509.805483870968
2015-05-29,2510.7903225806454
2015-05-30,2511.775161290323
2015-05-31,2512.76
2015-06-01,2516.9833333333336
2015-06-02,2521.206666666667
2015-06-03,2525.4300000000003
2015-06-04,2529.6533333333336
2015-06-05,2533.876666666667
2015-06-06,2538.1000000000004
2015-06-07,2542.3233333333337
2015-06-08,2546.5466666666666
2015-06-09,2550.77
2015-06-10,2554.9933333333333
2015-06-11,2559.2166666666667
2015-06-12,2563.44
2015-06-13,2567.6633333333334
2015-06-14,2571.8866666666668
2015-06-15,2576.11
2015-06-16,2580.3333333333335
2015-06-17,2584.556666666667
2015-06-18,2588.78
2015-06-19,2593.0033333333336
2015-06-20,2597.226666666667
2015-06-21,2601.4500000000003
2015-06-22,2605.6733333333336
2015-06-23,2609.8966666666665
2015-06-24,2614.12
2015-06-25,2618.3433333333332
2015-06-26,2622.5666666666666
2015-06-27,2626.79
2015-06-28,2631.0133333333333
2015-06-29,2635.2366666666667
2015-06-30,2639.46
2015-07-01,2637.711935483871
2015-07-02,2635.963870967742
2015-07-03,2634.215806451613
2015-07-04,2632.467741935484
2015-07-05,2630.719677419355
2015-07-06,2628.971612903226
2015-07-07,2627.223548387097
2015-07-08,2625.4754838709678
2015-07-09,2623.7274193548387
2015-07-10,2621.9793548387097
2015-07-11,2620.2312903225807
2015-07-12,2618.4832258064516
2015-07-13,2616.7351612903226
2015-07-14,2614.9870967741936
2015-07-15,2613.2390322580645
2015-07-16,2611.4909677419355
2015-07-17,2609.7429032258065
2015-07-18,2607.9948387096774
2015-07-19,2606.2467741935484
2015-07-20,2604.4987096774194
2015-07-21,2602.7506451612903
2015-07-22,2601.0025806451613
2015-07-23,2599.2545161290323
2015-07-24,2597.506451612903
2015-07-25,2595.758387096774
2015-07-26,2594.010322580645
2015-07-27,2592.262258064516
2015-07-28,2590.514193548387
2015-07-29,2588.766129032258
2015-07-30,2587.018064516129
2015-07-31,2585.27
2015-08-01,2580.6370967741937
2015-08-02,2576.004193548387
2015-08-03,2571.3712903225805
2015-08-04,2566.738387096774
2015-08-05,2562.105483870968
2015-08-06,2557.472580645161
2015-08-07,2552.8396774193548
2015-08-08,2548.2067741935484
2015-08-09,2543.573870967742
2015-08-10,2538.9409677419353
2015-08-11,2534.308064516129
2015-08-12,2529.6751612903226
2015-08-13,2525.0422580645163
2015-08-14,2520.4093548387095
2015-08-15,2515.776451612903
2015-08-16,2511.143548387097
2015-08-17,2506.5106451612905
2015-08-18,2501.8777419354838
2015-08-19,2497.2448387096774
2015-08-20,2492.611935483871
2015-08-21,2487.9790322580648
2015-08-22,2483.346129032258
2015-08-23,2478.7132258064516
2015-08-24,2474.0803225806453
2015-08-25,2469.447419354839
2015-08-26,2464.814516129032
2015-08-27,2460.181612903226
2015-08-28,2455.5487096774195
2015-08-29,2450.915806451613
2015-08-30,2446.2829032258064
2015-08-31,2441.65
2015-09-01,2446.2346666666667
2015-09-02,2450.8193333333334
2015-09-03,2455.404
2015-09-04,2459.9886666666666
2015-09-05,2464.5733333333333
2015-09-06,2469.158
2015-09-07,2473.7426666666665
2015-09-08,2478.3273333333336
2015-09-09,2482.9120000000003
2015-09-10,2487.496666666667
2015-09-11,2492.0813333333335
2015-09-12,2496.666
2015-09-13,2501.250666666667
2015-09-14,2505.8353333333334
2015-09-15,2510.42
2015-09-16,2515.0046666666667
2015-09-17,2519.5893333333333
2015-09-18,2524.174
2015-09-19,2528.7586666666666
2015-09-20,2533.3433333333332
2015-09-21,2537.928
2015-09-22,2542.5126666666665
2015-09-23,2547.0973333333336
2015-09-24,2551.6820000000002
2015-09-25,2556.266666666667
2015-09-26,2560.8513333333335
2015-09-27,2565.436
2015-09-28,2570.020666666667
2015-09-29,2574.6053333333334
2015-09-30,2579.19
2015-10-01,2583.743548387097
2015-10-02,2588.2970967741935
2015-10-03,2592.8506451612902
2015-10-04,2597.404193548387
2015-10-05,2601.9577419354837
2015-10-06,2606.511290322581
2015-10-07,2611.0648387096776
2015-10-08,2615.6183870967743
2015-10-09,2620.171935483871
2015-10-10,2624.7254838709678
2015-10-11,2629.2790322580645
2015-10-12,2633.832580645161
2015-10-13,2638.386129032258
2015-10-14,2642.9396774193547
2015-10-15,2647.4932258064514
2015-10-16,2652.0467741935486
2015-10-17,2656.6003225806453
2015-10-18,2661.153870967742
2015-10-19,2665.7074193548387
2015-10-20,2670.2609677419355
2015-10-21,2674.814516129032
2015-10-22,2679.368064516129
2015-10-23,2683.9216129032257
2015-10-24,2688.4751612903224
2015-10-25,2693.028709677419
2015-10-26,2697.5822580645163
2015-10-27,2702.135806451613
2015-10-28,2706.6893548387097
2015-10-29,2711.2429032258065
2015-10-30,2715.796451612903
2015-10-31,2720.35
2015-11-01,2717.214
2015-11-02,2714.078
2015-11-03,2710.942
2015-11-04,2707.806
2015-11-05,2704.67
2015-11-06,2701.534
2015-11-07,2698.398
2015-11-08,2695.2619999999997
2015-11-09,2692.1259999999997
2015-11-10,2688.99
2015-11-11,2685.854
2015-11-12,2682.718
2015-11-13,2679.582
2015-11-14,2676.446
2015-11-15,2673.31
2015-11-16,2670.174
2015-11-17,2667.038
2015-11-18,2663.902
2015-11-19,2660.766
2015-11-20,2657.63
2015-11-21,2654.494
2015-11-22,2651.358
2015-11-23,2648.2219999999998
2015-11-24,2645.086
2015-11-25,2641.95
2015-11-26,2638.814
2015-11-27,2635.678
2015-11-28,2632.542
2015-11-29,2629.406
2015-11-30,2626.27
2015-12-01,2625.430322580645
2015-12-02,2624.5906451612905
2015-12-03,2623.7509677419353
2015-12-04,2622.9112903225805
2015-12-05,2622.0716129032257
2015-12-06,2621.231935483871
2015-12-07,2620.392258064516
2015-12-08,2619.552580645161
2015-12-09,2618.7129032258063
2015-12-10,2617.8732258064515
2015-12-11,2617.0335483870967
2015-12-12,2616.193870967742
2015-12-13,2615.354193548387
2015-12-14,2614.514516129032
2015-12-15,2613.6748387096773
2015-12-16,2612.8351612903225
2015-12-17,2611.9954838709677
2015-12-18,2611.155806451613
2015-12-19,2610.316129032258
2015-12-20,2609.476451612903
2015-12-21,2608.6367741935483
2015-12-22,2607.7970967741935
2015-12-23,2606.9574193548387
2015-12-24,2606.1177419354835
2015-12-25,2605.278064516129
2015-12-26,2604.438387096774
2015-12-27,2603.5987096774193
2015-12-28,2602.7590322580645
2015-12-29,2601.9193548387093
2015-12-30,2601.0796774193545
2015-12-31,2600.24
2016-01-01,2602.082258064516
2016-01-02,2603.924516129032
2016-01-03,2605.7667741935484
2016-01-04,2607.6090322580644
2016-01-05,2609.4512903225805
2016-01-06,2611.2935483870965
2016-01-07,2613.1358064516126
2016-01-08,2614.978064516129
2016-01-09,2616.820322580645
2016-01-10,2618.662580645161
2016-01-11,2620.504838709677
2016-01-12,2622.3470967741932
2016-01-13,2624.1893548387097
2016-01-14,2626.031612903226
2016-01-15,2627.873870967742
2016-01-16,2629.716129032258
2016-01-17,2631.558387096774
2016-01-18,2633.40064516129
2016-01-19,2635.2429032258065
2016-01-20,2637.0851612903225
2016-01-21,2638.9274193548385
2016-01-22,2640.7696774193546
2016-01-23,2642.6119354838706
2016-01-24,2644.454193548387
2016-01-25,2646.296451612903
2016-01-26,2648.1387096774192
2016-01-27,2649.9809677419353
2016-01-28,2651.8232258064513
2016-01-29,2653.665483870968
2016-01-30,2655.507741935484
2016-01-31,2657.35
2016-02-01,2663.806551724138
2016-02-02,2670.2631034482756
2016-02-03,2676.7196551724137
2016-02-04,2683.176206896552
2016-02-05,2689.6327586206894
2016-02-06,2696.0893103448275
2016-02-07,2702.5458620689656
2016-02-08,2709.0024137931036
2016-02-09,2715.4589655172413
2016-02-10,2721.9155172413793
2016-02-11,2728.3720689655174
2016-02-12,2734.828620689655
2016-02-13,2741.285172413793
2016-02-14,2747.741724137931
2016-02-15,2754.198275862069
2016-02-16,2760.654827586207
2016-02-17,2767.111379310345
2016-02-18,2773.5679310344826
2016-02-19,2780.0244827586207
2016-02-20,2786.481034482759
2016-02-21,2792.9375862068964
2016-02-22,2799.3941379310345
2016-02-23,2805.8506896551726
2016-02-24,2812.3072413793107
2016-02-25,2818.7637931034483
2016-02-26,2825.2203448275864
2016-02-27,2831.6768965517244
2016-02-28,2838.133448275862
2016-02-29,2844.59
2016-03-01,2847.146129032258
2016-03-02,2849.702258064516
2016-03-03,2852.258387096774
2016-03-04,2854.814516129032
2016-03-05,2857.37064516129
2016-03-06,2859.9267741935487
2016-03-07,2862.4829032258067
2016-03-08,2865.0390322580647
2016-03-09,2867.5951612903227
2016-03-10,2870.1512903225807
2016-03-11,2872.7074193548387
2016-03-12,2875.2635483870968
2016-03-13,2877.819677419355
2016-03-14,2880.375806451613
2016-03-15,2882.931935483871
2016-03-16,2885.4880645161293
2016-03-17,2888.0441935483873
2016-03-18,2890.6003225806453
2016-03-19,2893.1564516129033
2016-03-20,2895.7125806451613
2016-03-21,2898.2687096774193
2016-03-22,2900.8248387096774
2016-03-23,2903.3809677419354
2016-03-24,2905.9370967741934
2016-03-25,2908.4932258064514
2016-03-26,2911.0493548387094
2016-03-27,2913.605483870968
2016-03-28,2916.161612903226
2016-03-29,2918.717741935484
2016-03-30,2921.273870967742
2016-03-31,2923.83
2016-04-01,2927.2343333333333
2016-04-02,2930.6386666666667
2016-04-03,2934.043
2016-04-04,2937.447333333333
2016-04-05,2940.8516666666665
2016-04-06,2944.256
2016-04-07,2947.6603333333333
2016-04-08,2951.0646666666667
2016-04-09,2954.469
2016-04-10,2957.8733333333334
2016-04-11,2961.277666666667
2016-04-12,2964.682
2016-04-13,2968.086333333333
2016-04-14,2971.4906666666666
2016-04-15,2974.895
2016-04-16,2978.2993333333334
2016-04-17,2981.703666666667
2016-04-18,2985.108
2016-04-19,2988.512333333333
2016-04-20,2991.9166666666665
2016-04-21,2995.321
2016-04-22,2998.7253333333333
2016-04-23,3002.1296666666667
2016-04-24,3005.534
2016-04-25,3008.9383333333335
2016-04-26,3012.342666666667
2016-04-27,3015.747
2016-04-28,3019.1513333333332
2016-04-29,3022.5556666666666
2016-04-30,3025.96
2016-05-01,3026.661935483871
2016-05-02,3027.363870967742
2016-05-03,3028.065806451613
2016-05-04,3028.767741935484
2016-05-05,3029.469677419355
2016-05-06,3030.1716129032257
2016-05-07,3030.873548387097
2016-05-08,3031.5754838709677
2016-05-09,3032.2774193548385
2016-05-10,3032.9793548387097
2016-05-11,3033.6812903225805
2016-05-12,3034.3832258064517
2016-05-13,3035.0851612903225
2016-05-14,3035.7870967741933
2016-05-15,3036.4890322580645
2016-05-16,3037.1909677419353
2016-05-17,3037.8929032258065
2016-05-18,3038.5948387096773
2016-05-19,3039.296774193548
2016-05-20,3039.9987096774194
2016-05-21,3040.70064516129
2016-05-22,3041.4025806451614
2016-05-23,3042.104516129032
2016-05-24,3042.806451612903
2016-05-25,3043.508387096774
2016-05-26,3044.210322580645
2016-05-27,3044.9122580645158
2016-05-28,3045.614193548387
2016-05-29,3046.316129032258
2016-05-30,3047.018064516129
2016-05-31,3047.72
2016-06-01,3044.048333333333
2016-06-02,3040.3766666666666
2016-06-03,3036.705
2016-06-04,3033.0333333333333
2016-06-05,3029.3616666666667
2016-06-06,3025.69
2016-06-07,3022.0183333333334
2016-06-08,3018.3466666666664
2016-06-09,3014.6749999999997
2016-06-10,3011.003333333333
2016-06-11,3007.3316666666665
2016-06-12,3003.66
2016-06-13,2999.9883333333332
2016-06-14,2996.3166666666666
2016-06-15,2992.645
2016-06-16,2988.9733333333334
2016-06-17,2985.3016666666667
2016-06-18,2981.63
2016-06-19,2977.9583333333335
2016-06-20,2974.286666666667
2016-06-21,2970.6150000000002
2016-06-22,2966.9433333333336
2016-06-23,2963.2716666666665
2016-06-24,2959.6
2016-06-25,2955.9283333333333
2016-06-26,2952.2566666666667
2016-06-27,2948.585
2016-06-28,2944.9133333333334
2016-06-29,2941.241666666667
2016-06-30,2937.57
2016-07-01,2930.795483870968
2016-07-02,2924.0209677419357
2016-07-03,2917.2464516129035
2016-07-04,2910.471935483871
2016-07-05,2903.697419354839
2016-07-06,2896.9229032258067
2016-07-07,2890.1483870967745
2016-07-08,2883.373870967742
2016-07-09,2876.5993548387096
2016-07-10,2869.8248387096774
2016-07-11,2863.050322580645
2016-07-12,2856.275806451613
2016-07-13,2849.5012903225806
2016-07-14,2842.7267741935484
2016-07-15,2835.952258064516
2016-07-16,2829.177741935484
2016-07-17,2822.4032258064517
2016-07-18,2815.6287096774195
2016-07-19,2808.8541935483872
2016-07-20,2802.079677419355
2016-07-21,2795.3051612903228
2016-07-22,2788.5306451612905
2016-07-23,2781.7561290322583
2016-07-24,2774.9816129032256
2016-07-25,2768.2070967741934
2016-07-26,2761.432580645161
2016-07-27,2754.658064516129
2016-07-28,2747.8835483870967
2016-07-29,2741.1090322580644
2016-07-30,2734.334516129032
2016-07-31,2727.56
2016-08-01,2739.73
2016-08-02,2751.9
2016-08-03,2764.07
2016-08-04,2776.24
2016-08-05,2788.41
2016-08-06,2800.58
2016-08-07,2812.75
2016-08-08,2824.92
2016-08-09,2837.09
2016-08-10,2849.2599999999998
2016-08-11,2861.43
2016-08-12,2873.6
2016-08-13,2885.77
2016-08-14,2897.94
2016-08-15,2910.11
2016-08-16,2922.2799999999997
2016-08-17,2934.45
2016-08-18,2946.62
2016-08-19,2958.79
2016-08-20,2970.96
2016-08-21,2983.13
2016-08-22,2995.3
2016-08-23,3007.47
2016-08-24,3019.64
2016-08-25,3031.81
2016-08-26,3043.98
2016-08-27,3056.15
2016-08-28,3068.3199999999997
2016-08-29,3080.49
2016-08-30,3092.66
2016-08-31,3104.83
2016-09-01,3110.602
2016-09-02,3116.374
2016-09-03,3122.1459999999997
2016-09-04,3127.918
2016-09-05,3133.69
2016-09-06,3139.462
2016-09-07,3145.234
2016-09-08,3151.006
2016-09-09,3156.778
2016-09-10,3162.5499999999997
2016-09-11,3168.3219999999997
2016-09-12,3174.094
2016-09-13,3179.866
2016-09-14,3185.638
2016-09-15,3191.41
2016-09-16,3197.182
2016-09-17,3202.9539999999997
2016-09-18,3208.7259999999997
2016-09-19,3214.498
2016-09-20,3220.27
2016-09-21,3226.042
2016-09-22,3231.814
2016-09-23,3237.586
2016-09-24,3243.3579999999997
2016-09-25,3249.1299999999997
2016-09-26,3254.902
2016-09-27,3260.674
2016-09-28,3266.446
2016-09-29,3272.218
2016-09-30,3277.99
2016-10-01,3273.290322580645
2016-10-02,3268.59064516129
2016-10-03,3263.890967741935
2016-10-04,3259.1912903225807
2016-10-05,3254.491612903226
2016-10-06,3249.791935483871
2016-10-07,3245.092258064516
2016-10-08,3240.392580645161
2016-10-09,3235.6929032258063
2016-10-10,3230.9932258064514
2016-10-11,3226.2935483870965
2016-10-12,3221.593870967742
2016-10-13,3216.894193548387
2016-10-14,3212.1945161290323
2016-10-15,3207.4948387096774
2016-10-16,3202.7951612903225
2016-10-17,3198.0954838709677
2016-10-18,3193.3958064516128
2016-10-19,3188.696129032258
2016-10-20,3183.9964516129035
2016-10-21,3179.2967741935486
2016-10-22,3174.5970967741937
2016-10-23,3169.897419354839
2016-10-24,3165.197741935484
2016-10-25,3160.498064516129
2016-10-26,3155.798387096774
2016-10-27,3151.0987096774193
2016-10-28,3146.399032258065
2016-10-29,3141.69935483871
2016-10-30,3136.999677419355
2016-10-31,3132.3
2016-11-01,3138.3776666666668
2016-11-02,3144.4553333333333
2016-11-03,3150.5330000000004
2016-11-04,3156.610666666667
2016-11-05,3162.6883333333335
2016-11-06,3168.766
2016-11-07,3174.8436666666666
2016-11-08,3180.9213333333337
2016-11-09,3186.9990000000003
2016-11-10,3193.076666666667
2016-11-11,3199.1543333333334
2016-11-12,3205.232
2016-11-13,3211.309666666667
2016-11-14,3217.3873333333336
2016-11-15,3223.465
2016-11-16,3229.5426666666667
2016-11-17,3235.6203333333333
2016-11-18,3241.6980000000003
2016-11-19,3247.775666666667
2016-11-20,3253.8533333333335
2016-11-21,3259.931
2016-11-22,3266.0086666666666
2016-11-23,3272.0863333333336
2016-11-24,3278.164
2016-11-25,3284.241666666667
2016-11-26,3290.3193333333334
2016-11-27,3296.397
2016-11-28,3302.474666666667
2016-11-29,3308.5523333333335
2016-11-30,3314.63
2016-12-01,3324.4783870967744
2016-12-02,3334.3267741935483
2016-12-03,3344.1751612903226
2016-12-04,3354.023548387097
2016-12-05,3363.871935483871
2016-12-06,3373.720322580645
2016-12-07,3383.5687096774195
2016-12-08,3393.4170967741934
2016-12-09,3403.2654838709677
2016-12-10,3413.113870967742
2016-12-11,3422.962258064516
2016-12-12,3432.8106451612903
2016-12-13,3442.6590322580646
2016-12-14,3452.507419354839
2016-12-15,3462.355806451613
2016-12-16,3472.204193548387
2016-12-17,3482.0525806451615
2016-12-18,3491.9009677419353
2016-12-19,3501.7493548387097
2016-12-20,3511.597741935484
2016-12-21,3521.446129032258
2016-12-22,3531.294516129032
2016-12-23,3541.1429032258065
2016-12-24,3550.9912903225804
2016-12-25,3560.8396774193548
2016-12-26,3570.688064516129
2016-12-27,3580.536451612903
2016-12-28,3590.3848387096773
2016-12-29,3600.2332258064516
2016-12-30,3610.0816129032255
2016-12-31,3619.93
2017-01-01,3621.9132258064515
2017-01-02,3623.896451612903
2017-01-03,3625.8796774193547
2017-01-04,3627.8629032258063
2017-01-05,3629.846129032258
2017-01-06,3631.8293548387096
2017-01-07,3633.8125806451612
2017-01-08,3635.795806451613
2017-01-09,3637.7790322580645
2017-01-10,3639.762258064516
2017-01-11,3641.7454838709677
2017-01-12,3643.7287096774194
2017-01-13,3645.711935483871
2017-01-14,3647.6951612903226
2017-01-15,3649.6783870967743
2017-01-16,3651.6616129032254
2017-01-17,3653.644838709677
2017-01-18,3655.6280645161287
2017-01-19,3657.6112903225803
2017-01-20,3659.594516129032
2017-01-21,3661.5777419354836
2017-01-22,3663.560967741935
2017-01-23,3665.544193548387
2017-01-24,3667.5274193548385
2017-01-25,3669.51064516129
2017-01-26,3671.4938709677417
2017-01-27,3673.4770967741933
2017-01-28,3675.460322580645
2017-01-29,3677.4435483870966
2017-01-30,3679.426774193548
2017-01-31,3681.41
2017-02-01,3678.302857142857
2017-02-02,3675.195714285714
2017-02-03,3672.0885714285714
2017-02-04,3668.9814285714283
2017-02-05,3665.8742857142856
2017-02-06,3662.7671428571425
2017-02-07,3659.66
2017-02-08,3656.552857142857
2017-02-09,3653.445714285714
2017-02-10,3650.3385714285714
2017-02-11,3647.2314285714283
2017-02-12,3644.1242857142856
2017-02-13,3641.0171428571425
2017-02-14,3637.91
2017-02-15,3634.802857142857
2017-02-16,3631.695714285714
2017-02-17,3628.5885714285714
2017-02-18,3625.4814285714283
2017-02-19,3622.3742857142856
2017-02-20,3619.2671428571425
2017-02-21,3616.16
2017-02-22,3613.052857142857
2017-02-23,3609.945714285714
2017-02-24,3606.8385714285714
2017-02-25,3603.7314285714283
2017-02-26,3600.6242857142856
2017-02-27,3597.5171428571425
2017-02-28,3594.41
2017-03-01,3589.98
2017-03-02,3585.5499999999997
2017-03-03,3581.12
2017-03-04,3576.69
2017-03-05,3572.2599999999998
2017-03-06,3567.83
2017-03-07,3563.4
2017-03-08,3558.97
2017-03-09,3554.54
2017-03-10,3550.1099999999997
2017-03-11,3545.68
2017-03-12,3541.25
2017-03-13,3536.8199999999997
2017-03-14,3532.39
2017-03-15,3527.96
2017-03-16,3523.5299999999997
2017-03-17,3519.1
2017-03-18,3514.67
2017-03-19,3510.24
2017-03-20,3505.81
2017-03-21,3501.38
2017-03-22,3496.95
2017-03-23,3492.52
2017-03-24,3488.0899999999997
2017-03-25,3483.66
2017-03-26,3479.23
2017-03-27,3474.7999999999997
2017-03-28,3470.37
2017-03-29,3465.94
2017-03-30,3461.5099999999998
2017-03-31,3457.08
2017-04-01,3452.3276666666666
2017-04-02,3447.575333333333
2017-04-03,3442.823
2017-04-04,3438.0706666666665
2017-04-05,3433.318333333333
2017-04-06,3428.566
2017-04-07,3423.8136666666664
2017-04-08,3419.0613333333336
2017-04-09,3414.309
2017-04-10,3409.556666666667
2017-04-11,3404.8043333333335
2017-04-12,3400.052
2017-04-13,3395.299666666667
2017-04-14,3390.5473333333334
2017-04-15,3385.795
2017-04-16,3381.0426666666667
2017-04-17,3376.2903333333334
2017-04-18,3371.538
2017-04-19,3366.7856666666667
2017-04-20,3362.0333333333333
2017-04-21,3357.281
2017-04-22,3352.5286666666666
2017-04-23,3347.7763333333337
2017-04-24,3343.0240000000003
2017-04-25,3338.271666666667
2017-04-26,3333.5193333333336
2017-04-27,3328.7670000000003
2017-04-28,3324.014666666667
2017-04-29,3319.2623333333336
2017-04-30,3314.51
2017-05-01,3313.7861290322585
2017-05-02,3313.0622580645163
2017-05-03,3312.3383870967746
2017-05-04,3311.6145161290324
2017-05-05,3310.8906451612906
2017-05-06,3310.1667741935485
2017-05-07,3309.4429032258067
2017-05-08,3308.7190322580645
2017-05-09,3307.995161290323
2017-05-10,3307.2712903225806
2017-05-11,3306.547419354839
2017-05-12,3305.823548387097
2017-05-13,3305.099677419355
2017-05-14,3304.3758064516132
2017-05-15,3303.651935483871
2017-05-16,3302.9280645161293
2017-05-17,3302.204193548387
2017-05-18,3301.4803225806454
2017-05-19,3300.756451612903
2017-05-20,3300.0325806451615
2017-05-21,3299.3087096774198
2017-05-22,3298.5848387096776
2017-05-23,3297.860967741936
2017-05-24,3297.1370967741937
2017-05-25,3296.413225806452
2017-05-26,3295.6893548387097
2017-05-27,3294.965483870968
2017-05-28,3294.241612903226
2017-05-29,3293.517741935484
2017-05-30,3292.793870967742
2017-05-31,3292.07
2017-06-01,3287.1046666666666
2017-06-02,3282.1393333333335
2017-06-03,3277.174
2017-06-04,3272.208666666667
2017-06-05,3267.2433333333333
2017-06-06,3262.2780000000002
2017-06-07,3257.3126666666667
2017-06-08,3252.3473333333336
2017-06-09,3247.382
2017-06-10,3242.416666666667
2017-06-11,3237.4513333333334
2017-06-12,3232.4860000000003
2017-06-13,3227.520666666667
2017-06-14,3222.5553333333337
2017-06-15,3217.59
2017-06-16,3212.6246666666666
2017-06-17,3207.6593333333335
2017-06-18,3202.694
2017-06-19,3197.728666666667
2017-06-20,3192.7633333333333
2017-06-21,3187.7980000000002
2017-06-22,3182.8326666666667
2017-06-23,3177.8673333333336
2017-06-24,3172.902
2017-06-25,3167.936666666667
2017-06-26,3162.9713333333334
2017-06-27,3158.0060000000003
2017-06-28,3153.0406666666668
2017-06-29,3148.075333333333
2017-06-30,3143.11
2017-07-01,3141.4264516129033
2017-07-02,3139.7429032258065
2017-07-03,3138.0593548387096
2017-07-04,3136.3758064516132
2017-07-05,3134.6922580645164
2017-07-06,3133.0087096774196
2017-07-07,3131.3251612903227
2017-07-08,3129.641612903226
2017-07-09,3127.958064516129
2017-07-10,3126.2745161290322
2017-07-11,3124.5909677419354
2017-07-12,3122.907419354839
2017-07-13,3121.223870967742
2017-07-14,3119.5403225806454
2017-07-15,3117.8567741935485
2017-07-16,3116.1732258064517
2017-07-17,3114.489677419355
2017-07-18,3112.806129032258
2017-07-19,3111.122580645161
2017-07-20,3109.439032258065
2017-07-21,3107.755483870968
2017-07-22,3106.071935483871
2017-07-23,3104.3883870967743
2017-07-24,3102.7048387096775
2017-07-25,3101.0212903225806
2017-07-26,3099.337741935484
2017-07-27,3097.654193548387
2017-07-28,3095.9706451612906
2017-07-29,3094.2870967741937
2017-07-30,3092.603548387097
2017-07-31,3090.92
2017-08-01,3090.4367741935484
2017-08-02,3089.953548387097
2017-08-03,3089.470322580645
2017-08-04,3088.9870967741936
2017-08-05,3088.503870967742
2017-08-06,3088.0206451612903
2017-08-07,3087.5374193548387
2017-08-08,3087.054193548387
2017-08-09,3086.5709677419354
2017-08-10,3086.087741935484
2017-08-11,3085.604516129032
2017-08-12,3085.1212903225805
2017-08-13,3084.638064516129
2017-08-14,3084.1548387096773
2017-08-15,3083.6716129032257
2017-08-16,3083.1883870967745
2017-08-17,3082.705161290323
2017-08-18,3082.221935483871
2017-08-19,3081.7387096774196
2017-08-20,3081.255483870968
2017-08-21,3080.7722580645163
2017-08-22,3080.2890322580647
2017-08-23,3079.805806451613
2017-08-24,3079.3225806451615
2017-08-25,3078.83935483871
2017-08-26,3078.356129032258
2017-08-27,3077.8729032258066
2017-08-28,3077.389677419355
2017-08-29,3076.9064516129033
2017-08-30,3076.4232258064517
2017-08-31,3075.94
2017-09-01,3079.371
2017-09-02,3082.802
2017-09-03,3086.233
2017-09-04,3089.664
2017-09-05,3093.0950000000003
2017-09-06,3096.526
2017-09-07,3099.957
2017-09-08,3103.388
2017-09-09,3106.819
2017-09-10,3110.25
2017-09-11,3113.681
2017-09-12,3117.112
2017-09-13,3120.543
2017-09-14,3123.974
2017-09-15,3127.4049999999997
2017-09-16,3130.836
2017-09-17,3134.267
2017-09-18,3137.698
2017-09-19,3141.129
2017-09-20,3144.56
2017-09-21,3147.991
2017-09-22,3151.422
2017-09-23,3154.853
2017-09-24,3158.284
2017-09-25,3161.715
2017-09-26,3165.1459999999997
2017-09-27,3168.5769999999998
2017-09-28,3172.008
2017-09-29,3175.439
2017-09-30,3178.87
2017-10-01,3178.1929032258063
2017-10-02,3177.5158064516127
2017-10-03,3176.838709677419
2017-10-04,3176.161612903226
2017-10-05,3175.4845161290323
2017-10-06,3174.8074193548387
2017-10-07,3174.130322580645
2017-10-08,3173.4532258064514
2017-10-09,3172.776129032258
2017-10-10,3172.0990322580647
2017-10-11,3171.421935483871
2017-10-12,3170.7448387096774
2017-10-13,3170.067741935484
2017-10-14,3169.39064516129
2017-10-15,3168.7135483870966
2017-10-16,3168.0364516129034
2017-10-17,3167.35935483871
2017-10-18,3166.682258064516
2017-10-19,3166.0051612903226
2017-10-20,3165.328064516129
2017-10-21,3164.6509677419353
2017-10-22,3163.973870967742
2017-10-23,3163.2967741935486
2017-10-24,3162.619677419355
2017-10-25,3161.9425806451613
2017-10-26,3161.2654838709677
2017-10-27,3160.588387096774
2017-10-28,3159.911290322581
2017-10-29,3159.2341935483873
2017-10-30,3158.5570967741937
2017-10-31,3157.88
2017-11-01,3154.128
2017-11-02,3150.376
2017-11-03,3146.6240000000003
2017-11-04,3142.8720000000003
2017-11-05,3139.12
2017-11-06,3135.368
2017-11-07,3131.616
2017-11-08,3127.864
2017-11-09,3124.112
2017-11-10,3120.36
2017-11-11,3116.608
2017-11-12,3112.856
2017-11-13,3109.1040000000003
2017-11-14,3105.3520000000003
2017-11-15,3101.6000000000004
2017-11-16,3097.848
2017-11-17,3094.096
2017-11-18,3090.344
2017-11-19,3086.592
2017-11-20,3082.84
2017-11-21,3079.088
2017-11-22,3075.3360000000002
2017-11-23,3071.5840000000003
2017-11-24,3067.8320000000003
2017-11-25,3064.08
2017-11-26,3060.328
2017-11-27,3056.576
2017-11-28,3052.824
2017-11-29,3049.072
2017-11-30,3045.32
2017-12-01,3036.4270967741936
2017-12-02,3027.534193548387
2017-12-03,3018.641290322581
2017-12-04,3009.7483870967744
2017-12-05,3000.855483870968
2017-12-06,2991.9625806451613
2017-12-07,2983.069677419355
2017-12-08,2974.1767741935487
2017-12-09,2965.283870967742
2017-12-10,2956.3909677419356
2017-12-11,2947.498064516129
2017-12-12,2938.6051612903225
2017-12-13,2929.7122580645164
2017-12-14,2920.81935483871
2017-12-15,2911.9264516129033
2017-12-16,2903.0335483870967
2017-12-17,2894.14064516129
2017-12-18,2885.2477419354836
2017-12-19,2876.3548387096776
2017-12-20,2867.461935483871
2017-12-21,2858.5690322580645
2017-12-22,2849.676129032258
2017-12-23,2840.783225806452
2017-12-24,2831.8903225806453
2017-12-25,2822.9974193548387
2017-12-26,2814.104516129032
2017-12-27,2805.2116129032256
2017-12-28,2796.318709677419
2017-12-29,2787.425806451613
2017-12-30,2778.5329032258064
2017-12-31,2769.64
2018-01-01,2770.1070967741935
2018-01-02,2770.574193548387
2018-01-03,2771.0412903225806
2018-01-04,2771.508387096774
2018-01-05,2771.9754838709678
2018-01-06,2772.4425806451613
2018-01-07,2772.909677419355
2018-01-08,2773.376774193548
2018-01-09,2773.8438709677416
2018-01-10,2774.310967741935
2018-01-11,2774.778064516129
2018-01-12,2775.2451612903224
2018-01-13,2775.712258064516
2018-01-14,2776.1793548387095
2018-01-15,2776.646451612903
2018-01-16,2777.1135483870967
2018-01-17,2777.5806451612902
2018-01-18,2778.047741935484
2018-01-19,2778.5148387096774
2018-01-20,2778.981935483871
2018-01-21,2779.4490322580646
2018-01-22,2779.916129032258
2018-01-23,2780.3832258064517
2018-01-24,2780.850322580645
2018-01-25,2781.3174193548384
2018-01-26,2781.784516129032
2018-01-27,2782.2516129032256
2018-01-28,2782.718709677419
2018-01-29,2783.1858064516127
2018-01-30,2783.6529032258063
2018-01-31,2784.12
2018-02-01,2783.85
2018-02-02,2783.58
2018-02-03,2783.31
2018-02-04,2783.04
2018-02-05,2782.77
2018-02-06,2782.5
2018-02-07,2782.23
2018-02-08,2781.96
2018-02-09,2781.69
2018-02-10,2781.42
2018-02-11,2781.15
2018-02-12,2780.88
2018-02-13,2780.61
2018-02-14,2780.34
2018-02-15,2780.0699999999997
2018-02-16,2779.7999999999997
2018-02-17,2779.5299999999997
2018-02-18,2779.2599999999998
2018-02-19,2778.99
2018-02-20,2778.72
2018-02-21,2778.45
2018-02-22,2778.18
2018-02-23,2777.91
2018-02-24,2777.64
2018-02-25,2777.37
2018-02-26,2777.1
2018-02-27,2776.83
2018-02-28,2776.56
2018-03-01,2775.883870967742
2018-03-02,2775.2077419354837
2018-03-03,2774.531612903226
2018-03-04,2773.855483870968
2018-03-05,2773.1793548387095
2018-03-06,2772.5032258064516
2018-03-07,2771.8270967741937
2018-03-08,2771.1509677419353
2018-03-09,2770.4748387096774
2018-03-10,2769.798709677419
2018-03-11,2769.122580645161
2018-03-12,2768.4464516129033
2018-03-13,2767.770322580645
2018-03-14,2767.094193548387
2018-03-15,2766.418064516129
2018-03-16,2765.7419354838707
2018-03-17,2765.065806451613
2018-03-18,2764.389677419355
2018-03-19,2763.7135483870966
2018-03-20,2763.0374193548387
2018-03-21,2762.3612903225808
2018-03-22,2761.6851612903224
2018-03-23,2761.0090322580645
2018-03-24,2760.332903225806
2018-03-25,2759.6567741935482
2018-03-26,2758.9806451612903
2018-03-27,2758.304516129032
2018-03-28,2757.628387096774
2018-03-29,2756.952258064516
2018-03-30,2756.276129032258
2018-03-31,2755.6
2018-04-01,2754.578
2018-04-02,2753.556
2018-04-03,2752.534
2018-04-04,2751.5119999999997
2018-04-05,2750.49
2018-04-06,2749.468
2018-04-07,2748.446
2018-04-08,2747.424
2018-04-09,2746.402
2018-04-10,2745.38
2018-04-11,2744.358
2018-04-12,2743.336
2018-04-13,2742.314
2018-04-14,2741.292
2018-04-15,2740.27
2018-04-16,2739.248
2018-04-17,2738.226
2018-04-18,2737.204
2018-04-19,2736.182
2018-04-20,2735.16
2018-04-21,2734.138
2018-04-22,2733.116
2018-04-23,2732.094
2018-04-24,2731.072
2018-04-25,2730.05
2018-04-26,2729.0280000000002
2018-04-27,2728.006
2018-04-28,2726.984
2018-04-29,2725.962
2018-04-30,2724.94
2018-05-01,2724.91
2018-05-02,2724.88
2018-05-03,2724.85
2018-05-04,2724.82
2018-05-05,2724.79
2018-05-06,2724.76
2018-05-07,2724.73
2018-05-08,2724.7000000000003
2018-05-09,2724.67
2018-05-10,2724.6400000000003
2018-05-11,2724.61
2018-05-12,2724.58
2018-05-13,2724.55
2018-05-14,2724.52
2018-05-15,2724.4900000000002
2018-05-16,2724.46
2018-05-17,2724.4300000000003
2018-05-18,2724.4
2018-05-19,2724.3700000000003
2018-05-20,2724.34
2018-05-21,2724.31
2018-05-22,2724.28
2018-05-23,2724.25
2018-05-24,2724.2200000000003
2018-05-25,2724.19
2018-05-26,2724.1600000000003
2018-05-27,2724.13
2018-05-28,2724.1000000000004
2018-05-29,2724.07
2018-05-30,2724.0400000000004
2018-05-31,2724.01
2018-06-01,2720.739666666667
2018-06-02,2717.4693333333335
2018-06-03,2714.199
2018-06-04,2710.9286666666667
2018-06-05,2707.6583333333338
2018-06-06,2704.3880000000004
2018-06-07,2701.117666666667
2018-06-08,2697.8473333333336
2018-06-09,2694.577
2018-06-10,2691.306666666667
2018-06-11,2688.0363333333335
2018-06-12,2684.766
2018-06-13,2681.4956666666667
2018-06-14,2678.2253333333333
2018-06-15,2674.9550000000004
2018-06-16,2671.684666666667
2018-06-17,2668.4143333333336
2018-06-18,2665.1440000000002
2018-06-19,2661.873666666667
2018-06-20,2658.6033333333335
2018-06-21,2655.333
2018-06-22,2652.0626666666667
2018-06-23,2648.7923333333333
2018-06-24,2645.522
2018-06-25,2642.251666666667
2018-06-26,2638.9813333333336
2018-06-27,2635.7110000000002
2018-06-28,2632.440666666667
2018-06-29,2629.1703333333335
2018-06-30,2625.9
2018-07-01,2621.6780645161293
2018-07-02,2617.456129032258
2018-07-03,2613.2341935483873
2018-07-04,2609.012258064516
2018-07-05,2604.7903225806454
2018-07-06,2600.568387096774
2018-07-07,2596.3464516129034
2018-07-08,2592.124516129032
2018-07-09,2587.9025806451614
2018-07-10,2583.68064516129
2018-07-11,2579.4587096774194
2018-07-12,2575.2367741935486
2018-07-13,2571.0148387096774
2018-07-14,2566.7929032258066
2018-07-15,2562.5709677419354
2018-07-16,2558.3490322580647
2018-07-17,2554.1270967741934
2018-07-18,2549.9051612903227
2018-07-19,2545.6832258064514
2018-07-20,2541.4612903225807
2018-07-21,2537.23935483871
2018-07-22,2533.0174193548387
2018-07-23,2528.795483870968
2018-07-24,2524.5735483870967
2018-07-25,2520.351612903226
2018-07-26,2516.1296774193547
2018-07-27,2511.907741935484
2018-07-28,2507.6858064516127
2018-07-29,2503.463870967742
2018-07-30,2499.2419354838707
2018-07-31,2495.02
2018-08-01,2495.59
2018-08-02,2496.16
2018-08-03,2496.73
2018-08-04,2497.3
2018-08-05,2497.87
2018-08-06,2498.44
2018-08-07,2499.01
2018-08-08,2499.58
2018-08-09,2500.15
2018-08-10,2500.72
2018-08-11,2501.29
2018-08-12,2501.86
2018-08-13,2502.43
2018-08-14,2503.0
2018-08-15,2503.57
2018-08-16,2504.14
2018-08-17,2504.71
2018-08-18,2505.28
2018-08-19,2505.85
2018-08-20,2506.42
2018-08-21,2506.9900000000002
2018-08-22,2507.56
2018-08-23,2508.13
2018-08-24,2508.7
2018-08-25,2509.27
2018-08-26,2509.84
2018-08-27,2510.41
2018-08-28,2510.98
2018-08-29,2511.55
2018-08-30,2512.12
2018-08-31,2512.69
2018-09-01,2512.4563333333335
2018-09-02,2512.2226666666666
2018-09-03,2511.989
2018-09-04,2511.7553333333335
2018-09-05,2511.5216666666665
2018-09-06,2511.288
2018-09-07,2511.0543333333335
2018-09-08,2510.8206666666665
2018-09-09,2510.587
2018-09-10,2510.3533333333335
2018-09-11,2510.1196666666665
2018-09-12,2509.886
2018-09-13,2509.6523333333334
2018-09-14,2509.4186666666665
2018-09-15,2509.185
2018-09-16,2508.9513333333334
2018-09-17,2508.7176666666664
2018-09-18,2508.484
2018-09-19,2508.2503333333334
2018-09-20,2508.0166666666664
2018-09-21,2507.783
2018-09-22,2507.5493333333334
2018-09-23,2507.3156666666664
2018-09-24,2507.082
2018-09-25,2506.8483333333334
2018-09-26,2506.6146666666664
2018-09-27,2506.381
2018-09-28,2506.1473333333333
2018-09-29,2505.9136666666664
2018-09-30,2505.68
2018-10-01,2504.044193548387
2018-10-02,2502.408387096774
2018-10-03,2500.7725806451613
2018-10-04,2499.1367741935483
2018-10-05,2497.5009677419353
2018-10-06,2495.8651612903222
2018-10-07,2494.2293548387097
2018-10-08,2492.5935483870967
2018-10-09,2490.9577419354837
2018-10-10,2489.3219354838707
2018-10-11,2487.6861290322577
2018-10-12,2486.050322580645
2018-10-13,2484.414516129032
2018-10-14,2482.778709677419
2018-10-15,2481.142903225806
2018-10-16,2479.5070967741935
2018-10-17,2477.8712903225805
2018-10-18,2476.2354838709675
2018-10-19,2474.5996774193545
2018-10-20,2472.963870967742
2018-10-21,2471.328064516129
2018-10-22,2469.692258064516
2018-10-23,2468.056451612903
2018-10-24,2466.42064516129
2018-10-25,2464.7848387096774
2018-10-26,2463.1490322580644
2018-10-27,2461.5132258064514
2018-10-28,2459.8774193548384
2018-10-29,2458.241612903226
2018-10-30,2456.605806451613
2018-10-31,2454.97
2018-11-01,2448.3579999999997
2018-11-02,2441.7459999999996
2018-11-03,2435.134
2018-11-04,2428.522
2018-11-05,2421.91
2018-11-06,2415.298
2018-11-07,2408.6859999999997
2018-11-08,2402.074
2018-11-09,2395.462
2018-11-10,2388.85
2018-11-11,2382.238
2018-11-12,2375.6259999999997
2018-11-13,2369.014
2018-11-14,2362.402
2018-11-15,2355.79
2018-11-16,2349.178
2018-11-17,2342.566
2018-11-18,2335.954
2018-11-19,2329.342
2018-11-20,2322.73
2018-11-21,2316.118
2018-11-22,2309.506
2018-11-23,2302.8940000000002
2018-11-24,2296.282
2018-11-25,2289.67
2018-11-26,2283.058
2018-11-27,2276.446
2018-11-28,2269.8340000000003
2018-11-29,2263.222
2018-11-30,2256.61
2018-12-01,2255.8767741935485
2018-12-02,2255.143548387097
2018-12-03,2254.4103225806452
2018-12-04,2253.6770967741936
2018-12-05,2252.943870967742
2018-12-06,2252.2106451612904
2018-12-07,2251.4774193548387
2018-12-08,2250.744193548387
2018-12-09,2250.0109677419355
2018-12-10,2249.277741935484
2018-12-11,2248.544516129032
2018-12-12,2247.8112903225806
2018-12-13,2247.078064516129
2018-12-14,2246.3448387096773
2018-12-15,2245.6116129032257
2018-12-16,2244.8783870967745
2018-12-17,2244.145161290323
2018-12-18,2243.4119354838713
2018-12-19,2242.6787096774196
2018-12-20,2241.945483870968
2018-12-21,2241.2122580645164
2018-12-22,2240.4790322580648
2018-12-23,2239.745806451613
2018-12-24,2239.0125806451615
2018-12-25,2238.27935483871
2018-12-26,2237.5461290322582
2018-12-27,2236.8129032258066
2018-12-28,2236.079677419355
2018-12-29,2235.3464516129034
2018-12-30,2234.6132258064517
2018-12-31,2233.88
2019-01-01,2239.437741935484
2019-01-02,2244.9954838709677
2019-01-03,2250.553225806452
2019-01-04,2256.1109677419354
2019-01-05,2261.6687096774194
2019-01-06,2267.2264516129035
2019-01-07,2272.784193548387
2019-01-08,2278.341935483871
2019-01-09,2283.899677419355
2019-01-10,2289.4574193548387
2019-01-11,2295.015161290323
2019-01-12,2300.5729032258064
2019-01-13,2306.1306451612904
2019-01-14,2311.6883870967745
2019-01-15,2317.246129032258
2019-01-16,2322.803870967742
2019-01-17,2328.3616129032257
2019-01-18,2333.9193548387098
2019-01-19,2339.477096774194
2019-01-20,2345.0348387096774
2019-01-21,2350.5925806451614
2019-01-22,2356.150322580645
2019-01-23,2361.708064516129
2019-01-24,2367.265806451613
2019-01-25,2372.8235483870967
2019-01-26,2378.3812903225808
2019-01-27,2383.939032258065
2019-01-28,2389.4967741935484
2019-01-29,2395.0545161290324
2019-01-30,2400.612258064516
2019-01-31,2406.17
2019-02-01,2407.975
2019-02-02,2409.78
2019-02-03,2411.585
2019-02-04,2413.39
2019-02-05,2415.195
2019-02-06,2417.0
2019-02-07,2418.8050000000003
2019-02-08,2420.61
2019-02-09,2422.415
2019-02-10,2424.2200000000003
2019-02-11,2426.025
2019-02-12,2427.83
2019-02-13,2429.635
2019-02-14,2431.44
2019-02-15,2433.245
2019-02-16,2435.05
2019-02-17,2436.855
2019-02-18,2438.66
2019-02-19,2440.465
2019-02-20,2442.27
2019-02-21,2444.075
2019-02-22,2445.88
2019-02-23,2447.685
2019-02-24,2449.4900000000002
2019-02-25,2451.295
2019-02-26,2453.1
2019-02-27,2454.905
2019-02-28,2456.71
2019-03-01,2452.8606451612904
2019-03-02,2449.011290322581
2019-03-03,2445.161935483871
2019-03-04,2441.3125806451612
2019-03-05,2437.4632258064516
2019-03-06,2433.613870967742
2019-03-07,2429.7645161290325
2019-03-08,2425.9151612903224
2019-03-09,2422.065806451613
2019-03-10,2418.2164516129033
2019-03-11,2414.3670967741937
2019-03-12,2410.517741935484
2019-03-13,2406.668387096774
2019-03-14,2402.8190322580645
2019-03-15,2398.969677419355
2019-03-16,2395.1203225806453
2019-03-17,2391.2709677419357
2019-03-18,2387.421612903226
2019-03-19,2383.572258064516
2019-03-20,2379.7229032258065
2019-03-21,2375.873548387097
2019-03-22,2372.0241935483873
2019-03-23,2368.1748387096777
2019-03-24,2364.3254838709677
2019-03-25,2360.476129032258
2019-03-26,2356.6267741935485
2019-03-27,2352.777419354839
2019-03-28,2348.9280645161293
2019-03-29,2345.0787096774193
2019-03-30,2341.2293548387097
2019-03-31,2337.38
2019-04-01,2340.1643333333336
2019-04-02,2342.9486666666667
2019-04-03,2345.733
2019-04-04,2348.517333333333
2019-04-05,2351.3016666666667
2019-04-06,2354.0860000000002
2019-04-07,2356.8703333333333
2019-04-08,2359.654666666667
2019-04-09,2362.439
2019-04-10,2365.2233333333334
2019-04-11,2368.007666666667
2019-04-12,2370.792
2019-04-13,2373.5763333333334
2019-04-14,2376.3606666666665
2019-04-15,2379.145
2019-04-16,2381.9293333333335
2019-04-17,2384.7136666666665
2019-04-18,2387.498
2019-04-19,2390.282333333333
2019-04-20,2393.0666666666666
2019-04-21,2395.851
2019-04-22,2398.635333333333
2019-04-23,2401.4196666666667
2019-04-24,2404.2039999999997
2019-04-25,2406.9883333333332
2019-04-26,2409.7726666666667
2019-04-27,2412.557
2019-04-28,2415.3413333333333
2019-04-29,2418.1256666666663
2019-04-30,2420.91
2019-05-01,2418.576129032258
2019-05-02,2416.242258064516
2019-05-03,2413.9083870967743
2019-05-04,2411.574516129032
2019-05-05,2409.24064516129
2019-05-06,2406.9067741935482
2019-05-07,2404.5729032258064
2019-05-08,2402.2390322580645
2019-05-09,2399.9051612903227
2019-05-10,2397.5712903225804
2019-05-11,2395.2374193548385
2019-05-12,2392.9035483870966
2019-05-13,2390.569677419355
2019-05-14,2388.235806451613
2019-05-15,2385.901935483871
2019-05-16,2383.5680645161287
2019-05-17,2381.234193548387
2019-05-18,2378.900322580645
2019-05-19,2376.566451612903
2019-05-20,2374.2325806451613
2019-05-21,2371.8987096774194
2019-05-22,2369.564838709677
2019-05-23,2367.2309677419353
2019-05-24,2364.8970967741934
2019-05-25,2362.5632258064516
2019-05-26,2360.2293548387097
2019-05-27,2357.895483870968
2019-05-28,2355.561612903226
2019-05-29,2353.2277419354837
2019-05-30,2350.893870967742
2019-05-31,2348.56
2019-06-01,2346.876333333333
2019-06-02,2345.192666666667
2019-06-03,2343.509
2019-06-04,2341.825333333333
2019-06-05,2340.1416666666664
2019-06-06,2338.458
2019-06-07,2336.7743333333333
2019-06-08,2335.0906666666665
2019-06-09,2333.407
2019-06-10,2331.7233333333334
2019-06-11,2330.0396666666666
2019-06-12,2328.356
2019-06-13,2326.6723333333334
2019-06-14,2324.9886666666666
2019-06-15,2323.3050000000003
2019-06-16,2321.6213333333335
2019-06-17,2319.9376666666667
2019-06-18,2318.254
2019-06-19,2316.5703333333336
2019-06-20,2314.8866666666668
2019-06-21,2313.203
2019-06-22,2311.5193333333336
2019-06-23,2309.835666666667
2019-06-24,2308.152
2019-06-25,2306.4683333333332
2019-06-26,2304.784666666667
2019-06-27,2303.101
2019-06-28,2301.4173333333333
2019-06-29,2299.733666666667
2019-06-30,2298.05
2019-07-01,2296.26
2019-07-02,2294.4700000000003
2019-07-03,2292.6800000000003
2019-07-04,2290.8900000000003
2019-07-05,2289.1000000000004
2019-07-06,2287.31
2019-07-07,2285.52
2019-07-08,2283.73
2019-07-09,2281.94
2019-07-10,2280.15
2019-07-11,2278.36
2019-07-12,2276.57
2019-07-13,2274.78
2019-07-14,2272.9900000000002
2019-07-15,2271.2000000000003
2019-07-16,2269.41
2019-07-17,2267.62
2019-07-18,2265.83
2019-07-19,2264.04
2019-07-20,2262.25
2019-07-21,2260.46
2019-07-22,2258.67
2019-07-23,2256.88
2019-07-24,2255.09
2019-07-25,2253.3
2019-07-26,2251.5099999999998
2019-07-27,2249.72
2019-07-28,2247.93
2019-07-29,2246.14
2019-07-30,2244.35
2019-07-31,2242.56
2019-08-01,2249.404193548387
2019-08-02,2256.248387096774
2019-08-03,2263.0925806451614
2019-08-04,2269.9367741935484
2019-08-05,2276.7809677419355
2019-08-06,2283.6251612903225
2019-08-07,2290.4693548387095
2019-08-08,2297.313548387097
2019-08-09,2304.157741935484
2019-08-10,2311.001935483871
2019-08-11,2317.846129032258
2019-08-12,2324.690322580645
2019-08-13,2331.5345161290325
2019-08-14,2338.3787096774195
2019-08-15,2345.2229032258065
2019-08-16,2352.0670967741935
2019-08-17,2358.9112903225805
2019-08-18,2365.7554838709675
2019-08-19,2372.599677419355
2019-08-20,2379.443870967742
2019-08-21,2386.288064516129
2019-08-22,2393.132258064516
2019-08-23,2399.976451612903
2019-08-24,2406.8206451612905
2019-08-25,2413.6648387096775
2019-08-26,2420.5090322580645
2019-08-27,2427.3532258064515
2019-08-28,2434.1974193548385
2019-08-29,2441.041612903226
2019-08-30,2447.885806451613
2019-08-31,2454.73
2019-09-01,2453.866666666667
2019-09-02,2453.0033333333336
2019-09-03,2452.14
2019-09-04,2451.2766666666666
2019-09-05,2450.4133333333334
2019-09-06,2449.55
2019-09-07,2448.6866666666665
2019-09-08,2447.8233333333333
2019-09-09,2446.96
2019-09-10,2446.096666666667
2019-09-11,2445.233333333333
2019-09-12,2444.37
2019-09-13,2443.5066666666667
2019-09-14,2442.6433333333334
2019-09-15,2441.7799999999997
2019-09-16,2440.9166666666665
2019-09-17,2440.0533333333333
2019-09-18,2439.19
2019-09-19,2438.326666666667
2019-09-20,2437.463333333333
2019-09-21,2436.6
2019-09-22,2435.7366666666667
2019-09-23,2434.8733333333334
2019-09-24,2434.0099999999998
2019-09-25,2433.1466666666665
2019-09-26,2432.2833333333333
2019-09-27,2431.42
2019-09-28,2430.5566666666664
2019-09-29,2429.693333333333
2019-09-30,2428.83
2019-10-01,2430.3851612903227
2019-10-02,2431.940322580645
2019-10-03,2433.4954838709677
2019-10-04,2435.05064516129
2019-10-05,2436.605806451613
2019-10-06,2438.1609677419356
2019-10-07,2439.716129032258
2019-10-08,2441.2712903225806
2019-10-09,2442.8264516129034
2019-10-10,2444.3816129032257
2019-10-11,2445.9367741935484
2019-10-12,2447.4919354838707
2019-10-13,2449.0470967741935
2019-10-14,2450.6022580645163
2019-10-15,2452.1574193548386
2019-10-16,2453.7125806451613
2019-10-17,2455.2677419354836
2019-10-18,2456.8229032258064
2019-10-19,2458.378064516129
2019-10-20,2459.9332258064514
2019-10-21,2461.488387096774
2019-10-22,2463.0435483870965
2019-10-23,2464.5987096774193
2019-10-24,2466.153870967742
2019-10-25,2467.7090322580643
2019-10-26,2469.264193548387
2019-10-27,2470.81935483871
2019-10-28,2472.374516129032
2019-10-29,2473.929677419355
2019-10-30,2475.484838709677
2019-10-31,2477.04
2019-11-01,2489.1776666666665
2019-11-02,2501.3153333333335
2019-11-03,2513.453
2019-11-04,2525.5906666666665
2019-11-05,2537.7283333333335
2019-11-06,2549.866
2019-11-07,2562.0036666666665
2019-11-08,2574.1413333333335
2019-11-09,2586.279
2019-11-10,2598.4166666666665
2019-11-11,2610.5543333333335
2019-11-12,2622.692
2019-11-13,2634.8296666666665
2019-11-14,2646.9673333333335
2019-11-15,2659.105
2019-11-16,2671.2426666666665
2019-11-17,2683.3803333333335
2019-11-18,2695.518
2019-11-19,2707.6556666666665
2019-11-20,2719.7933333333335
2019-11-21,2731.931
2019-11-22,2744.0686666666666
2019-11-23,2756.2063333333335
2019-11-24,2768.344
2019-11-25,2780.4816666666666
2019-11-26,2792.6193333333335
2019-11-27,2804.757
2019-11-28,2816.8946666666666
2019-11-29,2829.0323333333336
2019-11-30,2841.17
2019-12-01,2852.6351612903227
2019-12-02,2864.1003225806453
2019-12-03,2875.565483870968
2019-12-04,2887.0306451612905
2019-12-05,2898.495806451613
2019-12-06,2909.9609677419357
2019-12-07,2921.4261290322584
2019-12-08,2932.8912903225805
2019-12-09,2944.356451612903
2019-12-10,2955.8216129032257
2019-12-11,2967.2867741935484
2019-12-12,2978.751935483871
2019-12-13,2990.2170967741936
2019-12-14,3001.682258064516
2019-12-15,3013.147419354839
2019-12-16,3024.6125806451614
2019-12-17,3036.077741935484
2019-12-18,3047.5429032258066
2019-12-19,3059.0080645161293
2019-12-20,3070.473225806452
2019-12-21,3081.9383870967745
2019-12-22,3093.403548387097
2019-12-23,3104.8687096774192
2019-12-24,3116.333870967742
2019-12-25,3127.7990322580645
2019-12-26,3139.264193548387
2019-12-27,3150.7293548387097
2019-12-28,3162.1945161290323
2019-12-29,3173.659677419355
2019-12-30,3185.1248387096775
2019-12-31,3196.59
2020-01-01,3203.3719354838713
2020-01-02,3210.153870967742
2020-01-03,3216.935806451613
2020-01-04,3223.717741935484
2020-01-05,3230.499677419355
2020-01-06,3237.281612903226
2020-01-07,3244.063548387097
2020-01-08,3250.8454838709677
2020-01-09,3257.627419354839
2020-01-10,3264.4093548387095
2020-01-11,3271.1912903225807
2020-01-12,3277.973225806452
2020-01-13,3284.7551612903226
2020-01-14,3291.5370967741937
2020-01-15,3298.3190322580645
2020-01-16,3305.1009677419356
2020-01-17,3311.8829032258063
2020-01-18,3318.6648387096775
2020-01-19,3325.446774193548
2020-01-20,3332.2287096774194
2020-01-21,3339.01064516129
2020-01-22,3345.7925806451613
2020-01-23,3352.5745161290324
2020-01-24,3359.356451612903
2020-01-25,3366.1383870967743
2020-01-26,3372.920322580645
2020-01-27,3379.702258064516
2020-01-28,3386.484193548387
2020-01-29,3393.266129032258
2020-01-30,3400.0480645161288
2020-01-31,3406.83
2020-02-01,3394.017931034483
2020-02-02,3381.2058620689654
2020-02-03,3368.3937931034484
2020-02-04,3355.581724137931
2020-02-05,3342.769655172414
2020-02-06,3329.9575862068964
2020-02-07,3317.1455172413794
2020-02-08,3304.333448275862
2020-02-09,3291.521379310345
2020-02-10,3278.709310344828
2020-02-11,3265.8972413793103
2020-02-12,3253.0851724137933
2020-02-13,3240.273103448276
2020-02-14,3227.461034482759
2020-02-15,3214.6489655172413
2020-02-16,3201.8368965517243
2020-02-17,3189.024827586207
2020-02-18,3176.21275862069
2020-02-19,3163.4006896551728
2020-02-20,3150.5886206896553
2020-02-21,3137.7765517241382
2020-02-22,3124.9644827586208
2020-02-23,3112.1524137931037
2020-02-24,3099.3403448275863
2020-02-25,3086.528275862069
2020-02-26,3073.7162068965517
2020-02-27,3060.9041379310347
2020-02-28,3048.0920689655177
2020-02-29,3035.28
2020-03-01,3025.547096774194
2020-03-02,3015.8141935483873
2020-03-03,3006.081290322581
2020-03-04,2996.3483870967743
2020-03-05,2986.615483870968
2020-03-06,2976.8825806451614
2020-03-07,2967.149677419355
2020-03-08,2957.4167741935485
2020-03-09,2947.683870967742
2020-03-10,2937.9509677419355
2020-03-11,2928.2180645161293
2020-03-12,2918.4851612903226
2020-03-13,2908.7522580645164
2020-03-14,2899.0193548387097
2020-03-15,2889.2864516129034
2020-03-16,2879.5535483870967
2020-03-17,2869.8206451612905
2020-03-18,2860.087741935484
2020-03-19,2850.3548387096776
2020-03-20,2840.621935483871
2020-03-21,2830.8890322580646
2020-03-22,2821.156129032258
2020-03-23,2811.4232258064517
2020-03-24,2801.690322580645
2020-03-25,2791.9574193548387
2020-03-26,2782.224516129032
2020-03-27,2772.491612903226
2020-03-28,2762.758709677419
2020-03-29,2753.025806451613
2020-03-30,2743.292903225806
2020-03-31,2733.56
2020-04-01,2730.8373333333334
2020-04-02,2728.114666666667
2020-04-03,2725.392
2020-04-04,2722.6693333333333
2020-04-05,2719.9466666666667
2020-04-06,2717.224
2020-04-07,2714.501333333333
2020-04-08,2711.7786666666666
2020-04-09,2709.056
2020-04-10,2706.3333333333335
2020-04-11,2703.6106666666665
2020-04-12,2700.888
2020-04-13,2698.1653333333334
2020-04-14,2695.442666666667
2020-04-15,2692.7200000000003
2020-04-16,2689.9973333333332
2020-04-17,2687.2746666666667
2020-04-18,2684.552
2020-04-19,2681.8293333333336
2020-04-20,2679.1066666666666
2020-04-21,2676.384
2020-04-22,2673.6613333333335
2020-04-23,2670.938666666667
2020-04-24,2668.216
2020-04-25,2665.4933333333333
2020-04-26,2662.770666666667
2020-04-27,2660.0480000000002
2020-04-28,2657.325333333333
2020-04-29,2654.6026666666667
2020-04-30,2651.88
2020-05-01,2647.1325806451614
2020-05-02,2642.3851612903227
2020-05-03,2637.637741935484
2020-05-04,2632.8903225806453
2020-05-05,2628.1429032258065
2020-05-06,2623.395483870968
2020-05-07,2618.648064516129
2020-05-08,2613.9006451612904
2020-05-09,2609.1532258064517
2020-05-10,2604.405806451613
2020-05-11,2599.6583870967743
2020-05-12,2594.9109677419356
2020-05-13,2590.163548387097
2020-05-14,2585.416129032258
2020-05-15,2580.6687096774194
2020-05-16,2575.9212903225807
2020-05-17,2571.173870967742
2020-05-18,2566.4264516129033
2020-05-19,2561.6790322580646
2020-05-20,2556.931612903226
2020-05-21,2552.184193548387
2020-05-22,2547.4367741935484
2020-05-23,2542.6893548387097
2020-05-24,2537.941935483871
2020-05-25,2533.1945161290323
2020-05-26,2528.4470967741936
2020-05-27,2523.699677419355
2020-05-28,2518.952258064516
2020-05-29,2514.2048387096775
2020-05-30,2509.4574193548387
2020-05-31,2504.71
2020-06-01,2514.7793333333334
2020-06-02,2524.8486666666668
2020-06-03,2534.918
2020-06-04,2544.9873333333335
2020-06-05,2555.056666666667
2020-06-06,2565.126
2020-06-07,2575.1953333333336
2020-06-08,2585.2646666666665
2020-06-09,2595.334
2020-06-10,2605.403333333333
2020-06-11,2615.4726666666666
2020-06-12,2625.542
2020-06-13,2635.6113333333333
2020-06-14,2645.6806666666666
2020-06-15,2655.75
2020-06-16,2665.8193333333334
2020-06-17,2675.8886666666667
2020-06-18,2685.958
2020-06-19,2696.0273333333334
2020-06-20,2706.096666666667
2020-06-21,2716.166
2020-06-22,2726.2353333333335
2020-06-23,2736.304666666667
2020-06-24,2746.374
2020-06-25,2756.443333333333
2020-06-26,2766.5126666666665
2020-06-27,2776.582
2020-06-28,2786.6513333333332
2020-06-29,2796.7206666666666
2020-06-30,2806.79
2020-07-01,2811.7232258064514
2020-07-02,2816.6564516129033
2020-07-03,2821.5896774193548
2020-07-04,2826.522903225806
2020-07-05,2831.456129032258
2020-07-06,2836.3893548387096
2020-07-07,2841.322580645161
2020-07-08,2846.255806451613
2020-07-09,2851.1890322580643
2020-07-10,2856.1222580645162
2020-07-11,2861.0554838709677
2020-07-12,2865.988709677419
2020-07-13,2870.921935483871
2020-07-14,2875.8551612903225
2020-07-15,2880.788387096774
2020-07-16,2885.721612903226
2020-07-17,2890.6548387096773
2020-07-18,2895.5880645161287
2020-07-19,2900.5212903225806
2020-07-20,2905.454516129032
2020-07-21,2910.3877419354835
2020-07-22,2915.3209677419354
2020-07-23,2920.254193548387
2020-07-24,2925.1874193548388
2020-07-25,2930.12064516129
2020-07-26,2935.0538709677417
2020-07-27,2939.9870967741936
2020-07-28,2944.920322580645
2020-07-29,2949.8535483870965
2020-07-30,2954.7867741935484
2020-07-31,2959.72
2020-08-01,2967.0245161290322
2020-08-02,2974.329032258064
2020-08-03,2981.6335483870967
2020-08-04,2988.9380645161286
2020-08-05,2996.242580645161
2020-08-06,3003.5470967741935
2020-08-07,3010.8516129032255
2020-08-08,3018.156129032258
2020-08-09,3025.46064516129
2020-08-10,3032.7651612903223
2020-08-11,3040.069677419355
2020-08-12,3047.3741935483868
2020-08-13,3054.678709677419
2020-08-14,3061.9832258064516
2020-08-15,3069.2877419354836
2020-08-16,3076.592258064516
2020-08-17,3083.896774193548
2020-08-18,3091.2012903225805
2020-08-19,3098.505806451613
2020-08-20,3105.810322580645
2020-08-21,3113.1148387096773
2020-08-22,3120.4193548387093
2020-08-23,3127.7238709677417
2020-08-24,3135.028387096774
2020-08-25,3142.332903225806
2020-08-26,3149.6374193548386
2020-08-27,3156.941935483871
2020-08-28,3164.246451612903
2020-08-29,3171.5509677419354
2020-08-30,3178.8554838709674
2020-08-31,3186.16
2020-09-01,3190.124333333333
2020-09-02,3194.0886666666665
2020-09-03,3198.053
2020-09-04,3202.017333333333
2020-09-05,3205.9816666666666
2020-09-06,3209.946
2020-09-07,3213.9103333333333
2020-09-08,3217.8746666666666
2020-09-09,3221.839
2020-09-10,3225.8033333333333
2020-09-11,3229.7676666666666
2020-09-12,3233.732
2020-09-13,3237.6963333333333
2020-09-14,3241.6606666666667
2020-09-15,3245.625
2020-09-16,3249.5893333333333
2020-09-17,3253.5536666666667
2020-09-18,3257.518
2020-09-19,3261.4823333333334
2020-09-20,3265.4466666666667
2020-09-21,3269.411
2020-09-22,3273.3753333333334
2020-09-23,3277.3396666666667
2020-09-24,3281.304
2020-09-25,3285.2683333333334
2020-09-26,3289.232666666667
2020-09-27,3293.197
2020-09-28,3297.1613333333335
2020-09-29,3301.125666666667
2020-09-30,3305.09
2020-10-01,3308.241290322581
2020-10-02,3311.3925806451616
2020-10-03,3314.543870967742
2020-10-04,3317.6951612903226
2020-10-05,3320.8464516129034
2020-10-06,3323.997741935484
2020-10-07,3327.149032258065
2020-10-08,3330.300322580645
2020-10-09,3333.451612903226
2020-10-10,3336.6029032258066
2020-10-11,3339.7541935483873
2020-10-12,3342.905483870968
2020-10-13,3346.0567741935483
2020-10-14,3349.208064516129
2020-10-15,3352.35935483871
2020-10-16,3355.5106451612905
2020-10-17,3358.6619354838713
2020-10-18,3361.813225806452
2020-10-19,3364.9645161290323
2020-10-20,3368.115806451613
2020-10-21,3371.2670967741938
2020-10-22,3374.4183870967745
2020-10-23,3377.5696774193552
2020-10-24,3380.7209677419355
2020-10-25,3383.8722580645162
2020-10-26,3387.023548387097
2020-10-27,3390.1748387096777
2020-10-28,3393.3261290322585
2020-10-29,3396.4774193548387
2020-10-30,3399.6287096774195
2020-10-31,3402.78
2020-11-01,3415.327
2020-11-02,3427.8740000000003
2020-11-03,3440.4210000000003
2020-11-04,3452.9680000000003
2020-11-05,3465.5150000000003
2020-11-06,3478.0620000000004
2020-11-07,3490.6090000000004
2020-11-08,3503.156
2020-11-09,3515.703
2020-11-10,3528.25
2020-11-11,3540.797
2020-11-12,3553.344
2020-11-13,3565.891
2020-11-14,3578.438
2020-11-15,3590.985
2020-11-16,3603.532
2020-11-17,3616.079
2020-11-18,3628.626
2020-11-19,3641.1730000000002
2020-11-20,3653.7200000000003
2020-11-21,3666.2670000000003
2020-11-22,3678.8140000000003
2020-11-23,3691.361
2020-11-24,3703.9080000000004
2020-11-25,3716.455
2020-11-26,3729.002
2020-11-27,3741.549
2020-11-28,3754.096
2020-11-29,3766.643
2020-11-30,3779.19
2020-12-01,3790.48935483871
2020-12-02,3801.7887096774193
2020-12-03,3813.088064516129
2020-12-04,3824.3874193548386
2020-12-05,3835.6867741935484
2020-12-06,3846.9861290322583
2020-12-07,3858.2854838709677
2020-12-08,3869.5848387096776
2020-12-09,3880.8841935483874
2020-12-10,3892.183548387097
2020-12-11,3903.4829032258067
2020-12-12,3914.782258064516
2020-12-13,3926.081612903226
2020-12-14,3937.380967741936
2020-12-15,3948.680322580645
2020-12-16,3959.979677419355
2020-12-17,3971.2790322580645
2020-12-18,3982.5783870967743
2020-12-19,3993.877741935484
2020-12-20,4005.1770967741936
2020-12-21,4016.4764516129035
2020-12-22,4027.775806451613
2020-12-23,4039.0751612903227
2020-12-24,4050.3745161290326
2020-12-25,4061.673870967742
2020-12-26,4072.973225806452
2020-12-27,4084.2725806451617
2020-12-28,4095.571935483871
2020-12-29,4106.8712903225805
2020-12-30,4118.170645161291
2020-12-31,4129.47
2021-01-01,4125.22
2021-01-02,4120.97
2021-01-03,4116.72
2021-01-04,4112.47
2021-01-05,4108.22
2021-01-06,4103.97
2021-01-07,4099.72
2021-01-08,4095.4700000000003
2021-01-09,4091.2200000000003
2021-01-10,4086.9700000000003
2021-01-11,4082.7200000000003
2021-01-12,4078.4700000000003
2021-01-13,4074.2200000000003
2021-01-14,4069.9700000000003
2021-01-15,4065.7200000000003
2021-01-16,4061.4700000000003
2021-01-17,4057.22
2021-01-18,4052.97
2021-01-19,4048.72
2021-01-20,4044.47
2021-01-21,4040.22
2021-01-22,4035.97
2021-01-23,4031.72
2021-01-24,4027.47
2021-01-25,4023.22
2021-01-26,4018.97
2021-01-27,4014.72
2021-01-28,4010.47
2021-01-29,4006.22
2021-01-30,4001.97
2021-01-31,3997.72
2021-02-01,4002.3139285714283
2021-02-02,4006.907857142857
2021-02-03,4011.5017857142857
2021-02-04,4016.095714285714
2021-02-05,4020.6896428571426
2021-02-06,4025.283571428571
2021-02-07,4029.8775
2021-02-08,4034.4714285714285
2021-02-09,4039.065357142857
2021-02-10,4043.659285714286
2021-02-11,4048.2532142857144
2021-02-12,4052.847142857143
2021-02-13,4057.4410714285714
2021-02-14,4062.035
2021-02-15,4066.628928571429
2021-02-16,4071.2228571428573
2021-02-17,4075.8167857142857
2021-02-18,4080.4107142857147
2021-02-19,4085.004642857143
2021-02-20,4089.5985714285716
2021-02-21,4094.1925
2021-02-22,4098.786428571429
2021-02-23,4103.380357142857
2021-02-24,4107.974285714286
2021-02-25,4112.568214285715
2021-02-26,4117.162142857143
2021-02-27,4121.756071428572
2021-02-28,4126.35
2021-03-01,4129.845483870968
2021-03-02,4133.340967741936
2021-03-03,4136.836451612903
2021-03-04,4140.331935483871
2021-03-05,4143.827419354839
2021-03-06,4147.322903225807
2021-03-07,4150.818387096774
2021-03-08,4154.313870967742
2021-03-09,4157.80935483871
2021-03-10,4161.304838709678
2021-03-11,4164.800322580645
2021-03-12,4168.295806451613
2021-03-13,4171.791290322581
2021-03-14,4175.286774193549
2021-03-15,4178.782258064516
2021-03-16,4182.277741935484
2021-03-17,4185.773225806452
2021-03-18,4189.26870967742
2021-03-19,4192.764193548387
2021-03-20,4196.259677419355
2021-03-21,4199.755161290323
2021-03-22,4203.250645161291
2021-03-23,4206.746129032258
2021-03-24,4210.241612903226
2021-03-25,4213.737096774194
2021-03-26,4217.232580645162
2021-03-27,4220.728064516129
2021-03-28,4224.223548387097
2021-03-29,4227.7190322580645
2021-03-30,4231.214516129033
2021-03-31,4234.71
2021-04-01,4241.754
2021-04-02,4248.798
2021-04-03,4255.842
2021-04-04,4262.886
2021-04-05,4269.93
2021-04-06,4276.974
2021-04-07,4284.018
2021-04-08,4291.062
2021-04-09,4298.106
2021-04-10,4305.15
2021-04-11,4312.1939999999995
2021-04-12,4319.238
2021-04-13,4326.282
2021-04-14,4333.326
2021-04-15,4340.37
2021-04-16,4347.414
2021-04-17,4354.458
2021-04-18,4361.5019999999995
2021-04-19,4368.546
2021-04-20,4375.59
2021-04-21,4382.634
2021-04-22,4389.678
2021-04-23,4396.722
2021-04-24,4403.766
2021-04-25,4410.8099999999995
2021-04-26,4417.853999999999
2021-04-27,4424.898
2021-04-28,4431.942
2021-04-29,4438.986
2021-04-30,4446.03
2021-05-01,4453.879354838709
2021-05-02,4461.728709677419
2021-05-03,4469.5780645161285
2021-05-04,4477.427419354838
2021-05-05,4485.276774193548
2021-05-06,4493.126129032258
2021-05-07,4500.975483870968
2021-05-08,4508.824838709677
2021-05-09,4516.674193548387
2021-05-10,4524.5235483870965
2021-05-11,4532.372903225806
2021-05-12,4540.222258064516
2021-05-13,4548.071612903225
2021-05-14,4555.920967741935
2021-05-15,4563.7703225806445
2021-05-16,4571.619677419355
2021-05-17,4579.4690322580645
2021-05-18,4587.318387096774
2021-05-19,4595.167741935484
2021-05-20,4603.017096774193
2021-05-21,4610.866451612903
2021-05-22,4618.7158064516125
2021-05-23,4626.565161290322
2021-05-24,4634.414516129032
2021-05-25,4642.263870967741
2021-05-26,4650.113225806452
2021-05-27,4657.962580645161
2021-05-28,4665.811935483871
2021-05-29,4673.6612903225805
2021-05-30,4681.51064516129
2021-05-31,4689.36
2021-06-01,4671.483666666666
2021-06-02,4653.607333333333
2021-06-03,4635.731
2021-06-04,4617.854666666666
2021-06-05,4599.978333333333
2021-06-06,4582.102
2021-06-07,4564.225666666666
2021-06-08,4546.349333333333
2021-06-09,4528.473
2021-06-10,4510.596666666666
2021-06-11,4492.720333333333
2021-06-12,4474.844
2021-06-13,4456.967666666666
2021-06-14,4439.091333333333
2021-06-15,4421.215
2021-06-16,4403.3386666666665
2021-06-17,4385.462333333333
2021-06-18,4367.585999999999
2021-06-19,4349.709666666667
2021-06-20,4331.833333333333
2021-06-21,4313.956999999999
2021-06-22,4296.080666666667
2021-06-23,4278.204333333333
2021-06-24,4260.3279999999995
2021-06-25,4242.451666666666
2021-06-26,4224.575333333333
2021-06-27,4206.699
2021-06-28,4188.822666666666
2021-06-29,4170.946333333333
2021-06-30,4153.07
2021-07-01,4163.070967741935
2021-07-02,4173.071935483871
2021-07-03,4183.072903225806
2021-07-04,4193.073870967742
2021-07-05,4203.074838709677
2021-07-06,4213.075806451613
2021-07-07,4223.076774193548
2021-07-08,4233.077741935484
2021-07-09,4243.078709677419
2021-07-10,4253.079677419355
2021-07-11,4263.080645161291
2021-07-12,4273.0816129032255
2021-07-13,4283.082580645161
2021-07-14,4293.083548387097
2021-07-15,4303.084516129033
2021-07-16,4313.085483870967
2021-07-17,4323.086451612903
2021-07-18,4333.087419354839
2021-07-19,4343.088387096775
2021-07-20,4353.08935483871
2021-07-21,4363.090322580645
2021-07-22,4373.091290322581
2021-07-23,4383.0922580645165
2021-07-24,4393.093225806452
2021-07-25,4403.094193548387
2021-07-26,4413.095161290323
2021-07-27,4423.096129032258
2021-07-28,4433.097096774194
2021-07-29,4443.098064516129
2021-07-30,4453.099032258065
2021-07-31,4463.1
2021-08-01,4474.601290322581
2021-08-02,4486.102580645162
2021-08-03,4497.603870967742
2021-08-04,4509.105161290323
2021-08-05,4520.606451612904
2021-08-06,4532.107741935484
2021-08-07,4543.609032258065
2021-08-08,4555.1103225806455
2021-08-09,4566.611612903226
2021-08-10,4578.112903225807
2021-08-11,4589.614193548387
2021-08-12,4601.115483870968
2021-08-13,4612.616774193549
2021-08-14,4624.118064516129
2021-08-15,4635.61935483871
2021-08-16,4647.120645161291
2021-08-17,4658.621935483871
2021-08-18,4670.123225806452
2021-08-19,4681.624516129033
2021-08-20,4693.125806451613
2021-08-21,4704.627096774194
2021-08-22,4716.1283870967745
2021-08-23,4727.629677419355
2021-08-24,4739.130967741936
2021-08-25,4750.6322580645165
2021-08-26,4762.133548387097
2021-08-27,4773.634838709678
2021-08-28,4785.136129032258
2021-08-29,4796.637419354839
2021-08-30,4808.13870967742
2021-08-31,4819.64
2021-09-01,4823.201333333333
2021-09-02,4826.7626666666665
2021-09-03,4830.3240000000005
2021-09-04,4833.885333333334
2021-09-05,4837.446666666667
2021-09-06,4841.008
2021-09-07,4844.569333333334
2021-09-08,4848.130666666667
2021-09-09,4851.692
2021-09-10,4855.253333333333
2021-09-11,4858.814666666667
2021-09-12,4862.376
2021-09-13,4865.937333333333
2021-09-14,4869.498666666666
2021-09-15,4873.0599999999995
2021-09-16,4876.6213333333335
2021-09-17,4880.182666666667
2021-09-18,4883.744
2021-09-19,4887.305333333333
2021-09-20,4890.866666666667
2021-09-21,4894.428
2021-09-22,4897.989333333333
2021-09-23,4901.550666666666
2021-09-24,4905.112
2021-09-25,4908.673333333333
2021-09-26,4912.234666666666
2021-09-27,4915.795999999999
2021-09-28,4919.357333333333
2021-09-29,4922.9186666666665
2021-09-30,4926.48
2021-10-01,4943.484193548386
2021-10-02,4960.488387096774
2021-10-03,4977.492580645161
2021-10-04,4994.496774193548
2021-10-05,5011.500967741935
2021-10-06,5028.505161290323
2021-10-07,5045.509354838709
2021-10-08,5062.513548387096
2021-10-09,5079.517741935483
2021-10-10,5096.521935483871
2021-10-11,5113.526129032258
2021-10-12,5130.530322580645
2021-10-13,5147.5345161290315
2021-10-14,5164.538709677419
2021-10-15,5181.542903225806
2021-10-16,5198.547096774193
2021-10-17,5215.55129032258
2021-10-18,5232.555483870968
2021-10-19,5249.559677419355
2021-10-20,5266.563870967741
2021-10-21,5283.568064516128
2021-10-22,5300.572258064516
2021-10-23,5317.576451612903
2021-10-24,5334.58064516129
2021-10-25,5351.584838709677
2021-10-26,5368.589032258064
2021-10-27,5385.593225806451
2021-10-28,5402.597419354838
2021-10-29,5419.601612903225
2021-10-30,5436.605806451613
2021-10-31,5453.61
2021-11-01,5458.370666666667
2021-11-02,5463.131333333333
2021-11-03,5467.892
2021-11-04,5472.652666666667
2021-11-05,5477.413333333333
2021-11-06,5482.174
2021-11-07,5486.934666666666
2021-11-08,5491.695333333333
2021-11-09,5496.456
2021-11-10,5501.216666666666
2021-11-11,5505.977333333333
2021-11-12,5510.738
2021-11-13,5515.498666666666
2021-11-14,5520.259333333333
2021-11-15,5525.02
2021-11-16,5529.780666666667
2021-11-17,5534.541333333334
2021-11-18,5539.302
2021-11-19,5544.062666666667
2021-11-20,5548.823333333334
2021-11-21,5553.584
2021-11-22,5558.344666666667
2021-11-23,5563.105333333334
2021-11-24,5567.866
2021-11-25,5572.626666666667
2021-11-26,5577.387333333333
2021-11-27,5582.148
2021-11-28,5586.908666666667
2021-11-29,5591.669333333333
2021-11-30,5596.43
2021-12-01,5588.801612903226
2021-12-02,5581.173225806452
2021-12-03,5573.544838709678
2021-12-04,5565.916451612903
2021-12-05,5558.288064516129
2021-12-06,5550.659677419355
2021-12-07,5543.03129032258
2021-12-08,5535.402903225807
2021-12-09,5527.774516129032
2021-12-10,5520.146129032259
2021-12-11,5512.517741935484
2021-12-12,5504.88935483871
2021-12-13,5497.260967741936
2021-12-14,5489.632580645161
2021-12-15,5482.004193548387
2021-12-16,5474.375806451613
2021-12-17,5466.747419354839
2021-12-18,5459.119032258064
2021-12-19,5451.490645161291
2021-12-20,5443.862258064516
2021-12-21,5436.2338709677415
2021-12-22,5428.605483870968
2021-12-23,5420.977096774193
2021-12-24,5413.348709677419
2021-12-25,5405.720322580645
2021-12-26,5398.091935483871
2021-12-27,5390.463548387097
2021-12-28,5382.8351612903225
2021-12-29,5375.206774193548
2021-12-30,5367.578387096774
2021-12-31,5359.95
2022-01-01,5368.772258064516
2022-01-02,5377.594516129032
2022-01-03,5386.416774193548
2022-01-04,5395.239032258064
2022-01-05,5404.06129032258
2022-01-06,5412.883548387096
2022-01-07,5421.705806451612
2022-01-08,5430.528064516129
2022-01-09,5439.350322580645
2022-01-10,5448.172580645161
2022-01-11,5456.994838709677
2022-01-12,5465.8170967741935
2022-01-13,5474.63935483871
2022-01-14,5483.461612903226
2022-01-15,5492.283870967742
2022-01-16,5501.106129032258
2022-01-17,5509.928387096774
2022-01-18,5518.75064516129
2022-01-19,5527.572903225806
2022-01-20,5536.395161290322
2022-01-21,5545.217419354838
2022-01-22,5554.039677419354
2022-01-23,5562.86193548387
2022-01-24,5571.684193548387
2022-01-25,5580.506451612903
2022-01-26,5589.328709677419
2022-01-27,5598.150967741935
2022-01-28,5606.973225806451
2022-01-29,5615.7954838709675
2022-01-30,5624.6177419354835
2022-01-31,5633.44
2022-02-01,5659.936428571428
2022-02-02,5686.432857142857
2022-02-03,5712.9292857142855
2022-02-04,5739.425714285714
2022-02-05,5765.922142857143
2022-02-06,5792.418571428571
2022-02-07,5818.915
2022-02-08,5845.411428571429
2022-02-09,5871.907857142857
2022-02-10,5898.404285714286
2022-02-11,5924.9007142857145
2022-02-12,5951.397142857143
2022-02-13,5977.893571428572
2022-02-14,6004.389999999999
2022-02-15,6030.886428571428
2022-02-16,6057.382857142857
2022-02-17,6083.879285714285
2022-02-18,6110.375714285714
2022-02-19,6136.8721428571425
2022-02-20,6163.368571428571
2022-02-21,6189.865
2022-02-22,6216.361428571428
2022-02-23,6242.857857142857
2022-02-24,6269.354285714286
2022-02-25,6295.850714285714
2022-02-26,6322.347142857143
2022-02-27,6348.8435714285715
2022-02-28,6375.34
2022-03-01,6410.487741935484
2022-03-02,6445.635483870968
2022-03-03,6480.783225806452
2022-03-04,6515.930967741936
2022-03-05,6551.078709677419
2022-03-06,6586.2264516129035
2022-03-07,6621.374193548388
2022-03-08,6656.521935483871
2022-03-09,6691.669677419355
2022-03-10,6726.817419354838
2022-03-11,6761.965161290323
2022-03-12,6797.112903225807
2022-03-13,6832.26064516129
2022-03-14,6867.408387096774
2022-03-15,6902.5561290322585
2022-03-16,6937.703870967742
2022-03-17,6972.851612903226
2022-03-18,7007.99935483871
2022-03-19,7043.147096774193
2022-03-20,7078.294838709678
2022-03-21,7113.442580645162
2022-03-22,7148.590322580645
2022-03-23,7183.738064516129
2022-03-24,7218.8858064516135
2022-03-25,7254.033548387097
2022-03-26,7289.181290322581
2022-03-27,7324.329032258064
2022-03-28,7359.476774193548
2022-03-29,7394.624516129033
2022-03-30,7429.772258064516
2022-03-31,7464.92
2022-04-01,7455.409666666666
2022-04-02,7445.899333333334
2022-04-03,7436.389
2022-04-04,7426.8786666666665
2022-04-05,7417.368333333334
2022-04-06,7407.858
2022-04-07,7398.347666666667
2022-04-08,7388.837333333333
2022-04-09,7379.327
2022-04-10,7369.816666666667
2022-04-11,7360.306333333333
2022-04-12,7350.796
2022-04-13,7341.285666666667
2022-04-14,7331.775333333333
2022-04-15,7322.264999999999
2022-04-16,7312.754666666667
2022-04-17,7303.244333333333
2022-04-18,7293.7339999999995
2022-04-19,7284.223666666667
2022-04-20,7274.713333333333
2022-04-21,7265.2029999999995
2022-04-22,7255.692666666667
2022-04-23,7246.182333333333
2022-04-24,7236.672
2022-04-25,7227.161666666667
2022-04-26,7217.651333333333
2022-04-27,7208.141
2022-04-28,7198.630666666666
2022-04-29,7189.120333333333
2022-04-30,7179.61
2022-05-01,7190.883225806451
2022-05-02,7202.156451612903
2022-05-03,7213.429677419354
2022-05-04,7224.702903225806
2022-05-05,7235.976129032258
2022-05-06,7247.249354838709
2022-05-07,7258.522580645161
2022-05-08,7269.795806451612
2022-05-09,7281.069032258064
2022-05-10,7292.342258064516
2022-05-11,7303.615483870967
2022-05-12,7314.888709677419
2022-05-13,7326.16193548387
2022-05-14,7337.435161290322
2022-05-15,7348.708387096774
2022-05-16,7359.981612903226
2022-05-17,7371.254838709678
2022-05-18,7382.528064516129
2022-05-19,7393.801290322581
2022-05-20,7405.074516129032
2022-05-21,7416.347741935484
2022-05-22,7427.620967741936
2022-05-23,7438.894193548387
2022-05-24,7450.167419354839
2022-05-25,7461.44064516129
2022-05-26,7472.713870967742
2022-05-27,7483.987096774194
2022-05-28,7495.260322580645
2022-05-29,7506.533548387097
2022-05-30,7517.806774193548
2022-05-31,7529.08
2022-06-01,7498.3533333333335
2022-06-02,7467.626666666667
2022-06-03,7436.9
2022-06-04,7406.173333333333
2022-06-05,7375.446666666667
2022-06-06,7344.72
2022-06-07,7313.993333333333
2022-06-08,7283.266666666666
2022-06-09,7252.54
2022-06-10,7221.8133333333335
2022-06-11,7191.086666666666
2022-06-12,7160.36
2022-06-13,7129.633333333333
2022-06-14,7098.906666666667
2022-06-15,7068.18
2022-06-16,7037.453333333333
2022-06-17,7006.7266666666665
2022-06-18,6976.0
2022-06-19,6945.273333333333
2022-06-20,6914.546666666666
2022-06-21,6883.82
2022-06-22,6853.093333333333
2022-06-23,6822.366666666667
2022-06-24,6791.639999999999
2022-06-25,6760.913333333333
2022-06-26,6730.1866666666665
2022-06-27,6699.46
2022-06-28,6668.733333333333
2022-06-29,6638.006666666666
2022-06-30,6607.28
2022-07-01,6545.542258064516
2022-07-02,6483.804516129032
2022-07-03,6422.066774193549
2022-07-04,6360.329032258064
2022-07-05,6298.591290322581
2022-07-06,6236.853548387096
2022-07-07,6175.115806451613
2022-07-08,6113.378064516129
2022-07-09,6051.640322580645
2022-07-10,5989.902580645161
2022-07-11,5928.1648387096775
2022-07-12,5866.427096774193
2022-07-13,5804.68935483871
2022-07-14,5742.951612903225
2022-07-15,5681.213870967742
2022-07-16,5619.476129032258
2022-07-17,5557.738387096774
2022-07-18,5496.00064516129
2022-07-19,5434.262903225806
2022-07-20,5372.525161290322
2022-07-21,5310.787419354839
2022-07-22,5249.049677419354
2022-07-23,5187.311935483871
2022-07-24,5125.5741935483875
2022-07-25,5063.836451612903
2022-07-26,5002.098709677419
2022-07-27,4940.360967741935
2022-07-28,4878.623225806452
2022-07-29,4816.885483870968
2022-07-30,4755.147741935483
2022-07-31,4693.41
2022-08-01,4689.808064516129
2022-08-02,4686.206129032258
2022-08-03,4682.604193548387
2022-08-04,4679.002258064516
2022-08-05,4675.4003225806455
2022-08-06,4671.798387096774
2022-08-07,4668.196451612903
2022-08-08,4664.594516129032
2022-08-09,4660.992580645161
2022-08-10,4657.39064516129
2022-08-11,4653.788709677419
2022-08-12,4650.186774193548
2022-08-13,4646.584838709678
2022-08-14,4642.982903225807
2022-08-15,4639.380967741936
2022-08-16,4635.779032258064
2022-08-17,4632.177096774193
2022-08-18,4628.575161290322
2022-08-19,4624.973225806451
2022-08-20,4621.3712903225805
2022-08-21,4617.76935483871
2022-08-22,4614.167419354839
2022-08-23,4610.565483870968
2022-08-24,4606.963548387097
2022-08-25,4603.361612903226
2022-08-26,4599.759677419354
2022-08-27,4596.1577419354835
2022-08-28,4592.555806451613
2022-08-29,4588.953870967742
2022-08-30,4585.351935483871
2022-08-31,4581.75
2022-09-01,4566.860333333333
2022-09-02,4551.970666666667
2022-09-03,4537.081
2022-09-04,4522.191333333333
2022-09-05,4507.301666666666
2022-09-06,4492.412
2022-09-07,4477.522333333333
2022-09-08,4462.632666666666
2022-09-09,4447.743
2022-09-10,4432.8533333333335
2022-09-11,4417.9636666666665
2022-09-12,4403.0740000000005
2022-09-13,4388.184333333334
2022-09-14,4373.294666666667
2022-09-15,4358.405000000001
2022-09-16,4343.515333333334
2022-09-17,4328.625666666667
2022-09-18,4313.736
2022-09-19,4298.846333333334
2022-09-20,4283.956666666667
2022-09-21,4269.067
2022-09-22,4254.177333333334
2022-09-23,4239.287666666667
2022-09-24,4224.398
2022-09-25,4209.508333333333
2022-09-26,4194.618666666667
2022-09-27,4179.729
2022-09-28,4164.839333333333
2022-09-29,4149.949666666667
2022-09-30,4135.06
2022-10-01,4136.262258064517
2022-10-02,4137.464516129033
2022-10-03,4138.666774193549
2022-10-04,4139.869032258065
2022-10-05,4141.071290322581
2022-10-06,4142.273548387097
2022-10-07,4143.475806451614
2022-10-08,4144.678064516129
2022-10-09,4145.880322580645
2022-10-10,4147.082580645161
2022-10-11,4148.284838709677
2022-10-12,4149.487096774194
2022-10-13,4150.68935483871
2022-10-14,4151.891612903226
2022-10-15,4153.093870967742
2022-10-16,4154.296129032258
2022-10-17,4155.498387096774
2022-10-18,4156.700645161291
2022-10-19,4157.902903225807
2022-10-20,4159.105161290323
2022-10-21,4160.307419354839
2022-10-22,4161.509677419355
2022-10-23,4162.7119354838715
2022-10-24,4163.914193548387
2022-10-25,4165.116451612903
2022-10-26,4166.318709677419
2022-10-27,4167.520967741935
2022-10-28,4168.723225806451
2022-10-29,4169.925483870968
2022-10-30,4171.127741935484
2022-10-31,4172.33
2022-11-01,4179.446333333333
2022-11-02,4186.562666666667
2022-11-03,4193.679
2022-11-04,4200.7953333333335
2022-11-05,4207.911666666667
2022-11-06,4215.028
2022-11-07,4222.144333333334
2022-11-08,4229.260666666666
2022-11-09,4236.3769999999995
2022-11-10,4243.493333333333
2022-11-11,4250.609666666666
2022-11-12,4257.726
2022-11-13,4264.842333333333
2022-11-14,4271.958666666666
2022-11-15,4279.075
2022-11-16,4286.191333333333
2022-11-17,4293.307666666667
2022-11-18,4300.424
2022-11-19,4307.540333333333
2022-11-20,4314.656666666667
2022-11-21,4321.773
2022-11-22,4328.8893333333335
2022-11-23,4336.005666666666
2022-11-24,4343.121999999999
2022-11-25,4350.238333333333
2022-11-26,4357.354666666666
2022-11-27,4364.471
2022-11-28,4371.587333333333
2022-11-29,4378.703666666666
2022-11-30,4385.82
2022-12-01,4378.198064516128
2022-12-02,4370.576129032258
2022-12-03,4362.954193548387
2022-12-04,4355.332258064516
2022-12-05,4347.710322580645
2022-12-06,4340.088387096774
2022-12-07,4332.466451612903
2022-12-08,4324.844516129032
2022-12-09,4317.222580645161
2022-12-10,4309.60064516129
2022-12-11,4301.978709677419
2022-12-12,4294.3567741935485
2022-12-13,4286.734838709677
2022-12-14,4279.112903225806
2022-12-15,4271.4909677419355
2022-12-16,4263.869032258064
2022-12-17,4256.247096774194
2022-12-18,4248.6251612903225
2022-12-19,4241.003225806451
2022-12-20,4233.381290322581
2022-12-21,4225.759354838709
2022-12-22,4218.137419354839
2022-12-23,4210.515483870968
2022-12-24,4202.893548387096
2022-12-25,4195.271612903226
2022-12-26,4187.649677419355
2022-12-27,4180.027741935483
2022-12-28,4172.405806451613
2022-12-29,4164.783870967742
2022-12-30,4157.161935483871
2022-12-31,4149.54
2023-01-01,4147.254193548387
2023-01-02,4144.968387096774
2023-01-03,4142.682580645162
2023-01-04,4140.3967741935485
2023-01-05,4138.110967741935
2023-01-06,4135.825161290322
2023-01-07,4133.539354838709
2023-01-08,4131.253548387097
2023-01-09,4128.967741935484
2023-01-10,4126.681935483871
2023-01-11,4124.396129032258
2023-01-12,4122.1103225806455
2023-01-13,4119.824516129032
2023-01-14,4117.538709677419
2023-01-15,4115.252903225806
2023-01-16,4112.967096774193
2023-01-17,4110.681290322581
2023-01-18,4108.395483870968
2023-01-19,4106.109677419355
2023-01-20,4103.823870967742
2023-01-21,4101.5380645161285
2023-01-22,4099.252258064516
2023-01-23,4096.966451612903
2023-01-24,4094.68064516129
2023-01-25,4092.394838709677
2023-01-26,4090.1090322580644
2023-01-27,4087.8232258064513
2023-01-28,4085.5374193548387
2023-01-29,4083.2516129032256
2023-01-30,4080.965806451613
2023-01-31,4078.68
2023-02-01,4081.457857142857
2023-02-02,4084.235714285714
2023-02-03,4087.013571428571
2023-02-04,4089.7914285714282
2023-02-05,4092.569285714286
2023-02-06,4095.347142857143
2023-02-07,4098.125
2023-02-08,4100.902857142857
2023-02-09,4103.680714285714
2023-02-10,4106.458571428571
2023-02-11,4109.236428571428
2023-02-12,4112.0142857142855
2023-02-13,4114.792142857143
2023-02-14,4117.57
2023-02-15,4120.347857142857
2023-02-16,4123.125714285714
2023-02-17,4125.903571428571
2023-02-18,4128.681428571428
2023-02-19,4131.459285714286
2023-02-20,4134.237142857143
2023-02-21,4137.015
2023-02-22,4139.792857142857
2023-02-23,4142.5707142857145
2023-02-24,4145.348571428572
2023-02-25,4148.126428571429
2023-02-26,4150.904285714286
2023-02-27,4153.682142857143
2023-02-28,4156.46
2023-03-01,4162.500967741936
2023-03-02,4168.541935483871
2023-03-03,4174.582903225806
2023-03-04,4180.623870967742
2023-03-05,4186.6648387096775
2023-03-06,4192.705806451613
2023-03-07,4198.746774193548
2023-03-08,4204.787741935484
2023-03-09,4210.828709677419
2023-03-10,4216.869677419355
2023-03-11,4222.910645161291
2023-03-12,4228.951612903225
2023-03-13,4234.992580645161
2023-03-14,4241.033548387097
2023-03-15,4247.074516129032
2023-03-16,4253.115483870967
2023-03-17,4259.156451612903
2023-03-18,4265.1974193548385
2023-03-19,4271.238387096774
2023-03-20,4277.279354838709
2023-03-21,4283.320322580645
2023-03-22,4289.36129032258
2023-03-23,4295.402258064516
2023-03-24,4301.443225806452
2023-03-25,4307.484193548386
2023-03-26,4313.525161290322
2023-03-27,4319.566129032258
2023-03-28,4325.607096774193
2023-03-29,4331.648064516128
2023-03-30,4337.689032258064
2023-03-31,4343.73
2023-04-01,4347.134666666666
2023-04-02,4350.539333333333
2023-04-03,4353.9439999999995
2023-04-04,4357.348666666666
2023-04-05,4360.753333333333
2023-04-06,4364.157999999999
2023-04-07,4367.562666666667
2023-04-08,4370.967333333333
2023-04-09,4374.371999999999
2023-04-10,4377.776666666667
2023-04-11,4381.181333333333
2023-04-12,4384.585999999999
2023-04-13,4387.990666666667
2023-04-14,4391.395333333333
2023-04-15,4394.799999999999
2023-04-16,4398.2046666666665
2023-04-17,4401.609333333333
2023-04-18,4405.014
2023-04-19,4408.4186666666665
2023-04-20,4411.823333333333
2023-04-21,4415.228
2023-04-22,4418.632666666666
2023-04-23,4422.037333333333
2023-04-24,4425.442
2023-04-25,4428.846666666666
2023-04-26,4432.251333333334
2023-04-27,4435.656
2023-04-28,4439.060666666666
2023-04-29,4442.465333333334
2023-04-30,4445.87
2023-05-01,4438.957419354839
2023-05-02,4432.044838709678
2023-05-03,4425.1322580645165
2023-05-04,4418.219677419354
2023-05-05,4411.307096774193
2023-05-06,4404.394516129032
2023-05-07,4397.481935483871
2023-05-08,4390.56935483871
2023-05-09,4383.656774193549
2023-05-10,4376.744193548387
2023-05-11,4369.8316129032255
2023-05-12,4362.919032258064
2023-05-13,4356.006451612903
2023-05-14,4349.093870967742
2023-05-15,4342.181290322581
2023-05-16,4335.268709677419
2023-05-17,4328.356129032258
2023-05-18,4321.443548387097
2023-05-19,4314.5309677419355
2023-05-20,4307.618387096774
2023-05-21,4300.705806451613
2023-05-22,4293.793225806451
2023-05-23,4286.88064516129
2023-05-24,4279.968064516129
2023-05-25,4273.055483870968
2023-05-26,4266.142903225807
2023-05-27,4259.230322580645
2023-05-28,4252.317741935483
2023-05-29,4245.405161290322
2023-05-30,4238.492580645161
2023-05-31,4231.58
2023-06-01,4216.772666666667
2023-06-02,4201.965333333334
2023-06-03,4187.158
2023-06-04,4172.350666666666
2023-06-05,4157.543333333333
2023-06-06,4142.736
2023-06-07,4127.928666666667
2023-06-08,4113.1213333333335
2023-06-09,4098.314
2023-06-10,4083.5066666666667
2023-06-11,4068.6993333333335
2023-06-12,4053.892
2023-06-13,4039.0846666666666
2023-06-14,4024.2773333333334
2023-06-15,4009.4700000000003
2023-06-16,3994.6626666666666
2023-06-17,3979.8553333333334
2023-06-18,3965.0480000000002
2023-06-19,3950.2406666666666
2023-06-20,3935.4333333333334
2023-06-21,3920.626
2023-06-22,3905.8186666666666
2023-06-23,3891.0113333333334
2023-06-24,3876.204
2023-06-25,3861.3966666666665
2023-06-26,3846.5893333333333
2023-06-27,3831.782
2023-06-28,3816.974666666667
2023-06-29,3802.1673333333333
2023-06-30,3787.36
2023-07-01,3795.2170967741936
2023-07-02,3803.074193548387
2023-07-03,3810.931290322581
2023-07-04,3818.7883870967744
2023-07-05,3826.645483870968
2023-07-06,3834.5025806451613
2023-07-07,3842.3596774193547
2023-07-08,3850.2167741935486
2023-07-09,3858.073870967742
2023-07-10,3865.9309677419355
2023-07-11,3873.788064516129
2023-07-12,3881.6451612903224
2023-07-13,3889.5022580645164
2023-07-14,3897.35935483871
2023-07-15,3905.2164516129033
2023-07-16,3913.0735483870967
2023-07-17,3920.93064516129
2023-07-18,3928.7877419354836
2023-07-19,3936.6448387096775
2023-07-20,3944.501935483871
2023-07-21,3952.3590322580644
2023-07-22,3960.216129032258
2023-07-23,3968.0732258064513
2023-07-24,3975.930322580645
2023-07-25,3983.7874193548387
2023-07-26,3991.644516129032
2023-07-27,3999.5016129032256
2023-07-28,4007.358709677419
2023-07-29,4015.215806451613
2023-07-30,4023.0729032258064
2023-07-31,4030.93
2023-08-01,4028.8574193548384
2023-08-02,4026.7848387096774
2023-08-03,4024.712258064516
2023-08-04,4022.6396774193545
2023-08-05,4020.5670967741935
2023-08-06,4018.494516129032
2023-08-07,4016.4219354838706
2023-08-08,4014.3493548387096
2023-08-09,4012.276774193548
2023-08-10,4010.204193548387
2023-08-11,4008.1316129032257
2023-08-12,4006.0590322580642
2023-08-13,4003.9864516129032
2023-08-14,4001.913870967742
2023-08-15,3999.8412903225803
2023-08-16,3997.7687096774193
2023-08-17,3995.696129032258
2023-08-18,3993.6235483870964
2023-08-19,3991.5509677419354
2023-08-20,3989.478387096774
2023-08-21,3987.4058064516125
2023-08-22,3985.3332258064515
2023-08-23,3983.26064516129
2023-08-24,3981.188064516129
2023-08-25,3979.1154838709676
2023-08-26,3977.042903225806
2023-08-27,3974.970322580645
2023-08-28,3972.8977419354837
2023-08-29,3970.8251612903223
2023-08-30,3968.7525806451613
2023-08-31,3966.68
2023-09-01,3963.875
2023-09-02,3961.0699999999997
2023-09-03,3958.265
2023-09-04,3955.46
2023-09-05,3952.6549999999997
2023-09-06,3949.85
2023-09-07,3947.045
2023-09-08,3944.24
2023-09-09,3941.435
2023-09-10,3938.63
2023-09-11,3935.825
2023-09-12,3933.02
2023-09-13,3930.215
2023-09-14,3927.41
2023-09-15,3924.605
2023-09-16,3921.8
2023-09-17,3918.995
2023-09-18,3916.19
2023-09-19,3913.385
2023-09-20,3910.58
2023-09-21,3907.775
2023-09-22,3904.9700000000003
2023-09-23,3902.165
2023-09-24,3899.36
2023-09-25,3896.5550000000003
2023-09-26,3893.75
2023-09-27,3890.945
2023-09-28,3888.1400000000003
2023-09-29,3885.335
2023-09-30,3882.53
2023-10-01,3880.447741935484
2023-10-02,3878.365483870968
2023-10-03,3876.283225806452
2023-10-04,3874.2009677419355
2023-10-05,3872.1187096774197
2023-10-06,3870.0364516129034
2023-10-07,3867.954193548387
2023-10-08,3865.8719354838713
2023-10-09,3863.789677419355
2023-10-10,3861.7074193548387
2023-10-11,3859.625161290323
2023-10-12,3857.5429032258066
2023-10-13,3855.4606451612904
2023-10-14,3853.3783870967745
2023-10-15,3851.2961290322582
2023-10-16,3849.213870967742
2023-10-17,3847.1316129032257
2023-10-18,3845.04935483871
2023-10-19,3842.9670967741936
2023-10-20,3840.8848387096773
2023-10-21,3838.8025806451615
2023-10-22,3836.720322580645
2023-10-23,3834.638064516129
2023-10-24,3832.555806451613
2023-10-25,3830.473548387097
2023-10-26,3828.3912903225805
2023-10-27,3826.3090322580647
2023-10-28,3824.2267741935484
2023-10-29,3822.144516129032
2023-10-30,3820.0622580645163
2023-10-31,3817.98
2023-11-01,3820.5016666666666
2023-11-02,3823.0233333333335
2023-11-03,3825.545
2023-11-04,3828.0666666666666
2023-11-05,3830.5883333333336
2023-11-06,3833.11
2023-11-07,3835.6316666666667
2023-11-08,3838.153333333333
2023-11-09,3840.675
2023-11-10,3843.1966666666667
2023-11-11,3845.7183333333332
2023-11-12,3848.2400000000002
2023-11-13,3850.7616666666668
2023-11-14,3853.2833333333333
2023-11-15,3855.8050000000003
2023-11-16,3858.326666666667
2023-11-17,3860.8483333333334
2023-11-18,3863.37
2023-11-19,3865.891666666667
2023-11-20,3868.4133333333334
2023-11-21,3870.935
2023-11-22,3873.456666666667
2023-11-23,3875.9783333333335
2023-11-24,3878.5
2023-11-25,3881.021666666667
2023-11-26,3883.5433333333335
2023-11-27,3886.065
2023-11-28,3888.5866666666666
2023-11-29,3891.1083333333336
2023-11-30,3893.63
2023-12-01,3890.5803225806453
2023-12-02,3887.5306451612905
2023-12-03,3884.4809677419357
2023-12-04,3881.431290322581
2023-12-05,3878.381612903226
2023-12-06,3875.331935483871
2023-12-07,3872.282258064516
2023-12-08,3869.2325806451613
2023-12-09,3866.1829032258065
2023-12-10,3863.1332258064517
2023-12-11,3860.083548387097
2023-12-12,3857.033870967742
2023-12-13,3853.9841935483873
2023-12-14,3850.9345161290325
2023-12-15,3847.8848387096778
2023-12-16,3844.8351612903225
2023-12-17,3841.7854838709677
2023-12-18,3838.735806451613
2023-12-19,3835.686129032258
2023-12-20,3832.6364516129033
2023-12-21,3829.5867741935485
2023-12-22,3826.5370967741937
2023-12-23,3823.487419354839
2023-12-24,3820.437741935484
2023-12-25,3817.3880645161294
2023-12-26,3814.3383870967746
2023-12-27,3811.2887096774193
2023-12-28,3808.2390322580645
2023-12-29,3805.1893548387097
2023-12-30,3802.139677419355
2023-12-31,3799.09
2024-01-01,3804.217419354839
2024-01-02,3809.3448387096773
2024-01-03,3814.472258064516
2024-01-04,3819.599677419355
2024-01-05,3824.727096774194
2024-01-06,3829.854516129032
2024-01-07,3834.981935483871
2024-01-08,3840.10935483871
2024-01-09,3845.2367741935486
2024-01-10,3850.364193548387
2024-01-11,3855.491612903226
2024-01-12,3860.6190322580646
2024-01-13,3865.7464516129035
2024-01-14,3870.873870967742
2024-01-15,3876.0012903225806
2024-01-16,3881.1287096774195
2024-01-17,3886.2561290322583
2024-01-18,3891.3835483870967
2024-01-19,3896.5109677419355
2024-01-20,3901.6383870967743
2024-01-21,3906.765806451613
2024-01-22,3911.8932258064515
2024-01-23,3917.0206451612903
2024-01-24,3922.148064516129
2024-01-25,3927.275483870968
2024-01-26,3932.4029032258063
2024-01-27,3937.530322580645
2024-01-28,3942.657741935484
2024-01-29,3947.7851612903223
2024-01-30,3952.912580645161
2024-01-31,3958.04
2024-02-01,3962.557931034483
2024-02-02,3967.0758620689653
2024-02-03,3971.593793103448
2024-02-04,3976.111724137931
2024-02-05,3980.6296551724135
2024-02-06,3985.1475862068964
2024-02-07,3989.6655172413793
2024-02-08,3994.1834482758622
2024-02-09,3998.7013793103447
2024-02-10,4003.2193103448276
2024-02-11,4007.7372413793105
2024-02-12,4012.255172413793
2024-02-13,4016.773103448276
2024-02-14,4021.2910344827587
2024-02-15,4025.808965517241
2024-02-16,4030.326896551724
2024-02-17,4034.844827586207
2024-02-18,4039.3627586206894
2024-02-19,4043.8806896551723
2024-02-20,4048.398620689655
2024-02-21,4052.916551724138
2024-02-22,4057.4344827586206
2024-02-23,4061.9524137931035
2024-02-24,4066.4703448275864
2024-02-25,4070.988275862069
2024-02-26,4075.5062068965517
2024-02-27,4080.0241379310346
2024-02-28,4084.542068965517
2024-02-29,4089.06
2024-03-01,4100.579032258064
2024-03-02,4112.098064516129
2024-03-03,4123.617096774194
2024-03-04,4135.136129032258
2024-03-05,4146.655161290322
2024-03-06,4158.174193548387
2024-03-07,4169.693225806452
2024-03-08,4181.212258064516
2024-03-09,4192.73129032258
2024-03-10,4204.250322580645
2024-03-11,4215.76935483871
2024-03-12,4227.288387096774
2024-03-13,4238.807419354838
2024-03-14,4250.326451612903
2024-03-15,4261.845483870968
2024-03-16,4273.364516129032
2024-03-17,4284.883548387096
2024-03-18,4296.402580645161
2024-03-19,4307.921612903226
2024-03-20,4319.44064516129
2024-03-21,4330.959677419354
2024-03-22,4342.478709677419
2024-03-23,4353.997741935484
2024-03-24,4365.516774193548
2024-03-25,4377.035806451613
2024-03-26,4388.554838709677
2024-03-27,4400.073870967742
2024-03-28,4411.592903225806
2024-03-29,4423.11193548387
2024-03-30,4434.630967741935
2024-03-31,4446.15
2024-04-01,4446.629999999999
2024-04-02,4447.11
2024-04-03,4447.59
2024-04-04,4448.07
2024-04-05,4448.549999999999
2024-04-06,4449.03
2024-04-07,4449.51
2024-04-08,4449.99
2024-04-09,4450.469999999999
2024-04-10,4450.95
2024-04-11,4451.43
2024-04-12,4451.91
2024-04-13,4452.389999999999
2024-04-14,4452.87
2024-04-15,4453.35
2024-04-16,4453.83
2024-04-17,4454.3099999999995
2024-04-18,4454.79
2024-04-19,4455.27
2024-04-20,4455.75
2024-04-21,4456.23
2024-04-22,4456.71
2024-04-23,4457.1900000000005
2024-04-24,4457.67
2024-04-25,4458.15
2024-04-26,4458.63
2024-04-27,4459.110000000001
2024-04-28,4459.59
2024-04-29,4460.07
2024-04-30,4460.55
2024-05-01,4447.404838709677
2024-05-02,4434.259677419355
2024-05-03,4421.114516129032
2024-05-04,4407.9693548387095
2024-05-05,4394.8241935483875
2024-05-06,4381.679032258065
2024-05-07,4368.533870967742
2024-05-08,4355.38870967742
2024-05-09,4342.243548387097
2024-05-10,4329.098387096775
2024-05-11,4315.953225806452
2024-05-12,4302.808064516129
2024-05-13,4289.662903225807
2024-05-14,4276.517741935484
2024-05-15,4263.372580645161
2024-05-16,4250.227419354839
2024-05-17,4237.082258064516
2024-05-18,4223.937096774193
2024-05-19,4210.791935483871
2024-05-20,4197.6467741935485
2024-05-21,4184.501612903226
2024-05-22,4171.356451612904
2024-05-23,4158.211290322581
2024-05-24,4145.066129032259
2024-05-25,4131.920967741936
2024-05-26,4118.775806451613
2024-05-27,4105.630645161291
2024-05-28,4092.485483870968
2024-05-29,4079.340322580645
2024-05-30,4066.1951612903226
2024-05-31,4053.05
2024-06-01,4055.112666666667
2024-06-02,4057.1753333333336
2024-06-03,4059.2380000000003
2024-06-04,4061.300666666667
2024-06-05,4063.3633333333337
2024-06-06,4065.4260000000004
2024-06-07,4067.488666666667
2024-06-08,4069.5513333333333
2024-06-09,4071.614
2024-06-10,4073.6766666666667
2024-06-11,4075.7393333333334
2024-06-12,4077.802
2024-06-13,4079.864666666667
2024-06-14,4081.9273333333335
2024-06-15,4083.9900000000002
2024-06-16,4086.052666666667
2024-06-17,4088.1153333333336
2024-06-18,4090.1780000000003
2024-06-19,4092.240666666667
2024-06-20,4094.3033333333337
2024-06-21,4096.366
2024-06-22,4098.428666666667
2024-06-23,4100.491333333333
2024-06-24,4102.554
2024-06-25,4104.616666666667
2024-06-26,4106.6793333333335
2024-06-27,4108.742
2024-06-28,4110.804666666667
2024-06-29,4112.867333333334
2024-06-30,4114.93
2024-07-01,4117.373225806452
2024-07-02,4119.816451612904
2024-07-03,4122.259677419355
2024-07-04,4124.702903225807
2024-07-05,4127.146129032259
2024-07-06,4129.58935483871
2024-07-07,4132.032580645162
2024-07-08,4134.475806451613
2024-07-09,4136.919032258064
2024-07-10,4139.362258064516
2024-07-11,4141.805483870968
2024-07-12,4144.248709677419
2024-07-13,4146.691935483871
2024-07-14,4149.135161290323
2024-07-15,4151.578387096774
2024-07-16,4154.021612903226
2024-07-17,4156.464838709678
2024-07-18,4158.908064516129
2024-07-19,4161.351290322581
2024-07-20,4163.794516129033
2024-07-21,4166.237741935484
2024-07-22,4168.680967741936
2024-07-23,4171.124193548388
2024-07-24,4173.567419354838
2024-07-25,4176.01064516129
2024-07-26,4178.453870967742
2024-07-27,4180.897096774193
2024-07-28,4183.340322580645
2024-07-29,4185.783548387097
2024-07-30,4188.226774193548
2024-07-31,4190.67
2024-08-01,4188.384838709678
2024-08-02,4186.0996774193545
2024-08-03,4183.814516129032
2024-08-04,4181.52935483871
2024-08-05,4179.244193548388
2024-08-06,4176.959032258064
2024-08-07,4174.673870967742
2024-08-08,4172.38870967742
2024-08-09,4170.103548387096
2024-08-10,4167.818387096774
2024-08-11,4165.533225806452
2024-08-12,4163.2480645161295
2024-08-13,4160.962903225806
2024-08-14,4158.677741935484
2024-08-15,4156.392580645162
2024-08-16,4154.107419354838
2024-08-17,4151.822258064516
2024-08-18,4149.537096774194
2024-08-19,4147.2519354838705
2024-08-20,4144.966774193548
2024-08-21,4142.681612903226
2024-08-22,4140.396451612904
2024-08-23,4138.11129032258
2024-08-24,4135.826129032258
2024-08-25,4133.540967741936
2024-08-26,4131.255806451612
2024-08-27,4128.97064516129
2024-08-28,4126.685483870968
2024-08-29,4124.4003225806455
2024-08-30,4122.115161290322
2024-08-31,4119.83
2024-09-01,4121.894
2024-09-02,4123.958
2024-09-03,4126.022
2024-09-04,4128.086
2024-09-05,4130.15
2024-09-06,4132.214
2024-09-07,4134.278
2024-09-08,4136.342
2024-09-09,4138.406
2024-09-10,4140.47
2024-09-11,4142.534
2024-09-12,4144.598
2024-09-13,4146.662
2024-09-14,4148.726
2024-09-15,4150.79
2024-09-16,4152.854
2024-09-17,4154.918
2024-09-18,4156.982
2024-09-19,4159.046
2024-09-20,4161.11
2024-09-21,4163.174
2024-09-22,4165.238
2024-09-23,4167.302
2024-09-24,4169.366
2024-09-25,4171.43
2024-09-26,4173.494
2024-09-27,4175.558
2024-09-28,4177.622
2024-09-29,4179.686
2024-09-30,4181.75
2024-10-01,4196.122580645161
2024-10-02,4210.495161290322
2024-10-03,4224.8677419354835
2024-10-04,4239.240322580646
2024-10-05,4253.612903225807
2024-10-06,4267.985483870968
2024-10-07,4282.358064516129
2024-10-08,4296.73064516129
2024-10-09,4311.1032258064515
2024-10-10,4325.475806451613
2024-10-11,4339.848387096774
2024-10-12,4354.220967741936
2024-10-13,4368.593548387097
2024-10-14,4382.966129032258
2024-10-15,4397.3387096774195
2024-10-16,4411.711290322581
2024-10-17,4426.083870967742
2024-10-18,4440.456451612903
2024-10-19,4454.829032258064
2024-10-20,4469.201612903226
2024-10-21,4483.5741935483875
2024-10-22,4497.946774193549
2024-10-23,4512.31935483871
2024-10-24,4526.691935483871
2024-10-25,4541.064516129032
2024-10-26,4555.437096774193
2024-10-27,4569.809677419355
2024-10-28,4584.182258064517
2024-10-29,4598.554838709678
2024-10-30,4612.927419354839
2024-10-31,4627.3
2024-11-01,4645.928
2024-11-02,4664.5560000000005
2024-11-03,4683.184
2024-11-04,4701.812
2024-11-05,4720.4400000000005
2024-11-06,4739.068
2024-11-07,4757.696
2024-11-08,4776.3240000000005
2024-11-09,4794.952
2024-11-10,4813.58
2024-11-11,4832.2080000000005
2024-11-12,4850.836
2024-11-13,4869.464
2024-11-14,4888.092000000001
2024-11-15,4906.72
2024-11-16,4925.348
2024-11-17,4943.976000000001
2024-11-18,4962.604
2024-11-19,4981.232
2024-11-20,4999.860000000001
2024-11-21,5018.488
2024-11-22,5037.116
2024-11-23,5055.744000000001
2024-11-24,5074.372
2024-11-25,5093.0
2024-11-26,5111.628000000001
2024-11-27,5130.256
2024-11-28,5148.884
2024-11-29,5167.512000000001
2024-11-30,5186.14
2024-12-01,5189.856451612904
2024-12-02,5193.572903225807
2024-12-03,5197.28935483871
2024-12-04,5201.005806451613
2024-12-05,5204.722258064517
2024-12-06,5208.43870967742
2024-12-07,5212.155161290323
2024-12-08,5215.871612903226
2024-12-09,5219.58806451613
2024-12-10,5223.304516129033
2024-12-11,5227.020967741936
2024-12-12,5230.737419354839
2024-12-13,5234.453870967743
2024-12-14,5238.170322580646
2024-12-15,5241.886774193549
2024-12-16,5245.6032258064515
2024-12-17,5249.319677419355
2024-12-18,5253.036129032258
2024-12-19,5256.752580645161
2024-12-20,5260.4690322580645
2024-12-21,5264.185483870968
2024-12-22,5267.901935483871
2024-12-23,5271.618387096774
2024-12-24,5275.334838709678
2024-12-25,5279.051290322581
2024-12-26,5282.767741935484
2024-12-27,5286.484193548387
2024-12-28,5290.200645161291
2024-12-29,5293.917096774194
2024-12-30,5297.633548387097
2024-12-31,5301.35
2025-01-01,5284.709032258065
2025-01-02,5268.068064516129
2025-01-03,5251.427096774194
2025-01-04,5234.786129032258
2025-01-05,5218.145161290323
2025-01-06,5201.504193548387
2025-01-07,5184.863225806452
2025-01-08,5168.222258064517
2025-01-09,5151.581290322581
2025-01-10,5134.940322580645
2025-01-11,5118.299354838709
2025-01-12,5101.658387096774
2025-01-13,5085.017419354839
2025-01-14,5068.376451612903
2025-01-15,5051.735483870968
2025-01-16,5035.094516129032
2025-01-17,5018.453548387097
2025-01-18,5001.812580645161
2025-01-19,4985.171612903226
2025-01-20,4968.5306451612905
2025-01-21,4951.8896774193545
2025-01-22,4935.248709677419
2025-01-23,4918.607741935483
2025-01-24,4901.966774193548
2025-01-25,4885.325806451612
2025-01-26,4868.684838709677
2025-01-27,4852.043870967742
2025-01-28,4835.402903225806
2025-01-29,4818.761935483871
2025-01-30,4802.120967741935
2025-01-31,4785.48
2025-02-01,4783.905
2025-02-02,4782.33
2025-02-03,4780.754999999999
2025-02-04,4779.179999999999
2025-02-05,4777.605
2025-02-06,4776.03
2025-02-07,4774.455
2025-02-08,4772.88
2025-02-09,4771.304999999999
2025-02-10,4769.73
2025-02-11,4768.155
2025-02-12,4766.58
2025-02-13,4765.005
2025-02-14,4763.43
2025-02-15,4761.855
2025-02-16,4760.28
2025-02-17,4758.705
2025-02-18,4757.13
2025-02-19,4755.555
2025-02-20,4753.98
2025-02-21,4752.405
2025-02-22,4750.83
2025-02-23,4749.255
2025-02-24,4747.68
2025-02-25,4746.1050000000005
2025-02-26,4744.53
2025-02-27,4742.955
2025-02-28,4741.38
2025-03-01,4741.197096774194
2025-03-02,4741.014193548387
2025-03-03,4740.831290322581
2025-03-04,4740.648387096774
2025-03-05,4740.465483870968
2025-03-06,4740.282580645161
2025-03-07,4740.0996774193545
2025-03-08,4739.916774193549
2025-03-09,4739.733870967742
2025-03-10,4739.550967741936
2025-03-11,4739.368064516129
2025-03-12,4739.185161290323
2025-03-13,4739.002258064516
2025-03-14,4738.81935483871
2025-03-15,4738.636451612903
2025-03-16,4738.453548387097
2025-03-17,4738.27064516129
2025-03-18,4738.087741935484
2025-03-19,4737.904838709677
2025-03-20,4737.721935483871
2025-03-21,4737.539032258064
2025-03-22,4737.356129032258
2025-03-23,4737.173225806451
2025-03-24,4736.990322580646
2025-03-25,4736.807419354839
2025-03-26,4736.624516129033
2025-03-27,4736.441612903226
2025-03-28,4736.25870967742
2025-03-29,4736.075806451613
2025-03-30,4735.892903225807
2025-03-31,4735.71
2025-04-01,4724.217333333333
2025-04-02,4712.724666666667
2025-04-03,4701.232
2025-04-04,4689.739333333333
2025-04-05,4678.246666666667
2025-04-06,4666.754
2025-04-07,4655.261333333334
2025-04-08,4643.768666666667
2025-04-09,4632.276
2025-04-10,4620.783333333334
2025-04-11,4609.290666666667
2025-04-12,4597.798
2025-04-13,4586.305333333334
2025-04-14,4574.812666666667
2025-04-15,4563.32
2025-04-16,4551.827333333334
2025-04-17,4540.334666666667
2025-04-18,4528.842000000001
2025-04-19,4517.349333333334
2025-04-20,4505.856666666667
2025-04-21,4494.3640000000005
2025-04-22,4482.8713333333335
2025-04-23,4471.3786666666665
2025-04-24,4459.886
2025-04-25,4448.393333333333
2025-04-26,4436.900666666666
2025-04-27,4425.408
2025-04-28,4413.915333333333
2025-04-29,4402.422666666667
2025-04-30,4390.93
2025-05-01,4374.197096774194
2025-05-02,4357.464193548388
2025-05-03,4340.731290322581
2025-05-04,4323.998387096774
2025-05-05,4307.265483870968
2025-05-06,4290.532580645162
2025-05-07,4273.799677419355
2025-05-08,4257.066774193549
2025-05-09,4240.333870967742
2025-05-10,4223.600967741936
2025-05-11,4206.868064516129
2025-05-12,4190.135161290323
2025-05-13,4173.402258064516
2025-05-14,4156.66935483871
2025-05-15,4139.9364516129035
2025-05-16,4123.203548387097
2025-05-17,4106.47064516129
2025-05-18,4089.737741935484
2025-05-19,4073.0048387096776
2025-05-20,4056.271935483871
2025-05-21,4039.5390322580647
2025-05-22,4022.806129032258
2025-05-23,4006.073225806452
2025-05-24,3989.340322580645
2025-05-25,3972.607419354839
2025-05-26,3955.8745161290326
2025-05-27,3939.141612903226
2025-05-28,3922.408709677419
2025-05-29,3905.675806451613
2025-05-30,3888.9429032258067
2025-05-31,3872.21
2025-06-01,3875.4003333333335
2025-06-02,3878.5906666666665
2025-06-03,3881.781
2025-06-04,3884.9713333333334
2025-06-05,3888.161666666667
2025-06-06,3891.352
2025-06-07,3894.5423333333333
2025-06-08,3897.732666666667
2025-06-09,3900.9230000000002
2025-06-10,3904.1133333333332
2025-06-11,3907.3036666666667
2025-06-12,3910.494
2025-06-13,3913.6843333333336
2025-06-14,3916.8746666666666
2025-06-15,3920.065
2025-06-16,3923.2553333333335
2025-06-17,3926.4456666666665
2025-06-18,3929.636
2025-06-19,3932.8263333333334
2025-06-20,3936.016666666667
2025-06-21,3939.207
2025-06-22,3942.3973333333333
2025-06-23,3945.587666666667
2025-06-24,3948.7780000000002
2025-06-25,3951.9683333333332
2025-06-26,3955.1586666666667
2025-06-27,3958.349
2025-06-28,3961.5393333333336
2025-06-29,3964.7296666666666
2025-06-30,3967.92
2025-07-01,3955.0
2025-07-02,4011.5
2025-07-03,4036.0
2025-07-04,4032.5
2025-07-05,4032.5
2025-07-06,4032.5
2025-07-07,4020.5
2025-07-08,4078.5
2025-07-09,4103.0
2025-07-10,4105.5
2025-07-11,4107.0
2025-07-12,4107.0
2025-07-13,4107.0
2025-07-14,4155.0
2025-07-15,4126.0
2025-07-16,4146.5
2025-07-17,4156.0
2025-07-18,4230.5
2025-07-19,4230.5
2025-07-20,4230.5
2025-07-21,4198.0
2025-07-22,4193.5
2025-07-23,4220.0
2025-07-24,4235.5
2025-07-25,4204.5
2025-07-26,4204.5
2025-07-27,4204.5
2025-07-28,4205.0
2025-07-29,4179.5
2025-07-30,4207.0
2025-07-31,4207.0
2025-08-01,4200.5
2025-08-02,4200.5
2025-08-03,4200.5
2025-08-04,4171.5
2025-08-05,4226.5
2025-08-06,4224.5
2025-08-07,4209.0
2025-08-08,4218.0
2025-08-09,4218.0
2025-08-10,4218.0
2025-08-11,4259.5
2025-08-12,4344.0
2025-08-13,4360.0
2025-08-14,4346.5
2025-08-15,4378.5
2025-08-16,4378.5
2025-08-17,4378.5
2025-08-18,4455.5
2025-08-19,4462.5
2025-08-20,4421.5
2025-08-21,4406.5
2025-08-22,4443.5
2025-08-23,4443.5
2025-08-24,4443.5
2025-08-25,4419.0
2025-08-26,4403.0
2025-08-27,4411.0
2025-08-28,4370.0
2025-08-29,4349.0
2025-08-30,4349.0
2025-08-31,4349.0
2025-09-01,4349.0
2025-09-02,4389.5
2025-09-03,4344.0
2025-09-04,4387.0
2025-09-05,4387.0
2025-09-06,4387.0
2025-09-07,4387.0
2025-09-08,4384.5
2025-09-09,4409.0
2025-09-10,4364.5
2025-09-11,4402.5
2025-09-12,4400.5
2025-09-13,4400.5
2025-09-14,4400.5
2025-09-15,4400.5
2025-09-16,4400.5
2025-09-17,4419.5
2025-09-18,4364.5
2025-09-19,4376.0
2025-09-20,4376.0
2025-09-21,4376.0
2025-09-22,4384.0
2025-09-23,4282.0
2025-09-24,4320.5
2025-09-25,4361.0
2025-09-26,4360.5
2025-09-27,4360.5
2025-09-28,4360.5
2025-09-29,4342.0
2025-09-30,4282.0
2025-10-01,4346.0
2025-10-02,4389.5
2025-10-03,4422.0
2025-10-04,4422.0
2025-10-05,4422.0
2025-10-06,4379.0
2025-10-07,4405.5
2025-10-08,4442.5
2025-10-09,4486.5
2025-10-10,4505.5
2025-10-11,4505.5
2025-10-12,4505.5
2025-10-13,4415.0
2025-10-14,4403.5
2025-10-15,4411.5
2025-10-16,4411.0
2025-10-17,4412.0
2025-10-18,4412.0
2025-10-19,4412.0
2025-10-20,4412.0
2025-10-21,4452.5
2025-10-22,4398.0
2025-10-23,4381.5
2025-10-25,4381.5
2025-10-26,4381.5
2025-11-01,4381.5
2025-11-02,4381.5
2025-11-08,4381.5
2025-11-09,4381.5
2025-11-15,4381.5
2025-11-16,4381.5
2025-11-22,4381.5
2025-11-23,4381.5
2025-11-29,4381.5
2025-11-30,4381.5
2025-12-06,4381.5
2025-12-07,4381.5
2025-12-13,4381.5
2025-12-14,4381.5
2025-12-20,4381.5
2025-12-21,4381.5
2025-12-27,4381.5
2025-12-28,4381.5
