datetime,symbol,open,high,low,close,volume,close_tmr
2/5/2005 21:00,MYX:FCPO1!,1428,1436,1425,1433,2057,1411
3/5/2005 21:00,MYX:FCPO1!,1435,1435,1411,1411,4684,1413
4/5/2005 21:00,MYX:FCPO1!,1415,1420,1405,1413,3817,1416
5/5/2005 21:00,MYX:FCPO1!,1414,1423,1410,1416,2442,1422
9/5/2005 10:00,MYX:FCPO1!,1430,1432,1415,1422,2646,1429
9/5/2005 21:00,MYX:FCPO1!,1432,1436,1426,1429,3131,1405
10/5/2005 21:00,MYX:FCPO1!,1425,1426,1381,1405,6371,1414
11/5/2005 21:00,MYX:FCPO1!,1401,1414,1396,1414,2346,1407
12/5/2005 21:00,MYX:FCPO1!,1407,1413,1402,1407,1575,1400
16/5/2005 10:00,MYX:FCPO1!,1398,1402,1389,1400,4528,1382
16/5/2005 21:00,MYX:FCPO1!,1395,1404,1381,1382,5044,1392
17/5/2005 21:00,MYX:FCPO1!,1377,1398,1377,1392,3907,1393
18/5/2005 21:00,MYX:FCPO1!,1399,1403,1390,1393,3362,1384
19/5/2005 21:00,MYX:FCPO1!,1389,1391,1380,1384,2624,1389
23/5/2005 21:00,MYX:FCPO1!,1391,1397,1387,1389,2346,1392
24/5/2005 21:00,MYX:FCPO1!,1393,1395,1385,1392,2398,1402
25/5/2005 21:00,MYX:FCPO1!,1400,1408,1396,1402,3302,1417
26/5/2005 21:00,MYX:FCPO1!,1411,1423,1411,1417,3961,1411
30/5/2005 10:00,MYX:FCPO1!,1408,1418,1407,1411,1254,1412
30/5/2005 21:00,MYX:FCPO1!,1424,1424,1408,1412,3445,1393
31/5/2005 21:00,MYX:FCPO1!,1407,1408,1392,1393,2884,1390
1/6/2005 21:00,MYX:FCPO1!,1397,1399,1385,1390,3179,1391
2/6/2005 21:00,MYX:FCPO1!,1380,1393,1378,1391,2296,1405
6/6/2005 10:00,MYX:FCPO1!,1398,1408,1398,1405,1775,1389
6/6/2005 21:00,MYX:FCPO1!,1404,1404,1388,1389,2345,1389
7/6/2005 21:00,MYX:FCPO1!,1388,1394,1384,1389,1478,1362
8/6/2005 21:00,MYX:FCPO1!,1384,1386,1361,1362,5785,1373
9/6/2005 21:00,MYX:FCPO1!,1367,1385,1367,1373,4021,1380
13/6/2005 10:00,MYX:FCPO1!,1369,1382,1364,1380,3781,1380
13/6/2005 21:00,MYX:FCPO1!,1380,1384,1374,1380,1786,1377
14/6/2005 21:00,MYX:FCPO1!,1375,1388,1371,1377,2446,1395
15/6/2005 21:00,MYX:FCPO1!,1395,1399,1390,1395,3400,1409
16/6/2005 21:00,MYX:FCPO1!,1393,1410,1388,1409,3913,1440
20/6/2005 10:00,MYX:FCPO1!,1438,1447,1433,1440,6768,1422
20/6/2005 21:00,MYX:FCPO1!,1431,1435,1420,1422,3486,1433
21/6/2005 21:00,MYX:FCPO1!,1435,1442,1431,1433,3948,1436
22/6/2005 21:00,MYX:FCPO1!,1425,1440,1419,1436,3091,1440
23/6/2005 21:00,MYX:FCPO1!,1436,1444,1434,1440,2032,1435
27/6/2005 10:00,MYX:FCPO1!,1437,1445,1430,1435,3085,1409
27/6/2005 21:00,MYX:FCPO1!,1405,1417,1401,1409,5179,1422
28/6/2005 21:00,MYX:FCPO1!,1410,1423,1409,1422,2536,1408
29/6/2005 21:00,MYX:FCPO1!,1424,1424,1402,1408,3014,1412
30/6/2005 21:00,MYX:FCPO1!,1405,1414,1403,1412,2508,1418
4/7/2005 10:00,MYX:FCPO1!,1416,1422,1413,1418,2147,1436
4/7/2005 21:00,MYX:FCPO1!,1420,1436,1419,1436,3679,1429
5/7/2005 21:00,MYX:FCPO1!,1446,1446,1426,1429,3169,1411
6/7/2005 21:00,MYX:FCPO1!,1432,1435,1408,1411,3210,1417
7/7/2005 21:00,MYX:FCPO1!,1412,1423,1412,1417,1628,1420
11/7/2005 10:00,MYX:FCPO1!,1408,1421,1400,1420,2121,1423
11/7/2005 21:00,MYX:FCPO1!,1420,1427,1420,1423,1406,1420
12/7/2005 21:00,MYX:FCPO1!,1417,1420,1413,1420,1224,1419
13/7/2005 21:00,MYX:FCPO1!,1422,1426,1415,1419,1800,1418
14/7/2005 21:00,MYX:FCPO1!,1416,1421,1415,1418,648,1417
18/7/2005 10:00,MYX:FCPO1!,1424,1424,1413,1417,1074,1411
18/7/2005 21:00,MYX:FCPO1!,1417,1417,1411,1411,1478,1411
19/7/2005 21:00,MYX:FCPO1!,1403,1413,1398,1411,2426,1408
20/7/2005 21:00,MYX:FCPO1!,1410,1411,1406,1408,1129,1382
21/7/2005 21:00,MYX:FCPO1!,1390,1398,1378,1382,5788,1356
25/7/2005 10:00,MYX:FCPO1!,1379,1379,1353,1356,4503,1365
25/7/2005 21:00,MYX:FCPO1!,1358,1373,1358,1365,2593,1363
26/7/2005 21:00,MYX:FCPO1!,1360,1367,1356,1363,2058,1378
27/7/2005 21:00,MYX:FCPO1!,1364,1378,1364,1378,1935,1377
28/7/2005 21:00,MYX:FCPO1!,1378,1378,1371,1377,1554,1368
1/8/2005 10:00,MYX:FCPO1!,1373,1373,1365,1368,1595,1356
1/8/2005 21:00,MYX:FCPO1!,1369,1375,1353,1356,3268,1366
2/8/2005 21:00,MYX:FCPO1!,1365,1366,1355,1366,1412,1352
3/8/2005 21:00,MYX:FCPO1!,1357,1362,1343,1352,3558,1344
4/8/2005 21:00,MYX:FCPO1!,1352,1358,1344,1344,1282,1340
8/8/2005 10:00,MYX:FCPO1!,1342,1347,1333,1340,2384,1349
8/8/2005 21:00,MYX:FCPO1!,1335,1350,1329,1349,2898,1357
9/8/2005 21:00,MYX:FCPO1!,1344,1358,1343,1357,2225,1367
10/8/2005 21:00,MYX:FCPO1!,1357,1370,1354,1367,2321,1378
11/8/2005 21:00,MYX:FCPO1!,1365,1410,1360,1378,1676,1383
15/8/2005 10:00,MYX:FCPO1!,1375,1385,1369,1383,1271,1377
15/8/2005 21:00,MYX:FCPO1!,1381,1383,1371,1377,1597,1377
16/8/2005 21:00,MYX:FCPO1!,1375,1377,1374,1377,533,1387
17/8/2005 21:00,MYX:FCPO1!,1378,1390,1378,1387,1936,1391
18/8/2005 21:00,MYX:FCPO1!,1381,1396,1381,1391,2597,1387
22/8/2005 10:00,MYX:FCPO1!,1390,1393,1383,1387,1784,1392
22/8/2005 21:00,MYX:FCPO1!,1391,1393,1388,1392,1509,1380
23/8/2005 21:00,MYX:FCPO1!,1393,1394,1379,1380,1889,1365
24/8/2005 21:00,MYX:FCPO1!,1380,1383,1363,1365,3656,1366
25/8/2005 21:00,MYX:FCPO1!,1359,1368,1358,1366,1319,1368
29/8/2005 10:00,MYX:FCPO1!,1367,1376,1364,1368,1306,1370
29/8/2005 21:00,MYX:FCPO1!,1364,1373,1356,1370,3206,1377
31/8/2005 21:00,MYX:FCPO1!,1370,1378,1367,1377,2061,1386
1/9/2005 21:00,MYX:FCPO1!,1380,1387,1376,1386,2135,1384
5/9/2005 10:00,MYX:FCPO1!,1381,1387,1377,1384,1532,1383
5/9/2005 21:00,MYX:FCPO1!,1386,1389,1378,1383,1129,1388
6/9/2005 21:00,MYX:FCPO1!,1387,1391,1382,1388,1198,1381
7/9/2005 21:00,MYX:FCPO1!,1385,1386,1379,1381,1175,1384
8/9/2005 21:00,MYX:FCPO1!,1384,1384,1375,1384,2066,1377
12/9/2005 10:00,MYX:FCPO1!,1378,1381,1373,1377,2566,1387
12/9/2005 21:00,MYX:FCPO1!,1375,1389,1372,1387,2496,1390
13/9/2005 21:00,MYX:FCPO1!,1387,1392,1384,1390,1896,1385
14/9/2005 21:00,MYX:FCPO1!,1389,1396,1382,1385,2416,1399
15/9/2005 21:00,MYX:FCPO1!,1390,1404,1387,1399,3617,1414
19/9/2005 10:00,MYX:FCPO1!,1402,1416,1396,1414,3697,1426
19/9/2005 21:00,MYX:FCPO1!,1423,1427,1411,1426,3939,1424
20/9/2005 21:00,MYX:FCPO1!,1426,1430,1418,1424,4237,1432
21/9/2005 21:00,MYX:FCPO1!,1428,1436,1424,1432,3228,1428
22/9/2005 21:00,MYX:FCPO1!,1435,1438,1428,1428,2609,1455
26/9/2005 10:00,MYX:FCPO1!,1425,1455,1425,1455,5478,1458
26/9/2005 21:00,MYX:FCPO1!,1453,1471,1446,1458,4080,1442
27/9/2005 21:00,MYX:FCPO1!,1449,1462,1440,1442,3705,1448
28/9/2005 21:00,MYX:FCPO1!,1445,1453,1440,1448,2492,1460
29/9/2005 21:00,MYX:FCPO1!,1448,1460,1441,1460,3096,1476
3/10/2005 10:00,MYX:FCPO1!,1475,1495,1474,1476,4709,1465
3/10/2005 21:00,MYX:FCPO1!,1482,1483,1464,1465,3843,1467
4/10/2005 21:00,MYX:FCPO1!,1464,1471,1458,1467,4201,1482
5/10/2005 21:00,MYX:FCPO1!,1468,1483,1465,1482,2749,1466
6/10/2005 21:00,MYX:FCPO1!,1479,1484,1465,1466,2731,1466
10/10/2005 10:00,MYX:FCPO1!,1467,1472,1452,1466,4698,1460
10/10/2005 21:00,MYX:FCPO1!,1462,1464,1454,1460,2363,1451
11/10/2005 21:00,MYX:FCPO1!,1462,1462,1450,1451,2256,1453
12/10/2005 21:00,MYX:FCPO1!,1460,1463,1447,1453,3537,1453
13/10/2005 21:00,MYX:FCPO1!,1452,1462,1441,1453,3647,1451
17/10/2005 10:00,MYX:FCPO1!,1449,1453,1446,1451,1570,1450
17/10/2005 21:00,MYX:FCPO1!,1455,1459,1449,1450,2790,1439
18/10/2005 21:00,MYX:FCPO1!,1449,1451,1435,1439,3741,1434
19/10/2005 21:00,MYX:FCPO1!,1436,1447,1429,1434,3932,1418
20/10/2005 21:00,MYX:FCPO1!,1425,1430,1417,1418,3538,1410
24/10/2005 10:00,MYX:FCPO1!,1411,1415,1407,1410,2173,1421
24/10/2005 21:00,MYX:FCPO1!,1413,1422,1412,1421,2753,1418
25/10/2005 21:00,MYX:FCPO1!,1420,1421,1415,1418,865,1435
26/10/2005 21:00,MYX:FCPO1!,1420,1437,1420,1435,4202,1431
27/10/2005 21:00,MYX:FCPO1!,1433,1438,1430,1431,812,1445
31/10/2005 10:00,MYX:FCPO1!,1433,1446,1431,1445,1590,1440
1/11/2005 21:00,MYX:FCPO1!,1440,1447,1439,1440,1238,1432
7/11/2005 10:00,MYX:FCPO1!,1442,1442,1429,1432,1330,1433
7/11/2005 21:00,MYX:FCPO1!,1427,1435,1425,1433,1808,1427
8/11/2005 21:00,MYX:FCPO1!,1435,1441,1426,1427,1980,1435
9/11/2005 21:00,MYX:FCPO1!,1420,1441,1419,1435,3146,1436
10/11/2005 21:00,MYX:FCPO1!,1433,1439,1432,1436,822,1429
14/11/2005 10:00,MYX:FCPO1!,1435,1438,1425,1429,1027,1422
14/11/2005 21:00,MYX:FCPO1!,1428,1430,1420,1422,2417,1415
15/11/2005 21:00,MYX:FCPO1!,1418,1423,1410,1415,2764,1417
16/11/2005 21:00,MYX:FCPO1!,1412,1417,1402,1417,3131,1418
17/11/2005 21:00,MYX:FCPO1!,1413,1420,1409,1418,2685,1413
21/11/2005 10:00,MYX:FCPO1!,1417,1417,1408,1413,1687,1403
21/11/2005 21:00,MYX:FCPO1!,1411,1411,1402,1403,1994,1414
22/11/2005 21:00,MYX:FCPO1!,1400,1416,1400,1414,2356,1412
23/11/2005 21:00,MYX:FCPO1!,1413,1413,1404,1412,1281,1419
24/11/2005 21:00,MYX:FCPO1!,1410,1421,1410,1419,2477,1399
28/11/2005 10:00,MYX:FCPO1!,1412,1415,1396,1399,4642,1396
28/11/2005 21:00,MYX:FCPO1!,1404,1404,1393,1396,2783,1391
29/11/2005 21:00,MYX:FCPO1!,1395,1403,1389,1391,2610,1387
30/11/2005 21:00,MYX:FCPO1!,1395,1395,1380,1387,2480,1397
1/12/2005 21:00,MYX:FCPO1!,1386,1400,1382,1397,2805,1402
5/12/2005 10:00,MYX:FCPO1!,1402,1407,1394,1402,3138,1413
5/12/2005 21:00,MYX:FCPO1!,1405,1416,1403,1413,3487,1413
6/12/2005 21:00,MYX:FCPO1!,1406,1416,1404,1413,2746,1410
7/12/2005 21:00,MYX:FCPO1!,1413,1413,1404,1410,2651,1411
8/12/2005 21:00,MYX:FCPO1!,1408,1414,1404,1411,2372,1415
12/12/2005 10:00,MYX:FCPO1!,1412,1419,1412,1415,1746,1407
12/12/2005 21:00,MYX:FCPO1!,1415,1417,1406,1407,1610,1397
13/12/2005 21:00,MYX:FCPO1!,1409,1409,1395,1397,2365,1395
14/12/2005 21:00,MYX:FCPO1!,1395,1395,1388,1395,2271,1403
15/12/2005 21:00,MYX:FCPO1!,1402,1404,1400,1403,99,1405
19/12/2005 10:00,MYX:FCPO1!,1405,1405,1398,1405,148,1409
19/12/2005 21:00,MYX:FCPO1!,1410,1412,1409,1409,141,1410
20/12/2005 21:00,MYX:FCPO1!,1410,1412,1406,1410,205,1414
21/12/2005 21:00,MYX:FCPO1!,1411,1416,1409,1414,500,1418
22/12/2005 21:00,MYX:FCPO1!,1417,1428,1414,1418,565,1418
26/12/2005 21:00,MYX:FCPO1!,1423,1424,1414,1418,107,1414
27/12/2005 21:00,MYX:FCPO1!,1414,1419,1412,1414,238,1417
28/12/2005 21:00,MYX:FCPO1!,1410,1419,1410,1417,360,1418
29/12/2005 21:00,MYX:FCPO1!,1419,1426,1418,1418,1118,1433
2/1/2006 21:00,MYX:FCPO1!,1432,1433,1426,1433,1069,1441
3/1/2006 21:00,MYX:FCPO1!,1445,1447,1440,1441,912,1434
4/1/2006 21:00,MYX:FCPO1!,1446,1446,1432,1434,797,1437
5/1/2006 21:00,MYX:FCPO1!,1434,1440,1433,1437,901,1428
9/1/2006 10:00,MYX:FCPO1!,1431,1434,1427,1428,581,1420
10/1/2006 21:00,MYX:FCPO1!,1420,1428,1414,1420,1830,1421
11/1/2006 21:00,MYX:FCPO1!,1417,1426,1416,1421,2337,1425
12/1/2006 21:00,MYX:FCPO1!,1415,1426,1415,1425,1266,1432
16/1/2006 10:00,MYX:FCPO1!,1430,1434,1430,1432,394,1435
16/1/2006 21:00,MYX:FCPO1!,1435,1438,1430,1435,386,1433
17/1/2006 21:00,MYX:FCPO1!,1430,1434,1430,1433,166,1438
18/1/2006 21:00,MYX:FCPO1!,1435,1440,1434,1438,460,1439
19/1/2006 21:00,MYX:FCPO1!,1441,1441,1436,1439,421,1442
23/1/2006 10:00,MYX:FCPO1!,1442,1443,1440,1442,358,1436
23/1/2006 21:00,MYX:FCPO1!,1443,1444,1433,1436,674,1439
24/1/2006 21:00,MYX:FCPO1!,1437,1441,1436,1439,491,1443
25/1/2006 21:00,MYX:FCPO1!,1443,1445,1441,1443,332,1448
26/1/2006 21:00,MYX:FCPO1!,1446,1449,1446,1448,420,1445
2/2/2006 21:00,MYX:FCPO1!,1450,1455,1445,1445,1169,1455
6/2/2006 10:00,MYX:FCPO1!,1452,1455,1447,1455,812,1455
6/2/2006 21:00,MYX:FCPO1!,1455,1459,1451,1455,736,1450
7/2/2006 21:00,MYX:FCPO1!,1451,1452,1449,1450,464,1465
8/2/2006 21:00,MYX:FCPO1!,1450,1466,1450,1465,1392,1470
9/2/2006 21:00,MYX:FCPO1!,1468,1470,1459,1470,948,1472
13/2/2006 10:00,MYX:FCPO1!,1465,1475,1465,1472,1178,1481
13/2/2006 21:00,MYX:FCPO1!,1471,1481,1469,1481,1393,1488
14/2/2006 21:00,MYX:FCPO1!,1479,1488,1477,1488,1722,1491
15/2/2006 21:00,MYX:FCPO1!,1486,1492,1485,1491,421,1491
16/2/2006 21:00,MYX:FCPO1!,1492,1493,1481,1491,1626,1489
20/2/2006 10:00,MYX:FCPO1!,1497,1497,1486,1489,673,1477
20/2/2006 21:00,MYX:FCPO1!,1485,1488,1477,1477,1467,1475
21/2/2006 21:00,MYX:FCPO1!,1478,1479,1471,1475,657,1472
22/2/2006 21:00,MYX:FCPO1!,1478,1478,1472,1472,190,1496
23/2/2006 21:00,MYX:FCPO1!,1477,1496,1477,1496,342,1515
27/2/2006 10:00,MYX:FCPO1!,1494,1516,1487,1515,1779,1512
27/2/2006 21:00,MYX:FCPO1!,1516,1522,1508,1512,1905,1508
28/2/2006 21:00,MYX:FCPO1!,1515,1519,1505,1508,1698,1495
1/3/2006 21:00,MYX:FCPO1!,1501,1504,1495,1495,865,1493
2/3/2006 21:00,MYX:FCPO1!,1504,1505,1493,1493,716,1480
6/3/2006 10:00,MYX:FCPO1!,1491,1492,1480,1480,640,1477
6/3/2006 21:00,MYX:FCPO1!,1485,1488,1477,1477,1354,1475
7/3/2006 21:00,MYX:FCPO1!,1476,1480,1473,1475,968,1471
8/3/2006 21:00,MYX:FCPO1!,1478,1483,1471,1471,1489,1463
9/3/2006 21:00,MYX:FCPO1!,1470,1480,1460,1463,2164,1452
13/3/2006 10:00,MYX:FCPO1!,1468,1469,1445,1452,1486,1450
13/3/2006 21:00,MYX:FCPO1!,1447,1457,1447,1450,1147,1448
14/3/2006 21:00,MYX:FCPO1!,1451,1455,1446,1448,1450,1456
15/3/2006 21:00,MYX:FCPO1!,1448,1456,1446,1456,1441,1455
16/3/2006 21:00,MYX:FCPO1!,1455,1461,1451,1455,1997,1449
20/3/2006 10:00,MYX:FCPO1!,1453,1454,1444,1449,3352,1441
20/3/2006 21:00,MYX:FCPO1!,1445,1448,1440,1441,2340,1447
21/3/2006 21:00,MYX:FCPO1!,1442,1450,1436,1447,2229,1451
22/3/2006 21:00,MYX:FCPO1!,1447,1451,1445,1451,1950,1452
23/3/2006 21:00,MYX:FCPO1!,1454,1460,1449,1452,2481,1452
27/3/2006 10:00,MYX:FCPO1!,1450,1455,1447,1452,1385,1448
27/3/2006 21:00,MYX:FCPO1!,1451,1451,1445,1448,1525,1442
28/3/2006 21:00,MYX:FCPO1!,1452,1452,1440,1442,1789,1434
29/3/2006 21:00,MYX:FCPO1!,1442,1443,1434,1434,3539,1437
30/3/2006 21:00,MYX:FCPO1!,1438,1439,1430,1437,2055,1421
3/4/2006 10:00,MYX:FCPO1!,1434,1437,1420,1421,2758,1427
3/4/2006 21:00,MYX:FCPO1!,1420,1429,1416,1427,2514,1411
4/4/2006 21:00,MYX:FCPO1!,1424,1426,1408,1411,3981,1413
5/4/2006 21:00,MYX:FCPO1!,1413,1420,1409,1413,2401,1422
6/4/2006 21:00,MYX:FCPO1!,1418,1424,1416,1422,2870,1446
10/4/2006 10:00,MYX:FCPO1!,1423,1446,1420,1446,4978,1460
11/4/2006 21:00,MYX:FCPO1!,1449,1460,1449,1460,3596,1452
12/4/2006 21:00,MYX:FCPO1!,1456,1459,1449,1452,1867,1450
13/4/2006 21:00,MYX:FCPO1!,1451,1464,1447,1450,3614,1470
17/4/2006 10:00,MYX:FCPO1!,1460,1471,1454,1470,2300,1468
17/4/2006 21:00,MYX:FCPO1!,1472,1478,1464,1468,2842,1471
18/4/2006 21:00,MYX:FCPO1!,1476,1476,1468,1471,3011,1479
19/4/2006 21:00,MYX:FCPO1!,1477,1482,1474,1479,3022,1471
20/4/2006 21:00,MYX:FCPO1!,1480,1480,1466,1471,2679,1494
24/4/2006 10:00,MYX:FCPO1!,1478,1500,1478,1494,6676,1482
24/4/2006 21:00,MYX:FCPO1!,1495,1497,1479,1482,4113,1473
25/4/2006 21:00,MYX:FCPO1!,1485,1489,1471,1473,4336,1473
26/4/2006 21:00,MYX:FCPO1!,1469,1480,1466,1473,3877,1481
27/4/2006 21:00,MYX:FCPO1!,1479,1487,1477,1481,4813,1465
1/5/2006 21:00,MYX:FCPO1!,1483,1484,1464,1465,4620,1458
2/5/2006 21:00,MYX:FCPO1!,1462,1469,1457,1458,6027,1454
3/5/2006 21:00,MYX:FCPO1!,1458,1462,1445,1454,4243,1453
4/5/2006 21:00,MYX:FCPO1!,1451,1461,1451,1453,3821,1457
8/5/2006 10:00,MYX:FCPO1!,1457,1462,1453,1457,2423,1450
8/5/2006 21:00,MYX:FCPO1!,1454,1458,1447,1450,3814,1446
9/5/2006 21:00,MYX:FCPO1!,1447,1455,1446,1446,2564,1448
10/5/2006 21:00,MYX:FCPO1!,1448,1452,1443,1448,3923,1469
15/5/2006 10:00,MYX:FCPO1!,1455,1483,1454,1469,8594,1465
15/5/2006 21:00,MYX:FCPO1!,1478,1479,1463,1465,4146,1463
16/5/2006 21:00,MYX:FCPO1!,1468,1473,1462,1463,3455,1458
17/5/2006 21:00,MYX:FCPO1!,1464,1468,1456,1458,2257,1452
18/5/2006 21:00,MYX:FCPO1!,1457,1460,1452,1452,3624,1443
22/5/2006 10:00,MYX:FCPO1!,1447,1452,1440,1443,3819,1441
22/5/2006 21:00,MYX:FCPO1!,1447,1451,1440,1441,2971,1438
23/5/2006 21:00,MYX:FCPO1!,1446,1451,1437,1438,3409,1441
24/5/2006 21:00,MYX:FCPO1!,1438,1446,1434,1441,3079,1446
25/5/2006 21:00,MYX:FCPO1!,1445,1452,1444,1446,4361,1437
29/5/2006 10:00,MYX:FCPO1!,1447,1449,1437,1437,2638,1439
29/5/2006 21:00,MYX:FCPO1!,1439,1442,1435,1439,1880,1444
30/5/2006 21:00,MYX:FCPO1!,1444,1455,1441,1444,5894,1439
31/5/2006 21:00,MYX:FCPO1!,1443,1446,1439,1439,3387,1438
1/6/2006 21:00,MYX:FCPO1!,1441,1441,1435,1438,1796,1447
5/6/2006 10:00,MYX:FCPO1!,1445,1458,1444,1447,5302,1448
5/6/2006 21:00,MYX:FCPO1!,1448,1451,1444,1448,1739,1451
6/6/2006 21:00,MYX:FCPO1!,1447,1451,1444,1451,1385,1460
7/6/2006 21:00,MYX:FCPO1!,1453,1465,1453,1460,3402,1456
8/6/2006 21:00,MYX:FCPO1!,1456,1461,1455,1456,988,1467
12/6/2006 10:00,MYX:FCPO1!,1462,1469,1462,1467,3804,1459
12/6/2006 21:00,MYX:FCPO1!,1469,1474,1457,1459,4179,1452
13/6/2006 21:00,MYX:FCPO1!,1455,1457,1449,1452,2689,1451
14/6/2006 21:00,MYX:FCPO1!,1449,1451,1445,1451,1928,1464
15/6/2006 21:00,MYX:FCPO1!,1463,1468,1461,1464,907,1455
19/6/2006 10:00,MYX:FCPO1!,1461,1464,1455,1455,3235,1451
19/6/2006 21:00,MYX:FCPO1!,1451,1454,1447,1451,2824,1458
20/6/2006 21:00,MYX:FCPO1!,1453,1459,1451,1458,2689,1463
21/6/2006 21:00,MYX:FCPO1!,1460,1477,1459,1463,3223,1468
22/6/2006 21:00,MYX:FCPO1!,1465,1472,1458,1468,4804,1465
26/6/2006 10:00,MYX:FCPO1!,1473,1478,1465,1465,2781,1463
26/6/2006 21:00,MYX:FCPO1!,1463,1468,1463,1463,1416,1467
27/6/2006 21:00,MYX:FCPO1!,1469,1471,1466,1467,2295,1477
28/6/2006 21:00,MYX:FCPO1!,1470,1481,1469,1477,4952,1491
29/6/2006 21:00,MYX:FCPO1!,1481,1499,1476,1491,6393,1499
3/7/2006 10:00,MYX:FCPO1!,1496,1504,1492,1499,5126,1489
3/7/2006 21:00,MYX:FCPO1!,1494,1498,1485,1489,2442,1487
4/7/2006 21:00,MYX:FCPO1!,1488,1491,1483,1487,2598,1498
5/7/2006 21:00,MYX:FCPO1!,1490,1506,1490,1498,5063,1512
6/7/2006 21:00,MYX:FCPO1!,1510,1513,1507,1512,6471,1509
10/7/2006 10:00,MYX:FCPO1!,1515,1516,1505,1509,2983,1513
10/7/2006 21:00,MYX:FCPO1!,1510,1513,1503,1513,4725,1491
11/7/2006 21:00,MYX:FCPO1!,1510,1511,1491,1491,4264,1491
12/7/2006 21:00,MYX:FCPO1!,1486,1500,1484,1491,4092,1498
13/7/2006 21:00,MYX:FCPO1!,1497,1506,1491,1498,3433,1541
17/7/2006 10:00,MYX:FCPO1!,1518,1542,1517,1541,5466,1555
17/7/2006 21:00,MYX:FCPO1!,1534,1562,1532,1555,5729,1540
18/7/2006 21:00,MYX:FCPO1!,1550,1560,1539,1540,6415,1591
19/7/2006 21:00,MYX:FCPO1!,1542,1595,1542,1591,14448,1580
20/7/2006 21:00,MYX:FCPO1!,1589,1594,1570,1580,7035,1565
24/7/2006 10:00,MYX:FCPO1!,1575,1586,1565,1565,6486,1576
24/7/2006 21:00,MYX:FCPO1!,1569,1583,1566,1576,4060,1565
25/7/2006 21:00,MYX:FCPO1!,1574,1577,1561,1565,6554,1574
26/7/2006 21:00,MYX:FCPO1!,1563,1575,1560,1574,2943,1620
27/7/2006 21:00,MYX:FCPO1!,1574,1630,1573,1620,13923,1641
31/7/2006 10:00,MYX:FCPO1!,1630,1644,1615,1641,9539,1673
31/7/2006 21:00,MYX:FCPO1!,1645,1690,1632,1673,10534,1643
1/8/2006 21:00,MYX:FCPO1!,1670,1682,1640,1643,9643,1641
2/8/2006 21:00,MYX:FCPO1!,1648,1667,1637,1641,9796,1611
3/8/2006 21:00,MYX:FCPO1!,1637,1640,1611,1611,8401,1618
7/8/2006 10:00,MYX:FCPO1!,1607,1628,1607,1618,4790,1659
7/8/2006 21:00,MYX:FCPO1!,1615,1660,1615,1659,6046,1677
8/8/2006 21:00,MYX:FCPO1!,1659,1692,1654,1677,7754,1655
9/8/2006 21:00,MYX:FCPO1!,1673,1693,1654,1655,8403,1659
10/8/2006 21:00,MYX:FCPO1!,1653,1674,1644,1659,7219,1647
14/8/2006 10:00,MYX:FCPO1!,1648,1657,1635,1647,5276,1642
14/8/2006 21:00,MYX:FCPO1!,1645,1660,1636,1642,4380,1627
15/8/2006 21:00,MYX:FCPO1!,1652,1660,1623,1627,9355,1586
16/8/2006 21:00,MYX:FCPO1!,1623,1629,1577,1586,12179,1592
17/8/2006 21:00,MYX:FCPO1!,1595,1608,1574,1592,6656,1610
21/8/2006 10:00,MYX:FCPO1!,1600,1616,1590,1610,6511,1598
21/8/2006 21:00,MYX:FCPO1!,1615,1618,1597,1598,7831,1615
22/8/2006 21:00,MYX:FCPO1!,1601,1619,1593,1615,7366,1611
23/8/2006 21:00,MYX:FCPO1!,1613,1622,1606,1611,3790,1599
24/8/2006 21:00,MYX:FCPO1!,1608,1615,1591,1599,4933,1575
28/8/2006 10:00,MYX:FCPO1!,1598,1598,1575,1575,7582,1557
28/8/2006 21:00,MYX:FCPO1!,1569,1574,1555,1557,9276,1578
29/8/2006 21:00,MYX:FCPO1!,1557,1578,1556,1578,5224,1590
31/8/2006 21:00,MYX:FCPO1!,1584,1602,1584,1590,5574,1572
4/9/2006 10:00,MYX:FCPO1!,1588,1590,1569,1572,3301,1563
4/9/2006 21:00,MYX:FCPO1!,1568,1575,1555,1563,4427,1562
5/9/2006 21:00,MYX:FCPO1!,1562,1574,1560,1562,4039,1570
6/9/2006 21:00,MYX:FCPO1!,1558,1575,1555,1570,4383,1553
7/9/2006 21:00,MYX:FCPO1!,1573,1579,1550,1553,7731,1539
11/9/2006 10:00,MYX:FCPO1!,1553,1555,1528,1539,7244,1538
11/9/2006 21:00,MYX:FCPO1!,1536,1548,1535,1538,3659,1527
12/9/2006 21:00,MYX:FCPO1!,1535,1536,1517,1527,4338,1537
13/9/2006 21:00,MYX:FCPO1!,1536,1546,1534,1537,4641,1537
14/9/2006 21:00,MYX:FCPO1!,1536,1538,1528,1537,1560,1550
18/9/2006 10:00,MYX:FCPO1!,1543,1554,1543,1550,1748,1562
18/9/2006 21:00,MYX:FCPO1!,1552,1563,1547,1562,0,1528
19/9/2006 21:00,MYX:FCPO1!,1556,1556,1528,1528,0,1535
20/9/2006 21:00,MYX:FCPO1!,1528,1541,1521,1535,0,1545
21/9/2006 21:00,MYX:FCPO1!,1541,1554,1536,1545,5526,1506
25/9/2006 10:00,MYX:FCPO1!,1538,1538,1498,1506,0,1521
25/9/2006 21:00,MYX:FCPO1!,1518,1527,1511,1521,0,1540
26/9/2006 21:00,MYX:FCPO1!,1523,1546,1522,1540,0,1550
27/9/2006 21:00,MYX:FCPO1!,1546,1558,1544,1550,0,1559
28/9/2006 21:00,MYX:FCPO1!,1555,1562,1548,1559,0,1558
2/10/2006 10:00,MYX:FCPO1!,1559,1569,1556,1558,5698,1534
2/10/2006 21:00,MYX:FCPO1!,1550,1550,1531,1534,0,1523
3/10/2006 21:00,MYX:FCPO1!,1523,1525,1510,1523,0,1537
4/10/2006 21:00,MYX:FCPO1!,1530,1543,1530,1537,0,1542
5/10/2006 21:00,MYX:FCPO1!,1540,1545,1528,1542,0,1554
9/10/2006 10:00,MYX:FCPO1!,1548,1554,1543,1554,0,1558
9/10/2006 21:00,MYX:FCPO1!,1564,1569,1558,1558,0,1553
10/10/2006 21:00,MYX:FCPO1!,1547,1558,1543,1553,0,1560
11/10/2006 21:00,MYX:FCPO1!,1550,1569,1548,1560,0,1576
12/10/2006 21:00,MYX:FCPO1!,1570,1582,1567,1576,0,1590
16/10/2006 10:00,MYX:FCPO1!,1598,1600,1586,1590,0,1598
16/10/2006 21:00,MYX:FCPO1!,1590,1604,1590,1598,0,1612
17/10/2006 21:00,MYX:FCPO1!,1605,1617,1602,1612,0,1610
18/10/2006 21:00,MYX:FCPO1!,1615,1617,1609,1610,0,1623
19/10/2006 21:00,MYX:FCPO1!,1620,1623,1615,1623,5658,1612
23/10/2006 10:00,MYX:FCPO1!,1615,1617,1610,1612,0,1650
25/10/2006 21:00,MYX:FCPO1!,1634,1651,1630,1650,0,1680
26/10/2006 21:00,MYX:FCPO1!,1655,1681,1655,1680,0,1698
30/10/2006 10:00,MYX:FCPO1!,1691,1714,1685,1698,0,1661
30/10/2006 21:00,MYX:FCPO1!,1690,1692,1661,1661,0,1680
31/10/2006 21:00,MYX:FCPO1!,1650,1690,1650,1680,0,1724
1/11/2006 21:00,MYX:FCPO1!,1696,1736,1696,1724,0,1693
2/11/2006 21:00,MYX:FCPO1!,1720,1720,1683,1693,0,1708
6/11/2006 10:00,MYX:FCPO1!,1700,1721,1699,1708,0,1680
6/11/2006 21:00,MYX:FCPO1!,1701,1711,1677,1680,0,1674
7/11/2006 21:00,MYX:FCPO1!,1682,1687,1664,1674,0,1687
8/11/2006 21:00,MYX:FCPO1!,1684,1701,1673,1687,0,1675
9/11/2006 21:00,MYX:FCPO1!,1690,1696,1673,1675,0,1694
13/11/2006 10:00,MYX:FCPO1!,1672,1696,1666,1694,5744,1689
13/11/2006 21:00,MYX:FCPO1!,1700,1705,1685,1689,0,1746
14/11/2006 21:00,MYX:FCPO1!,1710,1764,1704,1746,0,1757
15/11/2006 21:00,MYX:FCPO1!,1749,1781,1747,1757,0,1755
16/11/2006 21:00,MYX:FCPO1!,1748,1772,1743,1755,0,1864
20/11/2006 21:00,MYX:FCPO1!,1864,1949,1853,1864,11205,1764
21/11/2006 21:00,MYX:FCPO1!,1851,1856,1764,1764,3213,1764
22/11/2006 21:00,MYX:FCPO1!,1822,1872,1764,1764,5559,1876
23/11/2006 21:00,MYX:FCPO1!,1822,1891,1822,1876,11039,1959
27/11/2006 10:00,MYX:FCPO1!,1894,1976,1894,1959,9984,1920
27/11/2006 21:00,MYX:FCPO1!,1916,1935,1905,1920,7942,1879
28/11/2006 21:00,MYX:FCPO1!,1893,1901,1870,1879,5096,1930
29/11/2006 21:00,MYX:FCPO1!,1911,1933,1904,1930,4389,1900
30/11/2006 21:00,MYX:FCPO1!,1930,1931,1888,1900,6656,1863
4/12/2006 10:00,MYX:FCPO1!,1890,1906,1852,1863,4678,1840
4/12/2006 21:00,MYX:FCPO1!,1830,1849,1827,1840,3699,1853
5/12/2006 21:00,MYX:FCPO1!,1850,1862,1839,1853,4015,1850
6/12/2006 21:00,MYX:FCPO1!,1838,1850,1827,1850,3715,1865
7/12/2006 21:00,MYX:FCPO1!,1865,1881,1860,1865,3431,1894
11/12/2006 10:00,MYX:FCPO1!,1851,1894,1847,1894,2749,1908
11/12/2006 21:00,MYX:FCPO1!,1912,1942,1900,1908,6160,1901
12/12/2006 21:00,MYX:FCPO1!,1890,1926,1887,1901,3360,1855
13/12/2006 21:00,MYX:FCPO1!,1910,1914,1855,1855,2371,1860
14/12/2006 21:00,MYX:FCPO1!,1855,1871,1850,1860,3905,1847
18/12/2006 10:00,MYX:FCPO1!,1855,1860,1846,1847,3474,1855
18/12/2006 21:00,MYX:FCPO1!,1839,1872,1836,1855,3129,1868
19/12/2006 21:00,MYX:FCPO1!,1872,1877,1861,1868,3012,1882
20/12/2006 21:00,MYX:FCPO1!,1876,1888,1874,1882,2662,1901
21/12/2006 21:00,MYX:FCPO1!,1889,1907,1886,1901,2700,1995
25/12/2006 21:00,MYX:FCPO1!,1913,2001,1913,1995,9168,1989
26/12/2006 21:00,MYX:FCPO1!,2014,2016,1973,1989,6612,2032
27/12/2006 21:00,MYX:FCPO1!,1982,2062,1980,2032,3877,1995
28/12/2006 21:00,MYX:FCPO1!,2038,2040,1994,1995,6628,1962
2/1/2007 21:00,MYX:FCPO1!,1988,2002,1962,1962,4755,1919
3/1/2007 21:00,MYX:FCPO1!,1935,1944,1915,1919,5083,1961
4/1/2007 21:00,MYX:FCPO1!,1915,1970,1911,1961,7217,1884
8/1/2007 10:00,MYX:FCPO1!,1958,1959,1882,1884,7739,1885
8/1/2007 21:00,MYX:FCPO1!,1878,1925,1871,1885,7371,1881
9/1/2007 21:00,MYX:FCPO1!,1877,1890,1853,1881,10370,1900
10/1/2007 21:00,MYX:FCPO1!,1888,1907,1884,1900,4096,1889
11/1/2007 21:00,MYX:FCPO1!,1920,1924,1879,1889,3720,1935
15/1/2007 10:00,MYX:FCPO1!,1955,1966,1934,1935,6210,1947
15/1/2007 21:00,MYX:FCPO1!,1910,1947,1893,1947,3823,1903
16/1/2007 21:00,MYX:FCPO1!,1934,1941,1895,1903,3316,1905
17/1/2007 21:00,MYX:FCPO1!,1910,1915,1881,1905,6998,1875
18/1/2007 21:00,MYX:FCPO1!,1884,1890,1873,1875,5721,1895
22/1/2007 10:00,MYX:FCPO1!,1878,1907,1870,1895,4479,1891
22/1/2007 21:00,MYX:FCPO1!,1902,1910,1879,1891,6212,1856
23/1/2007 21:00,MYX:FCPO1!,1915,1915,1856,1856,8659,1880
24/1/2007 21:00,MYX:FCPO1!,1852,1880,1852,1880,5651,1874
25/1/2007 21:00,MYX:FCPO1!,1873,1890,1860,1874,4619,1874
29/1/2007 10:00,MYX:FCPO1!,1878,1882,1863,1874,3594,1865
29/1/2007 21:00,MYX:FCPO1!,1868,1871,1855,1865,2742,1900
30/1/2007 21:00,MYX:FCPO1!,1880,1900,1870,1900,6564,1917
1/2/2007 21:00,MYX:FCPO1!,1912,1921,1904,1917,5150,1952
5/2/2007 10:00,MYX:FCPO1!,1955,1963,1941,1952,8023,1917
5/2/2007 21:00,MYX:FCPO1!,1960,1962,1909,1917,6174,1921
6/2/2007 21:00,MYX:FCPO1!,1911,1933,1910,1921,5699,1891
7/2/2007 21:00,MYX:FCPO1!,1916,1919,1890,1891,5536,1917
8/2/2007 21:00,MYX:FCPO1!,1889,1921,1887,1917,2737,1890
12/2/2007 10:00,MYX:FCPO1!,1915,1918,1889,1890,7714,1885
12/2/2007 21:00,MYX:FCPO1!,1875,1895,1873,1885,6531,1907
13/2/2007 21:00,MYX:FCPO1!,1888,1912,1887,1907,3303,1928
14/2/2007 21:00,MYX:FCPO1!,1903,1931,1900,1928,4885,1941
15/2/2007 21:00,MYX:FCPO1!,1925,1942,1920,1941,2328,1925
20/2/2007 21:00,MYX:FCPO1!,1938,1938,1920,1925,3462,1944
21/2/2007 21:00,MYX:FCPO1!,1934,1944,1928,1944,4174,1951
22/2/2007 21:00,MYX:FCPO1!,1939,1953,1933,1951,4152,1975
26/2/2007 10:00,MYX:FCPO1!,1957,1975,1955,1975,8335,1951
26/2/2007 21:00,MYX:FCPO1!,1973,1985,1950,1951,5321,1960
27/2/2007 21:00,MYX:FCPO1!,1935,1989,1925,1960,5591,1950
28/2/2007 21:00,MYX:FCPO1!,1964,1967,1941,1950,3817,1940
1/3/2007 21:00,MYX:FCPO1!,1927,1940,1920,1940,3134,1923
5/3/2007 10:00,MYX:FCPO1!,1930,1934,1917,1923,3667,1943
5/3/2007 21:00,MYX:FCPO1!,1929,1943,1929,1943,1964,1933
6/3/2007 21:00,MYX:FCPO1!,1937,1940,1930,1933,1849,1963
7/3/2007 21:00,MYX:FCPO1!,1940,1963,1940,1963,5106,1963
8/3/2007 21:00,MYX:FCPO1!,1969,1972,1956,1963,3215,1972
12/3/2007 10:00,MYX:FCPO1!,1956,1975,1951,1972,2367,1977
12/3/2007 21:00,MYX:FCPO1!,1981,1982,1970,1977,1424,1944
13/3/2007 21:00,MYX:FCPO1!,1973,1973,1940,1944,2444,1960
14/3/2007 21:00,MYX:FCPO1!,1952,1960,1938,1960,2602,1947
15/3/2007 21:00,MYX:FCPO1!,1951,1959,1946,1947,1168,1970
19/3/2007 10:00,MYX:FCPO1!,1952,1971,1942,1970,3023,1977
19/3/2007 21:00,MYX:FCPO1!,1975,1980,1968,1977,7378,1975
20/3/2007 21:00,MYX:FCPO1!,1981,1987,1970,1975,4190,1971
21/3/2007 21:00,MYX:FCPO1!,1971,1979,1963,1971,3000,2010
22/3/2007 21:00,MYX:FCPO1!,1976,2010,1975,2010,9001,1995
26/3/2007 10:00,MYX:FCPO1!,2021,2030,1991,1995,4427,2003
26/3/2007 21:00,MYX:FCPO1!,1990,2007,1990,2003,2239,2048
27/3/2007 21:00,MYX:FCPO1!,2019,2048,2009,2048,5832,2045
28/3/2007 21:00,MYX:FCPO1!,2047,2058,2032,2045,3192,2070
29/3/2007 21:00,MYX:FCPO1!,2062,2076,2057,2070,5076,2061
2/4/2007 10:00,MYX:FCPO1!,2053,2065,2049,2061,5353,2086
2/4/2007 21:00,MYX:FCPO1!,2076,2103,2072,2086,7577,2115
3/4/2007 21:00,MYX:FCPO1!,2076,2115,2076,2115,3528,2090
4/4/2007 21:00,MYX:FCPO1!,2106,2130,2085,2090,6209,2109
5/4/2007 21:00,MYX:FCPO1!,2087,2116,2076,2109,3081,2132
9/4/2007 10:00,MYX:FCPO1!,2112,2143,2110,2132,5272,2153
9/4/2007 21:00,MYX:FCPO1!,2112,2184,2112,2153,6611,2188
10/4/2007 21:00,MYX:FCPO1!,2166,2205,2165,2188,7205,2175
11/4/2007 21:00,MYX:FCPO1!,2192,2197,2155,2175,9152,2219
12/4/2007 21:00,MYX:FCPO1!,2175,2227,2164,2219,8426,2250
16/4/2007 10:00,MYX:FCPO1!,2235,2288,2217,2250,10837,2203
16/4/2007 21:00,MYX:FCPO1!,2238,2246,2190,2203,8946,2160
17/4/2007 21:00,MYX:FCPO1!,2168,2183,2154,2160,11127,2230
18/4/2007 21:00,MYX:FCPO1!,2139,2231,2139,2230,11658,2179
19/4/2007 21:00,MYX:FCPO1!,2220,2241,2173,2179,11229,2168
23/4/2007 10:00,MYX:FCPO1!,2200,2205,2162,2168,7333,2182
23/4/2007 21:00,MYX:FCPO1!,2190,2190,2160,2182,4686,2157
24/4/2007 21:00,MYX:FCPO1!,2179,2187,2153,2157,6382,2205
26/4/2007 21:00,MYX:FCPO1!,2164,2210,2157,2205,3552,2214
30/4/2007 10:00,MYX:FCPO1!,2205,2245,2203,2214,6679,2299
2/5/2007 21:00,MYX:FCPO1!,2220,2300,2220,2299,12067,2288
3/5/2007 21:00,MYX:FCPO1!,2300,2305,2269,2288,5441,2245
7/5/2007 10:00,MYX:FCPO1!,2275,2275,2244,2245,4293,2238
7/5/2007 21:00,MYX:FCPO1!,2235,2263,2223,2238,6267,2289
8/5/2007 21:00,MYX:FCPO1!,2247,2289,2247,2289,7805,2320
9/5/2007 21:00,MYX:FCPO1!,2290,2333,2286,2320,10220,2325
10/5/2007 21:00,MYX:FCPO1!,2327,2351,2319,2325,11913,2389
14/5/2007 10:00,MYX:FCPO1!,2352,2393,2352,2389,4627,2346
14/5/2007 21:00,MYX:FCPO1!,2372,2375,2328,2346,10128,2323
15/5/2007 21:00,MYX:FCPO1!,2308,2343,2307,2323,8779,2333
16/5/2007 21:00,MYX:FCPO1!,2316,2338,2309,2333,6652,2370
17/5/2007 21:00,MYX:FCPO1!,2350,2382,2342,2370,6084,2362
21/5/2007 10:00,MYX:FCPO1!,2365,2386,2345,2362,4493,2375
21/5/2007 21:00,MYX:FCPO1!,2361,2376,2358,2375,4209,2389
22/5/2007 21:00,MYX:FCPO1!,2364,2389,2356,2389,4327,2445
23/5/2007 21:00,MYX:FCPO1!,2395,2452,2395,2445,6933,2498
24/5/2007 21:00,MYX:FCPO1!,2465,2503,2465,2498,7711,2535
28/5/2007 10:00,MYX:FCPO1!,2504,2560,2497,2535,10507,2538
28/5/2007 21:00,MYX:FCPO1!,2540,2590,2527,2538,9364,2500
29/5/2007 21:00,MYX:FCPO1!,2505,2505,2466,2500,11838,2581
30/5/2007 21:00,MYX:FCPO1!,2526,2581,2519,2581,7482,2562
31/5/2007 21:00,MYX:FCPO1!,2590,2605,2541,2562,6380,2601
4/6/2007 10:00,MYX:FCPO1!,2570,2601,2558,2601,3832,2701
4/6/2007 21:00,MYX:FCPO1!,2615,2703,2607,2701,6112,2620
5/6/2007 21:00,MYX:FCPO1!,2721,2764,2620,2620,11486,2645
6/6/2007 21:00,MYX:FCPO1!,2637,2670,2602,2645,10887,2471
7/6/2007 21:00,MYX:FCPO1!,2666,2667,2471,2471,14208,2320
11/6/2007 10:00,MYX:FCPO1!,2484,2523,2315,2320,16247,2433
11/6/2007 21:00,MYX:FCPO1!,2337,2445,2323,2433,15329,2350
12/6/2007 21:00,MYX:FCPO1!,2418,2418,2235,2350,21192,2368
13/6/2007 21:00,MYX:FCPO1!,2389,2411,2287,2368,9509,2425
14/6/2007 21:00,MYX:FCPO1!,2388,2441,2383,2425,8326,2457
18/6/2007 10:00,MYX:FCPO1!,2479,2500,2445,2457,11525,2436
18/6/2007 21:00,MYX:FCPO1!,2443,2460,2415,2436,6559,2377
19/6/2007 21:00,MYX:FCPO1!,2395,2405,2370,2377,6597,2388
20/6/2007 21:00,MYX:FCPO1!,2380,2404,2354,2388,7940,2380
21/6/2007 21:00,MYX:FCPO1!,2368,2392,2360,2380,3970,2372
25/6/2007 10:00,MYX:FCPO1!,2360,2378,2350,2372,5086,2348
25/6/2007 21:00,MYX:FCPO1!,2382,2382,2321,2348,6066,2334
26/6/2007 21:00,MYX:FCPO1!,2336,2363,2315,2334,5456,2383
27/6/2007 21:00,MYX:FCPO1!,2340,2383,2323,2383,6956,2427
28/6/2007 21:00,MYX:FCPO1!,2390,2430,2380,2427,4768,2468
2/7/2007 10:00,MYX:FCPO1!,2480,2490,2445,2468,7795,2515
2/7/2007 21:00,MYX:FCPO1!,2454,2515,2444,2515,8232,2479
3/7/2007 21:00,MYX:FCPO1!,2495,2497,2462,2479,6092,2482
4/7/2007 21:00,MYX:FCPO1!,2489,2500,2474,2482,3201,2520
5/7/2007 21:00,MYX:FCPO1!,2493,2522,2468,2520,6403,2509
9/7/2007 10:00,MYX:FCPO1!,2515,2533,2484,2509,5480,2530
9/7/2007 21:00,MYX:FCPO1!,2507,2542,2489,2530,9855,2584
10/7/2007 21:00,MYX:FCPO1!,2545,2599,2543,2584,7099,2615
11/7/2007 21:00,MYX:FCPO1!,2578,2624,2567,2615,7335,2623
12/7/2007 21:00,MYX:FCPO1!,2613,2632,2597,2623,6958,2540
16/7/2007 10:00,MYX:FCPO1!,2535,2573,2535,2540,4196,2517
16/7/2007 21:00,MYX:FCPO1!,2516,2557,2506,2517,6456,2528
17/7/2007 21:00,MYX:FCPO1!,2526,2538,2513,2528,5503,2485
18/7/2007 21:00,MYX:FCPO1!,2542,2550,2485,2485,5778,2506
19/7/2007 21:00,MYX:FCPO1!,2497,2515,2476,2506,5316,2480
23/7/2007 10:00,MYX:FCPO1!,2482,2490,2472,2480,3582,2525
23/7/2007 21:00,MYX:FCPO1!,2468,2530,2459,2525,6798,2521
24/7/2007 21:00,MYX:FCPO1!,2527,2550,2504,2521,5384,2568
25/7/2007 21:00,MYX:FCPO1!,2527,2568,2515,2568,5402,2583
26/7/2007 21:00,MYX:FCPO1!,2554,2592,2546,2583,4053,2636
30/7/2007 10:00,MYX:FCPO1!,2602,2639,2600,2636,13290,2608
30/7/2007 21:00,MYX:FCPO1!,2645,2665,2596,2608,5441,2585
31/7/2007 21:00,MYX:FCPO1!,2626,2647,2568,2585,5905,2602
1/8/2007 21:00,MYX:FCPO1!,2580,2602,2552,2602,5606,2574
2/8/2007 21:00,MYX:FCPO1!,2600,2602,2569,2574,2800,2480
6/8/2007 10:00,MYX:FCPO1!,2557,2561,2441,2480,3394,2478
6/8/2007 21:00,MYX:FCPO1!,2500,2517,2414,2478,13055,2500
7/8/2007 21:00,MYX:FCPO1!,2491,2501,2452,2500,6062,2535
8/8/2007 21:00,MYX:FCPO1!,2535,2550,2500,2535,6709,2515
9/8/2007 21:00,MYX:FCPO1!,2516,2528,2479,2515,4758,2530
13/8/2007 10:00,MYX:FCPO1!,2509,2530,2484,2530,3972,2497
13/8/2007 21:00,MYX:FCPO1!,2515,2522,2483,2497,5129,2484
14/8/2007 21:00,MYX:FCPO1!,2478,2484,2449,2484,5314,2389
15/8/2007 21:00,MYX:FCPO1!,2445,2451,2386,2389,7466,2378
16/8/2007 21:00,MYX:FCPO1!,2350,2401,2314,2378,10356,2366
20/8/2007 10:00,MYX:FCPO1!,2408,2421,2360,2366,7621,2396
20/8/2007 21:00,MYX:FCPO1!,2361,2396,2354,2396,4157,2425
21/8/2007 21:00,MYX:FCPO1!,2380,2450,2380,2425,7211,2430
22/8/2007 21:00,MYX:FCPO1!,2422,2457,2401,2430,4770,2430
23/8/2007 21:00,MYX:FCPO1!,2438,2445,2413,2430,4832,2421
27/8/2007 10:00,MYX:FCPO1!,2426,2447,2391,2421,4439,2412
27/8/2007 21:00,MYX:FCPO1!,2426,2440,2398,2412,3615,2378
28/8/2007 21:00,MYX:FCPO1!,2395,2402,2368,2378,4860,2420
29/8/2007 21:00,MYX:FCPO1!,2390,2420,2389,2420,4284,2474
3/9/2007 10:00,MYX:FCPO1!,2440,2477,2433,2474,5850,2459
3/9/2007 21:00,MYX:FCPO1!,2494,2501,2457,2459,6767,2495
4/9/2007 21:00,MYX:FCPO1!,2481,2501,2472,2495,5814,2470
5/9/2007 21:00,MYX:FCPO1!,2491,2498,2465,2470,3470,2471
6/9/2007 21:00,MYX:FCPO1!,2465,2485,2460,2471,2504,2500
10/9/2007 10:00,MYX:FCPO1!,2490,2507,2484,2500,3343,2500
10/9/2007 21:00,MYX:FCPO1!,2515,2516,2494,2500,4499,2520
11/9/2007 21:00,MYX:FCPO1!,2509,2525,2506,2520,4051,2540
12/9/2007 21:00,MYX:FCPO1!,2555,2564,2539,2540,6171,2592
13/9/2007 21:00,MYX:FCPO1!,2550,2600,2547,2592,4565,2590
17/9/2007 10:00,MYX:FCPO1!,2610,2619,2526,2590,5436,2609
17/9/2007 21:00,MYX:FCPO1!,2605,2616,2592,2609,4927,2571
18/9/2007 21:00,MYX:FCPO1!,2595,2601,2553,2571,6382,2569
19/9/2007 21:00,MYX:FCPO1!,2584,2584,2556,2569,3701,2606
20/9/2007 21:00,MYX:FCPO1!,2585,2608,2580,2606,6688,2675
24/9/2007 10:00,MYX:FCPO1!,2620,2678,2609,2675,8940,2655
24/9/2007 21:00,MYX:FCPO1!,2665,2669,2648,2655,4906,2612
25/9/2007 21:00,MYX:FCPO1!,2630,2649,2597,2612,5999,2605
26/9/2007 21:00,MYX:FCPO1!,2632,2641,2602,2605,8610,2644
27/9/2007 21:00,MYX:FCPO1!,2625,2652,2624,2644,6224,2618
1/10/2007 10:00,MYX:FCPO1!,2629,2648,2615,2618,5426,2569
1/10/2007 21:00,MYX:FCPO1!,2605,2618,2569,2569,6503,2545
2/10/2007 21:00,MYX:FCPO1!,2530,2558,2530,2545,4514,2599
3/10/2007 21:00,MYX:FCPO1!,2540,2600,2540,2599,3774,2570
4/10/2007 21:00,MYX:FCPO1!,2610,2631,2570,2570,7779,2542
8/10/2007 10:00,MYX:FCPO1!,2555,2561,2536,2542,5752,2592
8/10/2007 21:00,MYX:FCPO1!,2529,2592,2524,2592,6840,2645
9/10/2007 21:00,MYX:FCPO1!,2612,2653,2595,2645,7497,2680
10/10/2007 21:00,MYX:FCPO1!,2656,2700,2642,2680,5980,2731
11/10/2007 21:00,MYX:FCPO1!,2677,2742,2677,2731,6031,2765
15/10/2007 21:00,MYX:FCPO1!,2728,2791,2725,2765,8085,2714
16/10/2007 21:00,MYX:FCPO1!,2750,2780,2692,2714,8517,2735
17/10/2007 21:00,MYX:FCPO1!,2724,2735,2680,2735,8101,2765
18/10/2007 21:00,MYX:FCPO1!,2773,2795,2756,2765,7021,2714
22/10/2007 10:00,MYX:FCPO1!,2709,2734,2699,2714,6519,2704
22/10/2007 21:00,MYX:FCPO1!,2745,2753,2701,2704,7995,2713
23/10/2007 21:00,MYX:FCPO1!,2704,2727,2691,2713,5431,2707
24/10/2007 21:00,MYX:FCPO1!,2729,2740,2694,2707,6545,2800
25/10/2007 21:00,MYX:FCPO1!,2740,2800,2738,2800,12106,2910
29/10/2007 10:00,MYX:FCPO1!,2840,2920,2840,2910,8582,2862
29/10/2007 21:00,MYX:FCPO1!,2885,2885,2841,2862,6665,2880
30/10/2007 21:00,MYX:FCPO1!,2840,2880,2814,2880,7966,2930
31/10/2007 21:00,MYX:FCPO1!,2959,2959,2907,2930,7187,2917
1/11/2007 21:00,MYX:FCPO1!,2910,2920,2881,2917,6408,2930
5/11/2007 10:00,MYX:FCPO1!,2915,2942,2908,2930,4419,2960
5/11/2007 21:00,MYX:FCPO1!,2928,2960,2916,2960,4503,3000
6/11/2007 21:00,MYX:FCPO1!,3000,3009,2984,3000,8576,2990
8/11/2007 21:00,MYX:FCPO1!,3004,3013,2970,2990,3953,2919
12/11/2007 10:00,MYX:FCPO1!,2990,3001,2919,2919,7196,2924
12/11/2007 21:00,MYX:FCPO1!,2912,2957,2900,2924,9889,2934
13/11/2007 21:00,MYX:FCPO1!,2905,2941,2902,2934,4605,2942
14/11/2007 21:00,MYX:FCPO1!,2962,2982,2936,2942,4892,2904
15/11/2007 21:00,MYX:FCPO1!,2927,2938,2890,2904,7415,2950
19/11/2007 10:00,MYX:FCPO1!,2925,2952,2920,2950,4325,2930
19/11/2007 21:00,MYX:FCPO1!,2927,2939,2909,2930,6926,2970
20/11/2007 21:00,MYX:FCPO1!,2975,2987,2956,2970,4723,2992
21/11/2007 21:00,MYX:FCPO1!,2975,3001,2966,2992,4518,3044
22/11/2007 21:00,MYX:FCPO1!,2990,3044,2985,3044,6115,3038
26/11/2007 10:00,MYX:FCPO1!,3051,3068,3038,3038,5883,2985
26/11/2007 21:00,MYX:FCPO1!,3025,3033,2982,2985,5735,2933
27/11/2007 21:00,MYX:FCPO1!,2965,2978,2929,2933,7359,2990
28/11/2007 21:00,MYX:FCPO1!,2930,3001,2927,2990,6960,2930
29/11/2007 21:00,MYX:FCPO1!,2949,2955,2923,2930,7582,2926
3/12/2007 10:00,MYX:FCPO1!,2928,2928,2885,2926,6585,2889
3/12/2007 21:00,MYX:FCPO1!,2926,2949,2887,2889,5436,2910
4/12/2007 21:00,MYX:FCPO1!,2900,2914,2859,2910,7517,2850
5/12/2007 21:00,MYX:FCPO1!,2859,2871,2838,2850,6829,2870
6/12/2007 21:00,MYX:FCPO1!,2886,2898,2869,2870,6100,2868
10/12/2007 10:00,MYX:FCPO1!,2859,2881,2843,2868,6830,2880
10/12/2007 21:00,MYX:FCPO1!,2864,2898,2864,2880,4272,2877
11/12/2007 21:00,MYX:FCPO1!,2868,2885,2859,2877,2954,2920
12/12/2007 21:00,MYX:FCPO1!,2915,2934,2907,2920,6099,2926
13/12/2007 21:00,MYX:FCPO1!,2920,2933,2916,2926,2102,2975
17/12/2007 10:00,MYX:FCPO1!,2934,2975,2933,2975,3266,2950
17/12/2007 21:00,MYX:FCPO1!,2954,2965,2933,2950,3098,2962
18/12/2007 21:00,MYX:FCPO1!,2950,2982,2946,2962,4042,2992
20/12/2007 21:00,MYX:FCPO1!,2965,3001,2965,2992,2300,3030
24/12/2007 10:00,MYX:FCPO1!,3000,3030,3000,3030,2772,3080
25/12/2007 21:00,MYX:FCPO1!,3043,3087,3040,3080,5107,3097
26/12/2007 21:00,MYX:FCPO1!,3132,3150,3079,3097,7410,3125
27/12/2007 21:00,MYX:FCPO1!,3115,3141,3110,3125,3990,3050
31/12/2007 10:00,MYX:FCPO1!,3083,3118,3047,3050,6449,3082
1/1/2008 21:00,MYX:FCPO1!,3090,3097,3070,3082,5378,3135
2/1/2008 21:00,MYX:FCPO1!,3159,3159,3121,3135,7495,3120
3/1/2008 21:00,MYX:FCPO1!,3142,3145,3114,3120,7690,3188
7/1/2008 10:00,MYX:FCPO1!,3110,3188,3084,3188,8976,3161
7/1/2008 21:00,MYX:FCPO1!,3167,3178,3145,3161,5007,3201
8/1/2008 21:00,MYX:FCPO1!,3182,3204,3173,3201,6198,3280
10/1/2008 21:00,MYX:FCPO1!,3196,3280,3188,3280,9015,3414
14/1/2008 10:00,MYX:FCPO1!,3333,3420,3318,3414,11407,3350
14/1/2008 21:00,MYX:FCPO1!,3406,3406,3317,3350,12071,3263
15/1/2008 21:00,MYX:FCPO1!,3322,3342,3262,3263,10633,3360
16/1/2008 21:00,MYX:FCPO1!,3265,3376,3265,3360,13059,3316
17/1/2008 21:00,MYX:FCPO1!,3310,3336,3280,3316,10933,3243
21/1/2008 10:00,MYX:FCPO1!,3300,3320,3232,3243,7650,3115
21/1/2008 21:00,MYX:FCPO1!,3180,3180,3068,3115,15042,3115
22/1/2008 21:00,MYX:FCPO1!,3115,3115,3115,3115,0,3211
23/1/2008 21:00,MYX:FCPO1!,3090,3230,3045,3211,20767,3255
24/1/2008 21:00,MYX:FCPO1!,3268,3285,3054,3255,10500,3150
28/1/2008 10:00,MYX:FCPO1!,3220,3250,3150,3150,9447,3200
28/1/2008 21:00,MYX:FCPO1!,3195,3230,3176,3200,6577,3224
29/1/2008 21:00,MYX:FCPO1!,3236,3254,3218,3224,5939,3232
30/1/2008 21:00,MYX:FCPO1!,3209,3253,3198,3232,4675,3345
4/2/2008 10:00,MYX:FCPO1!,3280,3353,3277,3345,5848,3349
4/2/2008 21:00,MYX:FCPO1!,3411,3458,3349,3349,8839,3385
5/2/2008 21:00,MYX:FCPO1!,3380,3411,3350,3385,3083,3412
11/2/2008 10:00,MYX:FCPO1!,3333,3417,3323,3412,5195,3375
11/2/2008 21:00,MYX:FCPO1!,3405,3446,3375,3375,6041,3360
12/2/2008 21:00,MYX:FCPO1!,3391,3403,3338,3360,5227,3451
13/2/2008 21:00,MYX:FCPO1!,3422,3459,3408,3451,7283,3484
14/2/2008 21:00,MYX:FCPO1!,3544,3544,3474,3484,8625,3599
18/2/2008 10:00,MYX:FCPO1!,3508,3600,3508,3599,7483,3625
18/2/2008 21:00,MYX:FCPO1!,3588,3646,3555,3625,11463,3624
19/2/2008 21:00,MYX:FCPO1!,3615,3657,3612,3624,11133,3702
20/2/2008 21:00,MYX:FCPO1!,3685,3708,3668,3702,7467,3698
21/2/2008 21:00,MYX:FCPO1!,3677,3720,3660,3698,4920,3866
25/2/2008 10:00,MYX:FCPO1!,3782,3914,3776,3866,8902,3792
25/2/2008 21:00,MYX:FCPO1!,3900,3903,3760,3792,6601,3864
26/2/2008 21:00,MYX:FCPO1!,3846,3886,3813,3864,6898,3850
27/2/2008 21:00,MYX:FCPO1!,3879,3882,3837,3850,5816,4005
28/2/2008 21:00,MYX:FCPO1!,3960,4013,3947,4005,7057,4330
3/3/2008 10:00,MYX:FCPO1!,4154,4332,4131,4330,10809,4099
3/3/2008 21:00,MYX:FCPO1!,4445,4486,4071,4099,17842,4095
4/3/2008 21:00,MYX:FCPO1!,3994,4100,3928,4095,13027,4003
5/3/2008 21:00,MYX:FCPO1!,4130,4130,3958,4003,14931,3710
6/3/2008 21:00,MYX:FCPO1!,3730,3880,3691,3710,16291,3665
10/3/2008 10:00,MYX:FCPO1!,3550,4000,3500,3665,10184,3838
10/3/2008 21:00,MYX:FCPO1!,3785,3870,3760,3838,7743,3765
11/3/2008 21:00,MYX:FCPO1!,3832,3875,3695,3765,8259,3798
12/3/2008 21:00,MYX:FCPO1!,3764,3875,3723,3798,8657,3686
13/3/2008 21:00,MYX:FCPO1!,3798,3837,3670,3686,12136,3600
17/3/2008 10:00,MYX:FCPO1!,3580,3604,3515,3600,8596,3450
17/3/2008 21:00,MYX:FCPO1!,3390,3450,3171,3450,13106,3330
18/3/2008 21:00,MYX:FCPO1!,3428,3470,3229,3330,11761,3330
20/3/2008 21:00,MYX:FCPO1!,3225,3409,3197,3330,8532,3340
24/3/2008 10:00,MYX:FCPO1!,3415,3541,3328,3340,11872,3500
24/3/2008 21:00,MYX:FCPO1!,3388,3501,3380,3500,12285,3700
25/3/2008 21:00,MYX:FCPO1!,3560,3700,3550,3700,13861,3640
26/3/2008 21:00,MYX:FCPO1!,3640,3670,3555,3640,7062,3550
27/3/2008 21:00,MYX:FCPO1!,3634,3634,3507,3550,3968,3395
31/3/2008 10:00,MYX:FCPO1!,3430,3490,3390,3395,8324,3179
31/3/2008 21:00,MYX:FCPO1!,3200,3230,3033,3179,17910,3170
1/4/2008 21:00,MYX:FCPO1!,3240,3299,3156,3170,7537,3290
2/4/2008 21:00,MYX:FCPO1!,3260,3311,3230,3290,10293,3297
3/4/2008 21:00,MYX:FCPO1!,3305,3305,3262,3297,2698,3382
7/4/2008 10:00,MYX:FCPO1!,3327,3387,3321,3382,6952,3375
7/4/2008 21:00,MYX:FCPO1!,3340,3397,3340,3375,6026,3325
8/4/2008 21:00,MYX:FCPO1!,3395,3400,3290,3325,5428,3455
9/4/2008 21:00,MYX:FCPO1!,3405,3455,3380,3455,7903,3454
10/4/2008 21:00,MYX:FCPO1!,3480,3500,3425,3454,7069,3595
14/4/2008 10:00,MYX:FCPO1!,3453,3595,3428,3595,5745,3690
14/4/2008 21:00,MYX:FCPO1!,3640,3698,3630,3690,7181,3674
15/4/2008 21:00,MYX:FCPO1!,3700,3700,3630,3674,7127,3632
16/4/2008 21:00,MYX:FCPO1!,3650,3700,3624,3632,8387,3553
17/4/2008 21:00,MYX:FCPO1!,3638,3659,3552,3553,8004,3459
21/4/2008 10:00,MYX:FCPO1!,3525,3535,3435,3459,7973,3440
21/4/2008 21:00,MYX:FCPO1!,3409,3507,3385,3440,7920,3550
22/4/2008 21:00,MYX:FCPO1!,3490,3560,3486,3550,9866,3460
23/4/2008 21:00,MYX:FCPO1!,3525,3545,3454,3460,8971,3419
24/4/2008 21:00,MYX:FCPO1!,3440,3445,3388,3419,4979,3510
28/4/2008 10:00,MYX:FCPO1!,3411,3516,3398,3510,7309,3349
28/4/2008 21:00,MYX:FCPO1!,3439,3444,3349,3349,6923,3395
29/4/2008 21:00,MYX:FCPO1!,3345,3412,3338,3395,5338,3341
1/5/2008 21:00,MYX:FCPO1!,3325,3341,3306,3341,2272,3390
5/5/2008 10:00,MYX:FCPO1!,3380,3416,3372,3390,2569,3387
5/5/2008 21:00,MYX:FCPO1!,3428,3432,3370,3387,3568,3355
6/5/2008 21:00,MYX:FCPO1!,3390,3408,3352,3355,4115,3457
7/5/2008 21:00,MYX:FCPO1!,3401,3467,3388,3457,8381,3495
8/5/2008 21:00,MYX:FCPO1!,3465,3497,3444,3495,2812,3570
12/5/2008 10:00,MYX:FCPO1!,3600,3623,3555,3570,6392,3532
12/5/2008 21:00,MYX:FCPO1!,3570,3570,3529,3532,2750,3558
13/5/2008 21:00,MYX:FCPO1!,3565,3612,3543,3558,4976,3521
14/5/2008 21:00,MYX:FCPO1!,3518,3542,3498,3521,4309,3570
15/5/2008 21:00,MYX:FCPO1!,3500,3570,3500,3570,3392,3554
19/5/2008 21:00,MYX:FCPO1!,3513,3559,3513,3554,1977,3557
20/5/2008 21:00,MYX:FCPO1!,3548,3580,3525,3557,3873,3606
21/5/2008 21:00,MYX:FCPO1!,3645,3645,3599,3606,5321,3654
22/5/2008 21:00,MYX:FCPO1!,3575,3658,3570,3654,6208,3673
26/5/2008 10:00,MYX:FCPO1!,3671,3705,3660,3673,6168,3730
26/5/2008 21:00,MYX:FCPO1!,3707,3737,3706,3730,5271,3587
27/5/2008 21:00,MYX:FCPO1!,3680,3695,3572,3587,8034,3565
28/5/2008 21:00,MYX:FCPO1!,3610,3625,3537,3565,6204,3498
29/5/2008 21:00,MYX:FCPO1!,3440,3510,3440,3498,4866,3513
2/6/2008 10:00,MYX:FCPO1!,3498,3548,3495,3513,4060,3530
2/6/2008 21:00,MYX:FCPO1!,3514,3537,3509,3530,3778,3440
3/6/2008 21:00,MYX:FCPO1!,3488,3507,3433,3440,5793,3528
4/6/2008 21:00,MYX:FCPO1!,3460,3541,3435,3528,4911,3600
5/6/2008 21:00,MYX:FCPO1!,3628,3628,3580,3600,4396,3660
9/6/2008 10:00,MYX:FCPO1!,3685,3700,3648,3660,5378,3530
9/6/2008 21:00,MYX:FCPO1!,3647,3679,3530,3530,4846,3606
10/6/2008 21:00,MYX:FCPO1!,3540,3611,3510,3606,6352,3623
11/6/2008 21:00,MYX:FCPO1!,3682,3691,3620,3623,7780,3690
12/6/2008 21:00,MYX:FCPO1!,3660,3712,3653,3690,6854,3645
16/6/2008 21:00,MYX:FCPO1!,3675,3694,3639,3645,10041,3640
17/6/2008 21:00,MYX:FCPO1!,3665,3680,3639,3640,4966,3600
18/6/2008 21:00,MYX:FCPO1!,3645,3650,3579,3600,8333,3550
19/6/2008 21:00,MYX:FCPO1!,3545,3557,3525,3550,6493,3558
23/6/2008 10:00,MYX:FCPO1!,3528,3573,3528,3558,3313,3503
23/6/2008 21:00,MYX:FCPO1!,3550,3570,3503,3503,5163,3538
24/6/2008 21:00,MYX:FCPO1!,3502,3554,3490,3538,6109,3535
25/6/2008 21:00,MYX:FCPO1!,3555,3570,3516,3535,3187,3623
26/6/2008 21:00,MYX:FCPO1!,3580,3623,3553,3623,7576,3598
30/6/2008 10:00,MYX:FCPO1!,3601,3629,3580,3598,3409,3575
30/6/2008 21:00,MYX:FCPO1!,3624,3624,3560,3575,4584,3616
1/7/2008 21:00,MYX:FCPO1!,3595,3626,3581,3616,4200,3635
2/7/2008 21:00,MYX:FCPO1!,3620,3647,3592,3635,5604,3630
3/7/2008 21:00,MYX:FCPO1!,3620,3647,3614,3630,3626,3512
7/7/2008 10:00,MYX:FCPO1!,3595,3595,3512,3512,7041,3454
7/7/2008 21:00,MYX:FCPO1!,3477,3534,3454,3454,7241,3515
8/7/2008 21:00,MYX:FCPO1!,3470,3521,3439,3515,6081,3511
9/7/2008 21:00,MYX:FCPO1!,3511,3516,3464,3511,4625,3575
10/7/2008 21:00,MYX:FCPO1!,3519,3582,3510,3575,6023,3524
14/7/2008 10:00,MYX:FCPO1!,3542,3560,3515,3524,5446,3550
14/7/2008 21:00,MYX:FCPO1!,3500,3560,3500,3550,4777,3466
15/7/2008 21:00,MYX:FCPO1!,3501,3521,3466,3466,6754,3435
16/7/2008 21:00,MYX:FCPO1!,3495,3499,3418,3435,7733,3392
17/7/2008 21:00,MYX:FCPO1!,3397,3405,3358,3392,6442,3260
21/7/2008 10:00,MYX:FCPO1!,3230,3294,3225,3260,7175,3252
21/7/2008 21:00,MYX:FCPO1!,3230,3294,3225,3252,7175,3027
22/7/2008 21:00,MYX:FCPO1!,3210,3211,3027,3027,13023,3113
23/7/2008 21:00,MYX:FCPO1!,3041,3127,3041,3113,7766,3070
24/7/2008 21:00,MYX:FCPO1!,3113,3116,3065,3070,4070,3001
28/7/2008 10:00,MYX:FCPO1!,3120,3162,3001,3001,7610,2969
28/7/2008 21:00,MYX:FCPO1!,2995,3017,2861,2969,12963,2992
29/7/2008 21:00,MYX:FCPO1!,2920,2994,2909,2992,6113,3050
30/7/2008 21:00,MYX:FCPO1!,3015,3054,3000,3050,7645,2950
31/7/2008 21:00,MYX:FCPO1!,2990,2994,2935,2950,6047,2890
4/8/2008 10:00,MYX:FCPO1!,2850,2897,2820,2890,7800,2750
4/8/2008 21:00,MYX:FCPO1!,2750,2787,2700,2750,7509,2790
5/8/2008 21:00,MYX:FCPO1!,2800,2803,2710,2790,7027,2845
6/8/2008 21:00,MYX:FCPO1!,2750,2851,2735,2845,8934,2779
7/8/2008 21:00,MYX:FCPO1!,2806,2864,2767,2779,7382,2671
11/8/2008 10:00,MYX:FCPO1!,2725,2728,2659,2671,8285,2561
11/8/2008 21:00,MYX:FCPO1!,2663,2675,2561,2561,7935,2548
12/8/2008 21:00,MYX:FCPO1!,2600,2646,2513,2548,9995,2620
13/8/2008 21:00,MYX:FCPO1!,2655,2656,2569,2620,9581,2453
14/8/2008 21:00,MYX:FCPO1!,2545,2557,2392,2453,8798,2485
18/8/2008 10:00,MYX:FCPO1!,2440,2485,2408,2485,5995,2436
18/8/2008 21:00,MYX:FCPO1!,2524,2565,2351,2436,9843,2591
19/8/2008 21:00,MYX:FCPO1!,2495,2594,2467,2591,8396,2653
20/8/2008 21:00,MYX:FCPO1!,2630,2672,2606,2653,7749,2715
21/8/2008 21:00,MYX:FCPO1!,2725,2753,2688,2715,11704,2600
25/8/2008 10:00,MYX:FCPO1!,2660,2675,2575,2600,7337,2409
25/8/2008 21:00,MYX:FCPO1!,2558,2602,2406,2409,8824,2502
26/8/2008 21:00,MYX:FCPO1!,2470,2523,2410,2502,8934,2470
27/8/2008 21:00,MYX:FCPO1!,2462,2558,2452,2470,9278,2620
28/8/2008 21:00,MYX:FCPO1!,2490,2620,2481,2620,8084,2484
1/9/2008 21:00,MYX:FCPO1!,2500,2536,2434,2484,9599,2451
2/9/2008 21:00,MYX:FCPO1!,2509,2550,2433,2451,10602,2510
3/9/2008 21:00,MYX:FCPO1!,2450,2515,2440,2510,6567,2470
4/9/2008 21:00,MYX:FCPO1!,2430,2472,2414,2470,9973,2469
8/9/2008 10:00,MYX:FCPO1!,2487,2493,2451,2469,4940,2354
8/9/2008 21:00,MYX:FCPO1!,2421,2427,2346,2354,11148,2329
9/9/2008 21:00,MYX:FCPO1!,2360,2397,2319,2329,7992,2309
10/9/2008 21:00,MYX:FCPO1!,2349,2359,2275,2309,4875,2380
11/9/2008 21:00,MYX:FCPO1!,2328,2392,2296,2380,9337,2240
15/9/2008 10:00,MYX:FCPO1!,2325,2341,2240,2240,7385,2120
15/9/2008 21:00,MYX:FCPO1!,2171,2180,2077,2120,9428,2040
16/9/2008 21:00,MYX:FCPO1!,2121,2151,2039,2040,10951,2185
17/9/2008 21:00,MYX:FCPO1!,2090,2185,2020,2185,10031,2259
18/9/2008 21:00,MYX:FCPO1!,2171,2263,2138,2259,8042,2344
22/9/2008 10:00,MYX:FCPO1!,2280,2367,2200,2344,9388,2305
22/9/2008 21:00,MYX:FCPO1!,2379,2404,2277,2305,12018,2318
23/9/2008 21:00,MYX:FCPO1!,2330,2357,2251,2318,6845,2280
24/9/2008 21:00,MYX:FCPO1!,2275,2351,2259,2280,12765,2313
25/9/2008 21:00,MYX:FCPO1!,2272,2324,2255,2313,6835,2125
29/9/2008 10:00,MYX:FCPO1!,2270,2284,2100,2125,8720,2090
29/9/2008 21:00,MYX:FCPO1!,2029,2119,1988,2090,11638,2000
2/10/2008 21:00,MYX:FCPO1!,2020,2020,1934,2000,8739,1820
6/10/2008 10:00,MYX:FCPO1!,1850,1880,1775,1820,10287,1850
6/10/2008 21:00,MYX:FCPO1!,1820,1892,1801,1850,10598,1775
7/10/2008 21:00,MYX:FCPO1!,1880,1897,1755,1775,8973,1890
8/10/2008 21:00,MYX:FCPO1!,1850,1890,1810,1890,10711,1773
9/10/2008 21:00,MYX:FCPO1!,1730,1785,1725,1773,7394,1835
13/10/2008 10:00,MYX:FCPO1!,1750,1836,1742,1835,8428,1850
13/10/2008 21:00,MYX:FCPO1!,1870,1902,1825,1850,8873,1743
14/10/2008 21:00,MYX:FCPO1!,1779,1798,1734,1743,6918,1651
15/10/2008 21:00,MYX:FCPO1!,1655,1667,1593,1651,10829,1635
16/10/2008 21:00,MYX:FCPO1!,1694,1705,1620,1635,7411,1677
20/10/2008 10:00,MYX:FCPO1!,1699,1727,1660,1677,6799,1652
20/10/2008 21:00,MYX:FCPO1!,1695,1714,1639,1652,6390,1565
21/10/2008 21:00,MYX:FCPO1!,1625,1635,1542,1565,9126,1550
22/10/2008 21:00,MYX:FCPO1!,1489,1586,1475,1550,9501,1390
23/10/2008 21:00,MYX:FCPO1!,1520,1556,1358,1390,7962,1435
28/10/2008 21:00,MYX:FCPO1!,1428,1441,1391,1435,6498,1560
29/10/2008 21:00,MYX:FCPO1!,1520,1578,1491,1560,10710,1515
30/10/2008 21:00,MYX:FCPO1!,1500,1539,1491,1515,7887,1666
3/11/2008 10:00,MYX:FCPO1!,1599,1666,1593,1666,8281,1578
3/11/2008 21:00,MYX:FCPO1!,1589,1610,1546,1578,6495,1640
4/11/2008 21:00,MYX:FCPO1!,1649,1723,1626,1640,11165,1599
5/11/2008 21:00,MYX:FCPO1!,1575,1607,1548,1599,5707,1609
6/11/2008 21:00,MYX:FCPO1!,1580,1640,1560,1609,5460,1625
10/11/2008 10:00,MYX:FCPO1!,1660,1696,1612,1625,4901,1586
10/11/2008 21:00,MYX:FCPO1!,1587,1610,1571,1586,4514,1539
11/11/2008 21:00,MYX:FCPO1!,1542,1563,1505,1539,5024,1480
12/11/2008 21:00,MYX:FCPO1!,1483,1496,1435,1480,6597,1455
13/11/2008 21:00,MYX:FCPO1!,1520,1520,1447,1455,5247,1435
17/11/2008 10:00,MYX:FCPO1!,1460,1465,1413,1435,8362,1436
17/11/2008 21:00,MYX:FCPO1!,1437,1446,1400,1436,6238,1480
18/11/2008 21:00,MYX:FCPO1!,1440,1493,1438,1480,8735,1468
19/11/2008 21:00,MYX:FCPO1!,1441,1468,1428,1468,6566,1460
20/11/2008 21:00,MYX:FCPO1!,1401,1471,1386,1460,7721,1488
24/11/2008 10:00,MYX:FCPO1!,1462,1503,1452,1488,6478,1520
24/11/2008 21:00,MYX:FCPO1!,1530,1550,1511,1520,5342,1598
25/11/2008 21:00,MYX:FCPO1!,1525,1604,1496,1598,7896,1660
26/11/2008 21:00,MYX:FCPO1!,1581,1666,1573,1660,5860,1632
27/11/2008 21:00,MYX:FCPO1!,1650,1692,1625,1632,6365,1628
1/12/2008 10:00,MYX:FCPO1!,1608,1675,1597,1628,7482,1603
1/12/2008 21:00,MYX:FCPO1!,1593,1614,1560,1603,5598,1536
2/12/2008 21:00,MYX:FCPO1!,1588,1590,1527,1536,6243,1462
3/12/2008 21:00,MYX:FCPO1!,1533,1555,1457,1462,5457,1499
4/12/2008 21:00,MYX:FCPO1!,1408,1499,1396,1499,7829,1595
9/12/2008 21:00,MYX:FCPO1!,1591,1605,1560,1595,5460,1644
10/12/2008 21:00,MYX:FCPO1!,1597,1658,1580,1644,5325,1581
11/12/2008 21:00,MYX:FCPO1!,1650,1650,1567,1581,4517,1576
15/12/2008 10:00,MYX:FCPO1!,1625,1630,1570,1576,2925,1545
15/12/2008 21:00,MYX:FCPO1!,1550,1570,1529,1545,6327,1580
16/12/2008 21:00,MYX:FCPO1!,1561,1586,1548,1580,4063,1545
17/12/2008 21:00,MYX:FCPO1!,1559,1575,1539,1545,4903,1536
18/12/2008 21:00,MYX:FCPO1!,1525,1548,1509,1536,4628,1588
22/12/2008 10:00,MYX:FCPO1!,1580,1596,1569,1588,3504,1530
22/12/2008 21:00,MYX:FCPO1!,1568,1569,1530,1530,4198,1559
23/12/2008 21:00,MYX:FCPO1!,1539,1564,1537,1559,2074,1590
25/12/2008 21:00,MYX:FCPO1!,1562,1596,1562,1590,4251,1671
29/12/2008 21:00,MYX:FCPO1!,1625,1671,1625,1671,6609,1695
30/12/2008 21:00,MYX:FCPO1!,1642,1695,1639,1695,5601,1740
1/1/2009 21:00,MYX:FCPO1!,1711,1748,1706,1740,5382,1837
5/1/2009 10:00,MYX:FCPO1!,1745,1846,1738,1837,8292,1980
5/1/2009 21:00,MYX:FCPO1!,1880,1981,1840,1980,11170,1985
6/1/2009 21:00,MYX:FCPO1!,2024,2058,1868,1985,17145,1865
7/1/2009 21:00,MYX:FCPO1!,1905,1920,1864,1865,10563,1920
8/1/2009 21:00,MYX:FCPO1!,1910,1948,1903,1920,8059,1988
12/1/2009 10:00,MYX:FCPO1!,1959,1998,1935,1988,5117,1830
12/1/2009 21:00,MYX:FCPO1!,1903,1913,1797,1830,12278,1884
13/1/2009 21:00,MYX:FCPO1!,1865,1894,1856,1884,4439,1806
14/1/2009 21:00,MYX:FCPO1!,1823,1844,1804,1806,5098,1833
15/1/2009 21:00,MYX:FCPO1!,1835,1840,1790,1833,7133,1859
19/1/2009 10:00,MYX:FCPO1!,1850,1872,1833,1859,5793,1827
19/1/2009 21:00,MYX:FCPO1!,1818,1850,1799,1827,7760,1809
20/1/2009 21:00,MYX:FCPO1!,1810,1828,1792,1809,7747,1870
21/1/2009 21:00,MYX:FCPO1!,1834,1881,1822,1870,8028,1830
22/1/2009 21:00,MYX:FCPO1!,1840,1879,1825,1830,5861,1782
27/1/2009 21:00,MYX:FCPO1!,1800,1815,1770,1782,4896,1745
28/1/2009 21:00,MYX:FCPO1!,1786,1786,1739,1745,4472,1779
29/1/2009 21:00,MYX:FCPO1!,1745,1787,1720,1779,10077,1788
2/2/2009 21:00,MYX:FCPO1!,1762,1790,1741,1788,4744,1845
3/2/2009 21:00,MYX:FCPO1!,1802,1852,1798,1845,6696,1879
4/2/2009 21:00,MYX:FCPO1!,1837,1880,1812,1879,6904,1880
5/2/2009 21:00,MYX:FCPO1!,1908,1908,1854,1880,7728,1969
9/2/2009 21:00,MYX:FCPO1!,1920,1969,1907,1969,9823,1925
10/2/2009 21:00,MYX:FCPO1!,1940,1967,1916,1925,11714,1928
11/2/2009 21:00,MYX:FCPO1!,1915,1945,1907,1928,5867,1995
12/2/2009 21:00,MYX:FCPO1!,1937,2000,1931,1995,8516,1922
16/2/2009 10:00,MYX:FCPO1!,1995,2017,1920,1922,9966,1895
16/2/2009 21:00,MYX:FCPO1!,1909,1935,1892,1895,10235,1875
17/2/2009 21:00,MYX:FCPO1!,1845,1887,1842,1875,8105,1860
18/2/2009 21:00,MYX:FCPO1!,1855,1894,1830,1860,13026,1835
19/2/2009 21:00,MYX:FCPO1!,1880,1889,1832,1835,6788,1880
23/2/2009 10:00,MYX:FCPO1!,1855,1892,1836,1880,7291,1871
23/2/2009 21:00,MYX:FCPO1!,1859,1878,1828,1871,8782,1894
24/2/2009 21:00,MYX:FCPO1!,1890,1912,1881,1894,7076,1890
25/2/2009 21:00,MYX:FCPO1!,1930,1930,1882,1890,5513,1895
26/2/2009 21:00,MYX:FCPO1!,1865,1919,1862,1895,7230,1871
2/3/2009 10:00,MYX:FCPO1!,1881,1904,1868,1871,7813,1855
2/3/2009 21:00,MYX:FCPO1!,1855,1866,1840,1855,10529,1902
3/3/2009 21:00,MYX:FCPO1!,1864,1910,1856,1902,9654,1906
4/3/2009 21:00,MYX:FCPO1!,1904,1923,1890,1906,6220,1940
5/3/2009 21:00,MYX:FCPO1!,1902,1955,1895,1940,6954,1995
9/3/2009 21:00,MYX:FCPO1!,1980,2010,1976,1995,7104,1980
10/3/2009 21:00,MYX:FCPO1!,1990,2026,1976,1980,7427,1920
11/3/2009 21:00,MYX:FCPO1!,1955,1973,1909,1920,8392,1972
12/3/2009 21:00,MYX:FCPO1!,1943,1983,1931,1972,9797,1902
16/3/2009 10:00,MYX:FCPO1!,1932,1948,1902,1902,7696,1922
16/3/2009 21:00,MYX:FCPO1!,1930,1940,1918,1922,6512,1905
17/3/2009 21:00,MYX:FCPO1!,1932,1948,1905,1905,5753,1911
18/3/2009 21:00,MYX:FCPO1!,1925,1945,1893,1911,12018,1985
19/3/2009 21:00,MYX:FCPO1!,1927,1985,1914,1985,14599,2030
23/3/2009 10:00,MYX:FCPO1!,2010,2051,2002,2030,9269,1980
23/3/2009 21:00,MYX:FCPO1!,2002,2028,1978,1980,6517,1972
24/3/2009 21:00,MYX:FCPO1!,1975,1985,1955,1972,5763,2035
25/3/2009 21:00,MYX:FCPO1!,1996,2035,1980,2035,9115,1990
26/3/2009 21:00,MYX:FCPO1!,2030,2035,1990,1990,8264,1970
30/3/2009 10:00,MYX:FCPO1!,1967,2005,1961,1970,5900,2000
30/3/2009 21:00,MYX:FCPO1!,1990,2002,1977,2000,5251,2070
31/3/2009 21:00,MYX:FCPO1!,2030,2070,2010,2070,14116,2159
1/4/2009 21:00,MYX:FCPO1!,2074,2175,2057,2159,13846,2165
2/4/2009 21:00,MYX:FCPO1!,2125,2185,2125,2165,11613,2145
6/4/2009 10:00,MYX:FCPO1!,2181,2196,2126,2145,7783,2180
6/4/2009 21:00,MYX:FCPO1!,2130,2201,2121,2180,8946,2165
7/4/2009 21:00,MYX:FCPO1!,2173,2183,2153,2165,7502,2299
9/4/2009 21:00,MYX:FCPO1!,2270,2302,2240,2299,7419,2335
13/4/2009 10:00,MYX:FCPO1!,2300,2385,2295,2335,8198,2485
13/4/2009 21:00,MYX:FCPO1!,2354,2495,2315,2485,11491,2459
14/4/2009 21:00,MYX:FCPO1!,2467,2540,2440,2459,12436,2358
15/4/2009 21:00,MYX:FCPO1!,2425,2443,2347,2358,10403,2435
16/4/2009 21:00,MYX:FCPO1!,2355,2446,2322,2435,11054,2446
20/4/2009 10:00,MYX:FCPO1!,2420,2501,2393,2446,11376,2435
20/4/2009 21:00,MYX:FCPO1!,2390,2442,2377,2435,11284,2475
21/4/2009 21:00,MYX:FCPO1!,2469,2481,2423,2475,11396,2580
22/4/2009 21:00,MYX:FCPO1!,2467,2586,2455,2580,19855,2585
23/4/2009 21:00,MYX:FCPO1!,2555,2648,2535,2585,13981,2481
27/4/2009 10:00,MYX:FCPO1!,2500,2514,2471,2481,12820,2456
27/4/2009 21:00,MYX:FCPO1!,2490,2530,2422,2456,11523,2480
28/4/2009 21:00,MYX:FCPO1!,2479,2490,2413,2480,13014,2595
29/4/2009 21:00,MYX:FCPO1!,2511,2618,2501,2595,15587,2702
4/5/2009 10:00,MYX:FCPO1!,2690,2798,2679,2702,19894,2625
4/5/2009 21:00,MYX:FCPO1!,2667,2731,2603,2625,15238,2680
5/5/2009 21:00,MYX:FCPO1!,2625,2698,2620,2680,17413,2680
6/5/2009 21:00,MYX:FCPO1!,2715,2730,2650,2680,12422,2685
7/5/2009 21:00,MYX:FCPO1!,2666,2715,2656,2685,10350,2660
11/5/2009 10:00,MYX:FCPO1!,2660,2745,2651,2660,11741,2725
11/5/2009 21:00,MYX:FCPO1!,2680,2736,2678,2725,8374,2789
12/5/2009 21:00,MYX:FCPO1!,2755,2799,2738,2789,11708,2684
13/5/2009 21:00,MYX:FCPO1!,2740,2759,2684,2684,10126,2665
14/5/2009 21:00,MYX:FCPO1!,2720,2753,2655,2665,8551,2570
18/5/2009 10:00,MYX:FCPO1!,2560,2603,2513,2570,13778,2630
18/5/2009 21:00,MYX:FCPO1!,2607,2665,2605,2630,11204,2602
19/5/2009 21:00,MYX:FCPO1!,2644,2656,2588,2602,17682,2499
20/5/2009 21:00,MYX:FCPO1!,2609,2626,2480,2499,14260,2521
21/5/2009 21:00,MYX:FCPO1!,2540,2559,2494,2521,11942,2445
25/5/2009 10:00,MYX:FCPO1!,2516,2531,2445,2445,8977,2430
25/5/2009 21:00,MYX:FCPO1!,2449,2469,2350,2430,13971,2505
26/5/2009 21:00,MYX:FCPO1!,2425,2507,2422,2505,13218,2505
27/5/2009 21:00,MYX:FCPO1!,2506,2525,2440,2505,9456,2560
28/5/2009 21:00,MYX:FCPO1!,2513,2585,2492,2560,10326,2625
1/6/2009 10:00,MYX:FCPO1!,2609,2647,2594,2625,8888,2598
1/6/2009 21:00,MYX:FCPO1!,2638,2651,2586,2598,6699,2575
2/6/2009 21:00,MYX:FCPO1!,2601,2606,2565,2575,6908,2569
3/6/2009 21:00,MYX:FCPO1!,2553,2578,2525,2569,7837,2520
4/6/2009 21:00,MYX:FCPO1!,2602,2611,2520,2520,10734,2460
8/6/2009 10:00,MYX:FCPO1!,2520,2526,2454,2460,10222,2465
8/6/2009 21:00,MYX:FCPO1!,2480,2504,2441,2465,10314,2501
9/6/2009 21:00,MYX:FCPO1!,2485,2501,2451,2501,10855,2485
10/6/2009 21:00,MYX:FCPO1!,2471,2519,2467,2485,9484,2465
11/6/2009 21:00,MYX:FCPO1!,2501,2501,2445,2465,9289,2400
15/6/2009 10:00,MYX:FCPO1!,2450,2452,2375,2400,11204,2400
15/6/2009 21:00,MYX:FCPO1!,2384,2425,2358,2400,10034,2375
16/6/2009 21:00,MYX:FCPO1!,2400,2414,2363,2375,7789,2299
17/6/2009 21:00,MYX:FCPO1!,2366,2386,2284,2299,12584,2285
18/6/2009 21:00,MYX:FCPO1!,2310,2318,2274,2285,7569,2157
22/6/2009 10:00,MYX:FCPO1!,2246,2265,2155,2157,10513,2286
22/6/2009 21:00,MYX:FCPO1!,2150,2299,2149,2286,16754,2250
23/6/2009 21:00,MYX:FCPO1!,2275,2275,2231,2250,8111,2336
24/6/2009 21:00,MYX:FCPO1!,2268,2340,2267,2336,7435,2319
25/6/2009 21:00,MYX:FCPO1!,2340,2349,2296,2319,7698,2262
29/6/2009 10:00,MYX:FCPO1!,2285,2289,2242,2262,9658,2230
29/6/2009 21:00,MYX:FCPO1!,2288,2294,2209,2230,9971,2259
30/6/2009 21:00,MYX:FCPO1!,2250,2275,2220,2259,8243,2175
1/7/2009 21:00,MYX:FCPO1!,2259,2259,2169,2175,10822,2175
2/7/2009 21:00,MYX:FCPO1!,2140,2181,2085,2175,10915,2129
6/7/2009 10:00,MYX:FCPO1!,2130,2146,2100,2129,8318,2069
6/7/2009 21:00,MYX:FCPO1!,2126,2133,2059,2069,10797,2002
7/7/2009 21:00,MYX:FCPO1!,2010,2014,1983,2002,9790,2047
8/7/2009 21:00,MYX:FCPO1!,2010,2047,2000,2047,7930,2010
9/7/2009 21:00,MYX:FCPO1!,2040,2058,2002,2010,7908,1990
13/7/2009 10:00,MYX:FCPO1!,2010,2035,1964,1990,7427,2036
13/7/2009 21:00,MYX:FCPO1!,2023,2078,2023,2036,6771,2103
14/7/2009 21:00,MYX:FCPO1!,2054,2124,2049,2103,8508,2020
15/7/2009 21:00,MYX:FCPO1!,2085,2100,2020,2020,9215,2123
16/7/2009 21:00,MYX:FCPO1!,2035,2123,2028,2123,7437,2160
20/7/2009 10:00,MYX:FCPO1!,2165,2184,2144,2160,7975,2143
20/7/2009 21:00,MYX:FCPO1!,2140,2162,2128,2143,8715,2083
21/7/2009 21:00,MYX:FCPO1!,2126,2135,2078,2083,10878,2100
22/7/2009 21:00,MYX:FCPO1!,2103,2123,2091,2100,8488,2122
23/7/2009 21:00,MYX:FCPO1!,2104,2134,2063,2122,7858,2098
27/7/2009 10:00,MYX:FCPO1!,2090,2116,2085,2098,6514,2140
27/7/2009 21:00,MYX:FCPO1!,2125,2146,2106,2140,10682,2113
28/7/2009 21:00,MYX:FCPO1!,2128,2158,2109,2113,9961,2145
29/7/2009 21:00,MYX:FCPO1!,2111,2155,2098,2145,7581,2189
30/7/2009 21:00,MYX:FCPO1!,2206,2248,2175,2189,12690,2295
3/8/2009 10:00,MYX:FCPO1!,2232,2296,2225,2295,8612,2304
3/8/2009 21:00,MYX:FCPO1!,2339,2345,2288,2304,11204,2335
4/8/2009 21:00,MYX:FCPO1!,2331,2357,2304,2335,10840,2325
5/8/2009 21:00,MYX:FCPO1!,2300,2345,2275,2325,11408,2340
6/8/2009 21:00,MYX:FCPO1!,2306,2345,2306,2340,7124,2400
10/8/2009 10:00,MYX:FCPO1!,2380,2424,2354,2400,9587,2465
10/8/2009 21:00,MYX:FCPO1!,2392,2471,2376,2465,13754,2460
11/8/2009 21:00,MYX:FCPO1!,2490,2490,2410,2460,10309,2515
12/8/2009 21:00,MYX:FCPO1!,2467,2521,2446,2515,11399,2441
13/8/2009 21:00,MYX:FCPO1!,2482,2510,2424,2441,12274,2335
17/8/2009 10:00,MYX:FCPO1!,2371,2397,2325,2335,12582,2375
17/8/2009 21:00,MYX:FCPO1!,2360,2390,2355,2375,8652,2299
18/8/2009 21:00,MYX:FCPO1!,2390,2397,2284,2299,20092,2301
19/8/2009 21:00,MYX:FCPO1!,2330,2353,2301,2301,14644,2345
20/8/2009 21:00,MYX:FCPO1!,2320,2346,2234,2345,13092,2375
24/8/2009 10:00,MYX:FCPO1!,2378,2402,2364,2375,12761,2355
24/8/2009 21:00,MYX:FCPO1!,2367,2373,2323,2355,9931,2357
25/8/2009 21:00,MYX:FCPO1!,2364,2385,2337,2357,9427,2346
26/8/2009 21:00,MYX:FCPO1!,2360,2369,2335,2346,7488,2370
27/8/2009 21:00,MYX:FCPO1!,2357,2375,2352,2370,7238,2303
31/8/2009 21:00,MYX:FCPO1!,2312,2335,2299,2303,10203,2245
1/9/2009 21:00,MYX:FCPO1!,2279,2280,2220,2245,11213,2218
2/9/2009 21:00,MYX:FCPO1!,2226,2258,2218,2218,7323,2197
3/9/2009 21:00,MYX:FCPO1!,2218,2236,2197,2197,7349,2130
7/9/2009 10:00,MYX:FCPO1!,2168,2171,2125,2130,9668,2210
7/9/2009 21:00,MYX:FCPO1!,2141,2210,2135,2210,8801,2179
8/9/2009 21:00,MYX:FCPO1!,2201,2217,2170,2179,10963,2184
9/9/2009 21:00,MYX:FCPO1!,2180,2240,2135,2184,12256,2145
10/9/2009 21:00,MYX:FCPO1!,2194,2205,2140,2145,8408,2070
14/9/2009 10:00,MYX:FCPO1!,2101,2119,2070,2070,10468,2100
14/9/2009 21:00,MYX:FCPO1!,2098,2118,2085,2100,9253,2181
15/9/2009 21:00,MYX:FCPO1!,2122,2181,2122,2181,13761,2182
16/9/2009 21:00,MYX:FCPO1!,2180,2193,2165,2182,6661,2190
17/9/2009 21:00,MYX:FCPO1!,2175,2210,2175,2190,7580,2146
22/9/2009 21:00,MYX:FCPO1!,2180,2188,2142,2146,7123,2115
23/9/2009 21:00,MYX:FCPO1!,2125,2136,2089,2115,12537,2186
24/9/2009 21:00,MYX:FCPO1!,2109,2187,2106,2186,7083,2103
28/9/2009 10:00,MYX:FCPO1!,2130,2148,2082,2103,13079,2105
28/9/2009 21:00,MYX:FCPO1!,2109,2127,2093,2105,10516,2103
29/9/2009 21:00,MYX:FCPO1!,2115,2121,2096,2103,8305,2115
30/9/2009 21:00,MYX:FCPO1!,2125,2130,2112,2115,3870,2037
1/10/2009 21:00,MYX:FCPO1!,2110,2114,2028,2037,5744,2042
5/10/2009 10:00,MYX:FCPO1!,2031,2057,2030,2042,6777,2062
5/10/2009 21:00,MYX:FCPO1!,2046,2068,2013,2062,14086,2077
6/10/2009 21:00,MYX:FCPO1!,2080,2100,2068,2077,8157,2030
7/10/2009 21:00,MYX:FCPO1!,2080,2087,2023,2030,10108,2085
8/10/2009 21:00,MYX:FCPO1!,2056,2085,2046,2085,9010,2147
12/10/2009 10:00,MYX:FCPO1!,2124,2152,2118,2147,11693,2157
12/10/2009 21:00,MYX:FCPO1!,2172,2178,2130,2157,14922,2160
13/10/2009 21:00,MYX:FCPO1!,2175,2196,2160,2160,9340,2110
14/10/2009 21:00,MYX:FCPO1!,2175,2180,2108,2110,7272,2178
15/10/2009 21:00,MYX:FCPO1!,2160,2178,2138,2178,12068,2197
19/10/2009 10:00,MYX:FCPO1!,2200,2217,2184,2197,9586,2180
19/10/2009 21:00,MYX:FCPO1!,2215,2216,2161,2180,9511,2168
20/10/2009 21:00,MYX:FCPO1!,2165,2175,2154,2168,9415,2210
21/10/2009 21:00,MYX:FCPO1!,2203,2224,2187,2210,11485,2238
22/10/2009 21:00,MYX:FCPO1!,2234,2250,2227,2238,10282,2218
26/10/2009 10:00,MYX:FCPO1!,2235,2235,2205,2218,5863,2170
26/10/2009 21:00,MYX:FCPO1!,2193,2200,2152,2170,10570,2152
27/10/2009 21:00,MYX:FCPO1!,2172,2186,2140,2152,11634,2189
28/10/2009 21:00,MYX:FCPO1!,2133,2195,2130,2189,10250,2208
29/10/2009 21:00,MYX:FCPO1!,2207,2208,2165,2208,7464,2208
2/11/2009 10:00,MYX:FCPO1!,2160,2213,2154,2208,9389,2190
2/11/2009 21:00,MYX:FCPO1!,2221,2221,2183,2190,7037,2260
3/11/2009 21:00,MYX:FCPO1!,2210,2273,2207,2260,10758,2247
4/11/2009 21:00,MYX:FCPO1!,2245,2254,2232,2247,6629,2246
5/11/2009 21:00,MYX:FCPO1!,2260,2275,2230,2246,5838,2266
9/11/2009 10:00,MYX:FCPO1!,2246,2270,2215,2266,5714,2242
9/11/2009 21:00,MYX:FCPO1!,2270,2285,2235,2242,7372,2235
10/11/2009 21:00,MYX:FCPO1!,2251,2260,2225,2235,3349,2245
11/11/2009 21:00,MYX:FCPO1!,2251,2277,2240,2245,7795,2269
12/11/2009 21:00,MYX:FCPO1!,2245,2273,2237,2269,6466,2336
16/11/2009 10:00,MYX:FCPO1!,2310,2359,2305,2336,9604,2342
16/11/2009 21:00,MYX:FCPO1!,2370,2370,2326,2342,8400,2400
17/11/2009 21:00,MYX:FCPO1!,2361,2415,2345,2400,12307,2371
18/11/2009 21:00,MYX:FCPO1!,2391,2401,2360,2371,11840,2419
19/11/2009 21:00,MYX:FCPO1!,2371,2419,2361,2419,8744,2486
23/11/2009 10:00,MYX:FCPO1!,2438,2495,2428,2486,9624,2478
23/11/2009 21:00,MYX:FCPO1!,2475,2480,2430,2478,10069,2482
24/11/2009 21:00,MYX:FCPO1!,2492,2518,2469,2482,12995,2482
25/11/2009 21:00,MYX:FCPO1!,2512,2521,2460,2482,12620,2472
30/11/2009 10:00,MYX:FCPO1!,2470,2484,2452,2472,8717,2495
30/11/2009 21:00,MYX:FCPO1!,2474,2498,2445,2495,7597,2489
1/12/2009 21:00,MYX:FCPO1!,2483,2510,2480,2489,6971,2478
2/12/2009 21:00,MYX:FCPO1!,2472,2491,2463,2478,4212,2562
3/12/2009 21:00,MYX:FCPO1!,2473,2596,2473,2562,10412,2559
7/12/2009 10:00,MYX:FCPO1!,2583,2606,2543,2559,9050,2561
7/12/2009 21:00,MYX:FCPO1!,2559,2590,2535,2561,8365,2526
8/12/2009 21:00,MYX:FCPO1!,2526,2542,2502,2526,11455,2521
9/12/2009 21:00,MYX:FCPO1!,2490,2535,2489,2521,10406,2530
10/12/2009 21:00,MYX:FCPO1!,2526,2535,2505,2530,8210,2513
14/12/2009 10:00,MYX:FCPO1!,2488,2525,2488,2513,6511,2525
14/12/2009 21:00,MYX:FCPO1!,2509,2539,2502,2525,4493,2586
15/12/2009 21:00,MYX:FCPO1!,2547,2596,2546,2586,9100,2620
16/12/2009 21:00,MYX:FCPO1!,2600,2628,2598,2620,7146,2555
21/12/2009 10:00,MYX:FCPO1!,2585,2585,2543,2555,6105,2515
21/12/2009 21:00,MYX:FCPO1!,2547,2550,2514,2515,5916,2500
22/12/2009 21:00,MYX:FCPO1!,2506,2521,2482,2500,6089,2554
23/12/2009 21:00,MYX:FCPO1!,2512,2573,2511,2554,4306,2592
28/12/2009 10:00,MYX:FCPO1!,2580,2605,2574,2592,5917,2590
28/12/2009 21:00,MYX:FCPO1!,2630,2632,2586,2590,4909,2595
29/12/2009 21:00,MYX:FCPO1!,2590,2609,2582,2595,4265,2663
30/12/2009 21:00,MYX:FCPO1!,2601,2666,2600,2663,7416,2680
4/1/2010 10:00,MYX:FCPO1!,2684,2698,2665,2680,5352,2682
4/1/2010 21:00,MYX:FCPO1!,2685,2703,2673,2682,7651,2702
5/1/2010 21:00,MYX:FCPO1!,2678,2726,2675,2702,8912,2630
6/1/2010 21:00,MYX:FCPO1!,2651,2667,2628,2630,9429,2626
7/1/2010 21:00,MYX:FCPO1!,2625,2634,2590,2626,11347,2585
11/1/2010 10:00,MYX:FCPO1!,2635,2648,2572,2585,13724,2556
11/1/2010 21:00,MYX:FCPO1!,2552,2570,2541,2556,9501,2510
12/1/2010 21:00,MYX:FCPO1!,2520,2525,2481,2510,12392,2530
13/1/2010 21:00,MYX:FCPO1!,2525,2544,2499,2530,13429,2490
14/1/2010 21:00,MYX:FCPO1!,2522,2525,2466,2490,12428,2486
18/1/2010 10:00,MYX:FCPO1!,2445,2486,2433,2486,5916,2483
18/1/2010 21:00,MYX:FCPO1!,2503,2503,2465,2483,3317,2440
19/1/2010 21:00,MYX:FCPO1!,2455,2462,2432,2440,4891,2495
20/1/2010 21:00,MYX:FCPO1!,2400,2495,2400,2495,3252,2456
21/1/2010 21:00,MYX:FCPO1!,2463,2481,2447,2456,2127,2466
25/1/2010 10:00,MYX:FCPO1!,2460,2484,2456,2466,1933,2410
25/1/2010 21:00,MYX:FCPO1!,2430,2455,2407,2410,3499,2429
26/1/2010 21:00,MYX:FCPO1!,2419,2432,2395,2429,1792,2440
27/1/2010 21:00,MYX:FCPO1!,2417,2471,2408,2440,1654,2445
28/1/2010 21:00,MYX:FCPO1!,2442,2469,2420,2445,2023,2452
1/2/2010 21:00,MYX:FCPO1!,2460,2462,2427,2452,7769,2498
2/2/2010 21:00,MYX:FCPO1!,2478,2505,2475,2498,13357,2510
3/2/2010 21:00,MYX:FCPO1!,2478,2519,2470,2510,10318,2521
4/2/2010 21:00,MYX:FCPO1!,2486,2523,2486,2521,8990,2550
8/2/2010 10:00,MYX:FCPO1!,2545,2563,2542,2550,7550,2561
8/2/2010 21:00,MYX:FCPO1!,2566,2570,2545,2561,8654,2563
9/2/2010 21:00,MYX:FCPO1!,2559,2566,2553,2563,6306,2580
10/2/2010 21:00,MYX:FCPO1!,2584,2594,2575,2580,6505,2579
11/2/2010 21:00,MYX:FCPO1!,2546,2580,2546,2579,4477,2628
16/2/2010 21:00,MYX:FCPO1!,2611,2628,2606,2628,6409,2600
17/2/2010 21:00,MYX:FCPO1!,2615,2617,2600,2600,4721,2596
18/2/2010 21:00,MYX:FCPO1!,2595,2609,2577,2596,6480,2631
22/2/2010 10:00,MYX:FCPO1!,2629,2638,2621,2631,6557,2635
22/2/2010 21:00,MYX:FCPO1!,2642,2662,2622,2635,9708,2590
23/2/2010 21:00,MYX:FCPO1!,2624,2636,2590,2590,7177,2595
24/2/2010 21:00,MYX:FCPO1!,2605,2615,2580,2595,9577,2630
1/3/2010 10:00,MYX:FCPO1!,2619,2638,2617,2630,9209,2612
1/3/2010 21:00,MYX:FCPO1!,2635,2635,2597,2612,7155,2635
2/3/2010 21:00,MYX:FCPO1!,2625,2639,2618,2635,4799,2674
3/3/2010 21:00,MYX:FCPO1!,2634,2686,2622,2674,9634,2670
4/3/2010 21:00,MYX:FCPO1!,2665,2700,2665,2670,9147,2709
8/3/2010 10:00,MYX:FCPO1!,2679,2722,2675,2709,3942,2650
8/3/2010 21:00,MYX:FCPO1!,2705,2715,2650,2650,6714,2685
9/3/2010 21:00,MYX:FCPO1!,2670,2719,2654,2685,7410,2660
10/3/2010 21:00,MYX:FCPO1!,2699,2704,2652,2660,10826,2649
11/3/2010 21:00,MYX:FCPO1!,2643,2650,2620,2649,10149,2590
15/3/2010 10:00,MYX:FCPO1!,2624,2631,2590,2590,12602,2569
15/3/2010 21:00,MYX:FCPO1!,2576,2586,2546,2569,11390,2595
16/3/2010 21:00,MYX:FCPO1!,2576,2600,2576,2595,8890,2535
17/3/2010 21:00,MYX:FCPO1!,2583,2587,2528,2535,11885,2577
18/3/2010 21:00,MYX:FCPO1!,2542,2580,2536,2577,8911,2570
22/3/2010 10:00,MYX:FCPO1!,2570,2594,2554,2570,7245,2591
22/3/2010 21:00,MYX:FCPO1!,2589,2597,2571,2591,6978,2560
23/3/2010 21:00,MYX:FCPO1!,2585,2595,2549,2560,9675,2575
24/3/2010 21:00,MYX:FCPO1!,2556,2579,2551,2575,7328,2534
25/3/2010 21:00,MYX:FCPO1!,2551,2565,2534,2534,9524,2520
29/3/2010 10:00,MYX:FCPO1!,2542,2557,2510,2520,10112,2545
29/3/2010 21:00,MYX:FCPO1!,2521,2548,2501,2545,12139,2556
30/3/2010 21:00,MYX:FCPO1!,2533,2561,2529,2556,9959,2543
31/3/2010 21:00,MYX:FCPO1!,2540,2549,2532,2543,12361,2559
1/4/2010 21:00,MYX:FCPO1!,2560,2569,2550,2559,4092,2530
5/4/2010 10:00,MYX:FCPO1!,2570,2588,2530,2530,10422,2520
5/4/2010 21:00,MYX:FCPO1!,2528,2536,2498,2520,11697,2539
6/4/2010 21:00,MYX:FCPO1!,2540,2545,2530,2539,7458,2500
7/4/2010 21:00,MYX:FCPO1!,2546,2555,2500,2500,11188,2594
8/4/2010 21:00,MYX:FCPO1!,2500,2594,2500,2594,9405,2535
12/4/2010 10:00,MYX:FCPO1!,2550,2557,2522,2535,7617,2531
12/4/2010 21:00,MYX:FCPO1!,2520,2540,2511,2531,7032,2528
13/4/2010 21:00,MYX:FCPO1!,2543,2546,2518,2528,6849,2520
14/4/2010 21:00,MYX:FCPO1!,2519,2529,2514,2520,5569,2518
15/4/2010 21:00,MYX:FCPO1!,2504,2525,2504,2518,4764,2470
19/4/2010 10:00,MYX:FCPO1!,2490,2494,2455,2470,9266,2498
19/4/2010 21:00,MYX:FCPO1!,2478,2500,2464,2498,9949,2471
20/4/2010 21:00,MYX:FCPO1!,2493,2500,2471,2471,8058,2490
21/4/2010 21:00,MYX:FCPO1!,2470,2497,2467,2490,6999,2540
22/4/2010 21:00,MYX:FCPO1!,2506,2540,2503,2540,8392,2560
26/4/2010 10:00,MYX:FCPO1!,2538,2568,2538,2560,8411,2550
26/4/2010 21:00,MYX:FCPO1!,2542,2581,2535,2550,10144,2547
27/4/2010 21:00,MYX:FCPO1!,2541,2553,2529,2547,7244,2531
28/4/2010 21:00,MYX:FCPO1!,2540,2545,2520,2531,9160,2558
29/4/2010 21:00,MYX:FCPO1!,2540,2558,2537,2558,5627,2554
3/5/2010 10:00,MYX:FCPO1!,2542,2565,2542,2554,5879,2515
3/5/2010 21:00,MYX:FCPO1!,2544,2548,2515,2515,6330,2530
4/5/2010 21:00,MYX:FCPO1!,2500,2544,2487,2530,12945,2523
5/5/2010 21:00,MYX:FCPO1!,2527,2542,2509,2523,14033,2519
6/5/2010 21:00,MYX:FCPO1!,2490,2526,2484,2519,9974,2529
10/5/2010 10:00,MYX:FCPO1!,2523,2541,2507,2529,7887,2505
10/5/2010 21:00,MYX:FCPO1!,2516,2523,2496,2505,7539,2507
11/5/2010 21:00,MYX:FCPO1!,2512,2516,2500,2507,4519,2472
12/5/2010 21:00,MYX:FCPO1!,2493,2496,2466,2472,7422,2456
13/5/2010 21:00,MYX:FCPO1!,2460,2477,2455,2456,7671,2425
17/5/2010 10:00,MYX:FCPO1!,2416,2430,2406,2425,7210,2445
17/5/2010 21:00,MYX:FCPO1!,2417,2450,2417,2445,4649,2435
18/5/2010 21:00,MYX:FCPO1!,2425,2438,2410,2435,7452,2476
19/5/2010 21:00,MYX:FCPO1!,2450,2479,2435,2476,11741,2491
20/5/2010 21:00,MYX:FCPO1!,2465,2501,2450,2491,6619,2490
24/5/2010 10:00,MYX:FCPO1!,2489,2498,2481,2490,3886,2436
24/5/2010 21:00,MYX:FCPO1!,2485,2491,2436,2436,9383,2452
25/5/2010 21:00,MYX:FCPO1!,2445,2480,2443,2452,8053,2457
26/5/2010 21:00,MYX:FCPO1!,2472,2477,2447,2457,7056,2436
31/5/2010 10:00,MYX:FCPO1!,2437,2457,2425,2436,5549,2460
31/5/2010 21:00,MYX:FCPO1!,2432,2460,2430,2460,6451,2468
1/6/2010 21:00,MYX:FCPO1!,2466,2480,2458,2468,8738,2456
2/6/2010 21:00,MYX:FCPO1!,2473,2482,2453,2456,5832,2474
3/6/2010 21:00,MYX:FCPO1!,2459,2481,2455,2474,6491,2449
7/6/2010 10:00,MYX:FCPO1!,2437,2456,2437,2449,8486,2432
7/6/2010 21:00,MYX:FCPO1!,2454,2456,2431,2432,8651,2418
8/6/2010 21:00,MYX:FCPO1!,2437,2438,2402,2418,14247,2410
9/6/2010 21:00,MYX:FCPO1!,2419,2426,2396,2410,6285,2386
10/6/2010 21:00,MYX:FCPO1!,2407,2419,2379,2386,11313,2410
14/6/2010 10:00,MYX:FCPO1!,2392,2410,2390,2410,6330,2391
14/6/2010 21:00,MYX:FCPO1!,2414,2415,2378,2391,8212,2380
15/6/2010 21:00,MYX:FCPO1!,2386,2390,2367,2380,8245,2398
16/6/2010 21:00,MYX:FCPO1!,2378,2408,2369,2398,7037,2400
17/6/2010 21:00,MYX:FCPO1!,2400,2420,2395,2400,6616,2405
21/6/2010 10:00,MYX:FCPO1!,2415,2421,2399,2405,8211,2377
21/6/2010 21:00,MYX:FCPO1!,2397,2403,2375,2377,6745,2384
22/6/2010 21:00,MYX:FCPO1!,2383,2393,2371,2384,7200,2390
23/6/2010 21:00,MYX:FCPO1!,2381,2393,2379,2390,6559,2384
24/6/2010 21:00,MYX:FCPO1!,2389,2389,2380,2384,3914,2400
28/6/2010 10:00,MYX:FCPO1!,2388,2410,2388,2400,5146,2366
28/6/2010 21:00,MYX:FCPO1!,2388,2390,2362,2366,9444,2373
29/6/2010 21:00,MYX:FCPO1!,2354,2375,2338,2373,8134,2346
30/6/2010 21:00,MYX:FCPO1!,2365,2370,2342,2346,6981,2335
1/7/2010 21:00,MYX:FCPO1!,2342,2346,2328,2335,5350,2290
5/7/2010 10:00,MYX:FCPO1!,2333,2338,2290,2290,7301,2301
5/7/2010 21:00,MYX:FCPO1!,2293,2306,2277,2301,9535,2270
6/7/2010 21:00,MYX:FCPO1!,2297,2303,2270,2270,8203,2289
7/7/2010 21:00,MYX:FCPO1!,2300,2310,2286,2289,8789,2300
8/7/2010 21:00,MYX:FCPO1!,2295,2320,2293,2300,10406,2340
12/7/2010 10:00,MYX:FCPO1!,2310,2341,2310,2340,9124,2353
12/7/2010 21:00,MYX:FCPO1!,2335,2354,2325,2353,7124,2381
13/7/2010 21:00,MYX:FCPO1!,2363,2384,2357,2381,6340,2439
14/7/2010 21:00,MYX:FCPO1!,2381,2445,2378,2439,15889,2449
15/7/2010 21:00,MYX:FCPO1!,2422,2461,2417,2449,14269,2454
19/7/2010 10:00,MYX:FCPO1!,2435,2455,2429,2454,7998,2424
19/7/2010 21:00,MYX:FCPO1!,2454,2457,2424,2424,11235,2457
20/7/2010 21:00,MYX:FCPO1!,2447,2467,2434,2457,10402,2519
21/7/2010 21:00,MYX:FCPO1!,2459,2525,2450,2519,16528,2498
22/7/2010 21:00,MYX:FCPO1!,2535,2535,2491,2498,9920,2473
26/7/2010 10:00,MYX:FCPO1!,2510,2525,2472,2473,9181,2485
26/7/2010 21:00,MYX:FCPO1!,2460,2485,2434,2485,10381,2495
27/7/2010 21:00,MYX:FCPO1!,2471,2502,2470,2495,6515,2514
28/7/2010 21:00,MYX:FCPO1!,2509,2529,2506,2514,8017,2517
29/7/2010 21:00,MYX:FCPO1!,2539,2539,2495,2517,9231,2570
2/8/2010 10:00,MYX:FCPO1!,2549,2583,2545,2570,9462,2562
2/8/2010 21:00,MYX:FCPO1!,2572,2576,2538,2562,10608,2590
3/8/2010 21:00,MYX:FCPO1!,2588,2598,2580,2590,7218,2619
4/8/2010 21:00,MYX:FCPO1!,2571,2623,2571,2619,10897,2661
5/8/2010 21:00,MYX:FCPO1!,2610,2695,2604,2661,10188,2730
9/8/2010 10:00,MYX:FCPO1!,2686,2736,2686,2730,14200,2670
9/8/2010 21:00,MYX:FCPO1!,2708,2708,2668,2670,11009,2677
10/8/2010 21:00,MYX:FCPO1!,2680,2687,2652,2677,7932,2673
11/8/2010 21:00,MYX:FCPO1!,2670,2704,2662,2673,10891,2718
12/8/2010 21:00,MYX:FCPO1!,2694,2737,2682,2718,14241,2678
16/8/2010 10:00,MYX:FCPO1!,2728,2730,2678,2678,14719,2646
16/8/2010 21:00,MYX:FCPO1!,2653,2679,2637,2646,12459,2610
17/8/2010 21:00,MYX:FCPO1!,2650,2652,2592,2610,16776,2595
18/8/2010 21:00,MYX:FCPO1!,2570,2604,2567,2595,13658,2544
19/8/2010 21:00,MYX:FCPO1!,2557,2566,2533,2544,11548,2560
23/8/2010 10:00,MYX:FCPO1!,2557,2569,2532,2560,12562,2510
23/8/2010 21:00,MYX:FCPO1!,2555,2567,2502,2510,17235,2486
24/8/2010 21:00,MYX:FCPO1!,2526,2526,2486,2486,21506,2530
25/8/2010 21:00,MYX:FCPO1!,2492,2530,2489,2530,10622,2542
26/8/2010 21:00,MYX:FCPO1!,2530,2557,2527,2542,8616,2570
30/8/2010 10:00,MYX:FCPO1!,2580,2585,2550,2570,7921,2535
31/8/2010 21:00,MYX:FCPO1!,2555,2555,2506,2535,12223,2542
1/9/2010 21:00,MYX:FCPO1!,2535,2548,2529,2542,10156,2570
2/9/2010 21:00,MYX:FCPO1!,2550,2574,2546,2570,6589,2620
6/9/2010 10:00,MYX:FCPO1!,2594,2630,2585,2620,9425,2628
6/9/2010 21:00,MYX:FCPO1!,2614,2636,2608,2628,11291,2674
7/9/2010 21:00,MYX:FCPO1!,2651,2674,2635,2674,8530,2644
8/9/2010 21:00,MYX:FCPO1!,2640,2655,2625,2644,4085,2676
13/9/2010 10:00,MYX:FCPO1!,2660,2689,2649,2676,7065,2643
13/9/2010 21:00,MYX:FCPO1!,2682,2690,2633,2643,8280,2615
14/9/2010 21:00,MYX:FCPO1!,2640,2648,2605,2615,8191,2627
16/9/2010 21:00,MYX:FCPO1!,2600,2636,2598,2627,10821,2708
20/9/2010 10:00,MYX:FCPO1!,2700,2733,2688,2708,10454,2674
20/9/2010 21:00,MYX:FCPO1!,2708,2709,2664,2674,7152,2673
21/9/2010 21:00,MYX:FCPO1!,2688,2694,2659,2673,8448,2671
22/9/2010 21:00,MYX:FCPO1!,2695,2699,2662,2671,5381,2701
23/9/2010 21:00,MYX:FCPO1!,2679,2710,2678,2701,6772,2735
27/9/2010 10:00,MYX:FCPO1!,2755,2755,2717,2735,11905,2737
27/9/2010 21:00,MYX:FCPO1!,2718,2752,2718,2737,8855,2698
28/9/2010 21:00,MYX:FCPO1!,2718,2724,2691,2698,12087,2730
29/9/2010 21:00,MYX:FCPO1!,2708,2743,2708,2730,13775,2733
30/9/2010 21:00,MYX:FCPO1!,2740,2750,2708,2733,9003,2666
4/10/2010 10:00,MYX:FCPO1!,2655,2689,2653,2666,10184,2705
4/10/2010 21:00,MYX:FCPO1!,2668,2705,2658,2705,7573,2730
5/10/2010 21:00,MYX:FCPO1!,2705,2735,2703,2730,8884,2786
6/10/2010 21:00,MYX:FCPO1!,2720,2788,2717,2786,12895,2760
7/10/2010 21:00,MYX:FCPO1!,2806,2808,2753,2760,10018,2925
11/10/2010 10:00,MYX:FCPO1!,2903,2940,2886,2925,19860,2900
11/10/2010 21:00,MYX:FCPO1!,2904,2925,2878,2900,10595,2930
12/10/2010 21:00,MYX:FCPO1!,2918,2937,2900,2930,9453,2916
13/10/2010 21:00,MYX:FCPO1!,2953,2970,2898,2916,13438,2930
14/10/2010 21:00,MYX:FCPO1!,2934,2948,2915,2930,10118,2889
18/10/2010 10:00,MYX:FCPO1!,2896,2907,2877,2889,11531,2919
18/10/2010 21:00,MYX:FCPO1!,2916,2930,2905,2919,11587,2984
19/10/2010 21:00,MYX:FCPO1!,2895,2985,2891,2984,12108,2990
20/10/2010 21:00,MYX:FCPO1!,3010,3021,2984,2990,8911,3005
21/10/2010 21:00,MYX:FCPO1!,2990,3014,2975,3005,9245,3071
25/10/2010 10:00,MYX:FCPO1!,3050,3084,3042,3071,12911,3053
25/10/2010 21:00,MYX:FCPO1!,3066,3066,3035,3053,8026,3037
26/10/2010 21:00,MYX:FCPO1!,3039,3040,3010,3037,9659,3085
27/10/2010 21:00,MYX:FCPO1!,3042,3086,3034,3085,11369,3061
28/10/2010 21:00,MYX:FCPO1!,3068,3078,3048,3061,8584,3092
1/11/2010 10:00,MYX:FCPO1!,3089,3098,3067,3092,8873,3090
1/11/2010 21:00,MYX:FCPO1!,3086,3106,3077,3090,7481,3087
2/11/2010 21:00,MYX:FCPO1!,3100,3106,3083,3087,9076,3191
3/11/2010 21:00,MYX:FCPO1!,3112,3210,3107,3191,14281,3273
8/11/2010 10:00,MYX:FCPO1!,3296,3348,3265,3273,12709,3363
8/11/2010 21:00,MYX:FCPO1!,3288,3372,3288,3363,11270,3393
9/11/2010 21:00,MYX:FCPO1!,3410,3410,3344,3393,14303,3396
10/11/2010 21:00,MYX:FCPO1!,3380,3452,3373,3396,18262,3353
11/11/2010 21:00,MYX:FCPO1!,3333,3355,3269,3353,14216,3370
15/11/2010 10:00,MYX:FCPO1!,3311,3382,3278,3370,12753,3265
15/11/2010 21:00,MYX:FCPO1!,3351,3399,3260,3265,16593,3318
17/11/2010 21:00,MYX:FCPO1!,3190,3318,3114,3318,24831,3326
18/11/2010 21:00,MYX:FCPO1!,3325,3364,3271,3326,13523,3184
22/11/2010 10:00,MYX:FCPO1!,3270,3298,3179,3184,15868,3115
22/11/2010 21:00,MYX:FCPO1!,3173,3215,3103,3115,19140,3168
23/11/2010 21:00,MYX:FCPO1!,3162,3213,3150,3168,13544,3276
24/11/2010 21:00,MYX:FCPO1!,3230,3284,3223,3276,12046,3274
25/11/2010 21:00,MYX:FCPO1!,3235,3281,3233,3274,8719,3381
29/11/2010 10:00,MYX:FCPO1!,3276,3390,3276,3381,11226,3412
29/11/2010 21:00,MYX:FCPO1!,3383,3458,3345,3412,16379,3486
30/11/2010 21:00,MYX:FCPO1!,3442,3500,3428,3486,12333,3500
1/12/2010 21:00,MYX:FCPO1!,3528,3540,3486,3500,14577,3516
2/12/2010 21:00,MYX:FCPO1!,3520,3537,3490,3516,8521,3610
6/12/2010 10:00,MYX:FCPO1!,3545,3618,3541,3610,17052,3594
7/12/2010 21:00,MYX:FCPO1!,3588,3609,3525,3594,14547,3598
8/12/2010 21:00,MYX:FCPO1!,3637,3640,3591,3598,11572,3633
9/12/2010 21:00,MYX:FCPO1!,3572,3637,3569,3633,13099,3722
13/12/2010 10:00,MYX:FCPO1!,3656,3736,3640,3722,11793,3680
13/12/2010 21:00,MYX:FCPO1!,3737,3766,3669,3680,10113,3669
14/12/2010 21:00,MYX:FCPO1!,3675,3702,3609,3669,9728,3583
15/12/2010 21:00,MYX:FCPO1!,3590,3620,3569,3583,6600,3503
16/12/2010 21:00,MYX:FCPO1!,3602,3607,3471,3503,9206,3518
20/12/2010 10:00,MYX:FCPO1!,3550,3562,3495,3518,9897,3561
20/12/2010 21:00,MYX:FCPO1!,3550,3575,3544,3561,8226,3620
21/12/2010 21:00,MYX:FCPO1!,3598,3635,3579,3620,9135,3658
22/12/2010 21:00,MYX:FCPO1!,3653,3676,3642,3658,9675,3665
23/12/2010 21:00,MYX:FCPO1!,3672,3677,3643,3665,7801,3756
27/12/2010 10:00,MYX:FCPO1!,3665,3767,3662,3756,11108,3778
27/12/2010 21:00,MYX:FCPO1!,3781,3792,3761,3778,7729,3733
28/12/2010 21:00,MYX:FCPO1!,3775,3775,3722,3733,7176,3788
29/12/2010 21:00,MYX:FCPO1!,3735,3792,3707,3788,9782,3852
3/1/2011 10:00,MYX:FCPO1!,3850,3861,3820,3852,7809,3888
3/1/2011 21:00,MYX:FCPO1!,3824,3905,3806,3888,7253,3808
4/1/2011 21:00,MYX:FCPO1!,3820,3851,3790,3808,13911,3864
5/1/2011 21:00,MYX:FCPO1!,3880,3894,3845,3864,12466,3763
6/1/2011 21:00,MYX:FCPO1!,3847,3847,3759,3763,18466,3730
10/1/2011 10:00,MYX:FCPO1!,3788,3807,3730,3730,11423,3703
10/1/2011 21:00,MYX:FCPO1!,3750,3759,3700,3703,12113,3650
11/1/2011 21:00,MYX:FCPO1!,3730,3734,3625,3650,15394,3694
12/1/2011 21:00,MYX:FCPO1!,3724,3724,3655,3694,15738,3680
13/1/2011 21:00,MYX:FCPO1!,3678,3724,3669,3680,11427,3650
17/1/2011 10:00,MYX:FCPO1!,3657,3685,3618,3650,10525,3670
17/1/2011 21:00,MYX:FCPO1!,3611,3676,3610,3670,11293,3732
18/1/2011 21:00,MYX:FCPO1!,3698,3735,3693,3732,13739,3748
20/1/2011 21:00,MYX:FCPO1!,3718,3797,3708,3748,12496,3751
24/1/2011 10:00,MYX:FCPO1!,3821,3836,3748,3751,15235,3703
24/1/2011 21:00,MYX:FCPO1!,3714,3743,3690,3703,17225,3670
25/1/2011 21:00,MYX:FCPO1!,3630,3697,3622,3670,13381,3685
26/1/2011 21:00,MYX:FCPO1!,3707,3723,3655,3685,12174,3700
27/1/2011 21:00,MYX:FCPO1!,3695,3716,3675,3700,10900,3809
31/1/2011 10:00,MYX:FCPO1!,3732,3809,3730,3809,9227,3868
7/2/2011 10:00,MYX:FCPO1!,3914,3915,3861,3868,12315,3890
7/2/2011 21:00,MYX:FCPO1!,3854,3890,3816,3890,14419,3931
8/2/2011 21:00,MYX:FCPO1!,3886,3948,3874,3931,17850,3926
9/2/2011 21:00,MYX:FCPO1!,3967,3967,3889,3926,21660,3955
10/2/2011 21:00,MYX:FCPO1!,3900,3963,3894,3955,11568,3933
14/2/2011 10:00,MYX:FCPO1!,3919,3954,3914,3933,11265,3790
15/2/2011 21:00,MYX:FCPO1!,3850,3868,3782,3790,5959,3721
16/2/2011 21:00,MYX:FCPO1!,3770,3780,3648,3721,20321,3683
17/2/2011 21:00,MYX:FCPO1!,3752,3785,3660,3683,17870,3656
21/2/2011 10:00,MYX:FCPO1!,3623,3678,3621,3656,13786,3669
21/2/2011 21:00,MYX:FCPO1!,3679,3704,3639,3669,15569,3514
22/2/2011 21:00,MYX:FCPO1!,3545,3558,3503,3514,19019,3455
23/2/2011 21:00,MYX:FCPO1!,3542,3550,3336,3455,30454,3515
24/2/2011 21:00,MYX:FCPO1!,3448,3541,3448,3515,18449,3472
28/2/2011 10:00,MYX:FCPO1!,3570,3591,3447,3472,17791,3546
28/2/2011 21:00,MYX:FCPO1!,3450,3562,3450,3546,14966,3590
1/3/2011 21:00,MYX:FCPO1!,3560,3629,3506,3590,21861,3600
2/3/2011 21:00,MYX:FCPO1!,3626,3648,3564,3600,16012,3660
3/3/2011 21:00,MYX:FCPO1!,3602,3665,3587,3660,11410,3695
7/3/2011 10:00,MYX:FCPO1!,3660,3700,3660,3695,10038,3584
7/3/2011 21:00,MYX:FCPO1!,3651,3665,3571,3584,13941,3585
8/3/2011 21:00,MYX:FCPO1!,3585,3619,3557,3585,9827,3459
9/3/2011 21:00,MYX:FCPO1!,3519,3532,3441,3459,17290,3364
10/3/2011 21:00,MYX:FCPO1!,3457,3483,3356,3364,21734,3335
14/3/2011 10:00,MYX:FCPO1!,3335,3359,3281,3335,21963,3385
14/3/2011 21:00,MYX:FCPO1!,3250,3420,3250,3385,18601,3347
15/3/2011 21:00,MYX:FCPO1!,3292,3363,3268,3347,25206,3338
16/3/2011 21:00,MYX:FCPO1!,3320,3362,3305,3338,12847,3446
17/3/2011 21:00,MYX:FCPO1!,3389,3450,3376,3446,10488,3420
21/3/2011 10:00,MYX:FCPO1!,3486,3489,3416,3420,11514,3308
21/3/2011 21:00,MYX:FCPO1!,3394,3402,3291,3308,16436,3306
22/3/2011 21:00,MYX:FCPO1!,3345,3367,3301,3306,16014,3270
23/3/2011 21:00,MYX:FCPO1!,3287,3287,3163,3270,26417,3261
24/3/2011 21:00,MYX:FCPO1!,3295,3324,3219,3261,20512,3282
28/3/2011 10:00,MYX:FCPO1!,3295,3305,3252,3282,11784,3252
28/3/2011 21:00,MYX:FCPO1!,3245,3288,3217,3252,18442,3312
29/3/2011 21:00,MYX:FCPO1!,3273,3323,3268,3312,19561,3326
30/3/2011 21:00,MYX:FCPO1!,3308,3343,3291,3326,16826,3340
31/3/2011 21:00,MYX:FCPO1!,3380,3383,3338,3340,13951,3382
4/4/2011 10:00,MYX:FCPO1!,3360,3392,3343,3382,9008,3366
4/4/2011 21:00,MYX:FCPO1!,3395,3399,3335,3366,11072,3376
5/4/2011 21:00,MYX:FCPO1!,3376,3395,3354,3376,14247,3328
6/4/2011 21:00,MYX:FCPO1!,3360,3365,3315,3328,15279,3399
7/4/2011 21:00,MYX:FCPO1!,3325,3400,3317,3399,18809,3417
11/4/2011 10:00,MYX:FCPO1!,3445,3454,3380,3417,15819,3373
11/4/2011 21:00,MYX:FCPO1!,3360,3388,3345,3373,21496,3348
12/4/2011 21:00,MYX:FCPO1!,3315,3350,3302,3348,13246,3282
13/4/2011 21:00,MYX:FCPO1!,3333,3360,3282,3282,18949,3236
14/4/2011 21:00,MYX:FCPO1!,3307,3310,3232,3236,14373,3246
18/4/2011 10:00,MYX:FCPO1!,3250,3265,3217,3246,9970,3255
18/4/2011 21:00,MYX:FCPO1!,3257,3259,3212,3255,12478,3315
19/4/2011 21:00,MYX:FCPO1!,3278,3336,3265,3315,17607,3312
20/4/2011 21:00,MYX:FCPO1!,3310,3332,3300,3312,10477,3370
21/4/2011 21:00,MYX:FCPO1!,3317,3375,3316,3370,13829,3360
25/4/2011 10:00,MYX:FCPO1!,3374,3384,3343,3360,8027,3330
25/4/2011 21:00,MYX:FCPO1!,3320,3342,3291,3330,10224,3277
26/4/2011 21:00,MYX:FCPO1!,3312,3320,3277,3277,10969,3293
27/4/2011 21:00,MYX:FCPO1!,3294,3324,3288,3293,9393,3270
28/4/2011 21:00,MYX:FCPO1!,3243,3275,3237,3270,13365,3271
2/5/2011 21:00,MYX:FCPO1!,3290,3305,3271,3271,7202,3265
3/5/2011 21:00,MYX:FCPO1!,3240,3272,3228,3265,12013,3229
4/5/2011 21:00,MYX:FCPO1!,3256,3291,3229,3229,13441,3195
5/5/2011 21:00,MYX:FCPO1!,3175,3202,3148,3195,19131,3238
9/5/2011 10:00,MYX:FCPO1!,3197,3252,3192,3238,14584,3258
9/5/2011 21:00,MYX:FCPO1!,3245,3282,3243,3258,11373,3269
10/5/2011 21:00,MYX:FCPO1!,3265,3283,3257,3269,12155,3226
11/5/2011 21:00,MYX:FCPO1!,3258,3277,3217,3226,13513,3274
12/5/2011 21:00,MYX:FCPO1!,3242,3292,3229,3274,16236,3255
16/5/2011 10:00,MYX:FCPO1!,3243,3275,3228,3255,10628,3297
17/5/2011 21:00,MYX:FCPO1!,3290,3305,3287,3297,13506,3360
18/5/2011 21:00,MYX:FCPO1!,3340,3367,3315,3360,12037,3390
19/5/2011 21:00,MYX:FCPO1!,3365,3407,3344,3390,12297,3355
23/5/2011 10:00,MYX:FCPO1!,3406,3407,3348,3355,17205,3380
23/5/2011 21:00,MYX:FCPO1!,3372,3388,3365,3380,8104,3416
24/5/2011 21:00,MYX:FCPO1!,3377,3428,3352,3416,13639,3416
25/5/2011 21:00,MYX:FCPO1!,3423,3447,3405,3416,10112,3438
26/5/2011 21:00,MYX:FCPO1!,3440,3454,3424,3438,13766,3408
30/5/2011 10:00,MYX:FCPO1!,3445,3464,3408,3408,8785,3393
30/5/2011 21:00,MYX:FCPO1!,3408,3437,3383,3393,13935,3360
31/5/2011 21:00,MYX:FCPO1!,3382,3407,3358,3360,10047,3403
1/6/2011 21:00,MYX:FCPO1!,3361,3405,3350,3403,11207,3421
2/6/2011 21:00,MYX:FCPO1!,3418,3465,3418,3421,13578,3388
6/6/2011 10:00,MYX:FCPO1!,3420,3440,3385,3388,9549,3354
6/6/2011 21:00,MYX:FCPO1!,3380,3385,3343,3354,11972,3316
7/6/2011 21:00,MYX:FCPO1!,3333,3350,3313,3316,11605,3287
8/6/2011 21:00,MYX:FCPO1!,3340,3355,3213,3287,15813,3239
9/6/2011 21:00,MYX:FCPO1!,3268,3290,3231,3239,15153,3260
13/6/2011 10:00,MYX:FCPO1!,3224,3264,3199,3260,13929,3253
13/6/2011 21:00,MYX:FCPO1!,3258,3277,3238,3253,12764,3268
14/6/2011 21:00,MYX:FCPO1!,3256,3285,3244,3268,9685,3193
15/6/2011 21:00,MYX:FCPO1!,3250,3265,3193,3193,14822,3198
16/6/2011 21:00,MYX:FCPO1!,3207,3214,3163,3198,18364,3193
20/6/2011 10:00,MYX:FCPO1!,3200,3221,3189,3193,13236,3221
20/6/2011 21:00,MYX:FCPO1!,3219,3230,3203,3221,8778,3178
21/6/2011 21:00,MYX:FCPO1!,3222,3237,3178,3178,15700,3136
22/6/2011 21:00,MYX:FCPO1!,3146,3178,3130,3136,13659,3117
23/6/2011 21:00,MYX:FCPO1!,3139,3146,3103,3117,17790,3042
27/6/2011 10:00,MYX:FCPO1!,3095,3101,3038,3042,16514,3063
27/6/2011 21:00,MYX:FCPO1!,3071,3084,3045,3063,12211,3109
28/6/2011 21:00,MYX:FCPO1!,3089,3115,3087,3109,9220,3072
29/6/2011 21:00,MYX:FCPO1!,3123,3136,3065,3072,13663,3036
30/6/2011 21:00,MYX:FCPO1!,3040,3065,3031,3036,14526,3050
4/7/2011 10:00,MYX:FCPO1!,3069,3084,3045,3050,11449,3040
4/7/2011 21:00,MYX:FCPO1!,3053,3056,3023,3040,13871,3029
5/7/2011 21:00,MYX:FCPO1!,3023,3051,3016,3029,13473,3055
6/7/2011 21:00,MYX:FCPO1!,3036,3064,3031,3055,10052,3077
7/7/2011 21:00,MYX:FCPO1!,3100,3110,3073,3077,13964,3073
11/7/2011 10:00,MYX:FCPO1!,3092,3103,3055,3073,10033,3034
11/7/2011 21:00,MYX:FCPO1!,3058,3058,3031,3034,13173,3082
12/7/2011 21:00,MYX:FCPO1!,3064,3095,3055,3082,10683,3144
13/7/2011 21:00,MYX:FCPO1!,3117,3145,3109,3144,14898,3116
14/7/2011 21:00,MYX:FCPO1!,3126,3138,3115,3116,12137,3078
18/7/2011 10:00,MYX:FCPO1!,3128,3140,3068,3078,13330,3107
18/7/2011 21:00,MYX:FCPO1!,3090,3118,3064,3107,13176,3153
19/7/2011 21:00,MYX:FCPO1!,3084,3153,3084,3153,19976,3130
20/7/2011 21:00,MYX:FCPO1!,3153,3164,3128,3130,12453,3140
21/7/2011 21:00,MYX:FCPO1!,3129,3150,3125,3140,9399,3100
25/7/2011 10:00,MYX:FCPO1!,3117,3126,3083,3100,14611,3119
25/7/2011 21:00,MYX:FCPO1!,3111,3126,3095,3119,8410,3130
26/7/2011 21:00,MYX:FCPO1!,3132,3138,3122,3130,8253,3116
27/7/2011 21:00,MYX:FCPO1!,3115,3127,3085,3116,10142,3096
28/7/2011 21:00,MYX:FCPO1!,3097,3114,3080,3096,11125,3121
1/8/2011 10:00,MYX:FCPO1!,3118,3136,3108,3121,11313,3113
1/8/2011 21:00,MYX:FCPO1!,3126,3130,3107,3113,11213,3136
2/8/2011 21:00,MYX:FCPO1!,3131,3144,3126,3136,9607,3101
3/8/2011 21:00,MYX:FCPO1!,3116,3121,3100,3101,10163,3051
4/8/2011 21:00,MYX:FCPO1!,3021,3063,3021,3051,17939,2994
8/8/2011 10:00,MYX:FCPO1!,3034,3046,2994,2994,19513,2920
8/8/2011 21:00,MYX:FCPO1!,2935,2994,2917,2920,18854,2937
9/8/2011 21:00,MYX:FCPO1!,2950,2977,2924,2937,12903,2993
10/8/2011 21:00,MYX:FCPO1!,2939,2996,2938,2993,12541,3015
11/8/2011 21:00,MYX:FCPO1!,3020,3025,2999,3015,9934,3070
15/8/2011 10:00,MYX:FCPO1!,3035,3083,3032,3070,9786,3002
15/8/2011 21:00,MYX:FCPO1!,3035,3045,2993,3002,13200,3033
16/8/2011 21:00,MYX:FCPO1!,3018,3042,3003,3033,11344,3026
17/8/2011 21:00,MYX:FCPO1!,3035,3043,3010,3026,11513,3003
18/8/2011 21:00,MYX:FCPO1!,3003,3023,2990,3003,9358,3022
22/8/2011 10:00,MYX:FCPO1!,3030,3036,3013,3022,7159,3068
22/8/2011 21:00,MYX:FCPO1!,3033,3070,3030,3068,10217,3036
23/8/2011 21:00,MYX:FCPO1!,3051,3060,3033,3036,11056,2994
24/8/2011 21:00,MYX:FCPO1!,3024,3043,2978,2994,11263,2975
25/8/2011 21:00,MYX:FCPO1!,2993,2996,2953,2975,10829,3050
1/9/2011 21:00,MYX:FCPO1!,3069,3069,3034,3050,6215,3018
5/9/2011 10:00,MYX:FCPO1!,3045,3076,3010,3018,6194,2985
5/9/2011 21:00,MYX:FCPO1!,2998,3014,2978,2985,11983,3042
6/9/2011 21:00,MYX:FCPO1!,2998,3053,2995,3042,7971,3025
7/9/2011 21:00,MYX:FCPO1!,3033,3076,3015,3025,11373,3050
8/9/2011 21:00,MYX:FCPO1!,3039,3060,3033,3050,7895,3071
12/9/2011 10:00,MYX:FCPO1!,3062,3076,3053,3071,5862,3019
12/9/2011 21:00,MYX:FCPO1!,3035,3040,3012,3019,9867,3065
13/9/2011 21:00,MYX:FCPO1!,3019,3066,2989,3065,13520,3078
14/9/2011 21:00,MYX:FCPO1!,3047,3087,3036,3078,12411,3041
19/9/2011 10:00,MYX:FCPO1!,3038,3054,3026,3041,7420,3067
19/9/2011 21:00,MYX:FCPO1!,3033,3071,3023,3067,8780,3066
20/9/2011 21:00,MYX:FCPO1!,3046,3070,3043,3066,10688,3009
21/9/2011 21:00,MYX:FCPO1!,3039,3041,3000,3009,13266,2992
22/9/2011 21:00,MYX:FCPO1!,2961,2995,2951,2992,14550,2905
26/9/2011 10:00,MYX:FCPO1!,2965,2976,2857,2905,24389,2948
26/9/2011 21:00,MYX:FCPO1!,2930,2950,2900,2948,14191,2910
27/9/2011 21:00,MYX:FCPO1!,2920,2924,2885,2910,18649,2898
28/9/2011 21:00,MYX:FCPO1!,2854,2899,2850,2898,16115,2905
29/9/2011 21:00,MYX:FCPO1!,2922,2927,2890,2905,8204,2845
3/10/2011 10:00,MYX:FCPO1!,2839,2857,2827,2845,14895,2810
3/10/2011 21:00,MYX:FCPO1!,2855,2865,2801,2810,16143,2785
4/10/2011 21:00,MYX:FCPO1!,2817,2822,2780,2785,15666,2808
5/10/2011 21:00,MYX:FCPO1!,2799,2810,2754,2808,18342,2772
6/10/2011 21:00,MYX:FCPO1!,2790,2806,2772,2772,12133,2793
10/10/2011 10:00,MYX:FCPO1!,2799,2818,2775,2793,13270,2801
10/10/2011 21:00,MYX:FCPO1!,2817,2818,2776,2801,12761,2864
11/10/2011 21:00,MYX:FCPO1!,2854,2879,2843,2864,13447,2844
12/10/2011 21:00,MYX:FCPO1!,2859,2868,2834,2844,8095,2906
13/10/2011 21:00,MYX:FCPO1!,2858,2906,2858,2906,10894,2876
17/10/2011 10:00,MYX:FCPO1!,2928,2946,2876,2876,16692,2835
17/10/2011 21:00,MYX:FCPO1!,2840,2859,2817,2835,15699,2892
18/10/2011 21:00,MYX:FCPO1!,2856,2894,2850,2892,15246,2866
19/10/2011 21:00,MYX:FCPO1!,2830,2880,2822,2866,16489,2883
20/10/2011 21:00,MYX:FCPO1!,2895,2903,2867,2883,11887,2890
24/10/2011 10:00,MYX:FCPO1!,2882,2919,2875,2890,12213,2951
24/10/2011 21:00,MYX:FCPO1!,2900,2951,2896,2951,14264,2980
26/10/2011 21:00,MYX:FCPO1!,2966,3007,2957,2980,13281,2971
27/10/2011 21:00,MYX:FCPO1!,2998,2999,2958,2971,14173,2938
31/10/2011 10:00,MYX:FCPO1!,2946,2954,2932,2938,9556,2923
31/10/2011 21:00,MYX:FCPO1!,2947,2958,2914,2923,10400,2958
1/11/2011 21:00,MYX:FCPO1!,2926,2966,2922,2958,12369,2976
2/11/2011 21:00,MYX:FCPO1!,2938,2978,2934,2976,9386,3013
3/11/2011 21:00,MYX:FCPO1!,2997,3020,2988,3013,8706,3045
7/11/2011 21:00,MYX:FCPO1!,2984,3048,2984,3045,13332,3034
8/11/2011 21:00,MYX:FCPO1!,3060,3068,3027,3034,11907,3119
9/11/2011 21:00,MYX:FCPO1!,3003,3130,3001,3119,14647,3135
10/11/2011 21:00,MYX:FCPO1!,3110,3160,3100,3135,15922,3195
14/11/2011 10:00,MYX:FCPO1!,3172,3198,3162,3195,7476,3176
14/11/2011 21:00,MYX:FCPO1!,3195,3209,3163,3176,17076,3241
15/11/2011 21:00,MYX:FCPO1!,3181,3255,3157,3241,19326,3212
16/11/2011 21:00,MYX:FCPO1!,3235,3268,3212,3212,22387,3248
17/11/2011 21:00,MYX:FCPO1!,3190,3270,3177,3248,21790,3191
21/11/2011 10:00,MYX:FCPO1!,3226,3257,3190,3191,16406,3175
21/11/2011 21:00,MYX:FCPO1!,3190,3214,3145,3175,19041,3161
22/11/2011 21:00,MYX:FCPO1!,3161,3184,3128,3161,13736,3108
23/11/2011 21:00,MYX:FCPO1!,3124,3133,3092,3108,16556,3069
24/11/2011 21:00,MYX:FCPO1!,3090,3114,3050,3069,11124,3062
28/11/2011 21:00,MYX:FCPO1!,3081,3104,3054,3062,12484,3018
29/11/2011 21:00,MYX:FCPO1!,3076,3088,3011,3018,9934,3058
30/11/2011 21:00,MYX:FCPO1!,3053,3078,3046,3058,8767,3062
1/12/2011 21:00,MYX:FCPO1!,3064,3075,3035,3062,10795,3122
5/12/2011 10:00,MYX:FCPO1!,3083,3133,3078,3122,15485,3085
5/12/2011 21:00,MYX:FCPO1!,3103,3112,3085,3085,10580,3119
6/12/2011 21:00,MYX:FCPO1!,3101,3126,3095,3119,10154,3089
7/12/2011 21:00,MYX:FCPO1!,3094,3116,3083,3089,7989,3084
8/12/2011 21:00,MYX:FCPO1!,3090,3097,3063,3084,7959,2998
12/12/2011 10:00,MYX:FCPO1!,3060,3063,2994,2998,10079,3002
12/12/2011 21:00,MYX:FCPO1!,3017,3023,2980,3002,9957,3052
13/12/2011 21:00,MYX:FCPO1!,2993,3052,2980,3052,13556,2971
14/12/2011 21:00,MYX:FCPO1!,3014,3028,2971,2971,16016,2984
15/12/2011 21:00,MYX:FCPO1!,2991,3015,2977,2984,11658,3020
19/12/2011 10:00,MYX:FCPO1!,3010,3020,2984,3020,10092,3020
19/12/2011 21:00,MYX:FCPO1!,3005,3020,2997,3020,9098,3072
20/12/2011 21:00,MYX:FCPO1!,3031,3072,3026,3072,13242,3097
21/12/2011 21:00,MYX:FCPO1!,3070,3097,3065,3097,11174,3170
22/12/2011 21:00,MYX:FCPO1!,3114,3178,3112,3170,10775,3159
26/12/2011 21:00,MYX:FCPO1!,3161,3176,3139,3159,6276,3185
27/12/2011 21:00,MYX:FCPO1!,3194,3205,3181,3185,11223,3155
28/12/2011 21:00,MYX:FCPO1!,3170,3178,3139,3155,8394,3175
29/12/2011 21:00,MYX:FCPO1!,3157,3179,3154,3175,7766,3225
2/1/2012 21:00,MYX:FCPO1!,3209,3244,3209,3225,12983,3225
3/1/2012 21:00,MYX:FCPO1!,3237,3241,3197,3225,12407,3190
4/1/2012 21:00,MYX:FCPO1!,3219,3232,3190,3190,11731,3211
5/1/2012 21:00,MYX:FCPO1!,3176,3215,3176,3211,10897,3215
9/1/2012 10:00,MYX:FCPO1!,3196,3218,3186,3215,9576,3215
9/1/2012 21:00,MYX:FCPO1!,3233,3240,3208,3215,9916,3233
10/1/2012 21:00,MYX:FCPO1!,3202,3233,3194,3233,8303,3202
11/1/2012 21:00,MYX:FCPO1!,3220,3222,3198,3202,9346,3151
12/1/2012 21:00,MYX:FCPO1!,3183,3186,3143,3151,14279,3126
16/1/2012 10:00,MYX:FCPO1!,3112,3135,3099,3126,12811,3164
16/1/2012 21:00,MYX:FCPO1!,3140,3173,3134,3164,12975,3180
17/1/2012 21:00,MYX:FCPO1!,3146,3180,3136,3180,11807,3157
18/1/2012 21:00,MYX:FCPO1!,3175,3178,3150,3157,10501,3165
19/1/2012 21:00,MYX:FCPO1!,3176,3183,3147,3165,6559,3169
24/1/2012 21:00,MYX:FCPO1!,3185,3190,3162,3169,4233,3131
25/1/2012 21:00,MYX:FCPO1!,3164,3165,3127,3131,8510,3135
26/1/2012 21:00,MYX:FCPO1!,3139,3146,3123,3135,6430,3082
30/1/2012 10:00,MYX:FCPO1!,3120,3126,3079,3082,10299,3078
30/1/2012 21:00,MYX:FCPO1!,3069,3085,3044,3078,10437,3056
1/2/2012 21:00,MYX:FCPO1!,3101,3110,3036,3056,13617,3085
2/2/2012 21:00,MYX:FCPO1!,3066,3085,3050,3085,11368,3155
7/2/2012 21:00,MYX:FCPO1!,3110,3158,3100,3155,14051,3148
8/2/2012 21:00,MYX:FCPO1!,3154,3162,3135,3148,12983,3131
9/2/2012 21:00,MYX:FCPO1!,3126,3142,3118,3131,11384,3168
13/2/2012 10:00,MYX:FCPO1!,3160,3171,3152,3168,9607,3205
13/2/2012 21:00,MYX:FCPO1!,3165,3205,3155,3205,9948,3197
14/2/2012 21:00,MYX:FCPO1!,3199,3213,3182,3197,9981,3189
15/2/2012 21:00,MYX:FCPO1!,3180,3202,3169,3189,12111,3242
16/2/2012 21:00,MYX:FCPO1!,3205,3255,3204,3242,15655,3245
20/2/2012 10:00,MYX:FCPO1!,3272,3276,3241,3245,11126,3268
20/2/2012 21:00,MYX:FCPO1!,3246,3274,3230,3268,14400,3250
21/2/2012 21:00,MYX:FCPO1!,3274,3294,3249,3250,14317,3272
22/2/2012 21:00,MYX:FCPO1!,3258,3273,3246,3272,11475,3276
23/2/2012 21:00,MYX:FCPO1!,3272,3281,3251,3276,10522,3283
27/2/2012 10:00,MYX:FCPO1!,3290,3300,3266,3283,11606,3295
27/2/2012 21:00,MYX:FCPO1!,3295,3321,3290,3295,13821,3270
28/2/2012 21:00,MYX:FCPO1!,3285,3288,3260,3270,12395,3285
29/2/2012 21:00,MYX:FCPO1!,3250,3285,3233,3285,12332,3259
1/3/2012 21:00,MYX:FCPO1!,3274,3283,3256,3259,9463,3246
5/3/2012 10:00,MYX:FCPO1!,3271,3271,3236,3246,7550,3244
5/3/2012 21:00,MYX:FCPO1!,3225,3264,3222,3244,7979,3266
6/3/2012 21:00,MYX:FCPO1!,3225,3274,3224,3266,12857,3303
7/3/2012 21:00,MYX:FCPO1!,3261,3310,3255,3303,11374,3352
8/3/2012 21:00,MYX:FCPO1!,3324,3368,3320,3352,14922,3317
12/3/2012 10:00,MYX:FCPO1!,3349,3349,3309,3317,14958,3365
12/3/2012 21:00,MYX:FCPO1!,3333,3370,3321,3365,11699,3385
13/3/2012 21:00,MYX:FCPO1!,3384,3395,3358,3385,12358,3403
14/3/2012 21:00,MYX:FCPO1!,3383,3415,3383,3403,10681,3398
15/3/2012 21:00,MYX:FCPO1!,3410,3418,3385,3398,11351,3373
19/3/2012 10:00,MYX:FCPO1!,3399,3412,3368,3373,13646,3366
19/3/2012 21:00,MYX:FCPO1!,3352,3378,3346,3366,15623,3368
20/3/2012 21:00,MYX:FCPO1!,3362,3376,3343,3368,13156,3342
21/3/2012 21:00,MYX:FCPO1!,3380,3383,3334,3342,15677,3426
22/3/2012 21:00,MYX:FCPO1!,3361,3436,3359,3426,18915,3459
26/3/2012 10:00,MYX:FCPO1!,3440,3479,3430,3459,13444,3481
26/3/2012 21:00,MYX:FCPO1!,3451,3497,3450,3481,11825,3473
27/3/2012 21:00,MYX:FCPO1!,3466,3494,3463,3473,11503,3456
28/3/2012 21:00,MYX:FCPO1!,3460,3477,3445,3456,11141,3433
29/3/2012 21:00,MYX:FCPO1!,3437,3445,3426,3433,10581,3533
2/4/2012 10:00,MYX:FCPO1!,3508,3541,3501,3533,12589,3533
2/4/2012 21:00,MYX:FCPO1!,3566,3566,3532,3533,11997,3557
3/4/2012 21:00,MYX:FCPO1!,3542,3574,3538,3557,12126,3558
4/4/2012 21:00,MYX:FCPO1!,3548,3567,3532,3558,12127,3604
5/4/2012 21:00,MYX:FCPO1!,3574,3607,3562,3604,10239,3575
9/4/2012 10:00,MYX:FCPO1!,3610,3623,3575,3575,12822,3613
9/4/2012 21:00,MYX:FCPO1!,3575,3628,3562,3613,13269,3559
11/4/2012 21:00,MYX:FCPO1!,3589,3598,3556,3559,13964,3510
12/4/2012 21:00,MYX:FCPO1!,3579,3583,3505,3510,17305,3487
16/4/2012 10:00,MYX:FCPO1!,3458,3498,3458,3487,14398,3503
16/4/2012 21:00,MYX:FCPO1!,3479,3503,3468,3503,17163,3479
17/4/2012 21:00,MYX:FCPO1!,3485,3501,3474,3479,16778,3477
18/4/2012 21:00,MYX:FCPO1!,3473,3487,3439,3477,20985,3500
19/4/2012 21:00,MYX:FCPO1!,3458,3509,3444,3500,14961,3475
23/4/2012 10:00,MYX:FCPO1!,3520,3522,3472,3475,14797,3463
23/4/2012 21:00,MYX:FCPO1!,3480,3484,3448,3463,11817,3511
24/4/2012 21:00,MYX:FCPO1!,3470,3512,3453,3511,14161,3500
25/4/2012 21:00,MYX:FCPO1!,3485,3514,3474,3500,17887,3505
26/4/2012 21:00,MYX:FCPO1!,3490,3513,3483,3505,13645,3471
30/4/2012 10:00,MYX:FCPO1!,3495,3505,3464,3471,12306,3452
1/5/2012 21:00,MYX:FCPO1!,3470,3470,3441,3452,15965,3377
2/5/2012 21:00,MYX:FCPO1!,3433,3438,3370,3377,18038,3358
3/5/2012 21:00,MYX:FCPO1!,3390,3395,3335,3358,19458,3360
7/5/2012 10:00,MYX:FCPO1!,3318,3365,3311,3360,14940,3351
7/5/2012 21:00,MYX:FCPO1!,3371,3388,3351,3351,19633,3335
8/5/2012 21:00,MYX:FCPO1!,3339,3371,3333,3335,13716,3349
9/5/2012 21:00,MYX:FCPO1!,3349,3384,3330,3349,16349,3275
10/5/2012 21:00,MYX:FCPO1!,3315,3330,3265,3275,18831,3150
14/5/2012 10:00,MYX:FCPO1!,3242,3242,3145,3150,24693,3225
14/5/2012 21:00,MYX:FCPO1!,3155,3230,3155,3225,19737,3085
15/5/2012 21:00,MYX:FCPO1!,3187,3226,3052,3085,35160,3095
16/5/2012 21:00,MYX:FCPO1!,3121,3146,3095,3095,18537,3096
17/5/2012 21:00,MYX:FCPO1!,3072,3110,3034,3096,23971,3098
21/5/2012 10:00,MYX:FCPO1!,3104,3133,3087,3098,21342,3110
21/5/2012 21:00,MYX:FCPO1!,3117,3127,3090,3110,17206,3019
22/5/2012 21:00,MYX:FCPO1!,3069,3076,2993,3019,29997,3069
23/5/2012 21:00,MYX:FCPO1!,3020,3075,3000,3069,24186,3130
24/5/2012 21:00,MYX:FCPO1!,3062,3149,3040,3130,21931,3144
28/5/2012 10:00,MYX:FCPO1!,3141,3158,3129,3144,14730,3178
28/5/2012 21:00,MYX:FCPO1!,3138,3193,3135,3178,15689,3111
29/5/2012 21:00,MYX:FCPO1!,3159,3160,3106,3111,17601,3101
30/5/2012 21:00,MYX:FCPO1!,3099,3119,3083,3101,15104,3006
31/5/2012 21:00,MYX:FCPO1!,3071,3076,3002,3006,18957,2953
4/6/2012 10:00,MYX:FCPO1!,2966,2970,2925,2953,25805,2966
4/6/2012 21:00,MYX:FCPO1!,2982,3008,2956,2966,19935,3003
5/6/2012 21:00,MYX:FCPO1!,3014,3026,2993,3003,14634,2974
6/6/2012 21:00,MYX:FCPO1!,3038,3039,2944,2974,22967,2973
7/6/2012 21:00,MYX:FCPO1!,2955,2988,2922,2973,19887,2989
11/6/2012 10:00,MYX:FCPO1!,3015,3028,2983,2989,19055,2965
11/6/2012 21:00,MYX:FCPO1!,2963,2985,2951,2965,15061,2948
12/6/2012 21:00,MYX:FCPO1!,2954,2974,2943,2948,12074,2846
13/6/2012 21:00,MYX:FCPO1!,2913,2915,2838,2846,20079,2848
14/6/2012 21:00,MYX:FCPO1!,2881,2885,2839,2848,12194,2899
18/6/2012 10:00,MYX:FCPO1!,2876,2901,2869,2899,18560,2948
18/6/2012 21:00,MYX:FCPO1!,2925,2959,2913,2948,22346,3041
19/6/2012 21:00,MYX:FCPO1!,2993,3058,2992,3041,30644,3000
20/6/2012 21:00,MYX:FCPO1!,3008,3062,2986,3000,23751,2953
21/6/2012 21:00,MYX:FCPO1!,2964,2970,2932,2953,16963,3030
25/6/2012 10:00,MYX:FCPO1!,3038,3059,3022,3030,15075,3032
25/6/2012 21:00,MYX:FCPO1!,3019,3036,3010,3032,11904,3016
26/6/2012 21:00,MYX:FCPO1!,3016,3043,3004,3016,10138,2998
27/6/2012 21:00,MYX:FCPO1!,2996,3026,2978,2998,14219,3020
28/6/2012 21:00,MYX:FCPO1!,3010,3030,2991,3020,16425,3088
2/7/2012 10:00,MYX:FCPO1!,3063,3090,3046,3088,18384,3124
2/7/2012 21:00,MYX:FCPO1!,3090,3130,3084,3124,20967,3122
3/7/2012 21:00,MYX:FCPO1!,3139,3147,3110,3122,17296,3164
4/7/2012 21:00,MYX:FCPO1!,3118,3177,3095,3164,23573,3130
5/7/2012 21:00,MYX:FCPO1!,3165,3183,3125,3130,16011,3153
9/7/2012 10:00,MYX:FCPO1!,3150,3172,3145,3153,13830,3130
9/7/2012 21:00,MYX:FCPO1!,3150,3156,3103,3130,16194,3082
10/7/2012 21:00,MYX:FCPO1!,3141,3161,3080,3082,18974,3012
11/7/2012 21:00,MYX:FCPO1!,3040,3041,2995,3012,29854,3065
12/7/2012 21:00,MYX:FCPO1!,3017,3067,3015,3065,19692,3122
16/7/2012 10:00,MYX:FCPO1!,3114,3161,3109,3122,17710,3062
16/7/2012 21:00,MYX:FCPO1!,3117,3130,3061,3062,15115,2993
17/7/2012 21:00,MYX:FCPO1!,3054,3067,2990,2993,24933,3045
18/7/2012 21:00,MYX:FCPO1!,3018,3056,2986,3045,19407,3042
19/7/2012 21:00,MYX:FCPO1!,3043,3065,3034,3042,15569,2990
23/7/2012 10:00,MYX:FCPO1!,3000,3008,2969,2990,17100,2926
23/7/2012 21:00,MYX:FCPO1!,2930,2953,2904,2926,24110,2951
24/7/2012 21:00,MYX:FCPO1!,2907,2955,2898,2951,25376,2882
25/7/2012 21:00,MYX:FCPO1!,2927,2947,2880,2882,16128,2927
26/7/2012 21:00,MYX:FCPO1!,2905,2930,2891,2927,18672,3005
30/7/2012 10:00,MYX:FCPO1!,2963,3007,2958,3005,16473,2980
30/7/2012 21:00,MYX:FCPO1!,2996,2997,2948,2980,17976,2945
31/7/2012 21:00,MYX:FCPO1!,2980,3000,2924,2945,16613,2946
1/8/2012 21:00,MYX:FCPO1!,2921,2948,2905,2946,15583,2918
2/8/2012 21:00,MYX:FCPO1!,2935,2950,2913,2918,11349,2918
6/8/2012 10:00,MYX:FCPO1!,2930,2938,2909,2918,12218,2907
6/8/2012 21:00,MYX:FCPO1!,2937,2937,2897,2907,14002,2863
7/8/2012 21:00,MYX:FCPO1!,2899,2911,2854,2863,15773,2865
8/8/2012 21:00,MYX:FCPO1!,2887,2894,2860,2865,14220,2882
9/8/2012 21:00,MYX:FCPO1!,2861,2885,2839,2882,15963,2871
13/8/2012 10:00,MYX:FCPO1!,2900,2903,2825,2871,18536,2858
13/8/2012 21:00,MYX:FCPO1!,2855,2860,2820,2858,15347,2862
14/8/2012 21:00,MYX:FCPO1!,2848,2863,2826,2862,14568,2942
15/8/2012 21:00,MYX:FCPO1!,2890,2948,2882,2942,15731,2962
16/8/2012 21:00,MYX:FCPO1!,2946,2973,2938,2962,18803,3078
21/8/2012 21:00,MYX:FCPO1!,3011,3078,3010,3078,25159,3061
22/8/2012 21:00,MYX:FCPO1!,3095,3100,3052,3061,20426,3069
23/8/2012 21:00,MYX:FCPO1!,3090,3097,3066,3069,17449,3091
27/8/2012 10:00,MYX:FCPO1!,3106,3122,3087,3091,16953,3029
27/8/2012 21:00,MYX:FCPO1!,3073,3078,3024,3029,15782,3000
28/8/2012 21:00,MYX:FCPO1!,3036,3039,2978,3000,24078,3019
29/8/2012 21:00,MYX:FCPO1!,3015,3033,3000,3019,21501,3073
3/9/2012 10:00,MYX:FCPO1!,3046,3076,3039,3073,16658,3058
3/9/2012 21:00,MYX:FCPO1!,3100,3100,3032,3058,22806,2990
4/9/2012 21:00,MYX:FCPO1!,3066,3077,2989,2990,16927,2948
5/9/2012 21:00,MYX:FCPO1!,2965,2969,2913,2948,23956,2927
6/9/2012 21:00,MYX:FCPO1!,2938,2947,2895,2927,21333,2937
10/9/2012 10:00,MYX:FCPO1!,2901,2947,2897,2937,17311,2919
10/9/2012 21:00,MYX:FCPO1!,2910,2924,2874,2919,23789,2930
11/9/2012 21:00,MYX:FCPO1!,2909,2935,2887,2930,23968,2912
12/9/2012 21:00,MYX:FCPO1!,2945,2948,2894,2912,16201,2936
13/9/2012 21:00,MYX:FCPO1!,2937,2945,2905,2936,14938,2861
17/9/2012 21:00,MYX:FCPO1!,2889,2894,2827,2861,28982,2859
18/9/2012 21:00,MYX:FCPO1!,2870,2889,2850,2859,23634,2820
19/9/2012 21:00,MYX:FCPO1!,2858,2871,2804,2820,25650,2763
20/9/2012 21:00,MYX:FCPO1!,2801,2815,2755,2763,26427,2646
24/9/2012 10:00,MYX:FCPO1!,2695,2695,2577,2646,27094,2669
24/9/2012 21:00,MYX:FCPO1!,2632,2676,2607,2669,21399,2616
25/9/2012 21:00,MYX:FCPO1!,2636,2642,2603,2616,16758,2607
26/9/2012 21:00,MYX:FCPO1!,2598,2634,2569,2607,20418,2546
27/9/2012 21:00,MYX:FCPO1!,2632,2634,2534,2546,19221,2464
1/10/2012 10:00,MYX:FCPO1!,2552,2560,2449,2464,25192,2255
1/10/2012 21:00,MYX:FCPO1!,2430,2430,2250,2255,28743,2351
2/10/2012 21:00,MYX:FCPO1!,2300,2387,2230,2351,26397,2352
3/10/2012 21:00,MYX:FCPO1!,2348,2404,2321,2352,19851,2415
4/10/2012 21:00,MYX:FCPO1!,2385,2448,2376,2415,24612,2368
8/10/2012 10:00,MYX:FCPO1!,2403,2446,2361,2368,18807,2438
8/10/2012 21:00,MYX:FCPO1!,2395,2455,2392,2438,18462,2457
9/10/2012 21:00,MYX:FCPO1!,2425,2483,2417,2457,25435,2523
10/10/2012 21:00,MYX:FCPO1!,2450,2525,2442,2523,22481,2500
11/10/2012 21:00,MYX:FCPO1!,2529,2529,2379,2500,23562,2433
15/10/2012 10:00,MYX:FCPO1!,2450,2475,2417,2433,19314,2466
15/10/2012 21:00,MYX:FCPO1!,2518,2521,2443,2466,18735,2471
16/10/2012 21:00,MYX:FCPO1!,2479,2489,2456,2471,20423,2496
17/10/2012 21:00,MYX:FCPO1!,2508,2508,2475,2496,16323,2501
18/10/2012 21:00,MYX:FCPO1!,2510,2524,2492,2501,16347,2577
22/10/2012 10:00,MYX:FCPO1!,2499,2580,2497,2577,22840,2540
22/10/2012 21:00,MYX:FCPO1!,2556,2560,2520,2540,19601,2578
23/10/2012 21:00,MYX:FCPO1!,2566,2578,2551,2578,13027,2603
24/10/2012 21:00,MYX:FCPO1!,2578,2615,2543,2603,21721,2548
29/10/2012 10:00,MYX:FCPO1!,2537,2553,2525,2548,20307,2501
29/10/2012 21:00,MYX:FCPO1!,2512,2519,2491,2501,21199,2496
30/10/2012 21:00,MYX:FCPO1!,2502,2529,2492,2496,15877,2537
31/10/2012 21:00,MYX:FCPO1!,2510,2541,2508,2537,17740,2496
1/11/2012 21:00,MYX:FCPO1!,2531,2533,2490,2496,14281,2411
5/11/2012 10:00,MYX:FCPO1!,2447,2447,2381,2411,24037,2372
5/11/2012 21:00,MYX:FCPO1!,2419,2421,2370,2372,17860,2397
6/11/2012 21:00,MYX:FCPO1!,2371,2420,2364,2397,21266,2336
7/11/2012 21:00,MYX:FCPO1!,2398,2399,2328,2336,17791,2316
8/11/2012 21:00,MYX:FCPO1!,2343,2364,2308,2316,16350,2324
12/11/2012 10:00,MYX:FCPO1!,2228,2330,2220,2324,20822,2434
13/11/2012 21:00,MYX:FCPO1!,2330,2436,2326,2434,17375,2396
15/11/2012 21:00,MYX:FCPO1!,2385,2404,2384,2396,6610,2459
19/11/2012 10:00,MYX:FCPO1!,2472,2479,2451,2459,17630,2457
19/11/2012 21:00,MYX:FCPO1!,2472,2485,2434,2457,16000,2443
20/11/2012 21:00,MYX:FCPO1!,2459,2460,2427,2443,14038,2411
21/11/2012 21:00,MYX:FCPO1!,2438,2449,2399,2411,16451,2395
22/11/2012 21:00,MYX:FCPO1!,2390,2411,2380,2395,19260,2432
26/11/2012 10:00,MYX:FCPO1!,2411,2438,2398,2432,17648,2410
26/11/2012 21:00,MYX:FCPO1!,2442,2458,2401,2410,15919,2394
27/11/2012 21:00,MYX:FCPO1!,2415,2417,2383,2394,14337,2386
28/11/2012 21:00,MYX:FCPO1!,2383,2406,2367,2386,13587,2370
29/11/2012 21:00,MYX:FCPO1!,2371,2391,2359,2370,10556,2316
3/12/2012 10:00,MYX:FCPO1!,2401,2405,2314,2316,17627,2294
3/12/2012 21:00,MYX:FCPO1!,2317,2319,2279,2294,17376,2284
4/12/2012 21:00,MYX:FCPO1!,2298,2312,2275,2284,13458,2295
5/12/2012 21:00,MYX:FCPO1!,2313,2313,2280,2295,19416,2297
6/12/2012 21:00,MYX:FCPO1!,2300,2342,2283,2297,17730,2313
10/12/2012 10:00,MYX:FCPO1!,2300,2317,2288,2313,15582,2291
10/12/2012 21:00,MYX:FCPO1!,2315,2324,2283,2291,12647,2241
11/12/2012 21:00,MYX:FCPO1!,2263,2266,2229,2241,14271,2230
12/12/2012 21:00,MYX:FCPO1!,2236,2246,2217,2230,12125,2275
13/12/2012 21:00,MYX:FCPO1!,2232,2285,2232,2275,14355,2350
17/12/2012 10:00,MYX:FCPO1!,2376,2376,2332,2350,12627,2342
17/12/2012 21:00,MYX:FCPO1!,2340,2355,2332,2342,10892,2331
18/12/2012 21:00,MYX:FCPO1!,2327,2338,2313,2331,10466,2321
19/12/2012 21:00,MYX:FCPO1!,2305,2325,2296,2321,14670,2408
20/12/2012 21:00,MYX:FCPO1!,2326,2410,2326,2408,16266,2428
24/12/2012 10:00,MYX:FCPO1!,2435,2437,2411,2428,8325,2430
25/12/2012 21:00,MYX:FCPO1!,2429,2440,2420,2430,6924,2481
26/12/2012 21:00,MYX:FCPO1!,2425,2484,2424,2481,16605,2497
27/12/2012 21:00,MYX:FCPO1!,2470,2515,2467,2497,14703,2438
31/12/2012 10:00,MYX:FCPO1!,2512,2517,2433,2438,14263,2501
1/1/2013 21:00,MYX:FCPO1!,2458,2524,2449,2501,18461,2474
2/1/2013 21:00,MYX:FCPO1!,2505,2513,2467,2474,20208,2467
3/1/2013 21:00,MYX:FCPO1!,2478,2495,2462,2467,15222,2418
7/1/2013 10:00,MYX:FCPO1!,2466,2476,2416,2418,24985,2390
7/1/2013 21:00,MYX:FCPO1!,2419,2423,2382,2390,18567,2412
8/1/2013 21:00,MYX:FCPO1!,2399,2415,2382,2412,17809,2387
9/1/2013 21:00,MYX:FCPO1!,2421,2433,2356,2387,23888,2368
10/1/2013 21:00,MYX:FCPO1!,2376,2377,2332,2368,20542,2371
14/1/2013 10:00,MYX:FCPO1!,2381,2402,2356,2371,13828,2398
14/1/2013 21:00,MYX:FCPO1!,2392,2413,2382,2398,15129,2430
15/1/2013 21:00,MYX:FCPO1!,2428,2444,2423,2430,15882,2379
16/1/2013 21:00,MYX:FCPO1!,2437,2442,2377,2379,22082,2400
17/1/2013 21:00,MYX:FCPO1!,2377,2418,2377,2400,21102,2420
21/1/2013 10:00,MYX:FCPO1!,2416,2428,2404,2420,15935,2465
21/1/2013 21:00,MYX:FCPO1!,2435,2474,2430,2465,16312,2481
22/1/2013 21:00,MYX:FCPO1!,2463,2488,2450,2481,20631,2445
24/1/2013 21:00,MYX:FCPO1!,2462,2467,2442,2445,16719,2475
28/1/2013 21:00,MYX:FCPO1!,2448,2484,2446,2475,16750,2510
29/1/2013 21:00,MYX:FCPO1!,2478,2512,2474,2510,14501,2557
30/1/2013 21:00,MYX:FCPO1!,2532,2593,2527,2557,20952,2566
4/2/2013 10:00,MYX:FCPO1!,2586,2592,2552,2566,17397,2548
4/2/2013 21:00,MYX:FCPO1!,2542,2556,2534,2548,13645,2547
5/2/2013 21:00,MYX:FCPO1!,2548,2553,2529,2547,11956,2551
6/2/2013 21:00,MYX:FCPO1!,2530,2567,2530,2551,16892,2560
7/2/2013 21:00,MYX:FCPO1!,2558,2562,2532,2560,9452,2505
12/2/2013 21:00,MYX:FCPO1!,2551,2558,2504,2505,10163,2495
13/2/2013 21:00,MYX:FCPO1!,2522,2532,2490,2495,9594,2483
14/2/2013 21:00,MYX:FCPO1!,2505,2521,2476,2483,12547,2536
18/2/2013 10:00,MYX:FCPO1!,2502,2551,2502,2536,21778,2566
18/2/2013 21:00,MYX:FCPO1!,2551,2575,2550,2566,16639,2565
19/2/2013 21:00,MYX:FCPO1!,2575,2584,2546,2565,17489,2536
20/2/2013 21:00,MYX:FCPO1!,2516,2543,2513,2536,11033,2534
21/2/2013 21:00,MYX:FCPO1!,2532,2555,2527,2534,12797,2470
25/2/2013 10:00,MYX:FCPO1!,2480,2482,2461,2470,18869,2419
25/2/2013 21:00,MYX:FCPO1!,2460,2474,2411,2419,19638,2419
26/2/2013 21:00,MYX:FCPO1!,2408,2443,2395,2419,19397,2397
27/2/2013 21:00,MYX:FCPO1!,2418,2422,2368,2397,20677,2368
28/2/2013 21:00,MYX:FCPO1!,2388,2405,2367,2368,17564,2413
4/3/2013 10:00,MYX:FCPO1!,2377,2415,2375,2413,17394,2400
4/3/2013 21:00,MYX:FCPO1!,2426,2428,2389,2400,12118,2399
5/3/2013 21:00,MYX:FCPO1!,2404,2413,2389,2399,10949,2433
6/3/2013 21:00,MYX:FCPO1!,2396,2442,2384,2433,16002,2448
7/3/2013 21:00,MYX:FCPO1!,2439,2451,2426,2448,15134,2450
11/3/2013 10:00,MYX:FCPO1!,2459,2467,2433,2450,17223,2411
11/3/2013 21:00,MYX:FCPO1!,2440,2442,2406,2411,18575,2397
12/3/2013 21:00,MYX:FCPO1!,2385,2402,2365,2397,14265,2364
13/3/2013 21:00,MYX:FCPO1!,2397,2406,2360,2364,15067,2414
14/3/2013 21:00,MYX:FCPO1!,2375,2432,2371,2414,19077,2385
18/3/2013 10:00,MYX:FCPO1!,2405,2415,2383,2385,12142,2415
18/3/2013 21:00,MYX:FCPO1!,2405,2426,2397,2415,15105,2442
19/3/2013 21:00,MYX:FCPO1!,2417,2448,2414,2442,18873,2456
20/3/2013 21:00,MYX:FCPO1!,2462,2477,2451,2456,17303,2493
21/3/2013 21:00,MYX:FCPO1!,2466,2503,2457,2493,23188,2462
25/3/2013 10:00,MYX:FCPO1!,2496,2505,2459,2462,19049,2437
25/3/2013 21:00,MYX:FCPO1!,2450,2452,2426,2437,13481,2448
26/3/2013 21:00,MYX:FCPO1!,2445,2467,2430,2448,17296,2412
27/3/2013 21:00,MYX:FCPO1!,2422,2431,2411,2412,21048,2378
28/3/2013 21:00,MYX:FCPO1!,2393,2402,2376,2378,10205,2337
1/4/2013 10:00,MYX:FCPO1!,2369,2380,2335,2337,17639,2382
1/4/2013 21:00,MYX:FCPO1!,2353,2392,2350,2382,19075,2396
2/4/2013 21:00,MYX:FCPO1!,2350,2397,2350,2396,13863,2392
3/4/2013 21:00,MYX:FCPO1!,2380,2394,2360,2392,12582,2359
4/4/2013 21:00,MYX:FCPO1!,2364,2373,2346,2359,14435,2400
8/4/2013 10:00,MYX:FCPO1!,2387,2402,2375,2400,16758,2395
8/4/2013 21:00,MYX:FCPO1!,2418,2419,2384,2395,15417,2371
9/4/2013 21:00,MYX:FCPO1!,2402,2416,2370,2371,18381,2353
10/4/2013 21:00,MYX:FCPO1!,2362,2379,2340,2353,15379,2345
11/4/2013 21:00,MYX:FCPO1!,2367,2367,2336,2345,14766,2293
15/4/2013 10:00,MYX:FCPO1!,2322,2325,2281,2293,15856,2301
15/4/2013 21:00,MYX:FCPO1!,2288,2313,2285,2301,21367,2275
16/4/2013 21:00,MYX:FCPO1!,2307,2310,2269,2275,21664,2307
17/4/2013 21:00,MYX:FCPO1!,2279,2315,2265,2307,18468,2296
18/4/2013 21:00,MYX:FCPO1!,2306,2321,2283,2296,15096,2255
22/4/2013 10:00,MYX:FCPO1!,2266,2282,2250,2255,12344,2273
22/4/2013 21:00,MYX:FCPO1!,2257,2288,2255,2273,18090,2289
23/4/2013 21:00,MYX:FCPO1!,2271,2304,2260,2289,13541,2309
24/4/2013 21:00,MYX:FCPO1!,2310,2326,2302,2309,12695,2316
25/4/2013 21:00,MYX:FCPO1!,2310,2334,2305,2316,13562,2273
29/4/2013 10:00,MYX:FCPO1!,2326,2327,2260,2273,17033,2286
29/4/2013 21:00,MYX:FCPO1!,2288,2302,2270,2286,12831,2261
1/5/2013 21:00,MYX:FCPO1!,2261,2275,2258,2261,13639,2252
2/5/2013 21:00,MYX:FCPO1!,2271,2282,2243,2252,15326,2250
6/5/2013 10:00,MYX:FCPO1!,2263,2266,2230,2250,10793,2260
6/5/2013 21:00,MYX:FCPO1!,2249,2272,2235,2260,10570,2289
7/5/2013 21:00,MYX:FCPO1!,2271,2294,2266,2289,11557,2287
8/5/2013 21:00,MYX:FCPO1!,2283,2292,2271,2287,10706,2319
9/5/2013 21:00,MYX:FCPO1!,2297,2334,2296,2319,14584,2310
13/5/2013 10:00,MYX:FCPO1!,2330,2341,2301,2310,11020,2302
13/5/2013 21:00,MYX:FCPO1!,2327,2327,2291,2302,12397,2297
14/5/2013 21:00,MYX:FCPO1!,2286,2299,2277,2297,20490,2314
15/5/2013 21:00,MYX:FCPO1!,2297,2324,2292,2314,18218,2336
16/5/2013 21:00,MYX:FCPO1!,2330,2342,2327,2336,16739,2335
20/5/2013 10:00,MYX:FCPO1!,2334,2352,2332,2335,13603,2335
20/5/2013 21:00,MYX:FCPO1!,2329,2348,2321,2335,18365,2359
21/5/2013 21:00,MYX:FCPO1!,2352,2363,2346,2359,18886,2371
22/5/2013 21:00,MYX:FCPO1!,2360,2375,2342,2371,17858,2381
27/5/2013 10:00,MYX:FCPO1!,2370,2389,2366,2381,10157,2388
27/5/2013 21:00,MYX:FCPO1!,2387,2401,2372,2388,11302,2399
28/5/2013 21:00,MYX:FCPO1!,2396,2420,2396,2399,19442,2372
29/5/2013 21:00,MYX:FCPO1!,2380,2396,2371,2372,14034,2397
30/5/2013 21:00,MYX:FCPO1!,2381,2399,2373,2397,13540,2396
3/6/2013 10:00,MYX:FCPO1!,2403,2411,2388,2396,11226,2375
3/6/2013 21:00,MYX:FCPO1!,2383,2388,2370,2375,14056,2403
4/6/2013 21:00,MYX:FCPO1!,2373,2406,2364,2403,12061,2435
5/6/2013 21:00,MYX:FCPO1!,2405,2436,2389,2435,15053,2457
6/6/2013 21:00,MYX:FCPO1!,2445,2471,2436,2457,21786,2453
10/6/2013 10:00,MYX:FCPO1!,2456,2470,2441,2453,10919,2456
10/6/2013 21:00,MYX:FCPO1!,2457,2464,2439,2456,12560,2451
11/6/2013 21:00,MYX:FCPO1!,2455,2465,2445,2451,9555,2424
12/6/2013 21:00,MYX:FCPO1!,2443,2460,2411,2424,13181,2439
13/6/2013 21:00,MYX:FCPO1!,2413,2444,2402,2439,16654,2462
17/6/2013 10:00,MYX:FCPO1!,2454,2467,2439,2462,9718,2468
17/6/2013 21:00,MYX:FCPO1!,2466,2480,2454,2468,13991,2472
18/6/2013 21:00,MYX:FCPO1!,2457,2482,2449,2472,13866,2462
19/6/2013 21:00,MYX:FCPO1!,2485,2491,2460,2462,19032,2439
20/6/2013 21:00,MYX:FCPO1!,2438,2444,2421,2439,17208,2404
24/6/2013 10:00,MYX:FCPO1!,2427,2429,2394,2404,14439,2412
24/6/2013 21:00,MYX:FCPO1!,2408,2421,2396,2412,18890,2379
25/6/2013 21:00,MYX:FCPO1!,2400,2400,2377,2379,11224,2355
26/6/2013 21:00,MYX:FCPO1!,2372,2374,2347,2355,15854,2344
27/6/2013 21:00,MYX:FCPO1!,2358,2376,2341,2344,19649,2343
1/7/2013 10:00,MYX:FCPO1!,2354,2372,2341,2343,13162,2339
1/7/2013 21:00,MYX:FCPO1!,2355,2362,2324,2339,18865,2365
2/7/2013 21:00,MYX:FCPO1!,2346,2372,2342,2365,16338,2371
3/7/2013 21:00,MYX:FCPO1!,2372,2384,2366,2371,12917,2385
4/7/2013 21:00,MYX:FCPO1!,2364,2387,2345,2385,19658,2376
8/7/2013 10:00,MYX:FCPO1!,2390,2395,2365,2376,16442,2397
8/7/2013 21:00,MYX:FCPO1!,2383,2400,2375,2397,17509,2377
9/7/2013 21:00,MYX:FCPO1!,2386,2394,2370,2377,17580,2372
10/7/2013 21:00,MYX:FCPO1!,2382,2388,2363,2372,14073,2301
11/7/2013 21:00,MYX:FCPO1!,2356,2358,2295,2301,23549,2273
15/7/2013 10:00,MYX:FCPO1!,2277,2287,2234,2273,21200,2228
15/7/2013 21:00,MYX:FCPO1!,2253,2266,2222,2228,14517,2250
16/7/2013 21:00,MYX:FCPO1!,2236,2274,2236,2250,18787,2291
17/7/2013 21:00,MYX:FCPO1!,2249,2294,2248,2291,24136,2257
18/7/2013 21:00,MYX:FCPO1!,2289,2302,2252,2257,14242,2272
22/7/2013 10:00,MYX:FCPO1!,2260,2281,2245,2272,13258,2258
22/7/2013 21:00,MYX:FCPO1!,2270,2283,2251,2258,15082,2222
23/7/2013 21:00,MYX:FCPO1!,2240,2255,2220,2222,17922,2170
24/7/2013 21:00,MYX:FCPO1!,2212,2224,2151,2170,23600,2183
25/7/2013 21:00,MYX:FCPO1!,2163,2189,2137,2183,23528,2167
29/7/2013 10:00,MYX:FCPO1!,2175,2190,2162,2167,21931,2215
29/7/2013 21:00,MYX:FCPO1!,2144,2219,2137,2215,30939,2236
30/7/2013 21:00,MYX:FCPO1!,2232,2245,2217,2236,18439,2259
31/7/2013 21:00,MYX:FCPO1!,2236,2262,2222,2259,15943,2258
1/8/2013 21:00,MYX:FCPO1!,2260,2284,2250,2258,16214,2240
5/8/2013 10:00,MYX:FCPO1!,2254,2262,2233,2240,11922,2244
5/8/2013 21:00,MYX:FCPO1!,2244,2256,2231,2244,9764,2207
6/8/2013 21:00,MYX:FCPO1!,2231,2232,2201,2207,11052,2242
12/8/2013 10:00,MYX:FCPO1!,2209,2260,2205,2242,15143,2297
12/8/2013 21:00,MYX:FCPO1!,2275,2303,2271,2297,16800,2290
13/8/2013 21:00,MYX:FCPO1!,2308,2308,2275,2290,15581,2318
14/8/2013 21:00,MYX:FCPO1!,2304,2320,2298,2318,16358,2309
15/8/2013 21:00,MYX:FCPO1!,2320,2336,2305,2309,13015,2333
19/8/2013 10:00,MYX:FCPO1!,2318,2343,2315,2333,15623,2329
19/8/2013 21:00,MYX:FCPO1!,2338,2343,2287,2329,22939,2335
20/8/2013 21:00,MYX:FCPO1!,2318,2340,2311,2335,16095,2356
21/8/2013 21:00,MYX:FCPO1!,2330,2362,2318,2356,20817,2367
22/8/2013 21:00,MYX:FCPO1!,2350,2369,2337,2367,17015,2434
26/8/2013 10:00,MYX:FCPO1!,2420,2451,2420,2434,17970,2452
26/8/2013 21:00,MYX:FCPO1!,2448,2468,2434,2452,20978,2481
27/8/2013 21:00,MYX:FCPO1!,2455,2485,2441,2481,23208,2440
28/8/2013 21:00,MYX:FCPO1!,2461,2470,2406,2440,22917,2404
29/8/2013 21:00,MYX:FCPO1!,2414,2433,2396,2404,20494,2428
2/9/2013 10:00,MYX:FCPO1!,2423,2440,2411,2428,16121,2417
2/9/2013 21:00,MYX:FCPO1!,2430,2432,2404,2417,16149,2398
3/9/2013 21:00,MYX:FCPO1!,2402,2417,2392,2398,9681,2412
4/9/2013 21:00,MYX:FCPO1!,2397,2418,2385,2412,12870,2444
5/9/2013 21:00,MYX:FCPO1!,2416,2461,2414,2444,15479,2399
9/9/2013 10:00,MYX:FCPO1!,2447,2449,2397,2399,15269,2351
9/9/2013 21:00,MYX:FCPO1!,2380,2383,2346,2351,17161,2333
10/9/2013 21:00,MYX:FCPO1!,2353,2367,2330,2333,13098,2344
11/9/2013 21:00,MYX:FCPO1!,2337,2355,2322,2344,12037,2348
12/9/2013 21:00,MYX:FCPO1!,2346,2361,2306,2348,15900,2355
16/9/2013 21:00,MYX:FCPO1!,2320,2356,2294,2355,21871,2355
17/9/2013 21:00,MYX:FCPO1!,2348,2355,2320,2355,14120,2317
18/9/2013 21:00,MYX:FCPO1!,2328,2330,2296,2317,22694,2300
19/9/2013 21:00,MYX:FCPO1!,2316,2318,2296,2300,12957,2309
23/9/2013 10:00,MYX:FCPO1!,2285,2315,2279,2309,14839,2301
23/9/2013 21:00,MYX:FCPO1!,2320,2329,2291,2301,13012,2294
24/9/2013 21:00,MYX:FCPO1!,2305,2316,2292,2294,12926,2267
25/9/2013 21:00,MYX:FCPO1!,2286,2291,2265,2267,12922,2310
26/9/2013 21:00,MYX:FCPO1!,2268,2312,2266,2310,18812,2320
30/9/2013 10:00,MYX:FCPO1!,2302,2327,2296,2320,14873,2329
30/9/2013 21:00,MYX:FCPO1!,2303,2332,2284,2329,17281,2311
1/10/2013 21:00,MYX:FCPO1!,2310,2334,2303,2311,21720,2302
2/10/2013 21:00,MYX:FCPO1!,2293,2310,2285,2302,12594,2305
3/10/2013 21:00,MYX:FCPO1!,2319,2319,2282,2305,14970,2318
7/10/2013 10:00,MYX:FCPO1!,2308,2329,2303,2318,13842,2349
7/10/2013 21:00,MYX:FCPO1!,2338,2353,2332,2349,15639,2369
8/10/2013 21:00,MYX:FCPO1!,2358,2371,2350,2369,12034,2391
9/10/2013 21:00,MYX:FCPO1!,2370,2394,2359,2391,15761,2380
10/10/2013 21:00,MYX:FCPO1!,2395,2395,2373,2380,16926,2362
14/10/2013 10:00,MYX:FCPO1!,2376,2383,2358,2362,16911,2404
15/10/2013 21:00,MYX:FCPO1!,2372,2405,2368,2404,9687,2398
16/10/2013 21:00,MYX:FCPO1!,2422,2432,2369,2398,19900,2401
17/10/2013 21:00,MYX:FCPO1!,2400,2404,2378,2401,16049,2437
21/10/2013 10:00,MYX:FCPO1!,2440,2446,2418,2437,13307,2455
21/10/2013 21:00,MYX:FCPO1!,2434,2456,2420,2455,19719,2482
22/10/2013 21:00,MYX:FCPO1!,2444,2485,2436,2482,15530,2464
23/10/2013 21:00,MYX:FCPO1!,2467,2481,2455,2464,23416,2444
24/10/2013 21:00,MYX:FCPO1!,2449,2460,2441,2444,16810,2463
28/10/2013 10:00,MYX:FCPO1!,2431,2483,2426,2463,20627,2498
28/10/2013 21:00,MYX:FCPO1!,2457,2503,2454,2498,25668,2547
29/10/2013 21:00,MYX:FCPO1!,2525,2573,2520,2547,25671,2593
30/10/2013 21:00,MYX:FCPO1!,2555,2599,2547,2593,20805,2628
31/10/2013 21:00,MYX:FCPO1!,2593,2632,2576,2628,23340,2580
4/11/2013 10:00,MYX:FCPO1!,2618,2623,2578,2580,19639,2547
5/11/2013 21:00,MYX:FCPO1!,2580,2585,2545,2547,18847,2544
6/11/2013 21:00,MYX:FCPO1!,2549,2562,2525,2544,20877,2508
7/11/2013 21:00,MYX:FCPO1!,2540,2540,2506,2508,15065,2528
11/11/2013 10:00,MYX:FCPO1!,2515,2551,2510,2528,19152,2599
11/11/2013 21:00,MYX:FCPO1!,2523,2604,2506,2599,18687,2604
12/11/2013 21:00,MYX:FCPO1!,2615,2627,2565,2604,22675,2589
13/11/2013 21:00,MYX:FCPO1!,2603,2617,2583,2589,15639,2613
14/11/2013 21:00,MYX:FCPO1!,2586,2620,2571,2613,16955,2592
18/11/2013 10:00,MYX:FCPO1!,2587,2597,2577,2592,17371,2556
18/11/2013 21:00,MYX:FCPO1!,2581,2586,2552,2556,13433,2580
19/11/2013 21:00,MYX:FCPO1!,2556,2596,2545,2580,16855,2653
20/11/2013 21:00,MYX:FCPO1!,2606,2663,2603,2653,22299,2642
21/11/2013 21:00,MYX:FCPO1!,2679,2692,2631,2642,22495,2630
25/11/2013 10:00,MYX:FCPO1!,2658,2664,2619,2630,17468,2622
25/11/2013 21:00,MYX:FCPO1!,2635,2637,2602,2622,19294,2640
26/11/2013 21:00,MYX:FCPO1!,2621,2653,2617,2640,10505,2656
27/11/2013 21:00,MYX:FCPO1!,2630,2666,2626,2656,11824,2654
28/11/2013 21:00,MYX:FCPO1!,2658,2678,2644,2654,16242,2643
2/12/2013 10:00,MYX:FCPO1!,2650,2659,2629,2643,15242,2617
2/12/2013 21:00,MYX:FCPO1!,2630,2645,2605,2617,22098,2656
3/12/2013 21:00,MYX:FCPO1!,2621,2662,2619,2656,16717,2641
4/12/2013 21:00,MYX:FCPO1!,2653,2653,2627,2641,13946,2670
5/12/2013 21:00,MYX:FCPO1!,2645,2673,2630,2670,15716,2645
9/12/2013 10:00,MYX:FCPO1!,2666,2689,2641,2645,15153,2639
9/12/2013 21:00,MYX:FCPO1!,2645,2664,2627,2639,17816,2631
10/12/2013 21:00,MYX:FCPO1!,2635,2650,2627,2631,12485,2613
11/12/2013 21:00,MYX:FCPO1!,2635,2657,2611,2613,15486,2562
12/12/2013 21:00,MYX:FCPO1!,2590,2606,2558,2562,15895,2580
16/12/2013 10:00,MYX:FCPO1!,2567,2584,2550,2580,13802,2576
16/12/2013 21:00,MYX:FCPO1!,2587,2602,2571,2576,17424,2552
17/12/2013 21:00,MYX:FCPO1!,2554,2583,2545,2552,18581,2573
18/12/2013 21:00,MYX:FCPO1!,2559,2584,2558,2573,12032,2584
19/12/2013 21:00,MYX:FCPO1!,2583,2590,2558,2584,16704,2617
23/12/2013 10:00,MYX:FCPO1!,2573,2622,2573,2617,18087,2625
23/12/2013 21:00,MYX:FCPO1!,2610,2635,2603,2625,7227,2634
25/12/2013 21:00,MYX:FCPO1!,2616,2642,2605,2634,9136,2632
26/12/2013 21:00,MYX:FCPO1!,2626,2653,2626,2632,10611,2631
30/12/2013 10:00,MYX:FCPO1!,2642,2649,2628,2631,6081,2659
30/12/2013 21:00,MYX:FCPO1!,2614,2661,2614,2659,10592,2649
1/1/2014 21:00,MYX:FCPO1!,2665,2669,2646,2649,9900,2640
2/1/2014 21:00,MYX:FCPO1!,2638,2644,2625,2640,11162,2604
6/1/2014 10:00,MYX:FCPO1!,2629,2629,2588,2604,21341,2561
6/1/2014 21:00,MYX:FCPO1!,2592,2594,2558,2561,13680,2547
7/1/2014 21:00,MYX:FCPO1!,2557,2564,2530,2547,21202,2539
8/1/2014 21:00,MYX:FCPO1!,2553,2555,2516,2539,22832,2517
9/1/2014 21:00,MYX:FCPO1!,2547,2551,2511,2517,14603,2493
13/1/2014 10:00,MYX:FCPO1!,2515,2531,2486,2493,13914,2524
14/1/2014 21:00,MYX:FCPO1!,2498,2528,2490,2524,18161,2540
15/1/2014 21:00,MYX:FCPO1!,2537,2552,2535,2540,15662,2579
20/1/2014 10:00,MYX:FCPO1!,2567,2585,2559,2579,14042,2587
20/1/2014 21:00,MYX:FCPO1!,2580,2589,2556,2587,17380,2575
21/1/2014 21:00,MYX:FCPO1!,2581,2597,2563,2575,14439,2602
22/1/2014 21:00,MYX:FCPO1!,2574,2604,2571,2602,13213,2591
23/1/2014 21:00,MYX:FCPO1!,2598,2601,2582,2591,11284,2556
27/1/2014 10:00,MYX:FCPO1!,2575,2581,2551,2556,16799,2529
27/1/2014 21:00,MYX:FCPO1!,2544,2544,2519,2529,15880,2544
28/1/2014 21:00,MYX:FCPO1!,2539,2552,2528,2544,14441,2559
29/1/2014 21:00,MYX:FCPO1!,2533,2567,2532,2559,4748,2529
3/2/2014 21:00,MYX:FCPO1!,2567,2567,2522,2529,10650,2546
4/2/2014 21:00,MYX:FCPO1!,2537,2553,2533,2546,8097,2568
5/2/2014 21:00,MYX:FCPO1!,2557,2575,2552,2568,11985,2578
6/2/2014 21:00,MYX:FCPO1!,2577,2590,2571,2578,9806,2616
10/2/2014 10:00,MYX:FCPO1!,2590,2618,2587,2616,19963,2610
10/2/2014 21:00,MYX:FCPO1!,2615,2622,2595,2610,19113,2635
11/2/2014 21:00,MYX:FCPO1!,2617,2636,2609,2635,13831,2656
12/2/2014 21:00,MYX:FCPO1!,2639,2664,2636,2656,15875,2665
13/2/2014 21:00,MYX:FCPO1!,2670,2688,2654,2665,14990,2682
17/2/2014 10:00,MYX:FCPO1!,2663,2684,2646,2682,14913,2714
17/2/2014 21:00,MYX:FCPO1!,2693,2717,2687,2714,25197,2708
18/2/2014 21:00,MYX:FCPO1!,2732,2734,2702,2708,22327,2755
19/2/2014 21:00,MYX:FCPO1!,2708,2756,2700,2755,20585,2755
20/2/2014 21:00,MYX:FCPO1!,2746,2758,2720,2755,21723,2741
24/2/2014 10:00,MYX:FCPO1!,2757,2777,2737,2741,24193,2734
24/2/2014 21:00,MYX:FCPO1!,2728,2755,2728,2734,19482,2810
25/2/2014 21:00,MYX:FCPO1!,2727,2818,2721,2810,32278,2779
26/2/2014 21:00,MYX:FCPO1!,2805,2807,2770,2779,21466,2800
27/2/2014 21:00,MYX:FCPO1!,2762,2806,2756,2800,23968,2806
3/3/2014 10:00,MYX:FCPO1!,2828,2860,2803,2806,18831,2801
3/3/2014 21:00,MYX:FCPO1!,2811,2829,2788,2801,18315,2834
4/3/2014 21:00,MYX:FCPO1!,2838,2868,2825,2834,18902,2867
5/3/2014 21:00,MYX:FCPO1!,2825,2869,2808,2867,19479,2886
6/3/2014 21:00,MYX:FCPO1!,2883,2896,2871,2886,19271,2901
10/3/2014 10:00,MYX:FCPO1!,2873,2910,2861,2901,16839,2872
10/3/2014 21:00,MYX:FCPO1!,2888,2916,2861,2872,27299,2821
11/3/2014 21:00,MYX:FCPO1!,2855,2865,2808,2821,34793,2809
12/3/2014 21:00,MYX:FCPO1!,2839,2852,2802,2809,21991,2796
13/3/2014 21:00,MYX:FCPO1!,2792,2801,2769,2796,22544,2741
17/3/2014 10:00,MYX:FCPO1!,2758,2766,2738,2741,19226,2737
17/3/2014 21:00,MYX:FCPO1!,2732,2760,2729,2737,23221,2777
18/3/2014 21:00,MYX:FCPO1!,2757,2786,2755,2777,27259,2773
19/3/2014 21:00,MYX:FCPO1!,2755,2780,2735,2773,20223,2729
20/3/2014 21:00,MYX:FCPO1!,2767,2769,2726,2729,20886,2702
24/3/2014 10:00,MYX:FCPO1!,2727,2756,2697,2702,33490,2711
24/3/2014 21:00,MYX:FCPO1!,2700,2720,2682,2711,31629,2691
25/3/2014 21:00,MYX:FCPO1!,2730,2732,2688,2691,24343,2654
26/3/2014 21:00,MYX:FCPO1!,2692,2695,2652,2654,23130,2655
27/3/2014 21:00,MYX:FCPO1!,2648,2676,2643,2655,22734,2634
31/3/2014 10:00,MYX:FCPO1!,2658,2667,2626,2634,17203,2613
31/3/2014 21:00,MYX:FCPO1!,2641,2652,2610,2613,24593,2648
1/4/2014 21:00,MYX:FCPO1!,2660,2671,2645,2648,27250,2634
2/4/2014 21:00,MYX:FCPO1!,2631,2640,2597,2634,26723,2658
3/4/2014 21:00,MYX:FCPO1!,2644,2665,2632,2658,19996,2622
7/4/2014 10:00,MYX:FCPO1!,2655,2663,2611,2622,17199,2576
7/4/2014 21:00,MYX:FCPO1!,2630,2637,2573,2576,23680,2613
8/4/2014 21:00,MYX:FCPO1!,2592,2624,2577,2613,19453,2609
9/4/2014 21:00,MYX:FCPO1!,2606,2617,2580,2609,15774,2615
10/4/2014 21:00,MYX:FCPO1!,2582,2616,2572,2615,17129,2635
14/4/2014 10:00,MYX:FCPO1!,2625,2665,2618,2635,18875,2663
14/4/2014 21:00,MYX:FCPO1!,2620,2669,2620,2663,15381,2684
15/4/2014 21:00,MYX:FCPO1!,2665,2691,2655,2684,18744,2647
16/4/2014 21:00,MYX:FCPO1!,2690,2700,2640,2647,20611,2634
17/4/2014 21:00,MYX:FCPO1!,2645,2653,2623,2634,11203,2642
21/4/2014 10:00,MYX:FCPO1!,2632,2645,2612,2642,14742,2683
21/4/2014 21:00,MYX:FCPO1!,2653,2688,2648,2683,16434,2651
22/4/2014 21:00,MYX:FCPO1!,2669,2672,2647,2651,17947,2651
23/4/2014 21:00,MYX:FCPO1!,2650,2661,2640,2651,13356,2660
24/4/2014 21:00,MYX:FCPO1!,2666,2680,2657,2660,13117,2672
28/4/2014 10:00,MYX:FCPO1!,2680,2685,2667,2672,12480,2636
28/4/2014 21:00,MYX:FCPO1!,2661,2664,2635,2636,17862,2623
29/4/2014 21:00,MYX:FCPO1!,2631,2647,2615,2623,18015,2592
1/5/2014 21:00,MYX:FCPO1!,2567,2594,2558,2592,21273,2583
5/5/2014 10:00,MYX:FCPO1!,2598,2609,2570,2583,16837,2568
5/5/2014 21:00,MYX:FCPO1!,2582,2586,2558,2568,18168,2579
6/5/2014 21:00,MYX:FCPO1!,2579,2585,2565,2579,14989,2564
7/5/2014 21:00,MYX:FCPO1!,2571,2584,2552,2564,18751,2577
8/5/2014 21:00,MYX:FCPO1!,2570,2593,2552,2577,17849,2590
12/5/2014 10:00,MYX:FCPO1!,2571,2592,2568,2590,14073,2607
13/5/2014 21:00,MYX:FCPO1!,2595,2614,2592,2607,16393,2627
14/5/2014 21:00,MYX:FCPO1!,2604,2630,2603,2627,14843,2580
15/5/2014 21:00,MYX:FCPO1!,2595,2608,2573,2580,16403,2537
19/5/2014 10:00,MYX:FCPO1!,2563,2574,2536,2537,19096,2524
19/5/2014 21:00,MYX:FCPO1!,2546,2547,2514,2524,18543,2505
20/5/2014 21:00,MYX:FCPO1!,2521,2525,2492,2505,19087,2522
21/5/2014 21:00,MYX:FCPO1!,2525,2531,2499,2522,15856,2517
22/5/2014 21:00,MYX:FCPO1!,2528,2537,2509,2517,16766,2509
26/5/2014 10:00,MYX:FCPO1!,2507,2513,2483,2509,20464,2505
26/5/2014 21:00,MYX:FCPO1!,2514,2514,2488,2505,16228,2502
27/5/2014 21:00,MYX:FCPO1!,2500,2527,2493,2502,18621,2461
28/5/2014 21:00,MYX:FCPO1!,2495,2499,2459,2461,18898,2423
29/5/2014 21:00,MYX:FCPO1!,2460,2467,2420,2423,19029,2416
2/6/2014 10:00,MYX:FCPO1!,2410,2419,2386,2416,16812,2387
2/6/2014 21:00,MYX:FCPO1!,2410,2431,2375,2387,22823,2432
3/6/2014 21:00,MYX:FCPO1!,2403,2434,2395,2432,19626,2417
4/6/2014 21:00,MYX:FCPO1!,2449,2449,2402,2417,15760,2414
5/6/2014 21:00,MYX:FCPO1!,2403,2418,2394,2414,14419,2412
9/6/2014 10:00,MYX:FCPO1!,2419,2423,2391,2412,14992,2385
9/6/2014 21:00,MYX:FCPO1!,2413,2416,2376,2385,16566,2379
10/6/2014 21:00,MYX:FCPO1!,2378,2384,2364,2379,13370,2379
11/6/2014 21:00,MYX:FCPO1!,2365,2404,2362,2379,14221,2427
12/6/2014 21:00,MYX:FCPO1!,2404,2448,2403,2427,18502,2428
16/6/2014 10:00,MYX:FCPO1!,2440,2445,2420,2428,21498,2433
16/6/2014 21:00,MYX:FCPO1!,2417,2453,2413,2433,17529,2466
17/6/2014 21:00,MYX:FCPO1!,2448,2473,2445,2466,18543,2447
18/6/2014 21:00,MYX:FCPO1!,2464,2477,2440,2447,19249,2442
19/6/2014 21:00,MYX:FCPO1!,2465,2474,2434,2442,20399,2481
23/6/2014 10:00,MYX:FCPO1!,2460,2488,2457,2481,20032,2482
23/6/2014 21:00,MYX:FCPO1!,2475,2492,2464,2482,19861,2483
24/6/2014 21:00,MYX:FCPO1!,2495,2511,2481,2483,19069,2470
25/6/2014 21:00,MYX:FCPO1!,2484,2502,2469,2470,23364,2445
26/6/2014 21:00,MYX:FCPO1!,2469,2469,2436,2445,21641,2426
30/6/2014 10:00,MYX:FCPO1!,2432,2441,2421,2426,14159,2419
30/6/2014 21:00,MYX:FCPO1!,2395,2425,2385,2419,22607,2427
1/7/2014 21:00,MYX:FCPO1!,2414,2436,2405,2427,12063,2424
2/7/2014 21:00,MYX:FCPO1!,2415,2428,2411,2424,18291,2402
3/7/2014 21:00,MYX:FCPO1!,2426,2433,2399,2402,10838,2414
7/7/2014 10:00,MYX:FCPO1!,2403,2424,2397,2414,17081,2384
7/7/2014 21:00,MYX:FCPO1!,2410,2416,2382,2384,16039,2373
8/7/2014 21:00,MYX:FCPO1!,2372,2381,2361,2373,16510,2386
9/7/2014 21:00,MYX:FCPO1!,2350,2396,2349,2386,19633,2346
10/7/2014 21:00,MYX:FCPO1!,2391,2395,2345,2346,18553,2298
14/7/2014 10:00,MYX:FCPO1!,2325,2331,2292,2298,17517,2326
15/7/2014 21:00,MYX:FCPO1!,2315,2334,2305,2326,8989,2293
16/7/2014 21:00,MYX:FCPO1!,2299,2320,2285,2293,24836,2309
17/7/2014 21:00,MYX:FCPO1!,2280,2312,2280,2309,19548,2296
21/7/2014 10:00,MYX:FCPO1!,2297,2304,2288,2296,10671,2279
21/7/2014 21:00,MYX:FCPO1!,2290,2293,2272,2279,15068,2255
22/7/2014 21:00,MYX:FCPO1!,2278,2278,2247,2255,19169,2281
23/7/2014 21:00,MYX:FCPO1!,2270,2285,2261,2281,14324,2265
24/7/2014 21:00,MYX:FCPO1!,2282,2294,2262,2265,13538,2265
29/7/2014 21:00,MYX:FCPO1!,2282,2289,2254,2265,19678,2257
30/7/2014 21:00,MYX:FCPO1!,2272,2279,2246,2257,12243,2284
31/7/2014 21:00,MYX:FCPO1!,2263,2287,2261,2284,21290,2267
4/8/2014 10:00,MYX:FCPO1!,2261,2270,2253,2267,13107,2254
4/8/2014 21:00,MYX:FCPO1!,2278,2280,2248,2254,16928,2247
5/8/2014 21:00,MYX:FCPO1!,2253,2262,2239,2247,14259,2254
6/8/2014 21:00,MYX:FCPO1!,2256,2263,2247,2254,12392,2233
7/8/2014 21:00,MYX:FCPO1!,2256,2268,2231,2233,17463,2177
11/8/2014 10:00,MYX:FCPO1!,2237,2240,2174,2177,19800,2187
11/8/2014 21:00,MYX:FCPO1!,2172,2196,2162,2187,14698,2176
12/8/2014 21:00,MYX:FCPO1!,2189,2201,2163,2176,18442,2133
13/8/2014 21:00,MYX:FCPO1!,2148,2150,2115,2133,21815,2093
14/8/2014 21:00,MYX:FCPO1!,2118,2140,2085,2093,18856,2088
18/8/2014 10:00,MYX:FCPO1!,2087,2098,2083,2088,14434,2068
18/8/2014 21:00,MYX:FCPO1!,2089,2098,2066,2068,15286,2049
19/8/2014 21:00,MYX:FCPO1!,2072,2075,2045,2049,13248,2039
20/8/2014 21:00,MYX:FCPO1!,2063,2069,2033,2039,16774,1999
21/8/2014 21:00,MYX:FCPO1!,2043,2044,1989,1999,24625,2030
25/8/2014 10:00,MYX:FCPO1!,2002,2045,1954,2030,29002,2012
25/8/2014 21:00,MYX:FCPO1!,2028,2028,1984,2012,21379,1976
26/8/2014 21:00,MYX:FCPO1!,2028,2052,1973,1976,31038,1979
27/8/2014 21:00,MYX:FCPO1!,1970,2001,1965,1979,21594,1929
28/8/2014 21:00,MYX:FCPO1!,1980,1984,1926,1929,22632,1953
1/9/2014 21:00,MYX:FCPO1!,1920,1963,1914,1953,23041,1978
2/9/2014 21:00,MYX:FCPO1!,1944,1986,1941,1978,23056,2030
3/9/2014 21:00,MYX:FCPO1!,1977,2033,1965,2030,26300,2025
4/9/2014 21:00,MYX:FCPO1!,2035,2041,1995,2025,23223,2045
8/9/2014 10:00,MYX:FCPO1!,2046,2068,2027,2045,21625,2034
8/9/2014 21:00,MYX:FCPO1!,2038,2046,2006,2034,19084,2033
9/9/2014 21:00,MYX:FCPO1!,2027,2035,1997,2033,19960,2068
10/9/2014 21:00,MYX:FCPO1!,2036,2073,2007,2068,18631,2084
11/9/2014 21:00,MYX:FCPO1!,2078,2088,2051,2084,20244,2101
15/9/2014 10:00,MYX:FCPO1!,2095,2124,2091,2101,29782,2144
16/9/2014 21:00,MYX:FCPO1!,2119,2150,2104,2144,31050,2145
17/9/2014 21:00,MYX:FCPO1!,2148,2173,2136,2145,33390,2111
18/9/2014 21:00,MYX:FCPO1!,2123,2135,2105,2111,24471,2091
22/9/2014 10:00,MYX:FCPO1!,2090,2093,2064,2091,28033,2126
22/9/2014 21:00,MYX:FCPO1!,2100,2132,2097,2126,28223,2154
23/9/2014 21:00,MYX:FCPO1!,2134,2157,2123,2154,20940,2197
24/9/2014 21:00,MYX:FCPO1!,2168,2207,2164,2197,23605,2177
25/9/2014 21:00,MYX:FCPO1!,2178,2203,2176,2177,22919,2188
29/9/2014 10:00,MYX:FCPO1!,2160,2194,2160,2188,14974,2217
29/9/2014 21:00,MYX:FCPO1!,2211,2222,2204,2217,21988,2195
30/9/2014 21:00,MYX:FCPO1!,2210,2223,2189,2195,24433,2146
1/10/2014 21:00,MYX:FCPO1!,2209,2211,2137,2146,28263,2169
2/10/2014 21:00,MYX:FCPO1!,2162,2177,2151,2169,17676,2180
6/10/2014 21:00,MYX:FCPO1!,2199,2204,2176,2180,15308,2195
7/10/2014 21:00,MYX:FCPO1!,2180,2209,2178,2195,23649,2191
8/10/2014 21:00,MYX:FCPO1!,2180,2218,2165,2191,29486,2182
9/10/2014 21:00,MYX:FCPO1!,2190,2198,2158,2182,25394,2157
13/10/2014 10:00,MYX:FCPO1!,2182,2192,2152,2157,18657,2163
13/10/2014 21:00,MYX:FCPO1!,2174,2185,2155,2163,24553,2133
14/10/2014 21:00,MYX:FCPO1!,2155,2158,2111,2133,29120,2119
15/10/2014 21:00,MYX:FCPO1!,2123,2131,2104,2119,25020,2142
16/10/2014 21:00,MYX:FCPO1!,2132,2148,2128,2142,21561,2131
20/10/2014 10:00,MYX:FCPO1!,2112,2132,2112,2131,15829,2135
20/10/2014 21:00,MYX:FCPO1!,2127,2141,2125,2135,17180,2170
22/10/2014 21:00,MYX:FCPO1!,2148,2182,2147,2170,26583,2181
23/10/2014 21:00,MYX:FCPO1!,2182,2194,2172,2181,21234,2166
27/10/2014 10:00,MYX:FCPO1!,2167,2176,2164,2166,13200,2213
27/10/2014 21:00,MYX:FCPO1!,2174,2216,2171,2213,24771,2263
28/10/2014 21:00,MYX:FCPO1!,2227,2267,2221,2263,31461,2280
29/10/2014 21:00,MYX:FCPO1!,2285,2302,2270,2280,29818,2306
30/10/2014 21:00,MYX:FCPO1!,2283,2311,2274,2306,26889,2336
3/11/2014 10:00,MYX:FCPO1!,2313,2345,2309,2336,24104,2308
3/11/2014 21:00,MYX:FCPO1!,2314,2327,2293,2308,28918,2252
4/11/2014 21:00,MYX:FCPO1!,2282,2290,2243,2252,30326,2222
5/11/2014 21:00,MYX:FCPO1!,2264,2275,2217,2222,28541,2196
6/11/2014 21:00,MYX:FCPO1!,2244,2252,2193,2196,31319,2238
10/11/2014 10:00,MYX:FCPO1!,2207,2241,2197,2238,26259,2265
10/11/2014 21:00,MYX:FCPO1!,2231,2271,2225,2265,21378,2259
11/11/2014 21:00,MYX:FCPO1!,2279,2286,2257,2259,23412,2231
12/11/2014 21:00,MYX:FCPO1!,2237,2245,2219,2231,21178,2204
13/11/2014 21:00,MYX:FCPO1!,2228,2233,2199,2204,22479,2230
17/11/2014 10:00,MYX:FCPO1!,2217,2234,2206,2230,14961,2251
17/11/2014 21:00,MYX:FCPO1!,2229,2254,2225,2251,19995,2245
18/11/2014 21:00,MYX:FCPO1!,2247,2270,2236,2245,18344,2223
19/11/2014 21:00,MYX:FCPO1!,2244,2247,2215,2223,20123,2235
20/11/2014 21:00,MYX:FCPO1!,2229,2249,2223,2235,19654,2205
24/11/2014 10:00,MYX:FCPO1!,2239,2239,2200,2205,22132,2217
24/11/2014 21:00,MYX:FCPO1!,2212,2223,2187,2217,28556,2240
25/11/2014 21:00,MYX:FCPO1!,2216,2243,2206,2240,28624,2201
26/11/2014 21:00,MYX:FCPO1!,2230,2236,2199,2201,13108,2172
27/11/2014 21:00,MYX:FCPO1!,2175,2179,2150,2172,22381,2109
1/12/2014 10:00,MYX:FCPO1!,2126,2130,2083,2109,33479,2142
1/12/2014 21:00,MYX:FCPO1!,2135,2147,2126,2142,24449,2172
2/12/2014 21:00,MYX:FCPO1!,2102,2185,2102,2172,30745,2166
3/12/2014 21:00,MYX:FCPO1!,2182,2189,2152,2166,23257,2172
4/12/2014 21:00,MYX:FCPO1!,2170,2177,2153,2172,16935,2171
8/12/2014 10:00,MYX:FCPO1!,2195,2204,2170,2171,19857,2130
8/12/2014 21:00,MYX:FCPO1!,2144,2168,2119,2130,22788,2175
9/12/2014 21:00,MYX:FCPO1!,2147,2179,2138,2175,27734,2195
10/12/2014 21:00,MYX:FCPO1!,2160,2199,2148,2195,24376,2171
11/12/2014 21:00,MYX:FCPO1!,2199,2216,2165,2171,22501,2168
15/12/2014 10:00,MYX:FCPO1!,2186,2188,2154,2168,16833,2121
15/12/2014 21:00,MYX:FCPO1!,2149,2151,2114,2121,22265,2131
16/12/2014 21:00,MYX:FCPO1!,2110,2136,2103,2131,27230,2148
17/12/2014 21:00,MYX:FCPO1!,2140,2163,2135,2148,27688,2153
18/12/2014 21:00,MYX:FCPO1!,2136,2154,2127,2153,20757,2171
22/12/2014 10:00,MYX:FCPO1!,2168,2174,2152,2171,15858,2209
22/12/2014 21:00,MYX:FCPO1!,2166,2215,2160,2209,21502,2217
23/12/2014 21:00,MYX:FCPO1!,2212,2238,2207,2217,25109,2250
25/12/2014 21:00,MYX:FCPO1!,2201,2252,2200,2250,18845,2286
29/12/2014 10:00,MYX:FCPO1!,2294,2308,2283,2286,20489,2284
29/12/2014 21:00,MYX:FCPO1!,2300,2305,2283,2284,23677,2266
30/12/2014 21:00,MYX:FCPO1!,2276,2288,2261,2266,13388,2283
1/1/2015 21:00,MYX:FCPO1!,2245,2285,2237,2283,20869,2264
5/1/2015 10:00,MYX:FCPO1!,2283,2297,2262,2264,19631,2284
5/1/2015 21:00,MYX:FCPO1!,2275,2310,2272,2284,27581,2330
6/1/2015 21:00,MYX:FCPO1!,2290,2335,2290,2330,28665,2369
7/1/2015 21:00,MYX:FCPO1!,2335,2379,2331,2369,21112,2348
8/1/2015 21:00,MYX:FCPO1!,2372,2383,2341,2348,23140,2363
12/1/2015 10:00,MYX:FCPO1!,2353,2372,2328,2363,25606,2353
12/1/2015 21:00,MYX:FCPO1!,2326,2375,2324,2353,31287,2344
13/1/2015 21:00,MYX:FCPO1!,2342,2354,2328,2344,28216,2368
14/1/2015 21:00,MYX:FCPO1!,2359,2394,2356,2368,23811,2312
15/1/2015 21:00,MYX:FCPO1!,2351,2354,2298,2312,37268,2309
19/1/2015 10:00,MYX:FCPO1!,2326,2336,2302,2309,17460,2320
19/1/2015 21:00,MYX:FCPO1!,2302,2346,2297,2320,25981,2273
20/1/2015 21:00,MYX:FCPO1!,2332,2338,2270,2273,32011,2246
21/1/2015 21:00,MYX:FCPO1!,2278,2282,2242,2246,23447,2230
22/1/2015 21:00,MYX:FCPO1!,2234,2244,2222,2230,24880,2172
26/1/2015 10:00,MYX:FCPO1!,2212,2222,2170,2172,26233,2178
26/1/2015 21:00,MYX:FCPO1!,2171,2182,2151,2178,23648,2210
27/1/2015 21:00,MYX:FCPO1!,2164,2216,2164,2210,27417,2134
28/1/2015 21:00,MYX:FCPO1!,2180,2182,2128,2134,33396,2146
29/1/2015 21:00,MYX:FCPO1!,2118,2148,2106,2146,31536,2199
3/2/2015 21:00,MYX:FCPO1!,2184,2200,2156,2199,30449,2312
4/2/2015 21:00,MYX:FCPO1!,2197,2315,2197,2312,43664,2346
5/2/2015 21:00,MYX:FCPO1!,2324,2352,2287,2346,35649,2317
9/2/2015 10:00,MYX:FCPO1!,2346,2357,2307,2317,30522,2299
9/2/2015 21:00,MYX:FCPO1!,2335,2344,2294,2299,27329,2278
10/2/2015 21:00,MYX:FCPO1!,2296,2314,2270,2278,25182,2294
11/2/2015 21:00,MYX:FCPO1!,2297,2304,2271,2294,22282,2285
12/2/2015 21:00,MYX:FCPO1!,2311,2312,2276,2285,22662,2312
16/2/2015 10:00,MYX:FCPO1!,2299,2321,2299,2312,19775,2286
16/2/2015 21:00,MYX:FCPO1!,2315,2315,2284,2286,13963,2300
17/2/2015 21:00,MYX:FCPO1!,2290,2312,2289,2300,5751,2239
23/2/2015 10:00,MYX:FCPO1!,2290,2291,2237,2239,22484,2257
23/2/2015 21:00,MYX:FCPO1!,2229,2259,2216,2257,24434,2248
24/2/2015 21:00,MYX:FCPO1!,2255,2276,2242,2248,32882,2276
25/2/2015 21:00,MYX:FCPO1!,2260,2284,2256,2276,25537,2305
26/2/2015 21:00,MYX:FCPO1!,2278,2321,2277,2305,27578,2373
2/3/2015 10:00,MYX:FCPO1!,2341,2379,2335,2373,27548,2378
2/3/2015 21:00,MYX:FCPO1!,2356,2382,2328,2378,28277,2364
3/3/2015 21:00,MYX:FCPO1!,2394,2400,2354,2364,24045,2324
4/3/2015 21:00,MYX:FCPO1!,2343,2364,2320,2324,26720,2288
5/3/2015 21:00,MYX:FCPO1!,2304,2307,2257,2288,28604,2271
9/3/2015 10:00,MYX:FCPO1!,2296,2312,2253,2271,34821,2237
9/3/2015 21:00,MYX:FCPO1!,2271,2276,2221,2237,28834,2276
10/3/2015 21:00,MYX:FCPO1!,2244,2280,2237,2276,24259,2243
11/3/2015 21:00,MYX:FCPO1!,2268,2271,2234,2243,23793,2248
12/3/2015 21:00,MYX:FCPO1!,2227,2251,2227,2248,18190,2198
16/3/2015 10:00,MYX:FCPO1!,2214,2215,2172,2198,22775,2140
16/3/2015 21:00,MYX:FCPO1!,2205,2210,2138,2140,25037,2193
17/3/2015 21:00,MYX:FCPO1!,2140,2194,2128,2193,30471,2205
18/3/2015 21:00,MYX:FCPO1!,2215,2222,2165,2205,28870,2160
19/3/2015 21:00,MYX:FCPO1!,2205,2211,2155,2160,25089,2186
23/3/2015 10:00,MYX:FCPO1!,2186,2208,2173,2186,22095,2156
23/3/2015 21:00,MYX:FCPO1!,2187,2192,2148,2156,27701,2167
24/3/2015 21:00,MYX:FCPO1!,2159,2172,2145,2167,20931,2192
25/3/2015 21:00,MYX:FCPO1!,2166,2204,2166,2192,25481,2169
26/3/2015 21:00,MYX:FCPO1!,2183,2183,2148,2169,25367,2191
30/3/2015 10:00,MYX:FCPO1!,2148,2196,2143,2191,22632,2165
30/3/2015 21:00,MYX:FCPO1!,2177,2182,2156,2165,20284,2154
31/3/2015 21:00,MYX:FCPO1!,2175,2180,2148,2154,17119,2166
1/4/2015 21:00,MYX:FCPO1!,2160,2172,2150,2166,15223,2191
2/4/2015 21:00,MYX:FCPO1!,2176,2192,2170,2191,12083,2233
6/4/2015 10:00,MYX:FCPO1!,2201,2250,2197,2233,24711,2207
6/4/2015 21:00,MYX:FCPO1!,2224,2232,2202,2207,23108,2166
7/4/2015 21:00,MYX:FCPO1!,2203,2204,2165,2166,26849,2120
8/4/2015 21:00,MYX:FCPO1!,2156,2160,2118,2120,29918,2128
9/4/2015 21:00,MYX:FCPO1!,2119,2139,2092,2128,27645,2131
13/4/2015 10:00,MYX:FCPO1!,2150,2160,2126,2131,25800,2148
13/4/2015 21:00,MYX:FCPO1!,2124,2155,2098,2148,30674,2160
14/4/2015 21:00,MYX:FCPO1!,2165,2181,2152,2160,20257,2146
15/4/2015 21:00,MYX:FCPO1!,2174,2177,2137,2146,21772,2148
16/4/2015 21:00,MYX:FCPO1!,2142,2159,2128,2148,20614,2156
20/4/2015 10:00,MYX:FCPO1!,2167,2174,2147,2156,20595,2173
20/4/2015 21:00,MYX:FCPO1!,2163,2197,2161,2173,24939,2160
21/4/2015 21:00,MYX:FCPO1!,2161,2166,2139,2160,29798,2158
22/4/2015 21:00,MYX:FCPO1!,2159,2164,2136,2158,25045,2154
23/4/2015 21:00,MYX:FCPO1!,2176,2176,2144,2154,27461,2108
27/4/2015 10:00,MYX:FCPO1!,2140,2147,2107,2108,31753,2093
27/4/2015 21:00,MYX:FCPO1!,2105,2115,2075,2093,37100,2082
28/4/2015 21:00,MYX:FCPO1!,2080,2093,2070,2082,22439,2102
29/4/2015 21:00,MYX:FCPO1!,2097,2108,2092,2102,14245,2157
4/5/2015 21:00,MYX:FCPO1!,2165,2168,2139,2157,28708,2183
5/5/2015 21:00,MYX:FCPO1!,2173,2200,2169,2183,24389,2173
6/5/2015 21:00,MYX:FCPO1!,2167,2179,2161,2173,15702,2162
7/5/2015 21:00,MYX:FCPO1!,2154,2163,2141,2162,17931,2195
11/5/2015 10:00,MYX:FCPO1!,2182,2196,2170,2195,17684,2225
11/5/2015 21:00,MYX:FCPO1!,2199,2230,2195,2225,24106,2198
12/5/2015 21:00,MYX:FCPO1!,2216,2233,2193,2198,19749,2206
13/5/2015 21:00,MYX:FCPO1!,2190,2208,2171,2206,21273,2188
14/5/2015 21:00,MYX:FCPO1!,2216,2218,2182,2188,16045,2182
18/5/2015 10:00,MYX:FCPO1!,2175,2188,2169,2182,16076,2158
18/5/2015 21:00,MYX:FCPO1!,2165,2175,2154,2158,16618,2142
19/5/2015 21:00,MYX:FCPO1!,2138,2152,2131,2142,22791,2158
20/5/2015 21:00,MYX:FCPO1!,2142,2165,2134,2158,21908,2135
21/5/2015 21:00,MYX:FCPO1!,2150,2156,2127,2135,17288,2138
25/5/2015 10:00,MYX:FCPO1!,2122,2151,2121,2138,18552,2185
25/5/2015 21:00,MYX:FCPO1!,2156,2192,2155,2185,20801,2178
26/5/2015 21:00,MYX:FCPO1!,2192,2198,2168,2178,14864,2208
27/5/2015 21:00,MYX:FCPO1!,2191,2219,2190,2208,22760,2216
28/5/2015 21:00,MYX:FCPO1!,2206,2223,2200,2216,15251,2294
1/6/2015 10:00,MYX:FCPO1!,2260,2297,2253,2294,19172,2315
1/6/2015 21:00,MYX:FCPO1!,2331,2349,2312,2315,21915,2294
2/6/2015 21:00,MYX:FCPO1!,2310,2311,2276,2294,21626,2319
3/6/2015 21:00,MYX:FCPO1!,2286,2325,2279,2319,18885,2341
4/6/2015 21:00,MYX:FCPO1!,2315,2346,2295,2341,24722,2333
8/6/2015 10:00,MYX:FCPO1!,2362,2362,2328,2333,18197,2317
8/6/2015 21:00,MYX:FCPO1!,2299,2318,2289,2317,22382,2291
9/6/2015 21:00,MYX:FCPO1!,2309,2315,2281,2291,18090,2292
10/6/2015 21:00,MYX:FCPO1!,2285,2303,2280,2292,16382,2276
11/6/2015 21:00,MYX:FCPO1!,2265,2283,2254,2276,27808,2265
15/6/2015 10:00,MYX:FCPO1!,2262,2283,2261,2265,15266,2291
15/6/2015 21:00,MYX:FCPO1!,2272,2297,2261,2291,17883,2291
16/6/2015 21:00,MYX:FCPO1!,2290,2303,2280,2291,20748,2237
17/6/2015 21:00,MYX:FCPO1!,2270,2270,2235,2237,28100,2237
18/6/2015 21:00,MYX:FCPO1!,2229,2260,2227,2237,18796,2220
22/6/2015 10:00,MYX:FCPO1!,2242,2245,2218,2220,13181,2221
22/6/2015 21:00,MYX:FCPO1!,2246,2246,2219,2221,15214,2270
23/6/2015 21:00,MYX:FCPO1!,2231,2274,2227,2270,21636,2264
24/6/2015 21:00,MYX:FCPO1!,2280,2285,2263,2264,16153,2278
25/6/2015 21:00,MYX:FCPO1!,2276,2280,2254,2278,11358,2267
29/6/2015 10:00,MYX:FCPO1!,2272,2277,2260,2267,11296,2229
29/6/2015 21:00,MYX:FCPO1!,2247,2247,2221,2229,26137,2267
30/6/2015 21:00,MYX:FCPO1!,2257,2268,2234,2267,19719,2267
1/7/2015 21:00,MYX:FCPO1!,2251,2278,2245,2267,21995,2270
2/7/2015 21:00,MYX:FCPO1!,2272,2285,2264,2270,15479,2235
6/7/2015 10:00,MYX:FCPO1!,2245,2251,2227,2235,21362,2209
6/7/2015 21:00,MYX:FCPO1!,2233,2247,2205,2209,19016,2150
7/7/2015 21:00,MYX:FCPO1!,2152,2156,2132,2150,28212,2187
8/7/2015 21:00,MYX:FCPO1!,2163,2192,2157,2187,21628,2194
9/7/2015 21:00,MYX:FCPO1!,2205,2209,2179,2194,20335,2198
13/7/2015 10:00,MYX:FCPO1!,2176,2203,2174,2198,16128,2201
13/7/2015 21:00,MYX:FCPO1!,2215,2230,2200,2201,18773,2193
14/7/2015 21:00,MYX:FCPO1!,2202,2207,2176,2193,14959,2191
15/7/2015 21:00,MYX:FCPO1!,2180,2199,2173,2191,6955,2188
20/7/2015 10:00,MYX:FCPO1!,2177,2193,2165,2188,14161,2218
20/7/2015 21:00,MYX:FCPO1!,2190,2223,2186,2218,18173,2205
21/7/2015 21:00,MYX:FCPO1!,2212,2221,2197,2205,17761,2189
22/7/2015 21:00,MYX:FCPO1!,2187,2201,2186,2189,14355,2178
23/7/2015 21:00,MYX:FCPO1!,2182,2186,2174,2178,11364,2140
27/7/2015 10:00,MYX:FCPO1!,2156,2159,2139,2140,21525,2131
27/7/2015 21:00,MYX:FCPO1!,2141,2148,2115,2131,16401,2111
28/7/2015 21:00,MYX:FCPO1!,2144,2150,2108,2111,24661,2124
29/7/2015 21:00,MYX:FCPO1!,2119,2125,2099,2124,21727,2120
30/7/2015 21:00,MYX:FCPO1!,2119,2131,2114,2120,17250,2054
3/8/2015 10:00,MYX:FCPO1!,2112,2112,2049,2054,19269,2062
3/8/2015 21:00,MYX:FCPO1!,2065,2073,2026,2062,25891,2037
4/8/2015 21:00,MYX:FCPO1!,2065,2082,2023,2037,20255,2045
5/8/2015 21:00,MYX:FCPO1!,2021,2047,2006,2045,22632,2042
6/8/2015 21:00,MYX:FCPO1!,2046,2051,2024,2042,15841,2029
10/8/2015 10:00,MYX:FCPO1!,2051,2061,2017,2029,22690,2040
10/8/2015 21:00,MYX:FCPO1!,2057,2057,2027,2040,18791,1995
11/8/2015 21:00,MYX:FCPO1!,2029,2035,1991,1995,27206,2014
12/8/2015 21:00,MYX:FCPO1!,1974,2020,1958,2014,18843,2027
13/8/2015 21:00,MYX:FCPO1!,2009,2042,2009,2027,23902,2044
17/8/2015 10:00,MYX:FCPO1!,2045,2053,2023,2044,20008,2060
17/8/2015 21:00,MYX:FCPO1!,2047,2069,2039,2060,22849,2035
18/8/2015 21:00,MYX:FCPO1!,2035,2046,2024,2035,21075,1997
19/8/2015 21:00,MYX:FCPO1!,2016,2023,1983,1997,31996,1986
20/8/2015 21:00,MYX:FCPO1!,2015,2026,1974,1986,25661,1916
24/8/2015 10:00,MYX:FCPO1!,1945,1958,1904,1916,31726,1906
24/8/2015 21:00,MYX:FCPO1!,1924,1935,1863,1906,39783,1867
25/8/2015 21:00,MYX:FCPO1!,1903,1904,1866,1867,27164,1925
26/8/2015 21:00,MYX:FCPO1!,1876,1928,1873,1925,31797,1991
27/8/2015 21:00,MYX:FCPO1!,1952,1995,1938,1991,24695,2013
31/8/2015 21:00,MYX:FCPO1!,1983,2019,1973,2013,30525,1989
1/9/2015 21:00,MYX:FCPO1!,1988,2003,1981,1989,29509,2032
2/9/2015 21:00,MYX:FCPO1!,1982,2048,1977,2032,21934,2031
3/9/2015 21:00,MYX:FCPO1!,2023,2042,2009,2031,19806,2048
7/9/2015 10:00,MYX:FCPO1!,2021,2054,2004,2048,16026,2092
7/9/2015 21:00,MYX:FCPO1!,2063,2100,2046,2092,18718,2113
8/9/2015 21:00,MYX:FCPO1!,2086,2132,2086,2113,20653,2157
9/9/2015 21:00,MYX:FCPO1!,2100,2159,2099,2157,24362,2134
10/9/2015 21:00,MYX:FCPO1!,2150,2180,2132,2134,22829,2192
14/9/2015 10:00,MYX:FCPO1!,2135,2196,2135,2192,24910,2148
14/9/2015 21:00,MYX:FCPO1!,2201,2207,2146,2148,21737,2128
16/9/2015 21:00,MYX:FCPO1!,2178,2178,2125,2128,32158,2103
17/9/2015 21:00,MYX:FCPO1!,2132,2150,2095,2103,27327,2151
21/9/2015 10:00,MYX:FCPO1!,2094,2167,2088,2151,27781,2183
21/9/2015 21:00,MYX:FCPO1!,2161,2201,2160,2183,29634,2240
22/9/2015 21:00,MYX:FCPO1!,2189,2248,2187,2240,30102,2342
24/9/2015 21:00,MYX:FCPO1!,2299,2345,2283,2342,30650,2394
28/9/2015 10:00,MYX:FCPO1!,2317,2408,2302,2394,30981,2451
28/9/2015 21:00,MYX:FCPO1!,2358,2460,2352,2451,40428,2375
29/9/2015 21:00,MYX:FCPO1!,2448,2450,2365,2375,33744,2414
30/9/2015 21:00,MYX:FCPO1!,2381,2445,2360,2414,38753,2387
1/10/2015 21:00,MYX:FCPO1!,2417,2441,2368,2387,25985,2415
5/10/2015 10:00,MYX:FCPO1!,2405,2437,2399,2415,27800,2372
5/10/2015 21:00,MYX:FCPO1!,2427,2444,2353,2372,29601,2319
6/10/2015 21:00,MYX:FCPO1!,2380,2380,2309,2319,29713,2276
7/10/2015 21:00,MYX:FCPO1!,2328,2328,2253,2276,31142,2217
8/10/2015 21:00,MYX:FCPO1!,2239,2258,2216,2217,41189,2257
12/10/2015 10:00,MYX:FCPO1!,2253,2282,2252,2257,20485,2320
12/10/2015 21:00,MYX:FCPO1!,2264,2334,2240,2320,32943,2287
14/10/2015 21:00,MYX:FCPO1!,2303,2317,2269,2287,26372,2302
15/10/2015 21:00,MYX:FCPO1!,2323,2339,2298,2302,24322,2274
19/10/2015 10:00,MYX:FCPO1!,2320,2320,2272,2274,27368,2319
19/10/2015 21:00,MYX:FCPO1!,2270,2320,2268,2319,28789,2367
20/10/2015 21:00,MYX:FCPO1!,2350,2372,2339,2367,27138,2371
21/10/2015 21:00,MYX:FCPO1!,2375,2386,2352,2371,22876,2328
22/10/2015 21:00,MYX:FCPO1!,2330,2339,2313,2328,21334,2279
26/10/2015 10:00,MYX:FCPO1!,2326,2327,2277,2279,21166,2322
26/10/2015 21:00,MYX:FCPO1!,2261,2331,2260,2322,24116,2341
27/10/2015 21:00,MYX:FCPO1!,2314,2343,2299,2341,31975,2370
28/10/2015 21:00,MYX:FCPO1!,2353,2372,2331,2370,27756,2363
29/10/2015 21:00,MYX:FCPO1!,2358,2377,2326,2363,29658,2331
2/11/2015 10:00,MYX:FCPO1!,2371,2374,2328,2331,24863,2310
2/11/2015 21:00,MYX:FCPO1!,2314,2314,2278,2310,26125,2360
3/11/2015 21:00,MYX:FCPO1!,2304,2367,2304,2360,31365,2348
4/11/2015 21:00,MYX:FCPO1!,2375,2386,2345,2348,28772,2322
5/11/2015 21:00,MYX:FCPO1!,2324,2333,2303,2322,23208,2382
9/11/2015 10:00,MYX:FCPO1!,2342,2384,2342,2382,20446,2330
10/11/2015 21:00,MYX:FCPO1!,2346,2355,2324,2330,26215,2332
11/11/2015 21:00,MYX:FCPO1!,2315,2347,2315,2332,17643,2289
12/11/2015 21:00,MYX:FCPO1!,2347,2350,2285,2289,27285,2300
16/11/2015 10:00,MYX:FCPO1!,2337,2344,2287,2300,24128,2293
16/11/2015 21:00,MYX:FCPO1!,2318,2322,2285,2293,21519,2318
17/11/2015 21:00,MYX:FCPO1!,2285,2325,2274,2318,19980,2299
18/11/2015 21:00,MYX:FCPO1!,2301,2307,2280,2299,19767,2290
19/11/2015 21:00,MYX:FCPO1!,2291,2299,2271,2290,26122,2282
23/11/2015 10:00,MYX:FCPO1!,2310,2311,2270,2282,17894,2275
23/11/2015 21:00,MYX:FCPO1!,2293,2303,2273,2275,15559,2298
24/11/2015 21:00,MYX:FCPO1!,2278,2307,2260,2298,27054,2341
25/11/2015 21:00,MYX:FCPO1!,2324,2343,2311,2341,20217,2362
26/11/2015 21:00,MYX:FCPO1!,2343,2374,2339,2362,18116,2344
30/11/2015 10:00,MYX:FCPO1!,2347,2365,2337,2344,19518,2339
30/11/2015 21:00,MYX:FCPO1!,2365,2375,2337,2339,24859,2331
1/12/2015 21:00,MYX:FCPO1!,2353,2355,2317,2331,30782,2364
2/12/2015 21:00,MYX:FCPO1!,2344,2365,2334,2364,24726,2366
3/12/2015 21:00,MYX:FCPO1!,2363,2380,2354,2366,18519,2436
7/12/2015 10:00,MYX:FCPO1!,2412,2438,2400,2436,23890,2396
7/12/2015 21:00,MYX:FCPO1!,2404,2415,2380,2396,24983,2384
8/12/2015 21:00,MYX:FCPO1!,2408,2412,2375,2384,24569,2377
9/12/2015 21:00,MYX:FCPO1!,2377,2379,2350,2377,15324,2441
10/12/2015 21:00,MYX:FCPO1!,2393,2442,2382,2441,18461,2404
14/12/2015 10:00,MYX:FCPO1!,2429,2433,2401,2404,20605,2331
14/12/2015 21:00,MYX:FCPO1!,2411,2413,2324,2331,23235,2403
15/12/2015 21:00,MYX:FCPO1!,2411,2431,2388,2403,26410,2385
16/12/2015 21:00,MYX:FCPO1!,2390,2405,2369,2385,19588,2402
17/12/2015 21:00,MYX:FCPO1!,2376,2405,2370,2402,19503,2443
21/12/2015 10:00,MYX:FCPO1!,2418,2457,2411,2443,20364,2468
21/12/2015 21:00,MYX:FCPO1!,2443,2473,2438,2468,16362,2487
22/12/2015 21:00,MYX:FCPO1!,2457,2490,2456,2487,18753,2449
28/12/2015 10:00,MYX:FCPO1!,2479,2487,2447,2449,13545,2484
28/12/2015 21:00,MYX:FCPO1!,2438,2497,2430,2484,21093,2495
29/12/2015 21:00,MYX:FCPO1!,2495,2504,2474,2495,19342,2485
30/12/2015 21:00,MYX:FCPO1!,2507,2508,2455,2485,24423,2436
4/1/2016 10:00,MYX:FCPO1!,2466,2474,2429,2436,20995,2454
4/1/2016 21:00,MYX:FCPO1!,2440,2462,2421,2454,17340,2448
5/1/2016 21:00,MYX:FCPO1!,2429,2466,2418,2448,21596,2422
6/1/2016 21:00,MYX:FCPO1!,2426,2457,2405,2422,25812,2435
7/1/2016 21:00,MYX:FCPO1!,2433,2440,2409,2435,14978,2398
11/1/2016 10:00,MYX:FCPO1!,2430,2453,2383,2398,30755,2382
11/1/2016 21:00,MYX:FCPO1!,2375,2395,2372,2382,19138,2411
12/1/2016 21:00,MYX:FCPO1!,2381,2413,2368,2411,25048,2402
13/1/2016 21:00,MYX:FCPO1!,2413,2429,2398,2402,23110,2412
14/1/2016 21:00,MYX:FCPO1!,2407,2434,2403,2412,23901,2470
18/1/2016 10:00,MYX:FCPO1!,2470,2495,2467,2470,17060,2478
18/1/2016 21:00,MYX:FCPO1!,2477,2478,2458,2478,20018,2455
19/1/2016 21:00,MYX:FCPO1!,2468,2472,2444,2455,21536,2422
20/1/2016 21:00,MYX:FCPO1!,2458,2463,2408,2422,28713,2460
21/1/2016 21:00,MYX:FCPO1!,2442,2462,2435,2460,26709,2475
25/1/2016 21:00,MYX:FCPO1!,2453,2479,2452,2475,21123,2503
26/1/2016 21:00,MYX:FCPO1!,2472,2510,2463,2503,27834,2481
27/1/2016 21:00,MYX:FCPO1!,2498,2512,2469,2481,23547,2443
28/1/2016 21:00,MYX:FCPO1!,2463,2463,2433,2443,24141,2515
1/2/2016 21:00,MYX:FCPO1!,2450,2523,2450,2515,32366,2547
2/2/2016 21:00,MYX:FCPO1!,2507,2551,2507,2547,28753,2531
3/2/2016 21:00,MYX:FCPO1!,2540,2568,2517,2531,26325,2580
4/2/2016 21:00,MYX:FCPO1!,2540,2604,2534,2580,28459,2567
9/2/2016 21:00,MYX:FCPO1!,2566,2600,2560,2567,23077,2596
10/2/2016 21:00,MYX:FCPO1!,2556,2600,2550,2596,16467,2639
11/2/2016 21:00,MYX:FCPO1!,2619,2642,2611,2639,22399,2592
15/2/2016 10:00,MYX:FCPO1!,2632,2648,2590,2592,15465,2588
15/2/2016 21:00,MYX:FCPO1!,2610,2627,2578,2588,23784,2613
16/2/2016 21:00,MYX:FCPO1!,2605,2615,2572,2613,24143,2600
17/2/2016 21:00,MYX:FCPO1!,2618,2625,2580,2600,22598,2586
18/2/2016 21:00,MYX:FCPO1!,2610,2629,2585,2586,22524,2566
22/2/2016 10:00,MYX:FCPO1!,2590,2613,2563,2566,25226,2551
22/2/2016 21:00,MYX:FCPO1!,2555,2570,2542,2551,23182,2519
23/2/2016 21:00,MYX:FCPO1!,2533,2547,2517,2519,26517,2535
24/2/2016 21:00,MYX:FCPO1!,2529,2553,2526,2535,22532,2543
25/2/2016 21:00,MYX:FCPO1!,2532,2552,2521,2543,30070,2548
29/2/2016 10:00,MYX:FCPO1!,2537,2566,2533,2548,19921,2535
29/2/2016 21:00,MYX:FCPO1!,2531,2542,2515,2535,30512,2490
1/3/2016 21:00,MYX:FCPO1!,2514,2524,2488,2490,19111,2501
2/3/2016 21:00,MYX:FCPO1!,2488,2502,2470,2501,25583,2507
3/3/2016 21:00,MYX:FCPO1!,2517,2531,2503,2507,24246,2537
7/3/2016 10:00,MYX:FCPO1!,2520,2543,2520,2537,14774,2528
7/3/2016 21:00,MYX:FCPO1!,2545,2551,2514,2528,13482,2557
8/3/2016 21:00,MYX:FCPO1!,2541,2563,2531,2557,15777,2546
9/3/2016 21:00,MYX:FCPO1!,2570,2577,2540,2546,22516,2608
10/3/2016 21:00,MYX:FCPO1!,2562,2612,2561,2608,24693,2593
14/3/2016 10:00,MYX:FCPO1!,2620,2632,2592,2593,18210,2611
14/3/2016 21:00,MYX:FCPO1!,2594,2620,2589,2611,17647,2611
15/3/2016 21:00,MYX:FCPO1!,2607,2614,2586,2611,18986,2654
16/3/2016 21:00,MYX:FCPO1!,2605,2657,2597,2654,29561,2679
17/3/2016 21:00,MYX:FCPO1!,2665,2694,2664,2679,21155,2685
21/3/2016 10:00,MYX:FCPO1!,2673,2706,2666,2685,21367,2712
21/3/2016 21:00,MYX:FCPO1!,2702,2726,2699,2712,23135,2700
22/3/2016 21:00,MYX:FCPO1!,2707,2711,2668,2700,22435,2674
23/3/2016 21:00,MYX:FCPO1!,2677,2689,2656,2674,22162,2723
24/3/2016 21:00,MYX:FCPO1!,2680,2726,2678,2723,19662,2762
28/3/2016 10:00,MYX:FCPO1!,2730,2764,2730,2762,16384,2779
28/3/2016 21:00,MYX:FCPO1!,2762,2793,2730,2779,23536,2745
29/3/2016 21:00,MYX:FCPO1!,2781,2781,2742,2745,23629,2725
30/3/2016 21:00,MYX:FCPO1!,2726,2783,2718,2725,24319,2748
31/3/2016 21:00,MYX:FCPO1!,2759,2771,2734,2748,23887,2770
4/4/2016 10:00,MYX:FCPO1!,2736,2773,2723,2770,17227,2756
4/4/2016 21:00,MYX:FCPO1!,2764,2789,2755,2756,20566,2722
5/4/2016 21:00,MYX:FCPO1!,2736,2736,2708,2722,24237,2710
6/4/2016 21:00,MYX:FCPO1!,2728,2736,2708,2710,15939,2680
7/4/2016 21:00,MYX:FCPO1!,2700,2714,2679,2680,15813,2667
11/4/2016 10:00,MYX:FCPO1!,2673,2699,2661,2667,16069,2638
11/4/2016 21:00,MYX:FCPO1!,2663,2667,2633,2638,22139,2659
12/4/2016 21:00,MYX:FCPO1!,2667,2684,2651,2659,21523,2657
13/4/2016 21:00,MYX:FCPO1!,2675,2677,2653,2657,19735,2643
14/4/2016 21:00,MYX:FCPO1!,2648,2653,2621,2643,18045,2668
18/4/2016 10:00,MYX:FCPO1!,2652,2673,2646,2668,21410,2688
18/4/2016 21:00,MYX:FCPO1!,2686,2696,2682,2688,24834,2709
19/4/2016 21:00,MYX:FCPO1!,2713,2733,2708,2709,24396,2735
20/4/2016 21:00,MYX:FCPO1!,2738,2743,2726,2735,20780,2690
21/4/2016 21:00,MYX:FCPO1!,2718,2725,2686,2690,20384,2655
25/4/2016 10:00,MYX:FCPO1!,2692,2694,2653,2655,21059,2675
25/4/2016 21:00,MYX:FCPO1!,2674,2677,2648,2675,23943,2633
26/4/2016 21:00,MYX:FCPO1!,2665,2670,2630,2633,25097,2601
27/4/2016 21:00,MYX:FCPO1!,2602,2609,2574,2601,28168,2593
28/4/2016 21:00,MYX:FCPO1!,2574,2609,2570,2593,21376,2539
2/5/2016 21:00,MYX:FCPO1!,2568,2576,2537,2539,26213,2616
3/5/2016 21:00,MYX:FCPO1!,2547,2627,2536,2616,34479,2629
4/5/2016 21:00,MYX:FCPO1!,2612,2643,2609,2629,28462,2628
5/5/2016 21:00,MYX:FCPO1!,2591,2632,2582,2628,29995,2662
9/5/2016 10:00,MYX:FCPO1!,2659,2673,2655,2662,23214,2661
9/5/2016 21:00,MYX:FCPO1!,2662,2689,2638,2661,25272,2678
10/5/2016 21:00,MYX:FCPO1!,2705,2717,2673,2678,30021,2648
11/5/2016 21:00,MYX:FCPO1!,2667,2674,2640,2648,24662,2587
12/5/2016 21:00,MYX:FCPO1!,2599,2603,2576,2587,25870,2587
16/5/2016 10:00,MYX:FCPO1!,2583,2599,2562,2587,17229,2600
16/5/2016 21:00,MYX:FCPO1!,2599,2618,2594,2600,21326,2561
17/5/2016 21:00,MYX:FCPO1!,2612,2616,2541,2561,36441,2519
18/5/2016 21:00,MYX:FCPO1!,2566,2576,2517,2519,29156,2528
19/5/2016 21:00,MYX:FCPO1!,2507,2539,2505,2528,23885,2492
23/5/2016 10:00,MYX:FCPO1!,2502,2506,2475,2492,25596,2502
23/5/2016 21:00,MYX:FCPO1!,2510,2519,2499,2502,14999,2545
24/5/2016 21:00,MYX:FCPO1!,2502,2547,2477,2545,24411,2579
25/5/2016 21:00,MYX:FCPO1!,2551,2595,2545,2579,22228,2559
26/5/2016 21:00,MYX:FCPO1!,2560,2598,2555,2559,24363,2600
30/5/2016 10:00,MYX:FCPO1!,2579,2605,2579,2600,18453,2620
30/5/2016 21:00,MYX:FCPO1!,2602,2623,2580,2620,18416,2598
31/5/2016 21:00,MYX:FCPO1!,2615,2634,2592,2598,23342,2643
1/6/2016 21:00,MYX:FCPO1!,2636,2644,2620,2643,27473,2666
2/6/2016 21:00,MYX:FCPO1!,2646,2674,2621,2666,24219,2660
6/6/2016 10:00,MYX:FCPO1!,2650,2666,2643,2660,22328,2599
6/6/2016 21:00,MYX:FCPO1!,2670,2677,2597,2599,32322,2589
7/6/2016 21:00,MYX:FCPO1!,2607,2607,2575,2589,26251,2587
8/6/2016 21:00,MYX:FCPO1!,2607,2613,2580,2587,19856,2580
9/6/2016 21:00,MYX:FCPO1!,2591,2605,2576,2580,18524,2528
13/6/2016 10:00,MYX:FCPO1!,2591,2593,2524,2528,21915,2481
13/6/2016 21:00,MYX:FCPO1!,2511,2518,2478,2481,23750,2468
14/6/2016 21:00,MYX:FCPO1!,2485,2502,2437,2468,26263,2415
15/6/2016 21:00,MYX:FCPO1!,2439,2439,2412,2415,25083,2450
16/6/2016 21:00,MYX:FCPO1!,2411,2458,2411,2450,22957,2400
20/6/2016 10:00,MYX:FCPO1!,2446,2455,2397,2400,25173,2374
20/6/2016 21:00,MYX:FCPO1!,2410,2423,2370,2374,23755,2384
22/6/2016 21:00,MYX:FCPO1!,2378,2417,2351,2384,31623,2379
23/6/2016 21:00,MYX:FCPO1!,2378,2412,2366,2379,29933,2379
27/6/2016 10:00,MYX:FCPO1!,2390,2408,2355,2379,21581,2378
27/6/2016 21:00,MYX:FCPO1!,2389,2396,2368,2378,20441,2323
28/6/2016 21:00,MYX:FCPO1!,2362,2365,2317,2323,24239,2353
29/6/2016 21:00,MYX:FCPO1!,2335,2379,2319,2353,26205,2359
30/6/2016 21:00,MYX:FCPO1!,2379,2379,2334,2359,18637,2401
4/7/2016 10:00,MYX:FCPO1!,2395,2404,2380,2401,16936,2355
4/7/2016 21:00,MYX:FCPO1!,2382,2383,2350,2355,9649,2241
7/7/2016 21:00,MYX:FCPO1!,2265,2280,2223,2241,25690,2240
11/7/2016 10:00,MYX:FCPO1!,2250,2259,2217,2240,20601,2188
11/7/2016 21:00,MYX:FCPO1!,2237,2250,2186,2188,22770,2222
12/7/2016 21:00,MYX:FCPO1!,2213,2241,2210,2222,23674,2249
13/7/2016 21:00,MYX:FCPO1!,2210,2272,2192,2249,24845,2278
14/7/2016 21:00,MYX:FCPO1!,2226,2299,2224,2278,22152,2278
18/7/2016 10:00,MYX:FCPO1!,2287,2294,2271,2278,15968,2303
18/7/2016 21:00,MYX:FCPO1!,2280,2308,2256,2303,21638,2347
19/7/2016 21:00,MYX:FCPO1!,2297,2354,2290,2347,22199,2353
20/7/2016 21:00,MYX:FCPO1!,2345,2368,2336,2353,20772,2320
21/7/2016 21:00,MYX:FCPO1!,2340,2347,2312,2320,17553,2270
25/7/2016 10:00,MYX:FCPO1!,2311,2315,2268,2270,19464,2309
25/7/2016 21:00,MYX:FCPO1!,2255,2325,2253,2309,21883,2318
26/7/2016 21:00,MYX:FCPO1!,2319,2338,2288,2318,20513,2300
27/7/2016 21:00,MYX:FCPO1!,2311,2317,2287,2300,15012,2316
28/7/2016 21:00,MYX:FCPO1!,2325,2333,2308,2316,17252,2327
1/8/2016 10:00,MYX:FCPO1!,2348,2353,2325,2327,16109,2338
1/8/2016 21:00,MYX:FCPO1!,2310,2348,2303,2338,20560,2415
2/8/2016 21:00,MYX:FCPO1!,2347,2419,2345,2415,19717,2444
3/8/2016 21:00,MYX:FCPO1!,2412,2454,2398,2444,23959,2407
4/8/2016 21:00,MYX:FCPO1!,2436,2436,2401,2407,17843,2439
8/8/2016 10:00,MYX:FCPO1!,2423,2448,2409,2439,19062,2466
8/8/2016 21:00,MYX:FCPO1!,2446,2490,2443,2466,18332,2500
9/8/2016 21:00,MYX:FCPO1!,2455,2512,2437,2500,31396,2484
10/8/2016 21:00,MYX:FCPO1!,2491,2493,2441,2484,30266,2525
11/8/2016 21:00,MYX:FCPO1!,2489,2551,2475,2525,33508,2622
15/8/2016 10:00,MYX:FCPO1!,2571,2633,2563,2622,25475,2539
15/8/2016 21:00,MYX:FCPO1!,2583,2584,2530,2539,26604,2643
16/8/2016 21:00,MYX:FCPO1!,2568,2668,2553,2643,32288,2576
17/8/2016 21:00,MYX:FCPO1!,2637,2640,2566,2576,26113,2578
18/8/2016 21:00,MYX:FCPO1!,2585,2625,2575,2578,25780,2543
22/8/2016 10:00,MYX:FCPO1!,2597,2606,2530,2543,25252,2578
22/8/2016 21:00,MYX:FCPO1!,2526,2581,2522,2578,20558,2600
23/8/2016 21:00,MYX:FCPO1!,2590,2623,2584,2600,19962,2561
24/8/2016 21:00,MYX:FCPO1!,2556,2574,2538,2561,22460,2552
25/8/2016 21:00,MYX:FCPO1!,2525,2567,2523,2552,17136,2517
29/8/2016 10:00,MYX:FCPO1!,2560,2573,2512,2517,20767,2526
29/8/2016 21:00,MYX:FCPO1!,2527,2541,2513,2526,16275,2520
31/8/2016 21:00,MYX:FCPO1!,2501,2522,2487,2520,17199,2595
1/9/2016 21:00,MYX:FCPO1!,2543,2598,2538,2595,16127,2644
5/9/2016 10:00,MYX:FCPO1!,2596,2658,2596,2644,25089,2629
5/9/2016 21:00,MYX:FCPO1!,2650,2662,2628,2629,21839,2598
6/9/2016 21:00,MYX:FCPO1!,2626,2628,2594,2598,20368,2609
7/9/2016 21:00,MYX:FCPO1!,2608,2623,2588,2609,15969,2640
8/9/2016 21:00,MYX:FCPO1!,2629,2656,2620,2640,15940,2592
12/9/2016 21:00,MYX:FCPO1!,2616,2645,2589,2592,27843,2564
13/9/2016 21:00,MYX:FCPO1!,2568,2576,2547,2564,29197,2594
14/9/2016 21:00,MYX:FCPO1!,2553,2610,2553,2594,22412,2642
19/9/2016 10:00,MYX:FCPO1!,2578,2654,2567,2642,26091,2693
19/9/2016 21:00,MYX:FCPO1!,2680,2725,2677,2693,23768,2677
20/9/2016 21:00,MYX:FCPO1!,2718,2728,2675,2677,23886,2725
21/9/2016 21:00,MYX:FCPO1!,2696,2729,2658,2725,26520,2676
22/9/2016 21:00,MYX:FCPO1!,2720,2728,2673,2676,24333,2715
26/9/2016 10:00,MYX:FCPO1!,2699,2737,2690,2715,22350,2663
26/9/2016 21:00,MYX:FCPO1!,2700,2705,2657,2663,18190,2605
27/9/2016 21:00,MYX:FCPO1!,2666,2676,2596,2605,29930,2616
28/9/2016 21:00,MYX:FCPO1!,2617,2631,2581,2616,25747,2636
29/9/2016 21:00,MYX:FCPO1!,2606,2643,2603,2636,18616,2600
3/10/2016 21:00,MYX:FCPO1!,2606,2620,2577,2600,28833,2556
4/10/2016 21:00,MYX:FCPO1!,2600,2610,2554,2556,27838,2579
5/10/2016 21:00,MYX:FCPO1!,2552,2582,2538,2579,25669,2561
6/10/2016 21:00,MYX:FCPO1!,2600,2609,2559,2561,23676,2542
10/10/2016 10:00,MYX:FCPO1!,2568,2580,2539,2542,21930,2611
10/10/2016 21:00,MYX:FCPO1!,2573,2615,2560,2611,27623,2653
11/10/2016 21:00,MYX:FCPO1!,2607,2661,2605,2653,22027,2618
12/10/2016 21:00,MYX:FCPO1!,2649,2659,2606,2618,21884,2660
13/10/2016 21:00,MYX:FCPO1!,2634,2683,2614,2660,26902,2768
17/10/2016 10:00,MYX:FCPO1!,2736,2778,2732,2768,21420,2714
17/10/2016 21:00,MYX:FCPO1!,2788,2800,2712,2714,31663,2732
18/10/2016 21:00,MYX:FCPO1!,2729,2752,2707,2732,27940,2718
19/10/2016 21:00,MYX:FCPO1!,2741,2756,2699,2718,25267,2724
20/10/2016 21:00,MYX:FCPO1!,2700,2735,2691,2724,25888,2822
24/10/2016 10:00,MYX:FCPO1!,2739,2828,2731,2822,24977,2760
24/10/2016 21:00,MYX:FCPO1!,2812,2822,2756,2760,25668,2796
25/10/2016 21:00,MYX:FCPO1!,2774,2806,2768,2796,22003,2786
26/10/2016 21:00,MYX:FCPO1!,2802,2820,2765,2786,31110,2788
27/10/2016 21:00,MYX:FCPO1!,2778,2807,2767,2788,18705,2763
31/10/2016 10:00,MYX:FCPO1!,2780,2787,2756,2763,19026,2732
31/10/2016 21:00,MYX:FCPO1!,2783,2792,2730,2732,19353,2758
1/11/2016 21:00,MYX:FCPO1!,2720,2764,2712,2758,24909,2774
2/11/2016 21:00,MYX:FCPO1!,2749,2776,2739,2774,27532,2736
3/11/2016 21:00,MYX:FCPO1!,2761,2776,2734,2736,18369,2789
7/11/2016 10:00,MYX:FCPO1!,2746,2794,2746,2789,22052,2843
7/11/2016 21:00,MYX:FCPO1!,2775,2863,2765,2843,25321,2845
8/11/2016 21:00,MYX:FCPO1!,2818,2860,2805,2845,23298,2894
9/11/2016 21:00,MYX:FCPO1!,2818,2903,2810,2894,21731,2974
10/11/2016 21:00,MYX:FCPO1!,2963,3089,2963,2974,31377,2852
14/11/2016 10:00,MYX:FCPO1!,2917,2922,2829,2852,27420,2824
14/11/2016 21:00,MYX:FCPO1!,2880,2900,2817,2824,26297,2855
15/11/2016 21:00,MYX:FCPO1!,2838,2885,2832,2855,25459,2876
16/11/2016 21:00,MYX:FCPO1!,2851,2907,2847,2876,27696,2869
17/11/2016 21:00,MYX:FCPO1!,2856,2876,2843,2869,23243,2919
21/11/2016 10:00,MYX:FCPO1!,2908,2931,2897,2919,23477,2928
21/11/2016 21:00,MYX:FCPO1!,2919,2944,2919,2928,14325,2954
22/11/2016 21:00,MYX:FCPO1!,2934,2961,2933,2954,13744,3004
23/11/2016 21:00,MYX:FCPO1!,3090,3098,2983,3004,20343,3032
24/11/2016 21:00,MYX:FCPO1!,2998,3046,2991,3032,20066,3077
28/11/2016 10:00,MYX:FCPO1!,3047,3079,3032,3077,19556,3050
28/11/2016 21:00,MYX:FCPO1!,3061,3072,3032,3050,16398,3073
29/11/2016 21:00,MYX:FCPO1!,3067,3083,3017,3073,25316,3079
30/11/2016 21:00,MYX:FCPO1!,3075,3091,3046,3079,20962,3076
1/12/2016 21:00,MYX:FCPO1!,3106,3106,3069,3076,23721,3135
5/12/2016 10:00,MYX:FCPO1!,3081,3148,3076,3135,21372,3183
5/12/2016 21:00,MYX:FCPO1!,3118,3185,3105,3183,21248,3142
6/12/2016 21:00,MYX:FCPO1!,3165,3188,3138,3142,26025,3113
7/12/2016 21:00,MYX:FCPO1!,3112,3129,3108,3113,12972,3069
8/12/2016 21:00,MYX:FCPO1!,3078,3106,3056,3069,21398,3098
12/12/2016 21:00,MYX:FCPO1!,3073,3102,3051,3098,15697,3125
13/12/2016 21:00,MYX:FCPO1!,3082,3141,3079,3125,15553,3185
14/12/2016 21:00,MYX:FCPO1!,3135,3193,3131,3185,20356,3161
15/12/2016 21:00,MYX:FCPO1!,3190,3202,3151,3161,24813,3142
19/12/2016 10:00,MYX:FCPO1!,3191,3202,3139,3142,17725,3093
19/12/2016 21:00,MYX:FCPO1!,3115,3126,3092,3093,21057,3114
20/12/2016 21:00,MYX:FCPO1!,3093,3131,3082,3114,17612,3076
21/12/2016 21:00,MYX:FCPO1!,3096,3124,3070,3076,17592,3060
22/12/2016 21:00,MYX:FCPO1!,3013,3061,3013,3060,17131,3128
26/12/2016 21:00,MYX:FCPO1!,3065,3134,3065,3128,16077,3130
27/12/2016 21:00,MYX:FCPO1!,3124,3153,3121,3130,19364,3106
28/12/2016 21:00,MYX:FCPO1!,3115,3128,3084,3106,20676,3109
29/12/2016 21:00,MYX:FCPO1!,3095,3121,3088,3109,14300,3163
2/1/2017 21:00,MYX:FCPO1!,3133,3172,3133,3163,18668,3141
3/1/2017 21:00,MYX:FCPO1!,3138,3153,3130,3141,14456,3096
4/1/2017 21:00,MYX:FCPO1!,3164,3164,3094,3096,19610,3075
5/1/2017 21:00,MYX:FCPO1!,3100,3100,3028,3075,29823,3112
9/1/2017 10:00,MYX:FCPO1!,3080,3121,3079,3112,18748,3082
9/1/2017 21:00,MYX:FCPO1!,3116,3144,3080,3082,25913,3133
10/1/2017 21:00,MYX:FCPO1!,3095,3140,3093,3133,29033,3116
11/1/2017 21:00,MYX:FCPO1!,3132,3133,3103,3116,25175,3120
12/1/2017 21:00,MYX:FCPO1!,3130,3150,3108,3120,23117,3110
16/1/2017 10:00,MYX:FCPO1!,3062,3111,3062,3110,20216,3159
16/1/2017 21:00,MYX:FCPO1!,3113,3160,3110,3159,18565,3150
17/1/2017 21:00,MYX:FCPO1!,3145,3175,3141,3150,20693,3131
18/1/2017 21:00,MYX:FCPO1!,3157,3171,3130,3131,21405,3101
19/1/2017 21:00,MYX:FCPO1!,3107,3130,3095,3101,16700,3096
23/1/2017 10:00,MYX:FCPO1!,3114,3115,3089,3096,12333,3149
23/1/2017 21:00,MYX:FCPO1!,3120,3163,3113,3149,21778,3125
24/1/2017 21:00,MYX:FCPO1!,3131,3150,3106,3125,18204,3087
25/1/2017 21:00,MYX:FCPO1!,3109,3119,3084,3087,23646,3070
26/1/2017 21:00,MYX:FCPO1!,3052,3073,3051,3070,7113,3029
30/1/2017 21:00,MYX:FCPO1!,3030,3037,3014,3029,20335,3072
1/2/2017 21:00,MYX:FCPO1!,3069,3085,3058,3072,25586,3055
2/2/2017 21:00,MYX:FCPO1!,3054,3072,3045,3055,21290,3068
6/2/2017 10:00,MYX:FCPO1!,3037,3070,3032,3068,17787,3082
6/2/2017 21:00,MYX:FCPO1!,3090,3094,3057,3082,25147,3098
7/2/2017 21:00,MYX:FCPO1!,3101,3127,3095,3098,21443,3071
9/2/2017 21:00,MYX:FCPO1!,3120,3135,3068,3071,23351,3036
13/2/2017 10:00,MYX:FCPO1!,3087,3093,3019,3036,27606,3049
13/2/2017 21:00,MYX:FCPO1!,3020,3058,3011,3049,24833,3067
14/2/2017 21:00,MYX:FCPO1!,3057,3075,3051,3067,18209,2929
15/2/2017 21:00,MYX:FCPO1!,2976,2986,2925,2929,29705,2859
16/2/2017 21:00,MYX:FCPO1!,2901,2908,2851,2859,32386,2831
20/2/2017 10:00,MYX:FCPO1!,2860,2882,2827,2831,33237,2783
20/2/2017 21:00,MYX:FCPO1!,2854,2860,2777,2783,34470,2809
21/2/2017 21:00,MYX:FCPO1!,2792,2812,2763,2809,42390,2782
22/2/2017 21:00,MYX:FCPO1!,2806,2810,2743,2782,44068,2806
23/2/2017 21:00,MYX:FCPO1!,2770,2808,2763,2806,31650,2754
27/2/2017 10:00,MYX:FCPO1!,2815,2815,2751,2754,26699,2770
27/2/2017 21:00,MYX:FCPO1!,2758,2773,2723,2770,35810,2831
28/2/2017 21:00,MYX:FCPO1!,2818,2835,2783,2831,33456,2862
1/3/2017 21:00,MYX:FCPO1!,2815,2864,2812,2862,26924,2863
2/3/2017 21:00,MYX:FCPO1!,2851,2869,2833,2863,23403,2893
6/3/2017 10:00,MYX:FCPO1!,2874,2898,2872,2893,19525,2859
6/3/2017 21:00,MYX:FCPO1!,2872,2875,2841,2859,14764,2875
7/3/2017 21:00,MYX:FCPO1!,2831,2880,2821,2875,20675,2839
8/3/2017 21:00,MYX:FCPO1!,2853,2872,2826,2839,29313,2771
9/3/2017 21:00,MYX:FCPO1!,2800,2810,2769,2771,23715,2723
13/3/2017 10:00,MYX:FCPO1!,2770,2806,2717,2723,30785,2752
13/3/2017 21:00,MYX:FCPO1!,2711,2765,2697,2752,31290,2817
14/3/2017 21:00,MYX:FCPO1!,2773,2822,2756,2817,25592,2796
15/3/2017 21:00,MYX:FCPO1!,2745,2807,2727,2796,32495,2803
16/3/2017 21:00,MYX:FCPO1!,2778,2809,2769,2803,17632,2780
20/3/2017 10:00,MYX:FCPO1!,2798,2812,2772,2780,27627,2809
20/3/2017 21:00,MYX:FCPO1!,2778,2811,2754,2809,26603,2829
21/3/2017 21:00,MYX:FCPO1!,2825,2839,2797,2829,21970,2771
22/3/2017 21:00,MYX:FCPO1!,2833,2834,2763,2771,27456,2754
23/3/2017 21:00,MYX:FCPO1!,2759,2768,2742,2754,19871,2695
27/3/2017 10:00,MYX:FCPO1!,2715,2715,2685,2695,21961,2707
27/3/2017 21:00,MYX:FCPO1!,2709,2731,2699,2707,24328,2721
28/3/2017 21:00,MYX:FCPO1!,2724,2734,2706,2721,23909,2659
29/3/2017 21:00,MYX:FCPO1!,2700,2705,2656,2659,21632,2646
30/3/2017 21:00,MYX:FCPO1!,2676,2690,2645,2646,22414,2662
3/4/2017 10:00,MYX:FCPO1!,2660,2668,2643,2662,15668,2631
3/4/2017 21:00,MYX:FCPO1!,2647,2657,2627,2631,20241,2714
4/4/2017 21:00,MYX:FCPO1!,2640,2717,2636,2714,27082,2708
5/4/2017 21:00,MYX:FCPO1!,2703,2716,2694,2708,18022,2660
6/4/2017 21:00,MYX:FCPO1!,2685,2697,2638,2660,24184,2593
10/4/2017 10:00,MYX:FCPO1!,2680,2681,2592,2593,27039,2612
10/4/2017 21:00,MYX:FCPO1!,2602,2630,2580,2612,27158,2589
11/4/2017 21:00,MYX:FCPO1!,2611,2619,2568,2589,22883,2566
12/4/2017 21:00,MYX:FCPO1!,2605,2616,2563,2566,27157,2554
13/4/2017 21:00,MYX:FCPO1!,2555,2569,2543,2554,15955,2498
17/4/2017 10:00,MYX:FCPO1!,2523,2533,2486,2498,25259,2473
17/4/2017 21:00,MYX:FCPO1!,2514,2517,2468,2473,27717,2465
18/4/2017 21:00,MYX:FCPO1!,2458,2482,2450,2465,29217,2504
19/4/2017 21:00,MYX:FCPO1!,2477,2505,2474,2504,30260,2530
20/4/2017 21:00,MYX:FCPO1!,2496,2535,2492,2530,26506,2486
24/4/2017 21:00,MYX:FCPO1!,2495,2501,2458,2486,24973,2514
25/4/2017 21:00,MYX:FCPO1!,2486,2517,2476,2514,29236,2506
26/4/2017 21:00,MYX:FCPO1!,2525,2545,2496,2506,21970,2508
27/4/2017 21:00,MYX:FCPO1!,2500,2523,2485,2508,18959,2548
1/5/2017 21:00,MYX:FCPO1!,2535,2556,2520,2548,18386,2522
2/5/2017 21:00,MYX:FCPO1!,2549,2551,2518,2522,18683,2536
3/5/2017 21:00,MYX:FCPO1!,2518,2543,2511,2536,14614,2578
4/5/2017 21:00,MYX:FCPO1!,2537,2581,2526,2578,19802,2598
8/5/2017 10:00,MYX:FCPO1!,2597,2627,2583,2598,25130,2628
8/5/2017 21:00,MYX:FCPO1!,2602,2637,2593,2628,20779,2672
10/5/2017 21:00,MYX:FCPO1!,2611,2675,2605,2672,21415,2651
11/5/2017 21:00,MYX:FCPO1!,2667,2678,2639,2651,20849,2684
15/5/2017 10:00,MYX:FCPO1!,2680,2688,2653,2684,27573,2610
15/5/2017 21:00,MYX:FCPO1!,2612,2612,2583,2610,22242,2643
16/5/2017 21:00,MYX:FCPO1!,2603,2646,2598,2643,25279,2626
17/5/2017 21:00,MYX:FCPO1!,2626,2642,2611,2626,26313,2635
18/5/2017 21:00,MYX:FCPO1!,2631,2642,2597,2635,27923,2659
22/5/2017 10:00,MYX:FCPO1!,2664,2681,2654,2659,16471,2617
22/5/2017 21:00,MYX:FCPO1!,2658,2666,2611,2617,20845,2580
23/5/2017 21:00,MYX:FCPO1!,2592,2604,2579,2580,24769,2607
24/5/2017 21:00,MYX:FCPO1!,2580,2611,2566,2607,20006,2555
25/5/2017 21:00,MYX:FCPO1!,2584,2587,2550,2555,18888,2516
29/5/2017 10:00,MYX:FCPO1!,2545,2549,2509,2516,14015,2504
29/5/2017 21:00,MYX:FCPO1!,2516,2532,2475,2504,21997,2499
30/5/2017 21:00,MYX:FCPO1!,2495,2518,2469,2499,28498,2513
31/5/2017 21:00,MYX:FCPO1!,2497,2529,2488,2513,23464,2497
1/6/2017 21:00,MYX:FCPO1!,2513,2540,2495,2497,19060,2499
5/6/2017 10:00,MYX:FCPO1!,2512,2524,2487,2499,15181,2499
5/6/2017 21:00,MYX:FCPO1!,2502,2512,2474,2499,22051,2455
6/6/2017 21:00,MYX:FCPO1!,2502,2502,2452,2455,22008,2444
7/6/2017 21:00,MYX:FCPO1!,2459,2469,2436,2444,17576,2457
8/6/2017 21:00,MYX:FCPO1!,2465,2473,2447,2457,19550,2432
12/6/2017 21:00,MYX:FCPO1!,2463,2478,2425,2432,23712,2456
13/6/2017 21:00,MYX:FCPO1!,2440,2459,2426,2456,20451,2498
14/6/2017 21:00,MYX:FCPO1!,2453,2500,2440,2498,21670,2484
15/6/2017 21:00,MYX:FCPO1!,2480,2492,2466,2484,15672,2488
19/6/2017 10:00,MYX:FCPO1!,2499,2515,2484,2488,19811,2466
19/6/2017 21:00,MYX:FCPO1!,2476,2485,2451,2466,19785,2442
20/6/2017 21:00,MYX:FCPO1!,2435,2450,2430,2442,18486,2447
21/6/2017 21:00,MYX:FCPO1!,2433,2448,2426,2447,12801,2442
22/6/2017 21:00,MYX:FCPO1!,2439,2451,2429,2442,11823,2440
27/6/2017 21:00,MYX:FCPO1!,2454,2464,2428,2440,21241,2469
28/6/2017 21:00,MYX:FCPO1!,2456,2472,2447,2469,12665,2459
29/6/2017 21:00,MYX:FCPO1!,2475,2494,2453,2459,17422,2503
3/7/2017 10:00,MYX:FCPO1!,2496,2504,2487,2503,17223,2508
3/7/2017 21:00,MYX:FCPO1!,2483,2511,2475,2508,16224,2538
4/7/2017 21:00,MYX:FCPO1!,2514,2542,2504,2538,13754,2561
5/7/2017 21:00,MYX:FCPO1!,2540,2563,2540,2561,17158,2554
6/7/2017 21:00,MYX:FCPO1!,2551,2575,2540,2554,19310,2593
10/7/2017 10:00,MYX:FCPO1!,2576,2598,2574,2593,20461,2583
10/7/2017 21:00,MYX:FCPO1!,2614,2614,2580,2583,17929,2581
11/7/2017 21:00,MYX:FCPO1!,2592,2602,2573,2581,15877,2557
12/7/2017 21:00,MYX:FCPO1!,2570,2570,2553,2557,16950,2568
13/7/2017 21:00,MYX:FCPO1!,2540,2573,2532,2568,24928,2537
17/7/2017 10:00,MYX:FCPO1!,2560,2571,2536,2537,15208,2513
17/7/2017 21:00,MYX:FCPO1!,2546,2553,2508,2513,13533,2525
18/7/2017 21:00,MYX:FCPO1!,2505,2530,2494,2525,14689,2576
19/7/2017 21:00,MYX:FCPO1!,2543,2578,2537,2576,15803,2573
20/7/2017 21:00,MYX:FCPO1!,2585,2589,2562,2573,14316,2553
24/7/2017 10:00,MYX:FCPO1!,2550,2556,2542,2553,13185,2626
24/7/2017 21:00,MYX:FCPO1!,2570,2631,2565,2626,25817,2629
25/7/2017 21:00,MYX:FCPO1!,2610,2637,2599,2629,24959,2677
26/7/2017 21:00,MYX:FCPO1!,2637,2692,2636,2677,24825,2655
27/7/2017 21:00,MYX:FCPO1!,2665,2666,2637,2655,18502,2675
31/7/2017 10:00,MYX:FCPO1!,2689,2705,2673,2675,15240,2654
31/7/2017 21:00,MYX:FCPO1!,2680,2690,2652,2654,18067,2642
1/8/2017 21:00,MYX:FCPO1!,2630,2644,2617,2642,22818,2604
2/8/2017 21:00,MYX:FCPO1!,2630,2640,2602,2604,19564,2608
3/8/2017 21:00,MYX:FCPO1!,2604,2627,2598,2608,16781,2574
7/8/2017 10:00,MYX:FCPO1!,2614,2620,2572,2574,22739,2629
7/8/2017 21:00,MYX:FCPO1!,2589,2630,2585,2629,18911,2630
8/8/2017 21:00,MYX:FCPO1!,2640,2654,2627,2630,16751,2663
9/8/2017 21:00,MYX:FCPO1!,2641,2672,2634,2663,22487,2682
10/8/2017 21:00,MYX:FCPO1!,2636,2685,2623,2682,28218,2665
14/8/2017 10:00,MYX:FCPO1!,2666,2696,2661,2665,15704,2633
14/8/2017 21:00,MYX:FCPO1!,2668,2671,2631,2633,21031,2637
15/8/2017 21:00,MYX:FCPO1!,2619,2641,2608,2637,24348,2658
16/8/2017 21:00,MYX:FCPO1!,2647,2665,2638,2658,23361,2681
17/8/2017 21:00,MYX:FCPO1!,2661,2685,2644,2681,25443,2711
21/8/2017 10:00,MYX:FCPO1!,2688,2720,2672,2711,31850,2737
21/8/2017 21:00,MYX:FCPO1!,2721,2771,2721,2737,30762,2738
22/8/2017 21:00,MYX:FCPO1!,2740,2752,2715,2738,36735,2777
23/8/2017 21:00,MYX:FCPO1!,2733,2782,2730,2777,27012,2750
24/8/2017 21:00,MYX:FCPO1!,2760,2763,2738,2750,25628,2738
28/8/2017 10:00,MYX:FCPO1!,2762,2766,2726,2738,18562,2713
28/8/2017 21:00,MYX:FCPO1!,2726,2735,2711,2713,16925,2706
29/8/2017 21:00,MYX:FCPO1!,2724,2728,2703,2706,17966,2767
4/9/2017 21:00,MYX:FCPO1!,2736,2769,2731,2767,23504,2744
5/9/2017 21:00,MYX:FCPO1!,2756,2775,2740,2744,23972,2782
6/9/2017 21:00,MYX:FCPO1!,2729,2796,2716,2782,27958,2762
7/9/2017 21:00,MYX:FCPO1!,2766,2792,2748,2762,28788,2802
11/9/2017 10:00,MYX:FCPO1!,2760,2815,2758,2802,24244,2829
11/9/2017 21:00,MYX:FCPO1!,2802,2836,2791,2829,31172,2873
12/9/2017 21:00,MYX:FCPO1!,2839,2876,2828,2873,22264,2867
13/9/2017 21:00,MYX:FCPO1!,2884,2896,2861,2867,23915,2861
14/9/2017 21:00,MYX:FCPO1!,2853,2885,2835,2861,29365,2805
18/9/2017 10:00,MYX:FCPO1!,2827,2832,2803,2805,19938,2767
18/9/2017 21:00,MYX:FCPO1!,2817,2822,2766,2767,27382,2770
19/9/2017 21:00,MYX:FCPO1!,2783,2787,2761,2770,27728,2737
20/9/2017 21:00,MYX:FCPO1!,2780,2783,2736,2737,24734,2691
25/9/2017 10:00,MYX:FCPO1!,2699,2715,2685,2691,22746,2749
25/9/2017 21:00,MYX:FCPO1!,2699,2751,2699,2749,25729,2747
26/9/2017 21:00,MYX:FCPO1!,2722,2770,2718,2747,23279,2705
27/9/2017 21:00,MYX:FCPO1!,2709,2720,2693,2705,27268,2695
28/9/2017 21:00,MYX:FCPO1!,2698,2704,2686,2695,21337,2666
2/10/2017 10:00,MYX:FCPO1!,2689,2703,2655,2666,18206,2683
2/10/2017 21:00,MYX:FCPO1!,2663,2689,2653,2683,14544,2715
3/10/2017 21:00,MYX:FCPO1!,2693,2724,2688,2715,18408,2720
4/10/2017 21:00,MYX:FCPO1!,2736,2746,2708,2720,19452,2730
5/10/2017 21:00,MYX:FCPO1!,2710,2732,2706,2730,20418,2735
9/10/2017 10:00,MYX:FCPO1!,2744,2746,2721,2735,20983,2694
9/10/2017 21:00,MYX:FCPO1!,2738,2739,2686,2694,21144,2696
10/10/2017 21:00,MYX:FCPO1!,2692,2706,2677,2696,17127,2711
11/10/2017 21:00,MYX:FCPO1!,2711,2726,2703,2711,18708,2749
12/10/2017 21:00,MYX:FCPO1!,2716,2751,2690,2749,20962,2762
16/10/2017 10:00,MYX:FCPO1!,2760,2766,2747,2762,16930,2741
16/10/2017 21:00,MYX:FCPO1!,2760,2769,2738,2741,23578,2723
18/10/2017 21:00,MYX:FCPO1!,2741,2744,2704,2723,19528,2741
19/10/2017 21:00,MYX:FCPO1!,2739,2745,2721,2741,21670,2787
23/10/2017 10:00,MYX:FCPO1!,2746,2790,2742,2787,24270,2777
23/10/2017 21:00,MYX:FCPO1!,2793,2808,2771,2777,23179,2805
24/10/2017 21:00,MYX:FCPO1!,2780,2808,2761,2805,29735,2813
25/10/2017 21:00,MYX:FCPO1!,2800,2816,2792,2813,20953,2817
26/10/2017 21:00,MYX:FCPO1!,2822,2833,2810,2817,24233,2839
30/10/2017 10:00,MYX:FCPO1!,2840,2855,2833,2839,16256,2815
30/10/2017 21:00,MYX:FCPO1!,2829,2830,2811,2815,15038,2837
31/10/2017 21:00,MYX:FCPO1!,2827,2838,2802,2837,26258,2821
1/11/2017 21:00,MYX:FCPO1!,2840,2845,2817,2821,18426,2806
2/11/2017 21:00,MYX:FCPO1!,2815,2821,2793,2806,15851,2783
6/11/2017 10:00,MYX:FCPO1!,2794,2803,2780,2783,16700,2785
6/11/2017 21:00,MYX:FCPO1!,2805,2808,2772,2785,20242,2820
7/11/2017 21:00,MYX:FCPO1!,2793,2825,2784,2820,22243,2809
8/11/2017 21:00,MYX:FCPO1!,2828,2837,2805,2809,20634,2797
9/11/2017 21:00,MYX:FCPO1!,2791,2799,2776,2797,19231,2761
13/11/2017 10:00,MYX:FCPO1!,2788,2795,2759,2761,24418,2717
13/11/2017 21:00,MYX:FCPO1!,2743,2751,2715,2717,19718,2713
14/11/2017 21:00,MYX:FCPO1!,2715,2735,2709,2713,18903,2738
15/11/2017 21:00,MYX:FCPO1!,2755,2758,2722,2738,17805,2714
16/11/2017 21:00,MYX:FCPO1!,2728,2740,2712,2714,18951,2628
20/11/2017 10:00,MYX:FCPO1!,2683,2683,2626,2628,24024,2622
20/11/2017 21:00,MYX:FCPO1!,2614,2640,2586,2622,27523,2644
21/11/2017 21:00,MYX:FCPO1!,2635,2649,2615,2644,19108,2609
22/11/2017 21:00,MYX:FCPO1!,2633,2635,2606,2609,18687,2630
23/11/2017 21:00,MYX:FCPO1!,2623,2637,2614,2630,14789,2589
27/11/2017 10:00,MYX:FCPO1!,2611,2612,2565,2589,20093,2587
27/11/2017 21:00,MYX:FCPO1!,2582,2604,2580,2587,17132,2563
28/11/2017 21:00,MYX:FCPO1!,2587,2588,2560,2563,16482,2603
29/11/2017 21:00,MYX:FCPO1!,2584,2606,2567,2603,18352,2588
4/12/2017 10:00,MYX:FCPO1!,2613,2625,2583,2588,17795,2563
4/12/2017 21:00,MYX:FCPO1!,2578,2582,2544,2563,22116,2535
5/12/2017 21:00,MYX:FCPO1!,2564,2572,2530,2535,18225,2502
6/12/2017 21:00,MYX:FCPO1!,2515,2530,2499,2502,16126,2479
7/12/2017 21:00,MYX:FCPO1!,2517,2523,2477,2479,15559,2459
11/12/2017 10:00,MYX:FCPO1!,2489,2495,2455,2459,17446,2473
11/12/2017 21:00,MYX:FCPO1!,2478,2495,2462,2473,16303,2458
12/12/2017 21:00,MYX:FCPO1!,2470,2486,2449,2458,15563,2452
13/12/2017 21:00,MYX:FCPO1!,2445,2455,2418,2452,23580,2518
14/12/2017 21:00,MYX:FCPO1!,2441,2525,2440,2518,22864,2528
18/12/2017 10:00,MYX:FCPO1!,2552,2557,2527,2528,16900,2521
18/12/2017 21:00,MYX:FCPO1!,2517,2526,2494,2521,20526,2499
19/12/2017 21:00,MYX:FCPO1!,2525,2534,2496,2499,20570,2449
20/12/2017 21:00,MYX:FCPO1!,2488,2490,2442,2449,21424,2451
21/12/2017 21:00,MYX:FCPO1!,2441,2459,2417,2451,25222,2500
25/12/2017 21:00,MYX:FCPO1!,2464,2505,2451,2500,11438,2538
26/12/2017 21:00,MYX:FCPO1!,2515,2541,2503,2538,19744,2521
27/12/2017 21:00,MYX:FCPO1!,2522,2533,2508,2521,14929,2503
28/12/2017 21:00,MYX:FCPO1!,2499,2515,2485,2503,16575,2532
1/1/2018 21:00,MYX:FCPO1!,2530,2548,2526,2532,17405,2606
2/1/2018 21:00,MYX:FCPO1!,2543,2612,2538,2606,37621,2585
3/1/2018 21:00,MYX:FCPO1!,2607,2611,2581,2585,30013,2594
4/1/2018 21:00,MYX:FCPO1!,2594,2615,2589,2594,26955,2625
8/1/2018 10:00,MYX:FCPO1!,2581,2631,2562,2625,19987,2597
8/1/2018 21:00,MYX:FCPO1!,2626,2641,2593,2597,21829,2622
9/1/2018 21:00,MYX:FCPO1!,2612,2626,2587,2622,23990,2567
10/1/2018 21:00,MYX:FCPO1!,2612,2613,2566,2567,22864,2536
11/1/2018 21:00,MYX:FCPO1!,2555,2558,2528,2536,18782,2554
15/1/2018 10:00,MYX:FCPO1!,2542,2556,2518,2554,15843,2518
15/1/2018 21:00,MYX:FCPO1!,2551,2553,2493,2518,24198,2487
16/1/2018 21:00,MYX:FCPO1!,2510,2514,2471,2487,25084,2476
17/1/2018 21:00,MYX:FCPO1!,2476,2508,2462,2476,22925,2445
18/1/2018 21:00,MYX:FCPO1!,2455,2467,2433,2445,19669,2475
22/1/2018 10:00,MYX:FCPO1!,2445,2479,2445,2475,15743,2494
22/1/2018 21:00,MYX:FCPO1!,2463,2508,2452,2494,25314,2521
23/1/2018 21:00,MYX:FCPO1!,2502,2526,2493,2521,20759,2493
24/1/2018 21:00,MYX:FCPO1!,2521,2526,2491,2493,18960,2484
25/1/2018 21:00,MYX:FCPO1!,2498,2506,2478,2484,18134,2519
29/1/2018 10:00,MYX:FCPO1!,2491,2523,2488,2519,14122,2492
29/1/2018 21:00,MYX:FCPO1!,2507,2514,2484,2492,18180,2467
1/2/2018 21:00,MYX:FCPO1!,2485,2485,2461,2467,11115,2489
5/2/2018 10:00,MYX:FCPO1!,2458,2496,2445,2489,23969,2470
5/2/2018 21:00,MYX:FCPO1!,2477,2504,2468,2470,18236,2485
6/2/2018 21:00,MYX:FCPO1!,2490,2510,2483,2485,23303,2495
7/2/2018 21:00,MYX:FCPO1!,2474,2498,2470,2495,15751,2514
8/2/2018 21:00,MYX:FCPO1!,2485,2518,2481,2514,17280,2543
12/2/2018 10:00,MYX:FCPO1!,2518,2555,2511,2543,15916,2515
12/2/2018 21:00,MYX:FCPO1!,2533,2537,2505,2515,12597,2503
13/2/2018 21:00,MYX:FCPO1!,2505,2509,2493,2503,10423,2508
14/2/2018 21:00,MYX:FCPO1!,2511,2511,2501,2508,3590,2515
19/2/2018 10:00,MYX:FCPO1!,2500,2518,2485,2515,13444,2485
19/2/2018 21:00,MYX:FCPO1!,2515,2520,2481,2485,16331,2489
20/2/2018 21:00,MYX:FCPO1!,2493,2500,2475,2489,22346,2488
21/2/2018 21:00,MYX:FCPO1!,2501,2505,2477,2488,20025,2523
22/2/2018 21:00,MYX:FCPO1!,2504,2538,2502,2523,24428,2540
26/2/2018 10:00,MYX:FCPO1!,2544,2555,2531,2540,19910,2542
26/2/2018 21:00,MYX:FCPO1!,2544,2557,2534,2542,17622,2559
27/2/2018 21:00,MYX:FCPO1!,2535,2565,2534,2559,20972,2549
28/2/2018 21:00,MYX:FCPO1!,2555,2568,2546,2549,17738,2474
1/3/2018 21:00,MYX:FCPO1!,2527,2530,2467,2474,36482,2463
5/3/2018 10:00,MYX:FCPO1!,2449,2472,2449,2463,11917,2478
5/3/2018 21:00,MYX:FCPO1!,2478,2494,2455,2478,17812,2443
6/3/2018 21:00,MYX:FCPO1!,2476,2481,2440,2443,15541,2410
7/3/2018 21:00,MYX:FCPO1!,2425,2435,2408,2410,20743,2376
8/3/2018 21:00,MYX:FCPO1!,2399,2408,2368,2376,32804,2381
12/3/2018 10:00,MYX:FCPO1!,2376,2396,2350,2381,18889,2413
12/3/2018 21:00,MYX:FCPO1!,2393,2416,2373,2413,21890,2440
13/3/2018 21:00,MYX:FCPO1!,2417,2442,2410,2440,24673,2445
14/3/2018 21:00,MYX:FCPO1!,2424,2450,2418,2445,22800,2416
15/3/2018 21:00,MYX:FCPO1!,2449,2455,2414,2416,16561,2425
19/3/2018 10:00,MYX:FCPO1!,2414,2428,2407,2425,21084,2435
19/3/2018 21:00,MYX:FCPO1!,2413,2448,2410,2435,23204,2448
20/3/2018 21:00,MYX:FCPO1!,2430,2450,2420,2448,24627,2450
21/3/2018 21:00,MYX:FCPO1!,2455,2458,2432,2450,25732,2428
22/3/2018 21:00,MYX:FCPO1!,2440,2446,2421,2428,22139,2434
26/3/2018 10:00,MYX:FCPO1!,2430,2436,2412,2434,14127,2431
26/3/2018 21:00,MYX:FCPO1!,2419,2435,2410,2431,19955,2418
27/3/2018 21:00,MYX:FCPO1!,2426,2427,2417,2418,13604,2404
28/3/2018 21:00,MYX:FCPO1!,2406,2415,2399,2404,17516,2425
29/3/2018 21:00,MYX:FCPO1!,2419,2432,2418,2425,9031,2458
2/4/2018 10:00,MYX:FCPO1!,2438,2465,2438,2458,17152,2436
2/4/2018 21:00,MYX:FCPO1!,2452,2465,2435,2436,15387,2454
3/4/2018 21:00,MYX:FCPO1!,2453,2463,2383,2454,35780,2472
4/4/2018 21:00,MYX:FCPO1!,2456,2478,2455,2472,14277,2505
5/4/2018 21:00,MYX:FCPO1!,2478,2510,2459,2505,24788,2464
9/4/2018 10:00,MYX:FCPO1!,2497,2498,2462,2464,18582,2433
9/4/2018 21:00,MYX:FCPO1!,2468,2468,2420,2433,18621,2431
10/4/2018 21:00,MYX:FCPO1!,2431,2440,2422,2431,14499,2423
11/4/2018 21:00,MYX:FCPO1!,2417,2428,2403,2423,17226,2399
12/4/2018 21:00,MYX:FCPO1!,2428,2432,2398,2399,17387,2369
16/4/2018 10:00,MYX:FCPO1!,2394,2409,2368,2369,18220,2408
16/4/2018 21:00,MYX:FCPO1!,2362,2434,2354,2408,26771,2408
17/4/2018 21:00,MYX:FCPO1!,2397,2410,2380,2408,21254,2403
18/4/2018 21:00,MYX:FCPO1!,2420,2424,2395,2403,12890,2414
19/4/2018 21:00,MYX:FCPO1!,2405,2422,2393,2414,16810,2408
23/4/2018 10:00,MYX:FCPO1!,2414,2415,2400,2408,9997,2397
23/4/2018 21:00,MYX:FCPO1!,2393,2405,2391,2397,10598,2397
24/4/2018 21:00,MYX:FCPO1!,2396,2410,2393,2397,14845,2389
25/4/2018 21:00,MYX:FCPO1!,2392,2400,2387,2389,8037,2382
26/4/2018 21:00,MYX:FCPO1!,2391,2394,2380,2382,10273,2362
30/4/2018 10:00,MYX:FCPO1!,2381,2382,2356,2362,12701,2363
1/5/2018 21:00,MYX:FCPO1!,2369,2382,2359,2363,13058,2332
2/5/2018 21:00,MYX:FCPO1!,2372,2375,2329,2332,18394,2340
3/5/2018 21:00,MYX:FCPO1!,2331,2348,2324,2340,16624,2383
7/5/2018 10:00,MYX:FCPO1!,2352,2385,2352,2383,18766,2381
7/5/2018 21:00,MYX:FCPO1!,2388,2400,2379,2381,15774,2416
14/5/2018 10:00,MYX:FCPO1!,2439,2452,2406,2416,25852,2432
14/5/2018 21:00,MYX:FCPO1!,2429,2437,2407,2432,18969,2414
15/5/2018 21:00,MYX:FCPO1!,2426,2427,2406,2414,12934,2432
16/5/2018 21:00,MYX:FCPO1!,2400,2435,2399,2432,17793,2450
17/5/2018 21:00,MYX:FCPO1!,2453,2462,2447,2450,13946,2446
21/5/2018 10:00,MYX:FCPO1!,2477,2481,2433,2446,17181,2477
21/5/2018 21:00,MYX:FCPO1!,2455,2485,2451,2477,16908,2473
22/5/2018 21:00,MYX:FCPO1!,2468,2483,2463,2473,13965,2492
23/5/2018 21:00,MYX:FCPO1!,2487,2498,2483,2492,15059,2455
24/5/2018 21:00,MYX:FCPO1!,2480,2482,2447,2455,19947,2418
28/5/2018 10:00,MYX:FCPO1!,2431,2432,2408,2418,11355,2440
29/5/2018 21:00,MYX:FCPO1!,2418,2444,2395,2440,15696,2439
31/5/2018 21:00,MYX:FCPO1!,2412,2450,2410,2439,15151,2409
4/6/2018 10:00,MYX:FCPO1!,2444,2457,2407,2409,15456,2402
4/6/2018 21:00,MYX:FCPO1!,2388,2410,2382,2402,14060,2394
5/6/2018 21:00,MYX:FCPO1!,2404,2413,2392,2394,12290,2387
6/6/2018 21:00,MYX:FCPO1!,2385,2399,2375,2387,12042,2366
7/6/2018 21:00,MYX:FCPO1!,2378,2382,2360,2366,18277,2360
11/6/2018 10:00,MYX:FCPO1!,2362,2367,2345,2360,10622,2326
11/6/2018 21:00,MYX:FCPO1!,2362,2366,2323,2326,14029,2318
12/6/2018 21:00,MYX:FCPO1!,2300,2322,2300,2318,18905,2334
13/6/2018 21:00,MYX:FCPO1!,2313,2336,2313,2334,6540,2307
18/6/2018 10:00,MYX:FCPO1!,2320,2324,2305,2307,16047,2263
18/6/2018 21:00,MYX:FCPO1!,2301,2306,2238,2263,28405,2262
19/6/2018 21:00,MYX:FCPO1!,2264,2275,2247,2262,20795,2251
20/6/2018 21:00,MYX:FCPO1!,2274,2276,2238,2251,23655,2284
21/6/2018 21:00,MYX:FCPO1!,2254,2289,2250,2284,15521,2290
25/6/2018 10:00,MYX:FCPO1!,2275,2296,2258,2290,20561,2277
25/6/2018 21:00,MYX:FCPO1!,2279,2292,2273,2277,11628,2315
26/6/2018 21:00,MYX:FCPO1!,2279,2319,2271,2315,17855,2343
27/6/2018 21:00,MYX:FCPO1!,2309,2344,2305,2343,16802,2326
28/6/2018 21:00,MYX:FCPO1!,2339,2348,2316,2326,14764,2329
2/7/2018 10:00,MYX:FCPO1!,2327,2341,2315,2329,10828,2313
2/7/2018 21:00,MYX:FCPO1!,2327,2330,2296,2313,13149,2298
3/7/2018 21:00,MYX:FCPO1!,2314,2314,2290,2298,11440,2284
4/7/2018 21:00,MYX:FCPO1!,2304,2310,2278,2284,12702,2266
5/7/2018 21:00,MYX:FCPO1!,2279,2297,2264,2266,12767,2268
9/7/2018 10:00,MYX:FCPO1!,2281,2288,2266,2268,11786,2259
9/7/2018 21:00,MYX:FCPO1!,2262,2272,2234,2259,24525,2204
10/7/2018 21:00,MYX:FCPO1!,2245,2249,2202,2204,16624,2186
11/7/2018 21:00,MYX:FCPO1!,2197,2211,2176,2186,23846,2147
12/7/2018 21:00,MYX:FCPO1!,2175,2187,2144,2147,19844,2173
16/7/2018 10:00,MYX:FCPO1!,2157,2188,2156,2173,17380,2171
16/7/2018 21:00,MYX:FCPO1!,2172,2182,2164,2171,16866,2211
17/7/2018 21:00,MYX:FCPO1!,2183,2218,2178,2211,24268,2193
18/7/2018 21:00,MYX:FCPO1!,2218,2220,2185,2193,19022,2194
19/7/2018 21:00,MYX:FCPO1!,2191,2200,2172,2194,17725,2169
23/7/2018 10:00,MYX:FCPO1!,2205,2208,2167,2169,21741,2152
23/7/2018 21:00,MYX:FCPO1!,2165,2173,2148,2152,19207,2163
24/7/2018 21:00,MYX:FCPO1!,2160,2176,2140,2163,19969,2202
25/7/2018 21:00,MYX:FCPO1!,2181,2203,2177,2202,20918,2186
26/7/2018 21:00,MYX:FCPO1!,2189,2210,2183,2186,15953,2192
30/7/2018 10:00,MYX:FCPO1!,2197,2204,2186,2192,14505,2194
30/7/2018 21:00,MYX:FCPO1!,2196,2204,2176,2194,22248,2212
31/7/2018 21:00,MYX:FCPO1!,2197,2219,2190,2212,20282,2191
1/8/2018 21:00,MYX:FCPO1!,2214,2233,2189,2191,21140,2196
2/8/2018 21:00,MYX:FCPO1!,2185,2198,2179,2196,15607,2206
6/8/2018 10:00,MYX:FCPO1!,2209,2215,2193,2206,14156,2235
6/8/2018 21:00,MYX:FCPO1!,2201,2237,2199,2235,17508,2258
7/8/2018 21:00,MYX:FCPO1!,2236,2265,2219,2258,21857,2246
8/8/2018 21:00,MYX:FCPO1!,2249,2257,2241,2246,13395,2242
9/8/2018 21:00,MYX:FCPO1!,2236,2260,2225,2242,17230,2204
13/8/2018 10:00,MYX:FCPO1!,2208,2227,2200,2204,15295,2213
13/8/2018 21:00,MYX:FCPO1!,2215,2217,2195,2213,16865,2195
14/8/2018 21:00,MYX:FCPO1!,2217,2217,2192,2195,15084,2222
15/8/2018 21:00,MYX:FCPO1!,2207,2227,2201,2222,19051,2238
16/8/2018 21:00,MYX:FCPO1!,2236,2250,2233,2238,17019,2255
20/8/2018 10:00,MYX:FCPO1!,2257,2260,2244,2255,13836,2241
20/8/2018 21:00,MYX:FCPO1!,2247,2260,2236,2241,19304,2218
22/8/2018 21:00,MYX:FCPO1!,2237,2238,2217,2218,15004,2219
23/8/2018 21:00,MYX:FCPO1!,2223,2235,2218,2219,11775,2199
27/8/2018 10:00,MYX:FCPO1!,2205,2217,2197,2199,12115,2232
27/8/2018 21:00,MYX:FCPO1!,2212,2238,2210,2232,21408,2217
28/8/2018 21:00,MYX:FCPO1!,2232,2234,2214,2217,12411,2248
29/8/2018 21:00,MYX:FCPO1!,2222,2252,2218,2248,17786,2258
3/9/2018 10:00,MYX:FCPO1!,2247,2260,2235,2258,13756,2298
3/9/2018 21:00,MYX:FCPO1!,2272,2301,2270,2298,17911,2291
4/9/2018 21:00,MYX:FCPO1!,2292,2303,2278,2291,16957,2277
5/9/2018 21:00,MYX:FCPO1!,2286,2290,2272,2277,12710,2266
6/9/2018 21:00,MYX:FCPO1!,2265,2274,2258,2266,13397,2237
11/9/2018 21:00,MYX:FCPO1!,2260,2263,2231,2237,18475,2243
12/9/2018 21:00,MYX:FCPO1!,2245,2250,2239,2243,11351,2222
13/9/2018 21:00,MYX:FCPO1!,2235,2243,2222,2222,21489,2198
17/9/2018 21:00,MYX:FCPO1!,2220,2227,2195,2198,28762,2158
18/9/2018 21:00,MYX:FCPO1!,2189,2191,2156,2158,20734,2146
19/9/2018 21:00,MYX:FCPO1!,2164,2172,2137,2146,20724,2143
20/9/2018 21:00,MYX:FCPO1!,2148,2161,2138,2143,19899,2163
24/9/2018 10:00,MYX:FCPO1!,2162,2170,2146,2163,16569,2181
24/9/2018 21:00,MYX:FCPO1!,2168,2189,2151,2181,17220,2190
25/9/2018 21:00,MYX:FCPO1!,2191,2199,2182,2190,15677,2166
26/9/2018 21:00,MYX:FCPO1!,2186,2199,2165,2166,17694,2174
27/9/2018 21:00,MYX:FCPO1!,2175,2183,2149,2174,30087,2157
1/10/2018 10:00,MYX:FCPO1!,2178,2186,2155,2157,25320,2160
1/10/2018 21:00,MYX:FCPO1!,2168,2172,2147,2160,16018,2199
2/10/2018 21:00,MYX:FCPO1!,2186,2209,2179,2199,21069,2230
3/10/2018 21:00,MYX:FCPO1!,2201,2232,2201,2230,0,2221
4/10/2018 21:00,MYX:FCPO1!,2218,2235,2215,2221,16397,2187
8/10/2018 10:00,MYX:FCPO1!,2216,2216,2185,2187,16729,2205
8/10/2018 21:00,MYX:FCPO1!,2199,2209,2189,2205,14558,2193
9/10/2018 21:00,MYX:FCPO1!,2193,2217,2181,2193,20858,2171
10/10/2018 21:00,MYX:FCPO1!,2158,2177,2153,2171,13736,2193
11/10/2018 21:00,MYX:FCPO1!,2188,2201,2179,2193,15874,2191
15/10/2018 10:00,MYX:FCPO1!,2202,2220,2188,2191,23114,2244
15/10/2018 21:00,MYX:FCPO1!,2250,2257,2237,2244,14855,2261
16/10/2018 21:00,MYX:FCPO1!,2248,2265,2245,2261,15177,2239
17/10/2018 21:00,MYX:FCPO1!,2244,2248,2224,2239,23624,2224
18/10/2018 21:00,MYX:FCPO1!,2227,2231,2215,2224,13133,2237
22/10/2018 10:00,MYX:FCPO1!,2229,2243,2226,2237,13522,2218
22/10/2018 21:00,MYX:FCPO1!,2239,2247,2215,2218,13027,2200
23/10/2018 21:00,MYX:FCPO1!,2206,2207,2189,2200,11402,2176
24/10/2018 21:00,MYX:FCPO1!,2186,2186,2166,2176,13499,2148
25/10/2018 21:00,MYX:FCPO1!,2182,2186,2145,2148,14640,2187
29/10/2018 10:00,MYX:FCPO1!,2150,2193,2150,2187,15334,2169
29/10/2018 21:00,MYX:FCPO1!,2170,2180,2155,2169,16077,2150
30/10/2018 21:00,MYX:FCPO1!,2166,2171,2147,2150,13896,2144
31/10/2018 21:00,MYX:FCPO1!,2156,2159,2133,2144,20480,2153
1/11/2018 21:00,MYX:FCPO1!,2118,2155,2108,2153,20767,2122
5/11/2018 10:00,MYX:FCPO1!,2145,2145,2118,2122,13690,2111
6/11/2018 21:00,MYX:FCPO1!,2109,2129,2105,2111,13911,2085
7/11/2018 21:00,MYX:FCPO1!,2119,2119,2080,2085,22155,2040
8/11/2018 21:00,MYX:FCPO1!,2077,2077,2039,2040,21593,2034
12/11/2018 10:00,MYX:FCPO1!,2031,2053,2008,2034,22415,2007
12/11/2018 21:00,MYX:FCPO1!,2031,2036,2006,2007,15929,1973
13/11/2018 21:00,MYX:FCPO1!,1969,1988,1965,1973,23435,1979
14/11/2018 21:00,MYX:FCPO1!,1980,1993,1966,1979,15308,1972
15/11/2018 21:00,MYX:FCPO1!,2061,2066,1969,1972,30150,1986
19/11/2018 10:00,MYX:FCPO1!,1985,2008,1983,1986,20884,2006
20/11/2018 21:00,MYX:FCPO1!,1975,2017,1949,2006,25523,2057
21/11/2018 21:00,MYX:FCPO1!,2010,2078,1999,2057,22745,2044
22/11/2018 21:00,MYX:FCPO1!,2049,2062,2036,2044,19273,1972
26/11/2018 10:00,MYX:FCPO1!,2036,2055,1965,1972,23009,1966
26/11/2018 21:00,MYX:FCPO1!,1940,1977,1940,1966,21975,2014
27/11/2018 21:00,MYX:FCPO1!,1982,2017,1966,2014,20242,2027
28/11/2018 21:00,MYX:FCPO1!,2023,2038,1998,2027,23168,2040
29/11/2018 21:00,MYX:FCPO1!,2028,2046,2020,2040,15563,2000
3/12/2018 10:00,MYX:FCPO1!,2064,2064,1988,2000,22332,2020
3/12/2018 21:00,MYX:FCPO1!,1999,2037,1997,2020,20599,1995
4/12/2018 21:00,MYX:FCPO1!,2014,2015,1990,1995,13192,2005
5/12/2018 21:00,MYX:FCPO1!,1985,2014,1979,2005,23992,1998
6/12/2018 21:00,MYX:FCPO1!,1995,2005,1984,1998,16711,2042
10/12/2018 10:00,MYX:FCPO1!,2000,2049,1985,2042,17564,2015
10/12/2018 21:00,MYX:FCPO1!,2025,2026,2001,2015,14944,2032
11/12/2018 21:00,MYX:FCPO1!,2028,2041,2019,2032,14048,2046
12/12/2018 21:00,MYX:FCPO1!,2025,2067,2023,2046,16723,2068
13/12/2018 21:00,MYX:FCPO1!,2030,2071,2028,2068,15376,2121
17/12/2018 10:00,MYX:FCPO1!,2141,2142,2099,2121,19472,2155
17/12/2018 21:00,MYX:FCPO1!,2113,2158,2106,2155,22094,2198
18/12/2018 21:00,MYX:FCPO1!,2150,2200,2145,2198,25600,2185
19/12/2018 21:00,MYX:FCPO1!,2190,2200,2167,2185,19016,2157
20/12/2018 21:00,MYX:FCPO1!,2176,2184,2156,2157,15536,2128
24/12/2018 10:00,MYX:FCPO1!,2132,2156,2124,2128,12456,2094
25/12/2018 21:00,MYX:FCPO1!,2115,2120,2093,2094,12831,2105
26/12/2018 21:00,MYX:FCPO1!,2107,2129,2100,2105,13494,2121
27/12/2018 21:00,MYX:FCPO1!,2115,2127,2103,2121,14090,2121
31/12/2018 10:00,MYX:FCPO1!,2140,2140,2118,2121,8486,2166
1/1/2019 21:00,MYX:FCPO1!,2137,2171,2132,2166,13419,2151
2/1/2019 21:00,MYX:FCPO1!,2178,2181,2150,2151,13043,2172
3/1/2019 21:00,MYX:FCPO1!,2161,2178,2144,2172,12980,2160
7/1/2019 10:00,MYX:FCPO1!,2172,2176,2150,2160,16240,2178
7/1/2019 21:00,MYX:FCPO1!,2151,2197,2151,2178,19196,2182
8/1/2019 21:00,MYX:FCPO1!,2179,2202,2173,2182,16593,2163
9/1/2019 21:00,MYX:FCPO1!,2184,2188,2150,2163,15365,2171
10/1/2019 21:00,MYX:FCPO1!,2149,2174,2146,2171,10591,2136
14/1/2019 10:00,MYX:FCPO1!,2170,2183,2134,2136,15575,2146
14/1/2019 21:00,MYX:FCPO1!,2139,2161,2138,2146,11792,2175
15/1/2019 21:00,MYX:FCPO1!,2178,2185,2172,2175,12139,2198
16/1/2019 21:00,MYX:FCPO1!,2170,2200,2165,2198,12939,2226
17/1/2019 21:00,MYX:FCPO1!,2223,2228,2208,2226,14116,2263
21/1/2019 21:00,MYX:FCPO1!,2259,2269,2244,2263,18155,2283
22/1/2019 21:00,MYX:FCPO1!,2268,2288,2250,2283,15437,2297
23/1/2019 21:00,MYX:FCPO1!,2278,2298,2276,2297,10731,2294
24/1/2019 21:00,MYX:FCPO1!,2298,2307,2288,2294,10763,2327
28/1/2019 10:00,MYX:FCPO1!,2333,2333,2315,2327,10960,2294
28/1/2019 21:00,MYX:FCPO1!,2327,2327,2290,2294,15261,2303
29/1/2019 21:00,MYX:FCPO1!,2289,2317,2277,2303,15461,2299
30/1/2019 21:00,MYX:FCPO1!,2295,2303,2286,2299,10913,2306
4/2/2019 10:00,MYX:FCPO1!,2283,2313,2283,2306,3388,2318
6/2/2019 21:00,MYX:FCPO1!,2337,2344,2317,2318,12636,2290
7/2/2019 21:00,MYX:FCPO1!,2308,2312,2289,2290,10588,2266
11/2/2019 10:00,MYX:FCPO1!,2289,2290,2264,2266,13470,2254
11/2/2019 21:00,MYX:FCPO1!,2247,2268,2247,2254,12460,2250
12/2/2019 21:00,MYX:FCPO1!,2255,2272,2248,2250,11388,2277
13/2/2019 21:00,MYX:FCPO1!,2257,2286,2249,2277,12782,2254
14/2/2019 21:00,MYX:FCPO1!,2275,2275,2250,2254,11065,2286
18/2/2019 10:00,MYX:FCPO1!,2281,2294,2274,2286,12400,2260
18/2/2019 21:00,MYX:FCPO1!,2301,2311,2256,2260,18472,2245
19/2/2019 21:00,MYX:FCPO1!,2257,2270,2238,2245,17273,2264
20/2/2019 21:00,MYX:FCPO1!,2246,2266,2234,2264,14860,2257
21/2/2019 21:00,MYX:FCPO1!,2275,2278,2250,2257,14440,2213
25/2/2019 10:00,MYX:FCPO1!,2278,2278,2212,2213,19737,2183
25/2/2019 21:00,MYX:FCPO1!,2204,2208,2166,2183,24213,2132
26/2/2019 21:00,MYX:FCPO1!,2184,2208,2129,2132,40992,2121
27/2/2019 21:00,MYX:FCPO1!,2141,2162,2115,2121,20441,2189
28/2/2019 21:00,MYX:FCPO1!,2136,2198,2127,2189,25996,2149
4/3/2019 10:00,MYX:FCPO1!,2202,2217,2148,2149,19237,2161
4/3/2019 21:00,MYX:FCPO1!,2143,2178,2143,2161,19965,2157
5/3/2019 21:00,MYX:FCPO1!,2173,2176,2141,2157,21860,2135
6/3/2019 21:00,MYX:FCPO1!,2148,2154,2126,2135,17285,2125
7/3/2019 21:00,MYX:FCPO1!,2133,2158,2116,2125,22750,2119
11/3/2019 10:00,MYX:FCPO1!,2133,2144,2108,2119,17776,2116
11/3/2019 21:00,MYX:FCPO1!,2127,2140,2114,2116,18372,2091
12/3/2019 21:00,MYX:FCPO1!,2117,2121,2070,2091,19453,2063
13/3/2019 21:00,MYX:FCPO1!,2087,2090,2051,2063,18844,2067
14/3/2019 21:00,MYX:FCPO1!,2055,2088,2038,2067,18664,2105
18/3/2019 10:00,MYX:FCPO1!,2107,2122,2101,2105,17723,2131
18/3/2019 21:00,MYX:FCPO1!,2101,2145,2092,2131,26109,2164
19/3/2019 21:00,MYX:FCPO1!,2125,2172,2119,2164,22394,2172
20/3/2019 21:00,MYX:FCPO1!,2160,2184,2154,2172,18458,2167
21/3/2019 21:00,MYX:FCPO1!,2160,2175,2152,2167,14793,2140
25/3/2019 10:00,MYX:FCPO1!,2155,2156,2133,2140,11800,2132
25/3/2019 21:00,MYX:FCPO1!,2147,2149,2122,2132,15405,2136
26/3/2019 21:00,MYX:FCPO1!,2130,2141,2109,2136,18015,2120
27/3/2019 21:00,MYX:FCPO1!,2131,2131,2106,2120,16801,2106
28/3/2019 21:00,MYX:FCPO1!,2102,2112,2095,2106,11556,2113
1/4/2019 10:00,MYX:FCPO1!,2110,2121,2098,2113,12680,2153
1/4/2019 21:00,MYX:FCPO1!,2125,2154,2124,2153,21059,2175
2/4/2019 21:00,MYX:FCPO1!,2166,2182,2164,2175,22922,2204
3/4/2019 21:00,MYX:FCPO1!,2164,2214,2164,2204,21464,2224
4/4/2019 21:00,MYX:FCPO1!,2215,2235,2199,2224,19238,2200
8/4/2019 10:00,MYX:FCPO1!,2220,2225,2196,2200,17541,2212
8/4/2019 21:00,MYX:FCPO1!,2212,2232,2210,2212,17504,2170
9/4/2019 21:00,MYX:FCPO1!,2218,2219,2155,2170,24835,2154
10/4/2019 21:00,MYX:FCPO1!,2175,2180,2148,2154,19595,2162
11/4/2019 21:00,MYX:FCPO1!,2150,2177,2150,2162,19170,2142
15/4/2019 10:00,MYX:FCPO1!,2172,2172,2140,2142,16606,2173
15/4/2019 21:00,MYX:FCPO1!,2152,2184,2139,2173,16633,2205
16/4/2019 21:00,MYX:FCPO1!,2181,2219,2180,2205,15836,2183
17/4/2019 21:00,MYX:FCPO1!,2194,2200,2164,2183,16861,2190
18/4/2019 21:00,MYX:FCPO1!,2203,2206,2180,2190,9585,2172
22/4/2019 10:00,MYX:FCPO1!,2211,2211,2171,2172,14037,2170
22/4/2019 21:00,MYX:FCPO1!,2166,2174,2152,2170,14952,2170
23/4/2019 21:00,MYX:FCPO1!,2145,2175,2140,2170,18058,2157
24/4/2019 21:00,MYX:FCPO1!,2172,2179,2156,2157,15578,2118
25/4/2019 21:00,MYX:FCPO1!,2136,2137,2104,2118,19830,2108
29/4/2019 10:00,MYX:FCPO1!,2116,2121,2099,2108,12036,2095
29/4/2019 21:00,MYX:FCPO1!,2121,2124,2092,2095,16655,2032
1/5/2019 21:00,MYX:FCPO1!,2089,2090,2016,2032,21553,2010
2/5/2019 21:00,MYX:FCPO1!,2034,2046,2006,2010,18953,1984
6/5/2019 10:00,MYX:FCPO1!,1984,1996,1970,1984,21355,2040
6/5/2019 21:00,MYX:FCPO1!,2004,2042,2000,2040,15991,2037
7/5/2019 21:00,MYX:FCPO1!,2037,2058,2012,2037,18355,2005
8/5/2019 21:00,MYX:FCPO1!,2025,2039,2001,2005,20154,1983
9/5/2019 21:00,MYX:FCPO1!,1996,2019,1981,1983,19266,1985
13/5/2019 10:00,MYX:FCPO1!,1970,1986,1960,1985,16446,2014
13/5/2019 21:00,MYX:FCPO1!,2002,2019,1983,2014,23132,2029
14/5/2019 21:00,MYX:FCPO1!,2028,2050,2021,2029,16667,2096
15/5/2019 21:00,MYX:FCPO1!,2046,2099,2043,2096,22899,2098
16/5/2019 21:00,MYX:FCPO1!,2105,2112,2078,2098,26816,2057
20/5/2019 21:00,MYX:FCPO1!,2108,2115,2051,2057,18255,2016
22/5/2019 21:00,MYX:FCPO1!,2040,2040,2012,2016,15476,2013
23/5/2019 21:00,MYX:FCPO1!,2001,2018,1993,2013,13788,2025
27/5/2019 10:00,MYX:FCPO1!,2020,2044,2020,2025,13074,2066
27/5/2019 21:00,MYX:FCPO1!,2036,2069,2029,2066,17151,2105
28/5/2019 21:00,MYX:FCPO1!,2089,2115,2082,2105,18300,2084
29/5/2019 21:00,MYX:FCPO1!,2094,2095,2070,2084,18536,2069
30/5/2019 21:00,MYX:FCPO1!,2083,2093,2065,2069,15231,2028
3/6/2019 10:00,MYX:FCPO1!,2053,2055,2026,2028,16304,2056
3/6/2019 21:00,MYX:FCPO1!,2037,2061,2032,2056,9167,2028
6/6/2019 21:00,MYX:FCPO1!,2068,2075,2023,2028,16653,1994
10/6/2019 10:00,MYX:FCPO1!,2027,2031,1991,1994,14200,2007
10/6/2019 21:00,MYX:FCPO1!,2000,2019,1995,2007,19292,1968
11/6/2019 21:00,MYX:FCPO1!,2001,2015,1964,1968,22156,2008
12/6/2019 21:00,MYX:FCPO1!,1994,2021,1983,2008,24494,2009
13/6/2019 21:00,MYX:FCPO1!,2027,2030,2006,2009,18410,2034
17/6/2019 10:00,MYX:FCPO1!,2008,2038,2002,2034,18978,2022
17/6/2019 21:00,MYX:FCPO1!,2028,2059,2016,2022,28840,2046
18/6/2019 21:00,MYX:FCPO1!,2025,2049,2007,2046,23421,2023
19/6/2019 21:00,MYX:FCPO1!,2041,2042,2017,2023,20413,2022
20/6/2019 21:00,MYX:FCPO1!,2029,2040,2021,2022,16140,1998
24/6/2019 10:00,MYX:FCPO1!,2009,2012,1995,1998,16583,1981
24/6/2019 21:00,MYX:FCPO1!,1999,2010,1972,1981,20389,1966
25/6/2019 21:00,MYX:FCPO1!,1967,1980,1953,1966,23263,1963
26/6/2019 21:00,MYX:FCPO1!,1970,1987,1962,1963,19976,1951
27/6/2019 21:00,MYX:FCPO1!,1963,1966,1946,1951,16558,1958
1/7/2019 10:00,MYX:FCPO1!,1979,1982,1956,1958,18325,1967
1/7/2019 21:00,MYX:FCPO1!,1949,1971,1938,1967,20139,1956
2/7/2019 21:00,MYX:FCPO1!,1945,1959,1938,1956,16765,1950
3/7/2019 21:00,MYX:FCPO1!,1962,1965,1947,1950,11431,1960
4/7/2019 21:00,MYX:FCPO1!,1946,1969,1930,1960,27726,1945
8/7/2019 10:00,MYX:FCPO1!,1959,1964,1940,1945,17175,1942
8/7/2019 21:00,MYX:FCPO1!,1949,1955,1928,1942,16726,1937
9/7/2019 21:00,MYX:FCPO1!,1948,1956,1916,1937,21268,1941
10/7/2019 21:00,MYX:FCPO1!,1936,1947,1921,1941,20373,1944
11/7/2019 21:00,MYX:FCPO1!,1935,1952,1926,1944,16106,1958
15/7/2019 10:00,MYX:FCPO1!,1956,1965,1938,1958,19383,1981
15/7/2019 21:00,MYX:FCPO1!,1980,1989,1973,1981,14781,1988
16/7/2019 21:00,MYX:FCPO1!,1970,1990,1963,1988,16423,1983
17/7/2019 21:00,MYX:FCPO1!,1979,1991,1972,1983,20140,1972
18/7/2019 21:00,MYX:FCPO1!,1976,1984,1965,1972,19815,1983
22/7/2019 10:00,MYX:FCPO1!,1984,1989,1975,1983,12015,2004
22/7/2019 21:00,MYX:FCPO1!,1982,2008,1978,2004,16563,2029
23/7/2019 21:00,MYX:FCPO1!,2011,2032,2011,2029,21956,2058
24/7/2019 21:00,MYX:FCPO1!,2036,2062,2022,2058,27230,2067
25/7/2019 21:00,MYX:FCPO1!,2050,2073,2041,2067,24011,2061
29/7/2019 10:00,MYX:FCPO1!,2073,2075,2052,2061,17286,2070
30/7/2019 21:00,MYX:FCPO1!,2057,2075,2056,2070,21226,2064
31/7/2019 21:00,MYX:FCPO1!,2050,2068,2049,2064,16675,2062
1/8/2019 21:00,MYX:FCPO1!,2062,2065,2054,2062,12815,2093
5/8/2019 10:00,MYX:FCPO1!,2080,2095,2078,2093,11991,2102
5/8/2019 21:00,MYX:FCPO1!,2088,2108,2081,2102,17392,2104
6/8/2019 21:00,MYX:FCPO1!,2091,2109,2091,2104,12277,2135
7/8/2019 21:00,MYX:FCPO1!,2109,2144,2104,2135,21863,2179
8/8/2019 21:00,MYX:FCPO1!,2159,2185,2149,2179,25639,2212
12/8/2019 21:00,MYX:FCPO1!,2195,2217,2188,2212,23028,2219
13/8/2019 21:00,MYX:FCPO1!,2201,2223,2183,2219,24345,2174
14/8/2019 21:00,MYX:FCPO1!,2214,2220,2173,2174,22905,2192
15/8/2019 21:00,MYX:FCPO1!,2225,2226,2184,2192,22102,2156
19/8/2019 10:00,MYX:FCPO1!,2184,2188,2152,2156,20096,2177
19/8/2019 21:00,MYX:FCPO1!,2161,2192,2150,2177,21688,2208
20/8/2019 21:00,MYX:FCPO1!,2172,2210,2160,2208,20111,2256
21/8/2019 21:00,MYX:FCPO1!,2212,2265,2211,2256,28512,2262
22/8/2019 21:00,MYX:FCPO1!,2247,2271,2235,2262,26510,2269
26/8/2019 10:00,MYX:FCPO1!,2295,2312,2266,2269,31702,2239
26/8/2019 21:00,MYX:FCPO1!,2254,2258,2227,2239,27591,2253
27/8/2019 21:00,MYX:FCPO1!,2230,2264,2225,2253,20289,2221
28/8/2019 21:00,MYX:FCPO1!,2255,2258,2216,2221,19341,2234
29/8/2019 21:00,MYX:FCPO1!,2229,2246,2201,2234,22572,2181
2/9/2019 21:00,MYX:FCPO1!,2245,2254,2179,2181,22572,2187
3/9/2019 21:00,MYX:FCPO1!,2198,2217,2181,2187,26580,2182
4/9/2019 21:00,MYX:FCPO1!,2167,2197,2163,2182,22938,2201
5/9/2019 21:00,MYX:FCPO1!,2171,2216,2163,2201,18133,2222
9/9/2019 21:00,MYX:FCPO1!,2218,2233,2186,2222,25189,2206
10/9/2019 21:00,MYX:FCPO1!,2235,2240,2203,2206,24580,2189
11/9/2019 21:00,MYX:FCPO1!,2213,2221,2185,2189,19373,2190
12/9/2019 21:00,MYX:FCPO1!,2197,2206,2172,2190,17334,2285
16/9/2019 21:00,MYX:FCPO1!,2282,2297,2279,2285,26636,2260
17/9/2019 21:00,MYX:FCPO1!,2262,2273,2252,2260,18416,2245
18/9/2019 21:00,MYX:FCPO1!,2266,2272,2240,2245,19990,2225
19/9/2019 21:00,MYX:FCPO1!,2235,2238,2214,2225,17925,2189
23/9/2019 10:00,MYX:FCPO1!,2219,2221,2187,2189,19197,2141
23/9/2019 21:00,MYX:FCPO1!,2180,2183,2134,2141,27568,2147
24/9/2019 21:00,MYX:FCPO1!,2152,2159,2135,2147,16426,2169
25/9/2019 21:00,MYX:FCPO1!,2143,2173,2135,2169,16306,2149
26/9/2019 21:00,MYX:FCPO1!,2160,2163,2141,2149,16879,2135
30/9/2019 10:00,MYX:FCPO1!,2145,2147,2119,2135,16261,2167
30/9/2019 21:00,MYX:FCPO1!,2136,2176,2135,2167,22452,2141
1/10/2019 21:00,MYX:FCPO1!,2157,2168,2134,2141,18075,2137
2/10/2019 21:00,MYX:FCPO1!,2150,2164,2136,2137,16819,2149
3/10/2019 21:00,MYX:FCPO1!,2164,2170,2146,2149,17400,2160
7/10/2019 10:00,MYX:FCPO1!,2152,2166,2149,2160,11339,2175
7/10/2019 21:00,MYX:FCPO1!,2162,2177,2158,2175,17657,2196
8/10/2019 21:00,MYX:FCPO1!,2192,2206,2188,2196,17962,2201
9/10/2019 21:00,MYX:FCPO1!,2190,2216,2190,2201,15485,2185
10/10/2019 21:00,MYX:FCPO1!,2201,2221,2182,2185,17529,2157
14/10/2019 10:00,MYX:FCPO1!,2169,2172,2145,2157,19458,2173
14/10/2019 21:00,MYX:FCPO1!,2158,2174,2140,2173,16638,2252
15/10/2019 21:00,MYX:FCPO1!,2238,2260,2236,2252,23389,2259
16/10/2019 21:00,MYX:FCPO1!,2258,2274,2248,2259,22022,2287
17/10/2019 21:00,MYX:FCPO1!,2249,2289,2247,2287,19319,2285
21/10/2019 10:00,MYX:FCPO1!,2288,2309,2281,2285,18083,2317
21/10/2019 21:00,MYX:FCPO1!,2272,2321,2263,2317,23151,2322
22/10/2019 21:00,MYX:FCPO1!,2344,2359,2321,2322,26736,2384
23/10/2019 21:00,MYX:FCPO1!,2328,2408,2322,2384,32860,2398
24/10/2019 21:00,MYX:FCPO1!,2405,2460,2377,2398,41324,2417
28/10/2019 21:00,MYX:FCPO1!,2421,2444,2400,2417,18889,2496
29/10/2019 21:00,MYX:FCPO1!,2461,2499,2445,2496,27992,2485
30/10/2019 21:00,MYX:FCPO1!,2480,2514,2470,2485,33639,2461
31/10/2019 21:00,MYX:FCPO1!,2504,2505,2454,2461,27566,2529
4/11/2019 10:00,MYX:FCPO1!,2460,2532,2454,2529,25508,2515
4/11/2019 21:00,MYX:FCPO1!,2580,2594,2512,2515,32535,2554
5/11/2019 21:00,MYX:FCPO1!,2508,2564,2503,2554,24222,2528
6/11/2019 21:00,MYX:FCPO1!,2554,2575,2515,2528,23202,2573
7/11/2019 21:00,MYX:FCPO1!,2520,2585,2512,2573,27058,2627
11/11/2019 10:00,MYX:FCPO1!,2570,2657,2562,2627,25309,2604
11/11/2019 21:00,MYX:FCPO1!,2632,2653,2594,2604,21121,2586
12/11/2019 21:00,MYX:FCPO1!,2602,2650,2577,2586,21150,2606
13/11/2019 21:00,MYX:FCPO1!,2570,2639,2558,2606,26120,2571
14/11/2019 21:00,MYX:FCPO1!,2587,2594,2558,2571,15193,2597
18/11/2019 10:00,MYX:FCPO1!,2590,2636,2587,2597,25552,2622
18/11/2019 21:00,MYX:FCPO1!,2622,2635,2603,2622,24278,2685
19/11/2019 21:00,MYX:FCPO1!,2670,2699,2656,2685,28733,2667
20/11/2019 21:00,MYX:FCPO1!,2680,2709,2656,2667,29910,2748
21/11/2019 21:00,MYX:FCPO1!,2650,2755,2650,2748,29576,2733
25/11/2019 10:00,MYX:FCPO1!,2736,2760,2727,2733,19216,2676
25/11/2019 21:00,MYX:FCPO1!,2702,2705,2634,2676,27974,2687
26/11/2019 21:00,MYX:FCPO1!,2673,2694,2651,2687,21976,2723
27/11/2019 21:00,MYX:FCPO1!,2681,2726,2645,2723,31191,2744
28/11/2019 21:00,MYX:FCPO1!,2720,2782,2708,2744,22851,2731
2/12/2019 10:00,MYX:FCPO1!,2735,2742,2685,2731,24481,2747
2/12/2019 21:00,MYX:FCPO1!,2700,2763,2691,2747,21129,2773
3/12/2019 21:00,MYX:FCPO1!,2771,2777,2740,2773,23082,2815
4/12/2019 21:00,MYX:FCPO1!,2783,2818,2770,2815,20886,2858
5/12/2019 21:00,MYX:FCPO1!,2812,2883,2801,2858,22314,2902
9/12/2019 10:00,MYX:FCPO1!,2882,2915,2863,2902,21226,2903
9/12/2019 21:00,MYX:FCPO1!,2895,2929,2875,2903,25465,2878
10/12/2019 21:00,MYX:FCPO1!,2897,2930,2870,2878,21867,2891
11/12/2019 21:00,MYX:FCPO1!,2877,2908,2867,2891,18945,2852
12/12/2019 21:00,MYX:FCPO1!,2925,2928,2850,2852,22221,2875
16/12/2019 10:00,MYX:FCPO1!,2852,2885,2851,2875,15810,2878
16/12/2019 21:00,MYX:FCPO1!,2910,2920,2871,2878,19744,2858
17/12/2019 21:00,MYX:FCPO1!,2865,2877,2806,2858,33347,2874
18/12/2019 21:00,MYX:FCPO1!,2868,2885,2819,2874,22262,2912
19/12/2019 21:00,MYX:FCPO1!,2911,2922,2899,2912,18666,2907
23/12/2019 10:00,MYX:FCPO1!,2894,2919,2894,2907,11089,2923
23/12/2019 21:00,MYX:FCPO1!,2897,2926,2894,2923,11751,3005
25/12/2019 21:00,MYX:FCPO1!,2934,3008,2930,3005,15536,3073
26/12/2019 21:00,MYX:FCPO1!,3036,3103,3024,3073,19067,3128
30/12/2019 10:00,MYX:FCPO1!,3069,3140,3052,3128,17633,3052
30/12/2019 21:00,MYX:FCPO1!,3108,3130,3011,3052,17937,3130
1/1/2020 21:00,MYX:FCPO1!,3059,3144,3043,3130,24637,3116
2/1/2020 21:00,MYX:FCPO1!,3140,3149,3069,3116,22159,3042
6/1/2020 10:00,MYX:FCPO1!,3133,3136,3040,3042,28706,3042
6/1/2020 21:00,MYX:FCPO1!,3046,3085,3013,3042,29611,3041
7/1/2020 21:00,MYX:FCPO1!,3047,3059,3024,3041,18328,3110
8/1/2020 21:00,MYX:FCPO1!,3038,3124,3038,3110,24034,3134
9/1/2020 21:00,MYX:FCPO1!,3100,3150,3088,3134,16975,3092
13/1/2020 10:00,MYX:FCPO1!,3135,3135,3086,3092,20418,3005
13/1/2020 21:00,MYX:FCPO1!,3064,3075,3004,3005,23101,2945
14/1/2020 21:00,MYX:FCPO1!,3021,3038,2943,2945,27726,2886
15/1/2020 21:00,MYX:FCPO1!,2880,2926,2877,2886,23749,2837
16/1/2020 21:00,MYX:FCPO1!,2888,2902,2816,2837,26214,2902
20/1/2020 10:00,MYX:FCPO1!,2856,2907,2846,2902,23223,2887
20/1/2020 21:00,MYX:FCPO1!,2894,2896,2819,2887,31505,2973
21/1/2020 21:00,MYX:FCPO1!,2869,2975,2853,2973,25562,2925
22/1/2020 21:00,MYX:FCPO1!,2958,2966,2912,2925,24157,2861
23/1/2020 21:00,MYX:FCPO1!,2930,2936,2859,2861,9668,2575
27/1/2020 21:00,MYX:FCPO1!,2792,2798,2575,2575,40511,2723
28/1/2020 21:00,MYX:FCPO1!,2653,2810,2653,2723,30212,2652
29/1/2020 21:00,MYX:FCPO1!,2685,2703,2611,2652,26734,2604
30/1/2020 21:00,MYX:FCPO1!,2603,2634,2584,2604,24029,2613
3/2/2020 10:00,MYX:FCPO1!,2595,2644,2595,2613,22471,2668
3/2/2020 21:00,MYX:FCPO1!,2685,2697,2626,2668,27638,2804
4/2/2020 21:00,MYX:FCPO1!,2710,2813,2704,2804,31518,2850
5/2/2020 21:00,MYX:FCPO1!,2820,2895,2794,2850,28373,2813
6/2/2020 21:00,MYX:FCPO1!,2835,2880,2791,2813,30488,2754
10/2/2020 10:00,MYX:FCPO1!,2829,2836,2746,2754,21859,2695
10/2/2020 21:00,MYX:FCPO1!,2777,2779,2693,2695,29988,2709
11/2/2020 21:00,MYX:FCPO1!,2704,2718,2635,2709,37884,2625
12/2/2020 21:00,MYX:FCPO1!,2705,2709,2619,2625,32960,2660
13/2/2020 21:00,MYX:FCPO1!,2616,2662,2601,2660,23222,2649
17/2/2020 10:00,MYX:FCPO1!,2640,2666,2623,2649,22819,2639
17/2/2020 21:00,MYX:FCPO1!,2634,2647,2609,2639,22860,2547
18/2/2020 21:00,MYX:FCPO1!,2638,2638,2545,2547,26796,2590
19/2/2020 21:00,MYX:FCPO1!,2565,2592,2516,2590,32229,2622
20/2/2020 21:00,MYX:FCPO1!,2578,2626,2571,2622,26789,2543
24/2/2020 10:00,MYX:FCPO1!,2605,2616,2542,2543,27346,2438
24/2/2020 21:00,MYX:FCPO1!,2515,2533,2435,2438,31278,2419
25/2/2020 21:00,MYX:FCPO1!,2450,2482,2393,2419,39087,2459
26/2/2020 21:00,MYX:FCPO1!,2438,2470,2407,2459,25097,2319
27/2/2020 21:00,MYX:FCPO1!,2420,2430,2288,2319,33026,2321
2/3/2020 10:00,MYX:FCPO1!,2343,2380,2317,2321,31195,2377
2/3/2020 21:00,MYX:FCPO1!,2336,2387,2308,2377,28362,2495
3/3/2020 21:00,MYX:FCPO1!,2360,2502,2349,2495,33636,2524
4/3/2020 21:00,MYX:FCPO1!,2482,2586,2469,2524,36347,2451
5/3/2020 21:00,MYX:FCPO1!,2480,2494,2425,2451,27832,2332
9/3/2020 10:00,MYX:FCPO1!,2299,2358,2190,2332,37103,2342
9/3/2020 21:00,MYX:FCPO1!,2350,2396,2303,2342,29492,2359
10/3/2020 21:00,MYX:FCPO1!,2359,2375,2311,2359,22488,2277
11/3/2020 21:00,MYX:FCPO1!,2226,2304,2216,2277,30137,2284
12/3/2020 21:00,MYX:FCPO1!,2204,2349,2198,2284,29576,2220
16/3/2020 10:00,MYX:FCPO1!,2260,2283,2211,2220,22936,2250
16/3/2020 21:00,MYX:FCPO1!,2200,2342,2186,2250,46813,2239
17/3/2020 21:00,MYX:FCPO1!,2314,2393,2220,2239,51762,2216
18/3/2020 21:00,MYX:FCPO1!,2202,2271,2186,2216,34424,2288
19/3/2020 21:00,MYX:FCPO1!,2255,2303,2220,2288,34511,2289
23/3/2020 10:00,MYX:FCPO1!,2233,2312,2214,2289,26768,2353
23/3/2020 21:00,MYX:FCPO1!,2335,2383,2297,2353,27617,2383
24/3/2020 21:00,MYX:FCPO1!,2333,2429,2332,2383,26953,2357
25/3/2020 21:00,MYX:FCPO1!,2369,2406,2320,2357,28333,2378
26/3/2020 21:00,MYX:FCPO1!,2361,2399,2342,2378,19303,2441
30/3/2020 10:00,MYX:FCPO1!,2415,2466,2402,2441,21466,2402
30/3/2020 21:00,MYX:FCPO1!,2446,2446,2360,2402,30474,2339
31/3/2020 21:00,MYX:FCPO1!,2375,2420,2323,2339,25706,2311
1/4/2020 21:00,MYX:FCPO1!,2334,2368,2298,2311,26360,2245
2/4/2020 21:00,MYX:FCPO1!,2305,2323,2242,2245,23393,2250
6/4/2020 10:00,MYX:FCPO1!,2254,2280,2222,2250,15021,2315
6/4/2020 21:00,MYX:FCPO1!,2298,2332,2261,2315,25498,2357
7/4/2020 21:00,MYX:FCPO1!,2333,2378,2328,2357,25655,2304
8/4/2020 21:00,MYX:FCPO1!,2385,2409,2286,2304,24617,2312
9/4/2020 21:00,MYX:FCPO1!,2314,2335,2262,2312,20445,2246
13/4/2020 10:00,MYX:FCPO1!,2312,2318,2240,2246,18531,2250
13/4/2020 21:00,MYX:FCPO1!,2245,2264,2217,2250,21440,2261
14/4/2020 21:00,MYX:FCPO1!,2257,2303,2246,2261,15806,2204
15/4/2020 21:00,MYX:FCPO1!,2254,2271,2202,2204,22266,2235
16/4/2020 21:00,MYX:FCPO1!,2195,2244,2181,2235,22029,2232
20/4/2020 10:00,MYX:FCPO1!,2240,2273,2229,2232,22401,2064
20/4/2020 21:00,MYX:FCPO1!,2178,2186,2025,2064,43455,2075
21/4/2020 21:00,MYX:FCPO1!,2091,2114,2040,2075,36173,2119
22/4/2020 21:00,MYX:FCPO1!,2102,2125,2065,2119,24485,2075
23/4/2020 21:00,MYX:FCPO1!,2095,2108,2059,2075,20282,2018
27/4/2020 10:00,MYX:FCPO1!,2056,2062,2003,2018,25945,2020
27/4/2020 21:00,MYX:FCPO1!,2006,2030,1988,2020,19615,2031
28/4/2020 21:00,MYX:FCPO1!,2037,2049,2023,2031,14614,2088
29/4/2020 21:00,MYX:FCPO1!,2067,2095,2055,2088,18384,1983
4/5/2020 10:00,MYX:FCPO1!,2055,2064,1976,1983,18915,1975
4/5/2020 21:00,MYX:FCPO1!,2002,2012,1972,1975,16872,1946
5/5/2020 21:00,MYX:FCPO1!,1987,2005,1939,1946,18759,2020
7/5/2020 21:00,MYX:FCPO1!,1970,2024,1968,2020,23259,1994
11/5/2020 21:00,MYX:FCPO1!,2010,2017,1965,1994,22455,2032
12/5/2020 21:00,MYX:FCPO1!,1985,2038,1979,2032,15437,2031
13/5/2020 21:00,MYX:FCPO1!,2013,2044,2005,2031,20637,2091
14/5/2020 21:00,MYX:FCPO1!,2054,2104,2054,2091,16272,2142
18/5/2020 10:00,MYX:FCPO1!,2126,2155,2119,2142,18232,2182
18/5/2020 21:00,MYX:FCPO1!,2165,2189,2140,2182,26652,2159
19/5/2020 21:00,MYX:FCPO1!,2183,2186,2144,2159,20175,2207
20/5/2020 21:00,MYX:FCPO1!,2158,2209,2157,2207,22031,2167
21/5/2020 21:00,MYX:FCPO1!,2173,2181,2144,2167,21469,2281
26/5/2020 21:00,MYX:FCPO1!,2210,2297,2199,2281,26775,2268
27/5/2020 21:00,MYX:FCPO1!,2300,2300,2246,2268,25652,2292
28/5/2020 21:00,MYX:FCPO1!,2261,2303,2248,2292,20651,2285
1/6/2020 10:00,MYX:FCPO1!,2310,2341,2279,2285,24235,2341
1/6/2020 21:00,MYX:FCPO1!,2285,2347,2270,2341,26898,2399
2/6/2020 21:00,MYX:FCPO1!,2361,2400,2333,2399,21445,2326
3/6/2020 21:00,MYX:FCPO1!,2374,2387,2318,2326,33046,2348
4/6/2020 21:00,MYX:FCPO1!,2342,2396,2298,2348,34015,2388
8/6/2020 21:00,MYX:FCPO1!,2332,2422,2331,2388,29793,2349
9/6/2020 21:00,MYX:FCPO1!,2404,2420,2348,2349,26017,2366
10/6/2020 21:00,MYX:FCPO1!,2361,2381,2332,2366,21849,2371
11/6/2020 21:00,MYX:FCPO1!,2327,2400,2316,2371,22873,2329
15/6/2020 10:00,MYX:FCPO1!,2370,2384,2294,2329,22788,2356
15/6/2020 21:00,MYX:FCPO1!,2340,2364,2327,2356,23862,2361
16/6/2020 21:00,MYX:FCPO1!,2347,2384,2337,2361,21975,2367
17/6/2020 21:00,MYX:FCPO1!,2358,2371,2351,2367,14959,2472
18/6/2020 21:00,MYX:FCPO1!,2395,2475,2391,2472,19149,2445
22/6/2020 10:00,MYX:FCPO1!,2457,2475,2430,2445,16925,2466
22/6/2020 21:00,MYX:FCPO1!,2445,2468,2420,2466,20551,2436
23/6/2020 21:00,MYX:FCPO1!,2450,2472,2435,2436,17211,2395
24/6/2020 21:00,MYX:FCPO1!,2402,2412,2381,2395,16832,2368
25/6/2020 21:00,MYX:FCPO1!,2419,2430,2356,2368,20311,2341
29/6/2020 10:00,MYX:FCPO1!,2353,2358,2313,2341,22769,2297
29/6/2020 21:00,MYX:FCPO1!,2358,2367,2293,2297,21675,2327
30/6/2020 21:00,MYX:FCPO1!,2322,2352,2308,2327,21201,2362
1/7/2020 21:00,MYX:FCPO1!,2340,2368,2332,2362,16273,2358
2/7/2020 21:00,MYX:FCPO1!,2357,2394,2335,2358,19534,2391
6/7/2020 10:00,MYX:FCPO1!,2394,2420,2377,2391,18297,2359
6/7/2020 21:00,MYX:FCPO1!,2390,2404,2351,2359,16716,2407
7/7/2020 21:00,MYX:FCPO1!,2390,2409,2381,2407,19307,2403
8/7/2020 21:00,MYX:FCPO1!,2402,2433,2399,2403,20328,2412
9/7/2020 21:00,MYX:FCPO1!,2379,2435,2362,2412,23594,2429
13/7/2020 10:00,MYX:FCPO1!,2392,2447,2383,2429,19778,2502
13/7/2020 21:00,MYX:FCPO1!,2430,2504,2410,2502,22374,2564
14/7/2020 21:00,MYX:FCPO1!,2519,2567,2515,2564,18521,2520
15/7/2020 21:00,MYX:FCPO1!,2560,2584,2517,2520,23440,2614
16/7/2020 21:00,MYX:FCPO1!,2569,2625,2564,2614,27972,2661
20/7/2020 10:00,MYX:FCPO1!,2655,2675,2643,2661,20631,2641
20/7/2020 21:00,MYX:FCPO1!,2630,2692,2627,2641,25004,2656
21/7/2020 21:00,MYX:FCPO1!,2685,2712,2638,2656,29387,2708
22/7/2020 21:00,MYX:FCPO1!,2666,2710,2630,2708,31143,2778
23/7/2020 21:00,MYX:FCPO1!,2744,2790,2720,2778,30030,2672
27/7/2020 10:00,MYX:FCPO1!,2764,2780,2669,2672,27254,2603
27/7/2020 21:00,MYX:FCPO1!,2666,2666,2562,2603,31294,2645
28/7/2020 21:00,MYX:FCPO1!,2633,2646,2602,2645,21320,2677
29/7/2020 21:00,MYX:FCPO1!,2645,2695,2636,2677,19712,2731
3/8/2020 10:00,MYX:FCPO1!,2723,2763,2718,2731,21663,2768
3/8/2020 21:00,MYX:FCPO1!,2736,2808,2733,2768,20364,2717
4/8/2020 21:00,MYX:FCPO1!,2740,2769,2707,2717,26751,2765
5/8/2020 21:00,MYX:FCPO1!,2736,2775,2716,2765,21924,2758
6/8/2020 21:00,MYX:FCPO1!,2764,2780,2722,2758,20714,2709
10/8/2020 10:00,MYX:FCPO1!,2702,2740,2694,2709,18760,2643
10/8/2020 21:00,MYX:FCPO1!,2731,2750,2638,2643,24064,2688
11/8/2020 21:00,MYX:FCPO1!,2615,2690,2606,2688,25688,2716
12/8/2020 21:00,MYX:FCPO1!,2722,2778,2701,2716,28256,2686
13/8/2020 21:00,MYX:FCPO1!,2705,2739,2672,2686,25121,2679
17/8/2020 10:00,MYX:FCPO1!,2705,2709,2677,2679,21932,2711
17/8/2020 21:00,MYX:FCPO1!,2679,2720,2650,2711,29088,2737
18/8/2020 21:00,MYX:FCPO1!,2708,2758,2699,2737,23671,2681
20/8/2020 21:00,MYX:FCPO1!,2685,2700,2668,2681,25391,2662
24/8/2020 10:00,MYX:FCPO1!,2671,2698,2648,2662,20207,2615
24/8/2020 21:00,MYX:FCPO1!,2692,2700,2607,2615,24278,2645
25/8/2020 21:00,MYX:FCPO1!,2620,2650,2614,2645,22912,2682
26/8/2020 21:00,MYX:FCPO1!,2658,2698,2652,2682,24166,2738
27/8/2020 21:00,MYX:FCPO1!,2733,2758,2724,2738,24559,2784
31/8/2020 21:00,MYX:FCPO1!,2783,2825,2777,2784,22699,2811
1/9/2020 21:00,MYX:FCPO1!,2770,2843,2765,2811,24637,2891
2/9/2020 21:00,MYX:FCPO1!,2857,2902,2847,2891,27538,2835
3/9/2020 21:00,MYX:FCPO1!,2863,2873,2811,2835,25896,2804
7/9/2020 10:00,MYX:FCPO1!,2833,2855,2800,2804,25520,2871
7/9/2020 21:00,MYX:FCPO1!,2859,2885,2838,2871,23261,2814
8/9/2020 21:00,MYX:FCPO1!,2835,2872,2812,2814,24879,2814
9/9/2020 21:00,MYX:FCPO1!,2812,2840,2791,2814,22047,2811
10/9/2020 21:00,MYX:FCPO1!,2795,2824,2788,2811,21356,2892
14/9/2020 10:00,MYX:FCPO1!,2880,2910,2867,2892,22158,2940
14/9/2020 21:00,MYX:FCPO1!,2896,2942,2893,2940,19400,2975
16/9/2020 21:00,MYX:FCPO1!,2983,3002,2964,2975,31774,3080
17/9/2020 21:00,MYX:FCPO1!,3025,3083,3024,3080,28071,3007
21/9/2020 10:00,MYX:FCPO1!,3091,3104,3006,3007,25077,2957
21/9/2020 21:00,MYX:FCPO1!,2995,3000,2917,2957,32636,2861
22/9/2020 21:00,MYX:FCPO1!,2901,2928,2849,2861,31139,2757
23/9/2020 21:00,MYX:FCPO1!,2825,2825,2755,2757,35471,2822
24/9/2020 21:00,MYX:FCPO1!,2766,2845,2725,2822,27438,2822
28/9/2020 10:00,MYX:FCPO1!,2870,2870,2750,2822,28363,2777
28/9/2020 21:00,MYX:FCPO1!,2825,2847,2772,2777,28152,2714
29/9/2020 21:00,MYX:FCPO1!,2730,2776,2708,2714,31854,2789
30/9/2020 21:00,MYX:FCPO1!,2760,2825,2755,2789,26014,2708
1/10/2020 21:00,MYX:FCPO1!,2728,2734,2691,2708,22348,2721
5/10/2020 10:00,MYX:FCPO1!,2707,2747,2691,2721,20612,2818
5/10/2020 21:00,MYX:FCPO1!,2781,2820,2772,2818,20093,2870
6/10/2020 21:00,MYX:FCPO1!,2807,2892,2803,2870,24219,2888
7/10/2020 21:00,MYX:FCPO1!,2858,2908,2855,2888,20296,2911
8/10/2020 21:00,MYX:FCPO1!,2909,2950,2894,2911,23324,2994
12/10/2020 10:00,MYX:FCPO1!,2984,3026,2979,2994,23602,3003
12/10/2020 21:00,MYX:FCPO1!,2978,3023,2960,3003,27603,2989
13/10/2020 21:00,MYX:FCPO1!,2995,3018,2979,2989,23760,2918
14/10/2020 21:00,MYX:FCPO1!,2992,2998,2910,2918,21082,2870
15/10/2020 21:00,MYX:FCPO1!,2853,2902,2842,2870,26403,2776
19/10/2020 10:00,MYX:FCPO1!,2845,2846,2767,2776,29591,2858
19/10/2020 21:00,MYX:FCPO1!,2777,2863,2764,2858,29340,2888
20/10/2020 21:00,MYX:FCPO1!,2892,2938,2880,2888,27731,2943
21/10/2020 21:00,MYX:FCPO1!,2879,2945,2871,2943,29323,2942
22/10/2020 21:00,MYX:FCPO1!,2958,2963,2884,2942,31935,3066
26/10/2020 10:00,MYX:FCPO1!,2971,3078,2971,3066,31201,3065
26/10/2020 21:00,MYX:FCPO1!,3055,3084,3018,3065,33604,3051
27/10/2020 21:00,MYX:FCPO1!,3042,3123,3028,3051,34560,3011
29/10/2020 21:00,MYX:FCPO1!,3098,3115,2990,3011,29393,2975
2/11/2020 10:00,MYX:FCPO1!,2982,2990,2935,2975,21734,3070
2/11/2020 21:00,MYX:FCPO1!,3013,3078,3006,3070,25281,3097
3/11/2020 21:00,MYX:FCPO1!,3070,3136,3059,3097,28624,3208
4/11/2020 21:00,MYX:FCPO1!,3135,3211,3106,3208,30556,3181
5/11/2020 21:00,MYX:FCPO1!,3235,3262,3175,3181,27090,3227
9/11/2020 10:00,MYX:FCPO1!,3217,3234,3154,3227,21274,3256
9/11/2020 21:00,MYX:FCPO1!,3218,3259,3193,3256,25246,3346
10/11/2020 21:00,MYX:FCPO1!,3305,3349,3281,3346,26314,3391
11/11/2020 21:00,MYX:FCPO1!,3330,3397,3321,3391,21177,3380
12/11/2020 21:00,MYX:FCPO1!,3360,3413,3337,3380,23921,3283
16/11/2020 10:00,MYX:FCPO1!,3299,3328,3278,3283,18201,3279
16/11/2020 21:00,MYX:FCPO1!,3330,3349,3276,3279,29544,3364
17/11/2020 21:00,MYX:FCPO1!,3299,3370,3277,3364,27704,3342
18/11/2020 21:00,MYX:FCPO1!,3410,3420,3319,3342,25623,3288
19/11/2020 21:00,MYX:FCPO1!,3390,3392,3283,3288,26019,3326
23/11/2020 10:00,MYX:FCPO1!,3260,3332,3182,3326,28751,3249
23/11/2020 21:00,MYX:FCPO1!,3269,3315,3241,3249,31142,3285
24/11/2020 21:00,MYX:FCPO1!,3290,3302,3245,3285,21110,3227
25/11/2020 21:00,MYX:FCPO1!,3293,3293,3217,3227,23001,3338
26/11/2020 21:00,MYX:FCPO1!,3300,3340,3200,3338,36955,3305
30/11/2020 10:00,MYX:FCPO1!,3316,3333,3255,3305,26349,3347
30/11/2020 21:00,MYX:FCPO1!,3299,3366,3280,3347,21770,3316
1/12/2020 21:00,MYX:FCPO1!,3298,3336,3296,3316,21687,3332
2/12/2020 21:00,MYX:FCPO1!,3323,3388,3273,3332,33334,3437
3/12/2020 21:00,MYX:FCPO1!,3355,3447,3346,3437,27051,3392
7/12/2020 10:00,MYX:FCPO1!,3420,3470,3382,3392,26791,3366
7/12/2020 21:00,MYX:FCPO1!,3398,3429,3349,3366,22305,3358
8/12/2020 21:00,MYX:FCPO1!,3359,3388,3340,3358,20524,3403
9/12/2020 21:00,MYX:FCPO1!,3374,3423,3354,3403,17763,3410
10/12/2020 21:00,MYX:FCPO1!,3428,3456,3397,3410,18939,3456
14/12/2020 10:00,MYX:FCPO1!,3445,3468,3422,3456,20428,3446
14/12/2020 21:00,MYX:FCPO1!,3440,3469,3422,3446,13919,3365
15/12/2020 21:00,MYX:FCPO1!,3383,3414,3359,3365,25395,3378
16/12/2020 21:00,MYX:FCPO1!,3386,3420,3324,3378,25289,3444
17/12/2020 21:00,MYX:FCPO1!,3409,3448,3393,3444,21120,3406
21/12/2020 10:00,MYX:FCPO1!,3440,3460,3405,3406,21527,3412
21/12/2020 21:00,MYX:FCPO1!,3439,3465,3370,3412,28920,3535
22/12/2020 21:00,MYX:FCPO1!,3400,3544,3394,3535,29776,3569
23/12/2020 21:00,MYX:FCPO1!,3547,3598,3542,3569,21315,3542
28/12/2020 10:00,MYX:FCPO1!,3575,3589,3516,3542,17379,3550
28/12/2020 21:00,MYX:FCPO1!,3541,3556,3502,3550,13312,3588
29/12/2020 21:00,MYX:FCPO1!,3573,3606,3554,3588,16406,3600
30/12/2020 21:00,MYX:FCPO1!,3608,3619,3568,3600,14661,3724
4/1/2021 10:00,MYX:FCPO1!,3661,3732,3657,3724,22040,3755
4/1/2021 21:00,MYX:FCPO1!,3674,3757,3666,3755,23838,3877
5/1/2021 21:00,MYX:FCPO1!,3785,3888,3774,3877,28399,3817
6/1/2021 21:00,MYX:FCPO1!,3850,3884,3800,3817,25099,3830
7/1/2021 21:00,MYX:FCPO1!,3810,3843,3788,3830,20737,3797
11/1/2021 10:00,MYX:FCPO1!,3810,3846,3740,3797,23718,3695
11/1/2021 21:00,MYX:FCPO1!,3750,3796,3690,3695,18604,3692
12/1/2021 21:00,MYX:FCPO1!,3727,3740,3679,3692,21217,3527
13/1/2021 21:00,MYX:FCPO1!,3646,3654,3490,3527,27491,3423
14/1/2021 21:00,MYX:FCPO1!,3580,3600,3388,3423,24826,3350
18/1/2021 10:00,MYX:FCPO1!,3337,3380,3267,3350,29372,3267
18/1/2021 21:00,MYX:FCPO1!,3314,3360,3244,3267,35000,3221
19/1/2021 21:00,MYX:FCPO1!,3270,3280,3160,3221,33593,3284
20/1/2021 21:00,MYX:FCPO1!,3267,3303,3246,3284,29356,3282
21/1/2021 21:00,MYX:FCPO1!,3255,3308,3224,3282,31439,3242
25/1/2021 10:00,MYX:FCPO1!,3238,3307,3218,3242,23171,3266
25/1/2021 21:00,MYX:FCPO1!,3278,3292,3196,3266,29991,3388
26/1/2021 21:00,MYX:FCPO1!,3310,3392,3282,3388,29034,3490
28/1/2021 21:00,MYX:FCPO1!,3370,3495,3365,3490,27762,3391
1/2/2021 21:00,MYX:FCPO1!,3458,3464,3385,3391,24400,3226
2/2/2021 21:00,MYX:FCPO1!,3315,3327,3210,3226,31428,3317
3/2/2021 21:00,MYX:FCPO1!,3259,3379,3233,3317,33173,3375
4/2/2021 21:00,MYX:FCPO1!,3342,3420,3335,3375,22986,3435
8/2/2021 10:00,MYX:FCPO1!,3377,3441,3357,3435,18726,3572
8/2/2021 21:00,MYX:FCPO1!,3486,3594,3486,3572,23080,3629
9/2/2021 21:00,MYX:FCPO1!,3584,3656,3543,3629,25835,3558
10/2/2021 21:00,MYX:FCPO1!,3570,3590,3540,3558,10005,3715
15/2/2021 10:00,MYX:FCPO1!,3601,3720,3598,3715,16532,3535
15/2/2021 21:00,MYX:FCPO1!,3550,3602,3516,3535,33652,3632
16/2/2021 21:00,MYX:FCPO1!,3587,3651,3587,3632,27817,3489
17/2/2021 21:00,MYX:FCPO1!,3600,3600,3461,3489,27539,3522
18/2/2021 21:00,MYX:FCPO1!,3507,3564,3480,3522,27694,3544
22/2/2021 10:00,MYX:FCPO1!,3570,3618,3533,3544,19143,3676
22/2/2021 21:00,MYX:FCPO1!,3577,3696,3576,3676,25814,3651
23/2/2021 21:00,MYX:FCPO1!,3726,3745,3609,3651,29092,3784
24/2/2021 21:00,MYX:FCPO1!,3750,3791,3701,3784,25714,3742
25/2/2021 21:00,MYX:FCPO1!,3708,3762,3703,3742,22333,3684
1/3/2021 10:00,MYX:FCPO1!,3817,3819,3673,3684,26437,3642
1/3/2021 21:00,MYX:FCPO1!,3626,3659,3598,3642,23331,3678
2/3/2021 21:00,MYX:FCPO1!,3630,3682,3606,3678,21241,3731
3/3/2021 21:00,MYX:FCPO1!,3701,3767,3689,3731,25723,3741
4/3/2021 21:00,MYX:FCPO1!,3700,3807,3694,3741,28330,3878
8/3/2021 10:00,MYX:FCPO1!,3880,3954,3854,3878,30580,3915
8/3/2021 21:00,MYX:FCPO1!,3905,3941,3827,3915,26434,3974
9/3/2021 21:00,MYX:FCPO1!,3862,3986,3837,3974,30584,4060
10/3/2021 21:00,MYX:FCPO1!,3961,4064,3935,4060,25108,4125
11/3/2021 21:00,MYX:FCPO1!,4120,4153,4065,4125,30980,4138
15/3/2021 10:00,MYX:FCPO1!,4175,4192,4098,4138,19683,3897
15/3/2021 21:00,MYX:FCPO1!,4040,4059,3891,3897,30886,3937
16/3/2021 21:00,MYX:FCPO1!,3901,3981,3872,3937,26980,3799
17/3/2021 21:00,MYX:FCPO1!,3888,3911,3789,3799,30113,3724
18/3/2021 21:00,MYX:FCPO1!,3740,3766,3667,3724,29852,3843
22/3/2021 10:00,MYX:FCPO1!,3734,3855,3721,3843,25290,3930
22/3/2021 21:00,MYX:FCPO1!,3965,4011,3921,3930,25979,3923
23/3/2021 21:00,MYX:FCPO1!,3915,3966,3862,3923,29489,3863
24/3/2021 21:00,MYX:FCPO1!,3945,3954,3826,3863,22459,3692
25/3/2021 21:00,MYX:FCPO1!,3740,3761,3664,3692,30111,3747
29/3/2021 10:00,MYX:FCPO1!,3601,3756,3594,3747,27275,3572
29/3/2021 21:00,MYX:FCPO1!,3720,3721,3566,3572,29107,3612
30/3/2021 21:00,MYX:FCPO1!,3510,3624,3495,3612,22993,3741
31/3/2021 21:00,MYX:FCPO1!,3682,3763,3650,3741,28049,3737
1/4/2021 21:00,MYX:FCPO1!,3711,3780,3674,3737,15698,3739
5/4/2021 10:00,MYX:FCPO1!,3750,3798,3703,3739,17822,3802
5/4/2021 21:00,MYX:FCPO1!,3744,3819,3716,3802,26089,3845
6/4/2021 21:00,MYX:FCPO1!,3860,3870,3799,3845,20265,3791
7/4/2021 21:00,MYX:FCPO1!,3805,3921,3760,3791,33412,3767
8/4/2021 21:00,MYX:FCPO1!,3797,3868,3750,3767,26778,3650
12/4/2021 10:00,MYX:FCPO1!,3780,3791,3642,3650,29744,3726
12/4/2021 21:00,MYX:FCPO1!,3663,3757,3654,3726,24465,3730
13/4/2021 21:00,MYX:FCPO1!,3758,3787,3686,3730,25558,3807
14/4/2021 21:00,MYX:FCPO1!,3780,3813,3757,3807,19135,3716
15/4/2021 21:00,MYX:FCPO1!,3651,3723,3650,3716,24295,3710
19/4/2021 10:00,MYX:FCPO1!,3726,3726,3666,3710,16806,3805
19/4/2021 21:00,MYX:FCPO1!,3690,3813,3680,3805,24048,3894
20/4/2021 21:00,MYX:FCPO1!,3860,3951,3845,3894,27131,3989
21/4/2021 21:00,MYX:FCPO1!,3990,4010,3943,3989,24350,3927
22/4/2021 21:00,MYX:FCPO1!,4047,4084,3921,3927,26043,3887
26/4/2021 10:00,MYX:FCPO1!,3990,4009,3852,3887,27161,4069
26/4/2021 21:00,MYX:FCPO1!,3920,4074,3908,4069,35035,3936
27/4/2021 21:00,MYX:FCPO1!,3922,3976,3913,3936,27787,3868
29/4/2021 21:00,MYX:FCPO1!,3990,3996,3865,3868,25996,4061
3/5/2021 10:00,MYX:FCPO1!,4006,4095,4001,4061,24743,4042
3/5/2021 21:00,MYX:FCPO1!,4007,4093,3969,4042,24835,4044
4/5/2021 21:00,MYX:FCPO1!,4029,4085,4018,4044,18788,4215
5/5/2021 21:00,MYX:FCPO1!,4120,4231,4120,4215,25434,4427
6/5/2021 21:00,MYX:FCPO1!,4283,4434,4277,4427,27894,4368
10/5/2021 10:00,MYX:FCPO1!,4398,4398,4281,4368,25867,4350
10/5/2021 21:00,MYX:FCPO1!,4315,4434,4309,4350,26129,4506
11/5/2021 21:00,MYX:FCPO1!,4499,4525,4466,4506,10868,4242
17/5/2021 10:00,MYX:FCPO1!,4270,4292,4203,4242,23801,4457
17/5/2021 21:00,MYX:FCPO1!,4320,4468,4300,4457,24622,4302
18/5/2021 21:00,MYX:FCPO1!,4350,4380,4271,4302,26718,4112
19/5/2021 21:00,MYX:FCPO1!,4232,4311,4100,4112,26079,3991
20/5/2021 21:00,MYX:FCPO1!,4078,4134,3954,3991,34609,3890
24/5/2021 10:00,MYX:FCPO1!,3942,3990,3867,3890,29667,4024
24/5/2021 21:00,MYX:FCPO1!,3960,4034,3950,4024,30845,3916
26/5/2021 21:00,MYX:FCPO1!,3966,4015,3886,3916,30304,4010
27/5/2021 21:00,MYX:FCPO1!,4039,4061,3988,4010,29560,3919
31/5/2021 10:00,MYX:FCPO1!,3981,4012,3872,3919,27331,3891
31/5/2021 21:00,MYX:FCPO1!,3952,3976,3852,3891,32107,4092
1/6/2021 21:00,MYX:FCPO1!,3969,4107,3940,4092,30274,4158
2/6/2021 21:00,MYX:FCPO1!,4249,4260,4111,4158,33139,4129
3/6/2021 21:00,MYX:FCPO1!,4080,4166,4064,4129,26865,4049
7/6/2021 21:00,MYX:FCPO1!,4062,4065,3913,4049,31877,3871
8/6/2021 21:00,MYX:FCPO1!,4030,4060,3854,3871,31364,3844
9/6/2021 21:00,MYX:FCPO1!,3897,3950,3806,3844,36419,3663
10/6/2021 21:00,MYX:FCPO1!,3768,3792,3623,3663,31184,3375
14/6/2021 10:00,MYX:FCPO1!,3539,3550,3298,3375,41820,3580
14/6/2021 21:00,MYX:FCPO1!,3395,3593,3395,3580,31632,3404
15/6/2021 21:00,MYX:FCPO1!,3500,3500,3340,3404,34769,3377
16/6/2021 21:00,MYX:FCPO1!,3333,3452,3323,3377,44950,3424
17/6/2021 21:00,MYX:FCPO1!,3290,3460,3251,3424,37172,3391
21/6/2021 10:00,MYX:FCPO1!,3394,3455,3350,3391,33483,3390
21/6/2021 21:00,MYX:FCPO1!,3432,3499,3375,3390,41170,3445
22/6/2021 21:00,MYX:FCPO1!,3485,3548,3421,3445,32821,3421
23/6/2021 21:00,MYX:FCPO1!,3410,3480,3375,3421,32059,3520
24/6/2021 21:00,MYX:FCPO1!,3472,3526,3442,3520,25952,3506
28/6/2021 10:00,MYX:FCPO1!,3450,3525,3421,3506,23922,3553
28/6/2021 21:00,MYX:FCPO1!,3489,3569,3460,3553,32117,3599
29/6/2021 21:00,MYX:FCPO1!,3610,3679,3586,3599,38973,3710
30/6/2021 21:00,MYX:FCPO1!,3736,3763,3703,3710,29177,3789
1/7/2021 21:00,MYX:FCPO1!,3751,3809,3725,3789,23627,3880
5/7/2021 10:00,MYX:FCPO1!,3769,3885,3737,3880,26021,3851
5/7/2021 21:00,MYX:FCPO1!,3908,3978,3840,3851,30039,3795
6/7/2021 21:00,MYX:FCPO1!,3781,3838,3711,3795,35462,3769
7/7/2021 21:00,MYX:FCPO1!,3813,3816,3744,3769,24531,3892
8/7/2021 21:00,MYX:FCPO1!,3790,3904,3775,3892,28385,3863
12/7/2021 10:00,MYX:FCPO1!,3954,3962,3843,3863,26301,3977
12/7/2021 21:00,MYX:FCPO1!,3919,3997,3888,3977,30651,4021
13/7/2021 21:00,MYX:FCPO1!,3979,4056,3927,4021,25460,4173
14/7/2021 21:00,MYX:FCPO1!,3995,4189,3980,4173,24877,4137
15/7/2021 21:00,MYX:FCPO1!,4106,4155,4039,4137,29028,4151
19/7/2021 10:00,MYX:FCPO1!,4186,4193,4134,4151,24958,4149
20/7/2021 21:00,MYX:FCPO1!,4138,4200,4078,4149,31288,4121
21/7/2021 21:00,MYX:FCPO1!,4110,4145,4074,4121,24256,4271
22/7/2021 21:00,MYX:FCPO1!,4107,4294,4107,4271,27947,4383
26/7/2021 10:00,MYX:FCPO1!,4210,4404,4205,4383,27315,4422
26/7/2021 21:00,MYX:FCPO1!,4448,4480,4384,4422,29086,4308
27/7/2021 21:00,MYX:FCPO1!,4407,4437,4297,4308,25173,4427
28/7/2021 21:00,MYX:FCPO1!,4322,4453,4293,4427,27792,4369
29/7/2021 21:00,MYX:FCPO1!,4442,4498,4366,4369,28618,4120
2/8/2021 10:00,MYX:FCPO1!,4247,4254,4093,4120,31301,4143
2/8/2021 21:00,MYX:FCPO1!,4122,4189,4105,4143,29992,4291
3/8/2021 21:00,MYX:FCPO1!,4178,4333,4160,4291,25848,4217
4/8/2021 21:00,MYX:FCPO1!,4256,4334,4202,4217,27471,4274
5/8/2021 21:00,MYX:FCPO1!,4220,4285,4169,4274,27525,4200
9/8/2021 10:00,MYX:FCPO1!,4250,4330,4195,4200,23544,4511
10/8/2021 21:00,MYX:FCPO1!,4300,4548,4285,4511,29182,4474
11/8/2021 21:00,MYX:FCPO1!,4490,4560,4460,4474,23919,4511
12/8/2021 21:00,MYX:FCPO1!,4454,4519,4410,4511,23004,4447
16/8/2021 10:00,MYX:FCPO1!,4435,4518,4424,4447,23344,4408
16/8/2021 21:00,MYX:FCPO1!,4518,4530,4363,4408,27148,4301
17/8/2021 21:00,MYX:FCPO1!,4326,4352,4277,4301,29283,4238
18/8/2021 21:00,MYX:FCPO1!,4332,4365,4226,4238,34292,4265
19/8/2021 21:00,MYX:FCPO1!,4237,4292,4187,4265,31090,4316
23/8/2021 10:00,MYX:FCPO1!,4161,4348,4160,4316,29190,4303
23/8/2021 21:00,MYX:FCPO1!,4280,4326,4255,4303,27197,4364
24/8/2021 21:00,MYX:FCPO1!,4318,4388,4300,4364,28342,4392
25/8/2021 21:00,MYX:FCPO1!,4381,4413,4319,4392,27436,4333
26/8/2021 21:00,MYX:FCPO1!,4337,4393,4326,4333,25390,4254
30/8/2021 10:00,MYX:FCPO1!,4350,4374,4235,4254,23486,4176
31/8/2021 21:00,MYX:FCPO1!,4196,4284,4173,4176,30406,4241
1/9/2021 21:00,MYX:FCPO1!,4181,4266,4150,4241,27177,4310
2/9/2021 21:00,MYX:FCPO1!,4265,4371,4265,4310,28282,4331
6/9/2021 10:00,MYX:FCPO1!,4305,4389,4304,4331,20454,4390
6/9/2021 21:00,MYX:FCPO1!,4331,4400,4314,4390,22452,4478
7/9/2021 21:00,MYX:FCPO1!,4380,4480,4353,4478,35057,4392
8/9/2021 21:00,MYX:FCPO1!,4455,4460,4367,4392,27160,4278
9/9/2021 21:00,MYX:FCPO1!,4415,4419,4253,4278,29681,4318
13/9/2021 10:00,MYX:FCPO1!,4299,4370,4290,4318,23016,4340
13/9/2021 21:00,MYX:FCPO1!,4288,4378,4285,4340,23592,4440
14/9/2021 21:00,MYX:FCPO1!,4389,4450,4376,4440,20340,4261
16/9/2021 21:00,MYX:FCPO1!,4326,4329,4184,4261,36720,4173
20/9/2021 10:00,MYX:FCPO1!,4176,4250,4032,4173,22588,4192
20/9/2021 21:00,MYX:FCPO1!,4133,4197,4125,4192,20026,4330
21/9/2021 21:00,MYX:FCPO1!,4210,4342,4210,4330,26156,4447
22/9/2021 21:00,MYX:FCPO1!,4350,4460,4320,4447,27195,4441
23/9/2021 21:00,MYX:FCPO1!,4435,4491,4400,4441,21213,4394
27/9/2021 10:00,MYX:FCPO1!,4470,4488,4355,4394,23441,4447
27/9/2021 21:00,MYX:FCPO1!,4360,4477,4318,4447,26279,4455
28/9/2021 21:00,MYX:FCPO1!,4428,4483,4379,4455,22412,4595
29/9/2021 21:00,MYX:FCPO1!,4545,4598,4512,4595,25869,4505
30/9/2021 21:00,MYX:FCPO1!,4540,4580,4495,4505,21162,4583
4/10/2021 10:00,MYX:FCPO1!,4500,4590,4486,4583,19863,4738
4/10/2021 21:00,MYX:FCPO1!,4595,4786,4595,4738,26807,4872
5/10/2021 21:00,MYX:FCPO1!,4816,4880,4804,4872,24729,4849
6/10/2021 21:00,MYX:FCPO1!,4831,4862,4805,4849,21377,4966
7/10/2021 21:00,MYX:FCPO1!,4902,4981,4793,4966,34825,4955
11/10/2021 10:00,MYX:FCPO1!,4922,4981,4907,4955,24440,4855
11/10/2021 21:00,MYX:FCPO1!,4915,4917,4838,4855,24070,5021
12/10/2021 21:00,MYX:FCPO1!,4787,5039,4753,5021,35575,4877
13/10/2021 21:00,MYX:FCPO1!,4872,4930,4850,4877,25926,4961
14/10/2021 21:00,MYX:FCPO1!,4910,5002,4879,4961,24710,4944
18/10/2021 10:00,MYX:FCPO1!,4850,4950,4850,4944,26580,5071
19/10/2021 21:00,MYX:FCPO1!,4966,5090,4954,5071,31725,4968
20/10/2021 21:00,MYX:FCPO1!,5190,5220,4940,4968,38652,4924
21/10/2021 21:00,MYX:FCPO1!,4879,4935,4816,4924,40192,4969
25/10/2021 10:00,MYX:FCPO1!,4956,5021,4944,4969,22010,5012
25/10/2021 21:00,MYX:FCPO1!,5027,5067,4936,5012,29050,4966
26/10/2021 21:00,MYX:FCPO1!,4942,5019,4923,4966,28202,4929
27/10/2021 21:00,MYX:FCPO1!,4870,4941,4827,4929,29974,5026
28/10/2021 21:00,MYX:FCPO1!,4969,5054,4964,5026,28171,4961
1/11/2021 10:00,MYX:FCPO1!,5010,5063,4905,4961,27615,4970
1/11/2021 21:00,MYX:FCPO1!,5012,5049,4849,4970,36147,5071
2/11/2021 21:00,MYX:FCPO1!,4920,5086,4910,5071,29409,4880
4/11/2021 21:00,MYX:FCPO1!,4900,4936,4877,4880,27741,4895
8/11/2021 10:00,MYX:FCPO1!,4790,4910,4761,4895,24972,4792
8/11/2021 21:00,MYX:FCPO1!,4812,4823,4706,4792,36794,4920
9/11/2021 21:00,MYX:FCPO1!,4849,4945,4817,4920,28925,4881
10/11/2021 21:00,MYX:FCPO1!,4964,4980,4832,4881,31957,4935
11/11/2021 21:00,MYX:FCPO1!,4917,4995,4909,4935,26265,4966
15/11/2021 10:00,MYX:FCPO1!,4930,4997,4890,4966,20971,4788
15/11/2021 21:00,MYX:FCPO1!,4830,4858,4780,4788,21041,4899
16/11/2021 21:00,MYX:FCPO1!,4855,4910,4831,4899,27622,4998
17/11/2021 21:00,MYX:FCPO1!,4914,5010,4859,4998,27910,4993
18/11/2021 21:00,MYX:FCPO1!,5017,5069,4971,4993,25600,4959
22/11/2021 10:00,MYX:FCPO1!,4947,4976,4905,4959,20900,4852
22/11/2021 21:00,MYX:FCPO1!,5020,5025,4842,4852,27605,4916
23/11/2021 21:00,MYX:FCPO1!,4927,4937,4851,4916,26094,4927
24/11/2021 21:00,MYX:FCPO1!,4950,4995,4921,4927,20847,4849
25/11/2021 21:00,MYX:FCPO1!,4910,4945,4838,4849,23629,4857
29/11/2021 10:00,MYX:FCPO1!,4900,4931,4832,4857,30223,4672
29/11/2021 21:00,MYX:FCPO1!,4760,4806,4638,4672,33820,4684
30/11/2021 21:00,MYX:FCPO1!,4718,4737,4657,4684,24784,4650
1/12/2021 21:00,MYX:FCPO1!,4639,4677,4567,4650,26412,4750
6/12/2021 10:00,MYX:FCPO1!,4805,4830,4734,4750,26591,4929
6/12/2021 21:00,MYX:FCPO1!,4750,4935,4750,4929,29137,4841
7/12/2021 21:00,MYX:FCPO1!,4939,4949,4792,4841,25061,4778
8/12/2021 21:00,MYX:FCPO1!,4840,4916,4764,4778,28119,4800
9/12/2021 21:00,MYX:FCPO1!,4762,4841,4724,4800,23819,4792
13/12/2021 10:00,MYX:FCPO1!,4723,4842,4719,4792,24949,4699
13/12/2021 21:00,MYX:FCPO1!,4757,4815,4694,4699,25953,4486
14/12/2021 21:00,MYX:FCPO1!,4699,4717,4412,4486,40408,4400
15/12/2021 21:00,MYX:FCPO1!,4265,4444,4245,4400,31975,4408
16/12/2021 21:00,MYX:FCPO1!,4404,4529,4386,4408,28115,4295
20/12/2021 10:00,MYX:FCPO1!,4380,4419,4294,4295,24229,4384
20/12/2021 21:00,MYX:FCPO1!,4304,4418,4304,4384,23864,4448
21/12/2021 21:00,MYX:FCPO1!,4424,4500,4380,4448,22593,4478
22/12/2021 21:00,MYX:FCPO1!,4460,4520,4451,4478,22545,4649
23/12/2021 21:00,MYX:FCPO1!,4483,4653,4471,4649,20889,4604
27/12/2021 10:00,MYX:FCPO1!,4635,4677,4601,4604,16106,4772
27/12/2021 21:00,MYX:FCPO1!,4606,4796,4603,4772,23056,4695
28/12/2021 21:00,MYX:FCPO1!,4761,4770,4652,4695,22126,4683
29/12/2021 21:00,MYX:FCPO1!,4691,4740,4667,4683,20970,4697
30/12/2021 21:00,MYX:FCPO1!,4678,4742,4668,4697,19584,4857
3/1/2022 10:00,MYX:FCPO1!,4718,4888,4718,4857,25151,4914
3/1/2022 21:00,MYX:FCPO1!,4855,4922,4799,4914,22863,5036
4/1/2022 21:00,MYX:FCPO1!,4907,5047,4896,5036,22372,4985
5/1/2022 21:00,MYX:FCPO1!,5029,5053,4924,4985,25797,4993
6/1/2022 21:00,MYX:FCPO1!,5007,5045,4962,4993,22947,5029
10/1/2022 10:00,MYX:FCPO1!,4995,5123,4969,5029,23449,5069
10/1/2022 21:00,MYX:FCPO1!,5013,5079,4950,5069,24734,5040
11/1/2022 21:00,MYX:FCPO1!,5072,5112,5025,5040,22401,5161
12/1/2022 21:00,MYX:FCPO1!,5036,5164,5036,5161,23737,5123
13/1/2022 21:00,MYX:FCPO1!,5144,5153,5047,5123,22840,5034
17/1/2022 10:00,MYX:FCPO1!,4954,5045,4912,5034,27350,5124
18/1/2022 21:00,MYX:FCPO1!,5141,5195,5106,5124,32529,5187
19/1/2022 21:00,MYX:FCPO1!,5128,5228,5118,5187,32986,5322
20/1/2022 21:00,MYX:FCPO1!,5190,5327,5181,5322,26465,5260
24/1/2022 10:00,MYX:FCPO1!,5298,5380,5233,5260,30053,5282
24/1/2022 21:00,MYX:FCPO1!,5260,5286,5202,5282,24324,5329
25/1/2022 21:00,MYX:FCPO1!,5273,5352,5250,5329,19196,5444
26/1/2022 21:00,MYX:FCPO1!,5340,5500,5329,5444,30736,5628
27/1/2022 21:00,MYX:FCPO1!,5475,5639,5445,5628,33993,5592
31/1/2022 10:00,MYX:FCPO1!,5690,5700,5586,5592,9246,5513
2/2/2022 21:00,MYX:FCPO1!,5549,5611,5471,5513,19945,5617
3/2/2022 21:00,MYX:FCPO1!,5523,5626,5489,5617,24507,5536
7/2/2022 10:00,MYX:FCPO1!,5722,5749,5446,5536,38944,5449
7/2/2022 21:00,MYX:FCPO1!,5552,5581,5351,5449,46045,5594
8/2/2022 21:00,MYX:FCPO1!,5415,5612,5291,5594,46295,5535
9/2/2022 21:00,MYX:FCPO1!,5631,5631,5514,5535,34075,5573
10/2/2022 21:00,MYX:FCPO1!,5564,5624,5498,5573,31834,5667
14/2/2022 10:00,MYX:FCPO1!,5655,5697,5616,5667,28658,5657
14/2/2022 21:00,MYX:FCPO1!,5649,5773,5612,5657,24812,5433
15/2/2022 21:00,MYX:FCPO1!,5455,5547,5358,5433,31932,5507
16/2/2022 21:00,MYX:FCPO1!,5450,5557,5412,5507,41946,5539
17/2/2022 21:00,MYX:FCPO1!,5527,5623,5524,5539,29733,5675
21/2/2022 10:00,MYX:FCPO1!,5622,5708,5611,5675,22901,5840
21/2/2022 21:00,MYX:FCPO1!,5679,5856,5624,5840,28171,5982
22/2/2022 21:00,MYX:FCPO1!,5802,6043,5750,5982,38126,6453
23/2/2022 21:00,MYX:FCPO1!,5990,6465,5990,6453,46313,5966
24/2/2022 21:00,MYX:FCPO1!,6400,6470,5808,5966,56895,6299
28/2/2022 10:00,MYX:FCPO1!,6158,6348,6088,6299,31567,6762
28/2/2022 21:00,MYX:FCPO1!,6265,6794,6191,6762,34670,6660
1/3/2022 21:00,MYX:FCPO1!,6790,7108,6353,6660,43978,6808
2/3/2022 21:00,MYX:FCPO1!,6679,7040,6658,6808,27985,6276
3/3/2022 21:00,MYX:FCPO1!,6764,6865,6166,6276,29792,6626
7/3/2022 10:00,MYX:FCPO1!,6547,6666,6340,6626,18958,6416
7/3/2022 21:00,MYX:FCPO1!,6600,6695,6375,6416,25489,7074
8/3/2022 21:00,MYX:FCPO1!,6419,7268,6369,7074,24475,6961
9/3/2022 21:00,MYX:FCPO1!,6934,7071,6760,6961,22024,6707
10/3/2022 21:00,MYX:FCPO1!,7005,7099,6664,6707,19916,6361
14/3/2022 10:00,MYX:FCPO1!,6555,6558,6050,6361,25913,6132
14/3/2022 21:00,MYX:FCPO1!,6274,6361,5996,6132,22963,6067
15/3/2022 21:00,MYX:FCPO1!,5724,6081,5702,6067,23152,5936
16/3/2022 21:00,MYX:FCPO1!,6047,6174,5658,5936,30900,5629
17/3/2022 21:00,MYX:FCPO1!,5980,6098,5620,5629,25471,5774
21/3/2022 10:00,MYX:FCPO1!,5730,5950,5695,5774,24495,5967
21/3/2022 21:00,MYX:FCPO1!,5735,5994,5735,5967,24229,6192
22/3/2022 21:00,MYX:FCPO1!,5973,6219,5925,6192,20808,5943
23/3/2022 21:00,MYX:FCPO1!,6228,6339,5917,5943,28381,6027
24/3/2022 21:00,MYX:FCPO1!,5919,6060,5901,6027,23896,5978
28/3/2022 10:00,MYX:FCPO1!,6066,6098,5950,5978,14464,6020
28/3/2022 21:00,MYX:FCPO1!,5915,6080,5820,6020,20839,5930
29/3/2022 21:00,MYX:FCPO1!,5877,5983,5831,5930,19381,5705
30/3/2022 21:00,MYX:FCPO1!,5945,5983,5698,5705,21703,5566
31/3/2022 21:00,MYX:FCPO1!,5790,5810,5477,5566,29041,5692
4/4/2022 10:00,MYX:FCPO1!,5528,5756,5528,5692,19725,5915
4/4/2022 21:00,MYX:FCPO1!,5731,5950,5715,5915,17716,5912
5/4/2022 21:00,MYX:FCPO1!,5923,6013,5807,5912,23711,5827
6/4/2022 21:00,MYX:FCPO1!,5906,5950,5757,5827,24631,5921
7/4/2022 21:00,MYX:FCPO1!,5835,5945,5796,5921,20317,6005
11/4/2022 10:00,MYX:FCPO1!,5836,6070,5836,6005,23877,6177
11/4/2022 21:00,MYX:FCPO1!,5974,6181,5958,6177,22347,6135
12/4/2022 21:00,MYX:FCPO1!,6180,6249,6062,6135,24682,6288
13/4/2022 21:00,MYX:FCPO1!,6179,6338,6140,6288,23594,6468
14/4/2022 21:00,MYX:FCPO1!,6277,6520,6256,6468,13029,6463
18/4/2022 10:00,MYX:FCPO1!,6340,6473,6325,6463,24303,6308
19/4/2022 21:00,MYX:FCPO1!,6521,6546,6290,6308,31373,6313
20/4/2022 21:00,MYX:FCPO1!,6322,6428,6306,6313,22881,6355
21/4/2022 21:00,MYX:FCPO1!,6290,6408,6217,6355,27900,6229
25/4/2022 10:00,MYX:FCPO1!,6590,6799,6097,6229,43321,6400
25/4/2022 21:00,MYX:FCPO1!,6210,6453,6180,6400,23534,6987
26/4/2022 21:00,MYX:FCPO1!,6416,7040,6416,6987,33719,6914
27/4/2022 21:00,MYX:FCPO1!,7100,7132,6714,6914,26485,7104
28/4/2022 21:00,MYX:FCPO1!,6908,7229,6851,7104,25313,6752
4/5/2022 21:00,MYX:FCPO1!,6844,6925,6750,6752,19711,6400
5/5/2022 21:00,MYX:FCPO1!,6762,6854,6344,6400,30262,6409
9/5/2022 10:00,MYX:FCPO1!,6417,6499,6350,6409,17344,6313
9/5/2022 21:00,MYX:FCPO1!,6415,6464,6262,6313,20539,6476
10/5/2022 21:00,MYX:FCPO1!,6339,6582,6284,6476,25620,6342
11/5/2022 21:00,MYX:FCPO1!,6459,6534,6270,6342,29055,6369
12/5/2022 21:00,MYX:FCPO1!,6342,6479,6329,6369,18659,6116
16/5/2022 21:00,MYX:FCPO1!,6166,6215,6010,6116,21284,6134
17/5/2022 21:00,MYX:FCPO1!,6130,6201,6095,6134,20288,6072
18/5/2022 21:00,MYX:FCPO1!,6145,6169,6003,6072,28534,6109
19/5/2022 21:00,MYX:FCPO1!,5967,6325,5925,6109,45978,6261
23/5/2022 10:00,MYX:FCPO1!,6153,6285,6116,6261,19878,6482
23/5/2022 21:00,MYX:FCPO1!,6242,6564,6231,6482,29447,6383
24/5/2022 21:00,MYX:FCPO1!,6487,6524,6370,6383,27640,6533
25/5/2022 21:00,MYX:FCPO1!,6374,6589,6289,6533,30752,6353
26/5/2022 21:00,MYX:FCPO1!,6533,6698,6345,6353,33978,6232
30/5/2022 10:00,MYX:FCPO1!,6360,6381,6209,6232,27242,6304
30/5/2022 21:00,MYX:FCPO1!,6225,6381,6204,6304,28667,6356
31/5/2022 21:00,MYX:FCPO1!,6304,6390,6221,6356,24278,6468
1/6/2022 21:00,MYX:FCPO1!,6381,6544,6334,6468,24815,6453
2/6/2022 21:00,MYX:FCPO1!,6506,6632,6368,6453,23100,6505
6/6/2022 21:00,MYX:FCPO1!,6423,6574,6406,6505,20813,6467
7/6/2022 21:00,MYX:FCPO1!,6499,6616,6408,6467,27243,6210
8/6/2022 21:00,MYX:FCPO1!,6485,6485,6151,6210,28912,5920
9/6/2022 21:00,MYX:FCPO1!,6157,6277,5900,5920,28057,5793
13/6/2022 10:00,MYX:FCPO1!,5952,5996,5726,5793,29792,5848
13/6/2022 21:00,MYX:FCPO1!,5800,5879,5750,5848,24927,5657
14/6/2022 21:00,MYX:FCPO1!,5879,5879,5604,5657,27140,5473
15/6/2022 21:00,MYX:FCPO1!,5620,5629,5397,5473,31942,5454
16/6/2022 21:00,MYX:FCPO1!,5489,5489,5353,5454,26351,4981
20/6/2022 10:00,MYX:FCPO1!,5252,5271,4958,4981,27802,4980
20/6/2022 21:00,MYX:FCPO1!,4981,5081,4839,4980,36822,4499
21/6/2022 21:00,MYX:FCPO1!,4983,5020,4493,4499,35155,4744
22/6/2022 21:00,MYX:FCPO1!,4524,4791,4524,4744,38632,4664
23/6/2022 21:00,MYX:FCPO1!,4817,4949,4520,4664,32617,4922
27/6/2022 10:00,MYX:FCPO1!,4689,4965,4681,4922,29084,4989
27/6/2022 21:00,MYX:FCPO1!,4926,5048,4775,4989,29670,4903
28/6/2022 21:00,MYX:FCPO1!,4993,4997,4857,4903,26733,4910
29/6/2022 21:00,MYX:FCPO1!,4923,4975,4810,4910,25836,4708
30/6/2022 21:00,MYX:FCPO1!,4912,4912,4551,4708,38871,4350
4/7/2022 10:00,MYX:FCPO1!,4599,4640,4238,4350,26564,4174
4/7/2022 21:00,MYX:FCPO1!,4377,4432,4150,4174,29937,4055
5/7/2022 21:00,MYX:FCPO1!,4167,4181,3735,4055,46630,4140
6/7/2022 21:00,MYX:FCPO1!,4080,4214,3860,4140,44418,4157
7/7/2022 21:00,MYX:FCPO1!,4132,4314,4051,4157,33946,4116
11/7/2022 21:00,MYX:FCPO1!,4216,4280,4100,4116,22291,3761
12/7/2022 21:00,MYX:FCPO1!,4089,4096,3754,3761,33915,3568
13/7/2022 21:00,MYX:FCPO1!,3712,3948,3489,3568,43524,3588
14/7/2022 21:00,MYX:FCPO1!,3610,3744,3514,3588,31057,3945
18/7/2022 10:00,MYX:FCPO1!,3730,3964,3717,3945,29584,3812
18/7/2022 21:00,MYX:FCPO1!,3970,4077,3795,3812,37594,3935
19/7/2022 21:00,MYX:FCPO1!,3782,4036,3779,3935,35675,3720
20/7/2022 21:00,MYX:FCPO1!,3933,3967,3688,3720,28284,3704
21/7/2022 21:00,MYX:FCPO1!,3741,3813,3645,3704,30519,3646
25/7/2022 10:00,MYX:FCPO1!,3744,3785,3622,3646,26410,3787
25/7/2022 21:00,MYX:FCPO1!,3685,3902,3685,3787,33501,3826
26/7/2022 21:00,MYX:FCPO1!,3810,3880,3669,3826,34128,3957
27/7/2022 21:00,MYX:FCPO1!,3860,4024,3802,3957,33199,4289
28/7/2022 21:00,MYX:FCPO1!,3983,4306,3956,4289,32535,4060
1/8/2022 10:00,MYX:FCPO1!,4201,4213,4050,4060,29972,3841
1/8/2022 21:00,MYX:FCPO1!,4043,4060,3829,3841,29629,3864
2/8/2022 21:00,MYX:FCPO1!,3838,3973,3763,3864,23199,3821
3/8/2022 21:00,MYX:FCPO1!,3933,3940,3690,3821,29146,3878
4/8/2022 21:00,MYX:FCPO1!,3846,3936,3805,3878,18800,4071
8/8/2022 10:00,MYX:FCPO1!,4000,4118,3977,4071,19875,4119
8/8/2022 21:00,MYX:FCPO1!,4090,4193,4011,4119,25421,4111
9/8/2022 21:00,MYX:FCPO1!,4162,4190,4024,4111,18789,4264
10/8/2022 21:00,MYX:FCPO1!,4138,4274,4120,4264,20210,4407
11/8/2022 21:00,MYX:FCPO1!,4277,4495,4255,4407,29127,4125
15/8/2022 10:00,MYX:FCPO1!,4339,4364,4101,4125,21740,4182
15/8/2022 21:00,MYX:FCPO1!,4129,4329,4101,4182,22176,4193
16/8/2022 21:00,MYX:FCPO1!,4226,4250,4141,4193,23018,4043
17/8/2022 21:00,MYX:FCPO1!,4177,4206,4036,4043,27851,4093
18/8/2022 21:00,MYX:FCPO1!,4068,4180,4000,4093,27827,4160
22/8/2022 10:00,MYX:FCPO1!,4228,4281,4136,4160,20400,4234
22/8/2022 21:00,MYX:FCPO1!,4166,4250,4103,4234,29177,4308
23/8/2022 21:00,MYX:FCPO1!,4220,4350,4053,4308,35028,4258
24/8/2022 21:00,MYX:FCPO1!,4307,4338,4229,4258,24701,4172
25/8/2022 21:00,MYX:FCPO1!,4238,4313,4163,4172,22107,4174
29/8/2022 10:00,MYX:FCPO1!,4217,4266,4160,4174,23186,4144
29/8/2022 21:00,MYX:FCPO1!,4196,4218,4107,4144,29407,3994
31/8/2022 21:00,MYX:FCPO1!,4213,4216,3985,3994,23079,3915
1/9/2022 21:00,MYX:FCPO1!,3982,4013,3840,3915,23887,3916
5/9/2022 10:00,MYX:FCPO1!,3955,3984,3879,3916,16336,3797
5/9/2022 21:00,MYX:FCPO1!,3929,3956,3761,3797,21461,3690
6/9/2022 21:00,MYX:FCPO1!,3811,3848,3645,3690,31664,3541
7/9/2022 21:00,MYX:FCPO1!,3708,3749,3481,3541,33669,3594
8/9/2022 21:00,MYX:FCPO1!,3549,3680,3539,3594,26566,3683
12/9/2022 10:00,MYX:FCPO1!,3570,3692,3570,3683,20118,3898
12/9/2022 21:00,MYX:FCPO1!,3684,3912,3666,3898,23449,3856
13/9/2022 21:00,MYX:FCPO1!,3854,3900,3774,3856,21413,3724
14/9/2022 21:00,MYX:FCPO1!,3832,3856,3692,3724,19372,3700
19/9/2022 10:00,MYX:FCPO1!,3840,3889,3671,3700,34313,3737
19/9/2022 21:00,MYX:FCPO1!,3726,3797,3631,3737,31049,3887
20/9/2022 21:00,MYX:FCPO1!,3711,3919,3654,3887,30663,3826
21/9/2022 21:00,MYX:FCPO1!,3867,3884,3790,3826,24587,3736
22/9/2022 21:00,MYX:FCPO1!,3835,3860,3730,3736,27044,3541
26/9/2022 10:00,MYX:FCPO1!,3603,3617,3431,3541,31187,3523
26/9/2022 21:00,MYX:FCPO1!,3551,3589,3437,3523,26161,3226
27/9/2022 21:00,MYX:FCPO1!,3530,3559,3220,3226,36951,3342
28/9/2022 21:00,MYX:FCPO1!,3262,3400,3234,3342,34475,3416
29/9/2022 21:00,MYX:FCPO1!,3363,3450,3308,3416,24306,3426
3/10/2022 10:00,MYX:FCPO1!,3342,3469,3324,3426,18561,3614
3/10/2022 21:00,MYX:FCPO1!,3431,3637,3431,3614,23610,3642
4/10/2022 21:00,MYX:FCPO1!,3646,3810,3616,3642,23933,3700
5/10/2022 21:00,MYX:FCPO1!,3640,3806,3620,3700,24441,3837
6/10/2022 21:00,MYX:FCPO1!,3692,3846,3691,3837,20221,3692
10/10/2022 21:00,MYX:FCPO1!,3787,3819,3678,3692,24947,3736
11/10/2022 21:00,MYX:FCPO1!,3709,3783,3693,3736,24390,3665
12/10/2022 21:00,MYX:FCPO1!,3714,3782,3659,3665,22814,3833
13/10/2022 21:00,MYX:FCPO1!,3601,3889,3594,3833,29867,3887
17/10/2022 10:00,MYX:FCPO1!,3873,3898,3776,3887,23873,4011
17/10/2022 21:00,MYX:FCPO1!,3900,4084,3887,4011,46364,4118
18/10/2022 21:00,MYX:FCPO1!,4054,4165,4013,4118,42105,4096
19/10/2022 21:00,MYX:FCPO1!,4098,4196,4050,4096,37902,4101
20/10/2022 21:00,MYX:FCPO1!,4127,4179,4052,4101,27213,4127
24/10/2022 21:00,MYX:FCPO1!,4170,4263,4080,4127,32522,4121
25/10/2022 21:00,MYX:FCPO1!,4126,4235,4087,4121,35325,4147
26/10/2022 21:00,MYX:FCPO1!,4133,4255,4130,4147,30639,3989
27/10/2022 21:00,MYX:FCPO1!,4172,4189,3968,3989,35395,4054
31/10/2022 10:00,MYX:FCPO1!,4073,4189,4011,4054,31079,4233
31/10/2022 21:00,MYX:FCPO1!,4037,4298,4037,4233,35909,4398
1/11/2022 21:00,MYX:FCPO1!,4290,4450,4249,4398,28666,4337
2/11/2022 21:00,MYX:FCPO1!,4340,4497,4335,4337,27829,4367
3/11/2022 21:00,MYX:FCPO1!,4324,4473,4270,4367,28196,4433
7/11/2022 10:00,MYX:FCPO1!,4316,4449,4300,4433,19552,4361
7/11/2022 21:00,MYX:FCPO1!,4433,4458,4350,4361,19799,4198
8/11/2022 21:00,MYX:FCPO1!,4366,4403,4185,4198,27329,4178
9/11/2022 21:00,MYX:FCPO1!,4180,4275,4086,4178,28322,4287
10/11/2022 21:00,MYX:FCPO1!,4163,4333,4163,4287,26116,4112
14/11/2022 10:00,MYX:FCPO1!,4221,4293,4106,4112,24524,4033
14/11/2022 21:00,MYX:FCPO1!,4112,4176,4003,4033,25331,4022
15/11/2022 21:00,MYX:FCPO1!,4072,4119,4013,4022,22705,3850
16/11/2022 21:00,MYX:FCPO1!,3995,4016,3825,3850,33692,3855
21/11/2022 10:00,MYX:FCPO1!,3830,3920,3787,3855,25136,4004
21/11/2022 21:00,MYX:FCPO1!,3874,4018,3820,4004,32378,4105
22/11/2022 21:00,MYX:FCPO1!,4025,4125,3985,4105,29746,4040
23/11/2022 21:00,MYX:FCPO1!,4061,4219,4024,4040,27208,4140
24/11/2022 21:00,MYX:FCPO1!,4059,4154,4020,4140,22353,4219
28/11/2022 21:00,MYX:FCPO1!,4195,4286,4175,4219,32556,4234
29/11/2022 21:00,MYX:FCPO1!,4250,4265,4173,4234,27172,4078
30/11/2022 21:00,MYX:FCPO1!,4241,4300,4060,4078,36073,3952
1/12/2022 21:00,MYX:FCPO1!,4120,4161,3918,3952,33228,3967
5/12/2022 10:00,MYX:FCPO1!,4046,4093,3930,3967,29106,4094
5/12/2022 21:00,MYX:FCPO1!,3984,4111,3865,4094,38269,3969
6/12/2022 21:00,MYX:FCPO1!,4053,4116,3947,3969,31210,3943
7/12/2022 21:00,MYX:FCPO1!,4010,4056,3875,3943,26890,3995
8/12/2022 21:00,MYX:FCPO1!,3977,4043,3951,3995,25641,3737
12/12/2022 10:00,MYX:FCPO1!,3852,3875,3721,3737,35699,3886
12/12/2022 21:00,MYX:FCPO1!,3763,3941,3747,3886,32069,3950
13/12/2022 21:00,MYX:FCPO1!,3926,4005,3895,3950,24267,3878
14/12/2022 21:00,MYX:FCPO1!,3957,3993,3870,3878,15781,3918
15/12/2022 21:00,MYX:FCPO1!,3916,4013,3878,3918,25393,3929
19/12/2022 10:00,MYX:FCPO1!,3943,3978,3907,3929,15922,3869
19/12/2022 21:00,MYX:FCPO1!,3957,3995,3847,3869,25901,3960
20/12/2022 21:00,MYX:FCPO1!,3881,3979,3850,3960,25490,3898
21/12/2022 21:00,MYX:FCPO1!,3960,3994,3857,3898,21174,3830
22/12/2022 21:00,MYX:FCPO1!,3889,3889,3815,3830,27726,4100
26/12/2022 21:00,MYX:FCPO1!,4005,4117,4000,4100,27368,4087
27/12/2022 21:00,MYX:FCPO1!,4098,4133,4068,4087,19952,4090
28/12/2022 21:00,MYX:FCPO1!,4100,4106,4004,4090,18145,4174
29/12/2022 21:00,MYX:FCPO1!,4125,4242,4075,4174,24970,4253
2/1/2023 21:00,MYX:FCPO1!,4146,4276,4142,4253,24541,4169
3/1/2023 21:00,MYX:FCPO1!,4241,4257,4147,4169,30017,4090
4/1/2023 21:00,MYX:FCPO1!,4154,4170,4050,4090,29682,4052
5/1/2023 21:00,MYX:FCPO1!,4104,4136,4040,4052,24469,4118
9/1/2023 10:00,MYX:FCPO1!,4048,4124,3979,4118,27384,3984
9/1/2023 21:00,MYX:FCPO1!,4100,4102,3913,3984,33253,3911
10/1/2023 21:00,MYX:FCPO1!,3975,3999,3888,3911,26929,3911
11/1/2023 21:00,MYX:FCPO1!,3929,3963,3861,3911,23574,3841
12/1/2023 21:00,MYX:FCPO1!,3925,3930,3835,3841,23502,3852
16/1/2023 10:00,MYX:FCPO1!,3890,3923,3850,3852,15674,3795
16/1/2023 21:00,MYX:FCPO1!,3864,3883,3785,3795,23059,3867
17/1/2023 21:00,MYX:FCPO1!,3830,3894,3805,3867,27995,3889
18/1/2023 21:00,MYX:FCPO1!,3860,3918,3850,3889,20603,3892
19/1/2023 21:00,MYX:FCPO1!,3885,3950,3861,3892,20105,3753
24/1/2023 21:00,MYX:FCPO1!,3845,3859,3721,3753,28120,3781
25/1/2023 21:00,MYX:FCPO1!,3753,3815,3724,3781,15967,3902
26/1/2023 21:00,MYX:FCPO1!,3784,3910,3773,3902,21518,3936
30/1/2023 10:00,MYX:FCPO1!,3946,3991,3916,3936,25939,3815
30/1/2023 21:00,MYX:FCPO1!,3932,3976,3810,3815,21994,3751
1/2/2023 21:00,MYX:FCPO1!,3750,3795,3728,3751,20335,3851
2/2/2023 21:00,MYX:FCPO1!,3750,3870,3731,3851,21405,3939
6/2/2023 21:00,MYX:FCPO1!,3891,3972,3888,3939,23080,3997
7/2/2023 21:00,MYX:FCPO1!,3937,4035,3913,3997,27391,3973
8/2/2023 21:00,MYX:FCPO1!,3981,4007,3937,3973,19305,3931
9/2/2023 21:00,MYX:FCPO1!,3976,3985,3849,3931,24158,3923
13/2/2023 10:00,MYX:FCPO1!,3965,3966,3882,3923,20714,3956
13/2/2023 21:00,MYX:FCPO1!,3929,3978,3906,3956,19054,3936
14/2/2023 21:00,MYX:FCPO1!,3955,3985,3908,3936,20037,4069
15/2/2023 21:00,MYX:FCPO1!,3950,4093,3927,4069,33987,4131
16/2/2023 21:00,MYX:FCPO1!,4064,4170,4061,4131,28924,4167
20/2/2023 10:00,MYX:FCPO1!,4152,4202,4137,4167,20612,4141
20/2/2023 21:00,MYX:FCPO1!,4167,4200,4127,4141,19330,4146
21/2/2023 21:00,MYX:FCPO1!,4141,4225,4140,4146,25619,4235
22/2/2023 21:00,MYX:FCPO1!,4168,4238,4160,4235,25455,4202
23/2/2023 21:00,MYX:FCPO1!,4225,4269,4192,4202,26762,4225
27/2/2023 10:00,MYX:FCPO1!,4171,4242,4147,4225,24604,4142
27/2/2023 21:00,MYX:FCPO1!,4224,4234,4135,4142,25439,4182
28/2/2023 21:00,MYX:FCPO1!,4151,4220,4141,4182,24447,4294
1/3/2023 21:00,MYX:FCPO1!,4192,4425,4187,4294,34965,4352
2/3/2023 21:00,MYX:FCPO1!,4281,4359,4267,4352,23175,4283
6/3/2023 10:00,MYX:FCPO1!,4299,4317,4253,4283,18350,4205
6/3/2023 21:00,MYX:FCPO1!,4269,4287,4196,4205,21490,4180
7/3/2023 21:00,MYX:FCPO1!,4202,4218,4109,4180,24500,4205
8/3/2023 21:00,MYX:FCPO1!,4170,4247,4140,4205,25348,4093
9/3/2023 21:00,MYX:FCPO1!,4215,4244,4088,4093,31296,4043
13/3/2023 10:00,MYX:FCPO1!,4090,4130,4034,4043,33414,3982
13/3/2023 21:00,MYX:FCPO1!,4010,4064,3967,3982,30582,4017
14/3/2023 21:00,MYX:FCPO1!,3991,4058,3991,4017,22642,3933
15/3/2023 21:00,MYX:FCPO1!,3930,3959,3892,3933,28977,3920
16/3/2023 21:00,MYX:FCPO1!,3934,3993,3895,3920,26302,3785
20/3/2023 10:00,MYX:FCPO1!,3900,3906,3768,3785,29433,3784
20/3/2023 21:00,MYX:FCPO1!,3820,3854,3761,3784,30264,3664
21/3/2023 21:00,MYX:FCPO1!,3801,3811,3634,3664,34759,3569
22/3/2023 21:00,MYX:FCPO1!,3667,3683,3561,3569,32147,3512
23/3/2023 21:00,MYX:FCPO1!,3571,3650,3500,3512,44705,3576
27/3/2023 10:00,MYX:FCPO1!,3562,3610,3528,3576,31810,3687
27/3/2023 21:00,MYX:FCPO1!,3600,3695,3567,3687,30329,3707
28/3/2023 21:00,MYX:FCPO1!,3683,3723,3646,3707,23938,3788
29/3/2023 21:00,MYX:FCPO1!,3711,3802,3681,3788,27311,3761
30/3/2023 21:00,MYX:FCPO1!,3800,3805,3714,3761,25778,3884
3/4/2023 10:00,MYX:FCPO1!,3869,3922,3833,3884,23299,3966
3/4/2023 21:00,MYX:FCPO1!,3888,3980,3863,3966,23431,3868
4/4/2023 21:00,MYX:FCPO1!,3953,3965,3864,3868,30768,3823
5/4/2023 21:00,MYX:FCPO1!,3851,3914,3820,3823,25155,3794
6/4/2023 21:00,MYX:FCPO1!,3821,3855,3769,3794,25059,3837
10/4/2023 10:00,MYX:FCPO1!,3765,3862,3735,3837,33058,3888
10/4/2023 21:00,MYX:FCPO1!,3823,3916,3810,3888,27548,3775
11/4/2023 21:00,MYX:FCPO1!,3905,3909,3761,3775,32076,3713
12/4/2023 21:00,MYX:FCPO1!,3792,3804,3673,3713,29407,3702
13/4/2023 21:00,MYX:FCPO1!,3711,3760,3653,3702,25708,3638
17/4/2023 10:00,MYX:FCPO1!,3575,3652,3567,3638,20115,3789
17/4/2023 21:00,MYX:FCPO1!,3642,3810,3631,3789,33625,3735
18/4/2023 21:00,MYX:FCPO1!,3780,3820,3721,3735,30183,3705
19/4/2023 21:00,MYX:FCPO1!,3741,3773,3669,3705,25983,3635
24/4/2023 21:00,MYX:FCPO1!,3600,3658,3562,3635,28303,3570
25/4/2023 21:00,MYX:FCPO1!,3618,3630,3563,3570,26305,3455
26/4/2023 21:00,MYX:FCPO1!,3567,3597,3447,3455,36367,3338
27/4/2023 21:00,MYX:FCPO1!,3467,3484,3288,3338,42983,3421
1/5/2023 21:00,MYX:FCPO1!,3410,3449,3361,3421,22953,3425
2/5/2023 21:00,MYX:FCPO1!,3424,3464,3344,3425,20643,3601
4/5/2023 21:00,MYX:FCPO1!,3507,3625,3495,3601,31042,3762
8/5/2023 10:00,MYX:FCPO1!,3645,3788,3625,3762,31137,3807
8/5/2023 21:00,MYX:FCPO1!,3755,3837,3670,3807,41758,3709
9/5/2023 21:00,MYX:FCPO1!,3791,3800,3700,3709,36132,3603
10/5/2023 21:00,MYX:FCPO1!,3715,3735,3585,3603,24066,3648
11/5/2023 21:00,MYX:FCPO1!,3580,3666,3550,3648,25424,3616
15/5/2023 10:00,MYX:FCPO1!,3541,3698,3541,3616,22072,3457
15/5/2023 21:00,MYX:FCPO1!,3530,3558,3436,3457,27628,3434
16/5/2023 21:00,MYX:FCPO1!,3450,3463,3368,3434,35354,3392
17/5/2023 21:00,MYX:FCPO1!,3415,3448,3381,3392,24509,3481
18/5/2023 21:00,MYX:FCPO1!,3388,3494,3375,3481,25600,3428
22/5/2023 10:00,MYX:FCPO1!,3400,3454,3384,3428,20706,3378
22/5/2023 21:00,MYX:FCPO1!,3443,3468,3365,3378,29603,3407
23/5/2023 21:00,MYX:FCPO1!,3406,3433,3365,3407,29407,3493
24/5/2023 21:00,MYX:FCPO1!,3403,3520,3388,3493,28274,3559
25/5/2023 21:00,MYX:FCPO1!,3505,3586,3478,3559,29125,3546
29/5/2023 10:00,MYX:FCPO1!,3520,3564,3489,3546,17154,3403
29/5/2023 21:00,MYX:FCPO1!,3537,3556,3392,3403,32296,3201
30/5/2023 21:00,MYX:FCPO1!,3395,3399,3196,3201,37728,3279
31/5/2023 21:00,MYX:FCPO1!,3198,3285,3194,3279,27842,3381
1/6/2023 21:00,MYX:FCPO1!,3310,3409,3284,3381,23749,3316
5/6/2023 21:00,MYX:FCPO1!,3411,3421,3297,3316,22921,3320
6/6/2023 21:00,MYX:FCPO1!,3314,3374,3286,3320,22503,3264
7/6/2023 21:00,MYX:FCPO1!,3320,3350,3255,3264,22378,3367
8/6/2023 21:00,MYX:FCPO1!,3275,3404,3271,3367,28154,3349
12/6/2023 10:00,MYX:FCPO1!,3395,3398,3304,3349,20384,3416
12/6/2023 21:00,MYX:FCPO1!,3350,3437,3313,3416,26559,3452
13/6/2023 21:00,MYX:FCPO1!,3428,3527,3405,3452,28096,3521
14/6/2023 21:00,MYX:FCPO1!,3465,3536,3433,3521,21331,3743
15/6/2023 21:00,MYX:FCPO1!,3518,3791,3511,3743,45074,3757
19/6/2023 10:00,MYX:FCPO1!,3760,3804,3716,3757,28900,3727
19/6/2023 21:00,MYX:FCPO1!,3758,3791,3723,3727,21770,3614
20/6/2023 21:00,MYX:FCPO1!,3717,3758,3578,3614,31111,3562
21/6/2023 21:00,MYX:FCPO1!,3597,3635,3534,3562,27499,3620
22/6/2023 21:00,MYX:FCPO1!,3536,3675,3512,3620,28468,3719
26/6/2023 10:00,MYX:FCPO1!,3699,3722,3630,3719,19456,3675
26/6/2023 21:00,MYX:FCPO1!,3723,3756,3673,3675,28130,3755
27/6/2023 21:00,MYX:FCPO1!,3665,3802,3654,3755,30823,3789
29/6/2023 21:00,MYX:FCPO1!,3810,3829,3777,3789,23998,3985
3/7/2023 10:00,MYX:FCPO1!,3975,3994,3921,3985,27423,3883
3/7/2023 21:00,MYX:FCPO1!,3995,3995,3877,3883,21278,3862
4/7/2023 21:00,MYX:FCPO1!,3893,3936,3853,3862,29193,3911
5/7/2023 21:00,MYX:FCPO1!,3878,3925,3865,3911,28021,3834
6/7/2023 21:00,MYX:FCPO1!,3900,3914,3822,3834,29414,3920
10/7/2023 10:00,MYX:FCPO1!,3800,3942,3799,3920,20224,3889
10/7/2023 21:00,MYX:FCPO1!,3914,3981,3862,3889,25392,3926
11/7/2023 21:00,MYX:FCPO1!,3899,3945,3889,3926,18187,3865
12/7/2023 21:00,MYX:FCPO1!,3921,3961,3829,3865,25711,3881
13/7/2023 21:00,MYX:FCPO1!,3886,3935,3812,3881,29352,3930
17/7/2023 10:00,MYX:FCPO1!,3893,3945,3861,3930,17901,3895
17/7/2023 21:00,MYX:FCPO1!,3927,3956,3870,3895,28034,4046
19/7/2023 21:00,MYX:FCPO1!,3962,4050,3954,4046,34503,4035
20/7/2023 21:00,MYX:FCPO1!,4035,4080,4006,4035,39458,4164
24/7/2023 10:00,MYX:FCPO1!,3989,4209,3962,4164,35291,4066
24/7/2023 21:00,MYX:FCPO1!,4146,4162,4042,4066,32064,4062
25/7/2023 21:00,MYX:FCPO1!,4062,4150,4040,4062,33642,4026
26/7/2023 21:00,MYX:FCPO1!,4061,4088,4020,4026,27633,4006
27/7/2023 21:00,MYX:FCPO1!,4039,4039,3944,4006,30746,3878
31/7/2023 10:00,MYX:FCPO1!,3928,3952,3870,3878,21637,3872
31/7/2023 21:00,MYX:FCPO1!,3878,3917,3832,3872,24787,3915
1/8/2023 21:00,MYX:FCPO1!,3868,3946,3855,3915,21728,3824
2/8/2023 21:00,MYX:FCPO1!,3915,3931,3817,3824,27392,3859
3/8/2023 21:00,MYX:FCPO1!,3837,3888,3809,3859,28820,3772
7/8/2023 10:00,MYX:FCPO1!,3853,3886,3754,3772,28201,3693
7/8/2023 21:00,MYX:FCPO1!,3769,3787,3683,3693,28830,3771
8/8/2023 21:00,MYX:FCPO1!,3687,3778,3662,3771,25271,3728
9/8/2023 21:00,MYX:FCPO1!,3770,3803,3717,3728,27559,3717
10/8/2023 21:00,MYX:FCPO1!,3733,3770,3690,3717,21592,3694
14/8/2023 10:00,MYX:FCPO1!,3749,3757,3683,3694,19190,3783
14/8/2023 21:00,MYX:FCPO1!,3686,3842,3681,3783,25460,3846
15/8/2023 21:00,MYX:FCPO1!,3822,3860,3814,3846,20036,3923
16/8/2023 21:00,MYX:FCPO1!,3853,3936,3828,3923,24931,3871
17/8/2023 21:00,MYX:FCPO1!,3915,3966,3866,3871,27139,3936
21/8/2023 10:00,MYX:FCPO1!,3956,3978,3908,3936,19190,3866
21/8/2023 21:00,MYX:FCPO1!,3938,3944,3855,3866,23565,3830
22/8/2023 21:00,MYX:FCPO1!,3862,3898,3804,3830,26222,3881
23/8/2023 21:00,MYX:FCPO1!,3840,3938,3833,3881,30031,3962
24/8/2023 21:00,MYX:FCPO1!,3873,3964,3855,3962,26875,3910
28/8/2023 10:00,MYX:FCPO1!,3968,3970,3904,3910,19848,3930
28/8/2023 21:00,MYX:FCPO1!,3910,3965,3908,3930,23186,4010
29/8/2023 21:00,MYX:FCPO1!,3932,4020,3919,4010,28527,4040
31/8/2023 21:00,MYX:FCPO1!,4010,4068,3990,4040,22658,3986
4/9/2023 10:00,MYX:FCPO1!,4000,4009,3947,3986,16337,3901
4/9/2023 21:00,MYX:FCPO1!,3988,3988,3898,3901,23811,3881
5/9/2023 21:00,MYX:FCPO1!,3918,3941,3862,3881,28211,3832
6/9/2023 21:00,MYX:FCPO1!,3891,3904,3817,3832,20639,3830
7/9/2023 21:00,MYX:FCPO1!,3841,3841,3781,3830,30816,3713
11/9/2023 10:00,MYX:FCPO1!,3846,3860,3703,3713,31449,3683
11/9/2023 21:00,MYX:FCPO1!,3715,3772,3667,3683,32952,3726
12/9/2023 21:00,MYX:FCPO1!,3695,3730,3671,3726,28628,3761
13/9/2023 21:00,MYX:FCPO1!,3721,3776,3698,3761,21504,3785
14/9/2023 21:00,MYX:FCPO1!,3761,3812,3755,3785,17407,3749
18/9/2023 10:00,MYX:FCPO1!,3775,3785,3737,3749,25390,3749
18/9/2023 21:00,MYX:FCPO1!,3746,3763,3690,3749,33175,3720
19/9/2023 21:00,MYX:FCPO1!,3747,3757,3706,3720,23248,3678
20/9/2023 21:00,MYX:FCPO1!,3725,3728,3637,3678,29493,3681
21/9/2023 21:00,MYX:FCPO1!,3682,3702,3644,3681,27773,3716
25/9/2023 10:00,MYX:FCPO1!,3688,3728,3664,3716,23912,3692
25/9/2023 21:00,MYX:FCPO1!,3703,3721,3675,3692,31695,3771
26/9/2023 21:00,MYX:FCPO1!,3684,3806,3676,3771,36240,3767
28/9/2023 21:00,MYX:FCPO1!,3752,3844,3750,3767,28412,3704
2/10/2023 10:00,MYX:FCPO1!,3738,3771,3684,3704,22804,3708
2/10/2023 21:00,MYX:FCPO1!,3718,3762,3693,3708,23578,3715
3/10/2023 21:00,MYX:FCPO1!,3700,3739,3688,3715,22095,3607
4/10/2023 21:00,MYX:FCPO1!,3701,3710,3603,3607,33969,3600
5/10/2023 21:00,MYX:FCPO1!,3610,3632,3563,3600,29808,3605
9/10/2023 10:00,MYX:FCPO1!,3634,3668,3591,3605,20766,3565
9/10/2023 21:00,MYX:FCPO1!,3608,3636,3520,3565,28844,3551
10/10/2023 21:00,MYX:FCPO1!,3575,3611,3547,3551,34732,3638
11/10/2023 21:00,MYX:FCPO1!,3539,3649,3539,3638,31679,3737
12/10/2023 21:00,MYX:FCPO1!,3639,3740,3613,3737,25763,3780
16/10/2023 10:00,MYX:FCPO1!,3770,3788,3743,3780,26100,3784
16/10/2023 21:00,MYX:FCPO1!,3792,3808,3758,3784,33314,3810
17/10/2023 21:00,MYX:FCPO1!,3779,3835,3771,3810,29841,3758
18/10/2023 21:00,MYX:FCPO1!,3819,3842,3740,3758,30060,3771
19/10/2023 21:00,MYX:FCPO1!,3770,3780,3711,3771,29051,3753
23/10/2023 10:00,MYX:FCPO1!,3739,3772,3717,3753,20058,3667
23/10/2023 21:00,MYX:FCPO1!,3754,3756,3651,3667,32118,3679
24/10/2023 21:00,MYX:FCPO1!,3683,3692,3623,3679,31395,3762
25/10/2023 21:00,MYX:FCPO1!,3669,3794,3661,3762,34585,3775
26/10/2023 21:00,MYX:FCPO1!,3758,3790,3711,3775,23081,3737
30/10/2023 10:00,MYX:FCPO1!,3807,3807,3730,3737,19464,3679
30/10/2023 21:00,MYX:FCPO1!,3740,3755,3660,3679,26519,3688
31/10/2023 21:00,MYX:FCPO1!,3689,3729,3658,3688,23310,3784
1/11/2023 21:00,MYX:FCPO1!,3697,3800,3682,3784,33246,3768
2/11/2023 21:00,MYX:FCPO1!,3783,3808,3761,3768,22532,3753
6/11/2023 10:00,MYX:FCPO1!,3752,3793,3721,3753,23288,3720
6/11/2023 21:00,MYX:FCPO1!,3760,3805,3710,3720,27908,3768
7/11/2023 21:00,MYX:FCPO1!,3720,3789,3720,3768,24289,3743
8/11/2023 21:00,MYX:FCPO1!,3755,3787,3727,3743,22152,3802
9/11/2023 21:00,MYX:FCPO1!,3750,3815,3740,3802,28858,3904
13/11/2023 21:00,MYX:FCPO1!,3826,3910,3826,3904,27559,3978
14/11/2023 21:00,MYX:FCPO1!,3908,3996,3904,3978,27014,3998
15/11/2023 21:00,MYX:FCPO1!,4020,4043,3979,3998,28387,3931
16/11/2023 21:00,MYX:FCPO1!,3997,4004,3912,3931,27140,3934
20/11/2023 10:00,MYX:FCPO1!,3940,3957,3912,3934,20896,3953
20/11/2023 21:00,MYX:FCPO1!,3939,4008,3938,3953,24852,3988
21/11/2023 21:00,MYX:FCPO1!,3954,4029,3942,3988,32306,3951
22/11/2023 21:00,MYX:FCPO1!,3991,3994,3943,3951,21690,3890
23/11/2023 21:00,MYX:FCPO1!,3955,3955,3886,3890,23538,3891
27/11/2023 10:00,MYX:FCPO1!,3893,3918,3850,3891,19167,3897
27/11/2023 21:00,MYX:FCPO1!,3892,3931,3864,3897,27168,3872
28/11/2023 21:00,MYX:FCPO1!,3900,3913,3842,3872,26346,3895
29/11/2023 21:00,MYX:FCPO1!,3869,3912,3861,3895,18798,3874
30/11/2023 21:00,MYX:FCPO1!,3897,3920,3825,3874,29459,3824
4/12/2023 10:00,MYX:FCPO1!,3835,3854,3816,3824,16437,3781
4/12/2023 21:00,MYX:FCPO1!,3824,3840,3758,3781,30374,3719
5/12/2023 21:00,MYX:FCPO1!,3777,3779,3675,3719,38960,3702
6/12/2023 21:00,MYX:FCPO1!,3712,3726,3641,3702,29968,3740
7/12/2023 21:00,MYX:FCPO1!,3716,3778,3716,3740,18965,3741
11/12/2023 10:00,MYX:FCPO1!,3738,3772,3719,3741,22103,3735
11/12/2023 21:00,MYX:FCPO1!,3756,3786,3711,3735,26345,3670
12/12/2023 21:00,MYX:FCPO1!,3729,3740,3667,3670,28158,3688
13/12/2023 21:00,MYX:FCPO1!,3677,3704,3656,3688,23323,3692
14/12/2023 21:00,MYX:FCPO1!,3697,3728,3664,3692,20013,3745
18/12/2023 10:00,MYX:FCPO1!,3689,3772,3687,3745,20269,3755
18/12/2023 21:00,MYX:FCPO1!,3770,3793,3751,3755,25951,3778
19/12/2023 21:00,MYX:FCPO1!,3758,3804,3758,3778,22715,3741
20/12/2023 21:00,MYX:FCPO1!,3790,3819,3725,3741,22128,3738
21/12/2023 21:00,MYX:FCPO1!,3742,3743,3684,3738,19455,3763
25/12/2023 21:00,MYX:FCPO1!,3750,3768,3730,3763,12648,3770
26/12/2023 21:00,MYX:FCPO1!,3771,3794,3755,3770,20361,3739
27/12/2023 21:00,MYX:FCPO1!,3751,3767,3736,3739,20479,3721
28/12/2023 21:00,MYX:FCPO1!,3744,3754,3676,3721,22534,3660
1/1/2024 21:00,MYX:FCPO1!,3682,3703,3653,3660,22625,3621
2/1/2024 21:00,MYX:FCPO1!,3668,3676,3607,3621,36348,3657
3/1/2024 21:00,MYX:FCPO1!,3637,3670,3628,3657,21581,3682
4/1/2024 21:00,MYX:FCPO1!,3654,3688,3645,3682,25717,3693
8/1/2024 10:00,MYX:FCPO1!,3647,3703,3647,3693,22102,3732
8/1/2024 21:00,MYX:FCPO1!,3682,3745,3632,3732,33495,3757
9/1/2024 21:00,MYX:FCPO1!,3736,3813,3721,3757,36257,3794
10/1/2024 21:00,MYX:FCPO1!,3770,3815,3768,3794,34811,3856
11/1/2024 21:00,MYX:FCPO1!,3791,3873,3781,3856,31472,3818
15/1/2024 10:00,MYX:FCPO1!,3828,3854,3811,3818,22318,3862
15/1/2024 21:00,MYX:FCPO1!,3803,3887,3803,3862,35651,3815
16/1/2024 21:00,MYX:FCPO1!,3870,3886,3805,3815,32619,3895
17/1/2024 21:00,MYX:FCPO1!,3819,3908,3800,3895,30070,3939
18/1/2024 21:00,MYX:FCPO1!,3899,3950,3878,3939,31055,3904
22/1/2024 10:00,MYX:FCPO1!,3916,3941,3901,3904,17411,3948
22/1/2024 21:00,MYX:FCPO1!,3897,3980,3897,3948,29226,3994
23/1/2024 21:00,MYX:FCPO1!,3945,3998,3937,3994,27629,4017
25/1/2024 21:00,MYX:FCPO1!,3961,4036,3949,4017,33356,3948
29/1/2024 10:00,MYX:FCPO1!,3980,3987,3944,3948,30638,3842
29/1/2024 21:00,MYX:FCPO1!,3946,3957,3832,3842,38858,3798
30/1/2024 21:00,MYX:FCPO1!,3833,3860,3795,3798,32237,3764
1/2/2024 21:00,MYX:FCPO1!,3780,3791,3754,3764,28249,3802
5/2/2024 10:00,MYX:FCPO1!,3749,3809,3745,3802,24708,3843
5/2/2024 21:00,MYX:FCPO1!,3797,3853,3782,3843,22866,3877
6/2/2024 21:00,MYX:FCPO1!,3855,3890,3815,3877,28806,3874
7/2/2024 21:00,MYX:FCPO1!,3875,3920,3845,3874,28977,3884
8/2/2024 21:00,MYX:FCPO1!,3871,3945,3871,3884,25058,3901
12/2/2024 21:00,MYX:FCPO1!,3882,3914,3840,3901,29105,3948
13/2/2024 21:00,MYX:FCPO1!,3897,3958,3897,3948,23932,3875
14/2/2024 21:00,MYX:FCPO1!,3948,3965,3868,3875,20281,3809
15/2/2024 21:00,MYX:FCPO1!,3826,3848,3802,3809,26914,3865
19/2/2024 10:00,MYX:FCPO1!,3846,3885,3818,3865,19973,3860
19/2/2024 21:00,MYX:FCPO1!,3864,3895,3851,3860,23938,3863
20/2/2024 21:00,MYX:FCPO1!,3862,3914,3824,3863,41274,3839
21/2/2024 21:00,MYX:FCPO1!,3865,3890,3831,3839,34783,3853
22/2/2024 21:00,MYX:FCPO1!,3845,3865,3811,3853,24320,3863
26/2/2024 10:00,MYX:FCPO1!,3850,3872,3830,3863,19796,3922
26/2/2024 21:00,MYX:FCPO1!,3863,3933,3863,3922,31990,3907
27/2/2024 21:00,MYX:FCPO1!,3915,3944,3891,3907,26527,3970
28/2/2024 21:00,MYX:FCPO1!,3916,3981,3911,3970,29081,3966
29/2/2024 21:00,MYX:FCPO1!,3961,3997,3940,3966,25180,3938
4/3/2024 10:00,MYX:FCPO1!,3950,3985,3927,3938,17985,3986
4/3/2024 21:00,MYX:FCPO1!,3942,3996,3916,3986,26223,4081
5/3/2024 21:00,MYX:FCPO1!,3979,4083,3979,4081,25238,4071
6/3/2024 21:00,MYX:FCPO1!,4076,4090,4044,4071,29432,4094
7/3/2024 21:00,MYX:FCPO1!,4100,4143,4073,4094,36114,4131
11/3/2024 10:00,MYX:FCPO1!,4104,4139,4050,4131,27326,4129
11/3/2024 21:00,MYX:FCPO1!,4122,4175,4115,4129,31641,4195
12/3/2024 21:00,MYX:FCPO1!,4138,4198,4130,4195,37276,4295
13/3/2024 21:00,MYX:FCPO1!,4191,4316,4190,4295,43278,4287
14/3/2024 21:00,MYX:FCPO1!,4275,4327,4264,4287,29317,4236
18/3/2024 10:00,MYX:FCPO1!,4286,4300,4221,4236,29571,4201
18/3/2024 21:00,MYX:FCPO1!,4236,4271,4196,4201,43669,4272
19/3/2024 21:00,MYX:FCPO1!,4201,4300,4198,4272,43856,4249
20/3/2024 21:00,MYX:FCPO1!,4278,4314,4233,4249,30828,4188
21/3/2024 21:00,MYX:FCPO1!,4248,4284,4176,4188,33979,4247
25/3/2024 10:00,MYX:FCPO1!,4202,4273,4165,4247,26713,4236
25/3/2024 21:00,MYX:FCPO1!,4254,4280,4217,4236,25094,4136
26/3/2024 21:00,MYX:FCPO1!,4238,4238,4128,4136,36400,4194
28/3/2024 21:00,MYX:FCPO1!,4161,4200,4151,4194,15776,4267
1/4/2024 10:00,MYX:FCPO1!,4235,4269,4201,4267,27668,4312
1/4/2024 21:00,MYX:FCPO1!,4260,4324,4224,4312,30714,4407
2/4/2024 21:00,MYX:FCPO1!,4306,4443,4292,4407,55338,4400
3/4/2024 21:00,MYX:FCPO1!,4405,4431,4370,4400,32810,4343
4/4/2024 21:00,MYX:FCPO1!,4384,4386,4321,4343,37584,4295
8/4/2024 10:00,MYX:FCPO1!,4345,4360,4257,4295,32647,4318
8/4/2024 21:00,MYX:FCPO1!,4291,4333,4261,4318,27014,4282
11/4/2024 21:00,MYX:FCPO1!,4275,4286,4230,4282,28977,4204
15/4/2024 10:00,MYX:FCPO1!,4244,4278,4183,4204,33275,4074
15/4/2024 21:00,MYX:FCPO1!,4145,4167,4072,4074,34557,4012
16/4/2024 21:00,MYX:FCPO1!,4077,4093,3974,4012,48227,3984
17/4/2024 21:00,MYX:FCPO1!,4010,4028,3980,3984,34165,3926
18/4/2024 21:00,MYX:FCPO1!,3979,4040,3886,3926,45007,3944
22/4/2024 10:00,MYX:FCPO1!,3958,3966,3880,3944,30329,3971
22/4/2024 21:00,MYX:FCPO1!,3936,4023,3923,3971,33114,3942
23/4/2024 21:00,MYX:FCPO1!,3949,4022,3925,3942,30144,3874
24/4/2024 21:00,MYX:FCPO1!,3942,3965,3817,3874,49041,3896
25/4/2024 21:00,MYX:FCPO1!,3873,3920,3836,3896,30111,3915
29/4/2024 10:00,MYX:FCPO1!,3917,3942,3880,3915,22907,3818
29/4/2024 21:00,MYX:FCPO1!,3907,3930,3814,3818,38878,3846
1/5/2024 21:00,MYX:FCPO1!,3805,3850,3801,3846,25087,3844
2/5/2024 21:00,MYX:FCPO1!,3843,3851,3809,3844,20438,3862
6/5/2024 10:00,MYX:FCPO1!,3840,3871,3829,3862,21084,3930
6/5/2024 21:00,MYX:FCPO1!,3862,3935,3860,3930,31055,3869
7/5/2024 21:00,MYX:FCPO1!,3930,3956,3867,3869,36543,3831
8/5/2024 21:00,MYX:FCPO1!,3868,3889,3820,3831,25888,3809
9/5/2024 21:00,MYX:FCPO1!,3825,3848,3767,3809,34274,3868
13/5/2024 10:00,MYX:FCPO1!,3858,3898,3851,3868,26230,3815
13/5/2024 21:00,MYX:FCPO1!,3874,3904,3809,3815,33767,3861
14/5/2024 21:00,MYX:FCPO1!,3805,3880,3780,3861,29448,3804
15/5/2024 21:00,MYX:FCPO1!,3843,3870,3790,3804,22529,3892
16/5/2024 21:00,MYX:FCPO1!,3811,3908,3805,3892,29159,3921
20/5/2024 10:00,MYX:FCPO1!,3913,3929,3888,3921,23360,3868
20/5/2024 21:00,MYX:FCPO1!,3917,3964,3862,3868,34515,3894
22/5/2024 21:00,MYX:FCPO1!,3879,3913,3873,3894,29692,3885
23/5/2024 21:00,MYX:FCPO1!,3906,3932,3876,3885,25500,3870
27/5/2024 10:00,MYX:FCPO1!,3916,3923,3853,3870,20341,3960
27/5/2024 21:00,MYX:FCPO1!,3873,3968,3873,3960,31712,4034
28/5/2024 21:00,MYX:FCPO1!,3961,4043,3942,4034,34913,3993
29/5/2024 21:00,MYX:FCPO1!,4022,4029,3965,3993,37303,4076
30/5/2024 21:00,MYX:FCPO1!,3990,4087,3968,4076,36336,3921
3/6/2024 21:00,MYX:FCPO1!,3946,3951,3898,3921,42636,3906
4/6/2024 21:00,MYX:FCPO1!,3920,3950,3892,3906,31356,3960
5/6/2024 21:00,MYX:FCPO1!,3912,3978,3890,3960,29003,3975
6/6/2024 21:00,MYX:FCPO1!,3974,4026,3966,3975,30637,3919
10/6/2024 10:00,MYX:FCPO1!,3929,3960,3916,3919,17091,3931
10/6/2024 21:00,MYX:FCPO1!,3936,3962,3883,3931,34863,3963
11/6/2024 21:00,MYX:FCPO1!,3918,3988,3915,3963,26930,3936
12/6/2024 21:00,MYX:FCPO1!,3972,3999,3932,3936,24793,3946
13/6/2024 21:00,MYX:FCPO1!,3936,3983,3910,3946,31952,3883
17/6/2024 21:00,MYX:FCPO1!,3927,3929,3868,3883,32478,3920
18/6/2024 21:00,MYX:FCPO1!,3880,3940,3880,3920,25313,3959
19/6/2024 21:00,MYX:FCPO1!,3926,3966,3901,3959,26883,3900
20/6/2024 21:00,MYX:FCPO1!,3951,3962,3892,3900,30043,3898
24/6/2024 10:00,MYX:FCPO1!,3870,3919,3868,3898,20935,3859
24/6/2024 21:00,MYX:FCPO1!,3891,3900,3846,3859,32571,3879
25/6/2024 21:00,MYX:FCPO1!,3864,3894,3830,3879,30286,3890
26/6/2024 21:00,MYX:FCPO1!,3877,3908,3858,3890,30059,3916
27/6/2024 21:00,MYX:FCPO1!,3895,3932,3893,3916,30025,3979
1/7/2024 10:00,MYX:FCPO1!,3969,4011,3955,3979,28982,4089
1/7/2024 21:00,MYX:FCPO1!,3985,4096,3985,4089,32231,4082
2/7/2024 21:00,MYX:FCPO1!,4096,4104,4020,4082,33849,4067
3/7/2024 21:00,MYX:FCPO1!,4089,4122,4052,4067,28163,4042
4/7/2024 21:00,MYX:FCPO1!,4069,4090,4034,4042,27919,3959
8/7/2024 21:00,MYX:FCPO1!,4004,4008,3933,3959,37924,3918
9/7/2024 21:00,MYX:FCPO1!,3959,3963,3850,3918,46731,3935
10/7/2024 21:00,MYX:FCPO1!,3924,3940,3890,3935,23786,3915
11/7/2024 21:00,MYX:FCPO1!,3939,3991,3909,3915,29917,3895
15/7/2024 10:00,MYX:FCPO1!,3878,3934,3862,3895,21713,3925
15/7/2024 21:00,MYX:FCPO1!,3859,3938,3853,3925,19455,3932
16/7/2024 21:00,MYX:FCPO1!,3912,3977,3906,3932,26198,3937
17/7/2024 21:00,MYX:FCPO1!,3948,3961,3900,3937,26501,3961
18/7/2024 21:00,MYX:FCPO1!,3933,3963,3914,3961,17859,3985
22/7/2024 10:00,MYX:FCPO1!,3944,3998,3943,3985,23895,3969
22/7/2024 21:00,MYX:FCPO1!,3984,4017,3954,3969,26465,3925
23/7/2024 21:00,MYX:FCPO1!,3974,3991,3906,3925,35099,3918
24/7/2024 21:00,MYX:FCPO1!,3926,3930,3878,3918,31917,3942
25/7/2024 21:00,MYX:FCPO1!,3928,3970,3909,3942,25274,3908
29/7/2024 10:00,MYX:FCPO1!,3876,3950,3861,3908,34525,3915
29/7/2024 21:00,MYX:FCPO1!,3903,3952,3881,3915,36466,3908
30/7/2024 21:00,MYX:FCPO1!,3901,3918,3881,3908,31112,3870
31/7/2024 21:00,MYX:FCPO1!,3921,3941,3843,3870,41794,3917
1/8/2024 21:00,MYX:FCPO1!,3863,3933,3858,3917,35650,3787
5/8/2024 10:00,MYX:FCPO1!,3842,3898,3782,3787,39972,3705
5/8/2024 21:00,MYX:FCPO1!,3792,3799,3700,3705,48405,3697
6/8/2024 21:00,MYX:FCPO1!,3702,3749,3679,3697,37936,3704
7/8/2024 21:00,MYX:FCPO1!,3730,3752,3670,3704,34504,3747
8/8/2024 21:00,MYX:FCPO1!,3711,3767,3709,3747,29244,3708
12/8/2024 10:00,MYX:FCPO1!,3712,3745,3698,3708,24766,3690
12/8/2024 21:00,MYX:FCPO1!,3719,3732,3674,3690,28073,3723
13/8/2024 21:00,MYX:FCPO1!,3700,3730,3638,3723,32314,3754
14/8/2024 21:00,MYX:FCPO1!,3719,3761,3714,3754,25253,3681
15/8/2024 21:00,MYX:FCPO1!,3688,3734,3672,3681,25981,3721
19/8/2024 10:00,MYX:FCPO1!,3703,3733,3663,3721,28611,3715
19/8/2024 21:00,MYX:FCPO1!,3711,3741,3698,3715,28367,3754
20/8/2024 21:00,MYX:FCPO1!,3714,3776,3714,3754,29895,3826
21/8/2024 21:00,MYX:FCPO1!,3762,3828,3741,3826,42636,3867
22/8/2024 21:00,MYX:FCPO1!,3822,3880,3794,3867,32854,3924
26/8/2024 10:00,MYX:FCPO1!,3878,3990,3868,3924,40364,3923
26/8/2024 21:00,MYX:FCPO1!,3935,3979,3918,3923,43382,3920
27/8/2024 21:00,MYX:FCPO1!,3930,3942,3903,3920,34130,3940
28/8/2024 21:00,MYX:FCPO1!,3907,3950,3872,3940,31696,3977
29/8/2024 21:00,MYX:FCPO1!,3944,4003,3932,3977,30590,3933
2/9/2024 10:00,MYX:FCPO1!,3924,3947,3901,3933,22991,3931
2/9/2024 21:00,MYX:FCPO1!,3929,3990,3910,3931,34512,3886
3/9/2024 21:00,MYX:FCPO1!,3941,3955,3866,3886,34834,3917
4/9/2024 21:00,MYX:FCPO1!,3881,3925,3849,3917,28128,3898
5/9/2024 21:00,MYX:FCPO1!,3914,3950,3884,3898,30631,3895
9/9/2024 10:00,MYX:FCPO1!,3885,3901,3855,3895,23557,3885
9/9/2024 21:00,MYX:FCPO1!,3898,3914,3868,3885,32782,3901
10/9/2024 21:00,MYX:FCPO1!,3894,3951,3858,3901,39520,3852
11/9/2024 21:00,MYX:FCPO1!,3899,3899,3830,3852,43543,3814
12/9/2024 21:00,MYX:FCPO1!,3857,3904,3806,3814,51875,3736
16/9/2024 21:00,MYX:FCPO1!,3719,3760,3702,3736,28510,3845
17/9/2024 21:00,MYX:FCPO1!,3741,3856,3738,3845,29091,3876
18/9/2024 21:00,MYX:FCPO1!,3844,3967,3819,3876,60543,3947
19/9/2024 21:00,MYX:FCPO1!,3899,3950,3879,3947,30067,3977
23/9/2024 10:00,MYX:FCPO1!,3984,4040,3961,3977,39907,3988
23/9/2024 21:00,MYX:FCPO1!,3984,4022,3952,3988,34582,4043
24/9/2024 21:00,MYX:FCPO1!,4003,4069,3990,4043,41907,4152
25/9/2024 21:00,MYX:FCPO1!,4037,4155,4029,4152,43642,4051
26/9/2024 21:00,MYX:FCPO1!,4158,4199,4030,4051,54467,3995
30/9/2024 10:00,MYX:FCPO1!,4042,4064,3987,3995,29566,4006
30/9/2024 21:00,MYX:FCPO1!,4017,4046,3994,4006,29207,4196
1/10/2024 21:00,MYX:FCPO1!,4000,4198,4000,4196,55833,4182
2/10/2024 21:00,MYX:FCPO1!,4177,4229,4121,4182,51237,4300
3/10/2024 21:00,MYX:FCPO1!,4190,4350,4175,4300,45627,4343
7/10/2024 10:00,MYX:FCPO1!,4252,4349,4247,4343,32379,4271
7/10/2024 21:00,MYX:FCPO1!,4337,4408,4241,4271,52841,4252
8/10/2024 21:00,MYX:FCPO1!,4276,4302,4194,4252,42191,4233
9/10/2024 21:00,MYX:FCPO1!,4236,4285,4187,4233,43678,4350
10/10/2024 21:00,MYX:FCPO1!,4240,4352,4239,4350,47486,4313
14/10/2024 10:00,MYX:FCPO1!,4293,4404,4289,4313,40082,4272
14/10/2024 21:00,MYX:FCPO1!,4300,4321,4236,4272,38576,4311
15/10/2024 21:00,MYX:FCPO1!,4233,4333,4226,4311,48470,4278
16/10/2024 21:00,MYX:FCPO1!,4319,4335,4258,4278,47752,4255
17/10/2024 21:00,MYX:FCPO1!,4283,4378,4230,4255,50737,4299
21/10/2024 10:00,MYX:FCPO1!,4230,4313,4230,4299,28783,4386
21/10/2024 21:00,MYX:FCPO1!,4301,4389,4290,4386,39786,4486
22/10/2024 21:00,MYX:FCPO1!,4397,4514,4384,4486,48325,4603
23/10/2024 21:00,MYX:FCPO1!,4478,4610,4451,4603,44183,4536
24/10/2024 21:00,MYX:FCPO1!,4590,4660,4518,4536,49408,4529
28/10/2024 10:00,MYX:FCPO1!,4502,4589,4482,4529,31169,4637
28/10/2024 21:00,MYX:FCPO1!,4529,4659,4523,4637,43817,4696
29/10/2024 21:00,MYX:FCPO1!,4628,4702,4592,4696,45211,4868
31/10/2024 21:00,MYX:FCPO1!,4764,4879,4745,4868,38331,4891
4/11/2024 10:00,MYX:FCPO1!,4842,4911,4825,4891,32599,4806
4/11/2024 21:00,MYX:FCPO1!,4878,4889,4784,4806,39369,4917
5/11/2024 21:00,MYX:FCPO1!,4809,4924,4780,4917,42740,4952
6/11/2024 21:00,MYX:FCPO1!,4898,5014,4867,4952,50229,5101
7/11/2024 21:00,MYX:FCPO1!,4970,5104,4965,5101,55255,5196
11/11/2024 10:00,MYX:FCPO1!,5076,5202,5058,5196,40633,5026
11/11/2024 21:00,MYX:FCPO1!,5172,5195,5020,5026,58721,4987
12/11/2024 21:00,MYX:FCPO1!,5052,5095,4845,4987,74439,4964
13/11/2024 21:00,MYX:FCPO1!,4970,5018,4826,4964,61095,5088
14/11/2024 21:00,MYX:FCPO1!,4950,5092,4915,5088,46770,4899
18/11/2024 10:00,MYX:FCPO1!,4967,5009,4865,4899,47169,4924
18/11/2024 21:00,MYX:FCPO1!,4907,5007,4804,4924,49592,4815
19/11/2024 21:00,MYX:FCPO1!,4928,4972,4811,4815,44223,4772
20/11/2024 21:00,MYX:FCPO1!,4812,4825,4626,4772,66087,4642
21/11/2024 21:00,MYX:FCPO1!,4746,4764,4638,4642,45437,4699
25/11/2024 10:00,MYX:FCPO1!,4710,4738,4670,4699,30068,4735
25/11/2024 21:00,MYX:FCPO1!,4691,4764,4660,4735,38735,4798
26/11/2024 21:00,MYX:FCPO1!,4741,4820,4700,4798,37084,4885
27/11/2024 21:00,MYX:FCPO1!,4790,4891,4752,4885,41291,5020
28/11/2024 21:00,MYX:FCPO1!,4874,5039,4857,5020,45798,4955
2/12/2024 10:00,MYX:FCPO1!,5035,5063,4931,4955,35260,5075
2/12/2024 21:00,MYX:FCPO1!,4960,5087,4946,5075,39884,5032
3/12/2024 21:00,MYX:FCPO1!,5085,5160,5010,5032,51440,5135
4/12/2024 21:00,MYX:FCPO1!,5053,5158,4988,5135,40814,5128
5/12/2024 21:00,MYX:FCPO1!,5130,5179,5080,5128,43242,5120
9/12/2024 10:00,MYX:FCPO1!,5133,5146,5067,5120,29575,4951
9/12/2024 21:00,MYX:FCPO1!,5126,5158,4925,4951,52236,4856
10/12/2024 21:00,MYX:FCPO1!,4951,4982,4817,4856,48613,4921
11/12/2024 21:00,MYX:FCPO1!,4858,4938,4762,4921,50529,4906
12/12/2024 21:00,MYX:FCPO1!,4908,4938,4856,4906,45590,4758
16/12/2024 10:00,MYX:FCPO1!,4776,4887,4747,4758,45047,4725
16/12/2024 21:00,MYX:FCPO1!,4758,4779,4687,4725,44644,4529
17/12/2024 21:00,MYX:FCPO1!,4715,4724,4505,4529,58347,4508
18/12/2024 21:00,MYX:FCPO1!,4537,4574,4367,4508,72855,4433
19/12/2024 21:00,MYX:FCPO1!,4493,4546,4347,4433,57294,4542
23/12/2024 10:00,MYX:FCPO1!,4451,4550,4421,4542,25747,4558
23/12/2024 21:00,MYX:FCPO1!,4542,4566,4506,4558,23034,4543
25/12/2024 21:00,MYX:FCPO1!,4501,4576,4469,4543,22020,4624
26/12/2024 21:00,MYX:FCPO1!,4544,4634,4530,4624,26590,4551
30/12/2024 10:00,MYX:FCPO1!,4598,4646,4546,4551,22787,4448
30/12/2024 21:00,MYX:FCPO1!,4562,4577,4418,4448,35763,4333
2/1/2025 10:00,MYX:FCPO1!,4512,4527,4312,4333,35402,4368
2/1/2025 21:00,MYX:FCPO1!,4343,4403,4280,4368,45127,4338
6/1/2025 10:00,MYX:FCPO1!,4449,4449,4286,4338,39861,4365
6/1/2025 21:00,MYX:FCPO1!,4361,4425,4286,4365,47331,4354
7/1/2025 21:00,MYX:FCPO1!,4380,4408,4313,4354,37733,4296
8/1/2025 21:00,MYX:FCPO1!,4353,4354,4225,4296,43753,4391
9/1/2025 21:00,MYX:FCPO1!,4297,4409,4273,4391,37060,4500
13/1/2025 10:00,MYX:FCPO1!,4484,4549,4459,4500,32384,4437
13/1/2025 21:00,MYX:FCPO1!,4496,4510,4433,4437,33511,4367
14/1/2025 21:00,MYX:FCPO1!,4444,4453,4323,4367,32985,4186
15/1/2025 21:00,MYX:FCPO1!,4251,4284,4166,4186,35336,4190
16/1/2025 21:00,MYX:FCPO1!,4170,4215,4106,4190,36550,4206
20/1/2025 10:00,MYX:FCPO1!,4220,4256,4176,4206,27757,4260
20/1/2025 21:00,MYX:FCPO1!,4205,4272,4183,4260,34126,4208
21/1/2025 21:00,MYX:FCPO1!,4258,4278,4169,4208,28189,4190
22/1/2025 21:00,MYX:FCPO1!,4194,4201,4127,4190,32587,4216
23/1/2025 21:00,MYX:FCPO1!,4182,4245,4152,4216,41098,4218
27/1/2025 10:00,MYX:FCPO1!,4226,4251,4206,4218,20247,4279
27/1/2025 21:00,MYX:FCPO1!,4205,4290,4187,4279,26534,4289
31/1/2025 10:00,MYX:FCPO1!,4300,4320,4251,4289,25737,4367
3/2/2025 10:00,MYX:FCPO1!,4334,4415,4312,4367,30059,4308
3/2/2025 21:00,MYX:FCPO1!,4372,4390,4270,4308,31739,4334
4/2/2025 21:00,MYX:FCPO1!,4297,4372,4287,4334,32931,4403
5/2/2025 21:00,MYX:FCPO1!,4326,4424,4316,4403,32974,4504
6/2/2025 21:00,MYX:FCPO1!,4403,4543,4395,4504,37464,4593
10/2/2025 10:00,MYX:FCPO1!,4514,4617,4487,4593,36531,4621
12/2/2025 10:00,MYX:FCPO1!,4640,4704,4618,4621,38770,4554
12/2/2025 21:00,MYX:FCPO1!,4627,4663,4542,4554,34548,4592
13/2/2025 21:00,MYX:FCPO1!,4546,4632,4532,4592,38629,4542
17/2/2025 10:00,MYX:FCPO1!,4473,4558,4457,4542,31893,4504
17/2/2025 21:00,MYX:FCPO1!,4531,4548,4487,4504,39748,4672
18/2/2025 21:00,MYX:FCPO1!,4510,4695,4501,4672,49054,4642
19/2/2025 21:00,MYX:FCPO1!,4645,4685,4613,4642,33500,4664
20/2/2025 21:00,MYX:FCPO1!,4658,4720,4652,4664,42208,4559
24/2/2025 10:00,MYX:FCPO1!,4601,4630,4544,4559,25747,4565
24/2/2025 21:00,MYX:FCPO1!,4555,4633,4525,4565,34540,4611
25/2/2025 21:00,MYX:FCPO1!,4553,4622,4545,4611,32016,4511
26/2/2025 21:00,MYX:FCPO1!,4596,4607,4477,4511,44115,4554
27/2/2025 21:00,MYX:FCPO1!,4523,4567,4487,4554,32690,4484
3/3/2025 10:00,MYX:FCPO1!,4532,4544,4476,4484,28477,4349
3/3/2025 21:00,MYX:FCPO1!,4493,4507,4332,4349,42687,4417
4/3/2025 21:00,MYX:FCPO1!,4351,4428,4327,4417,43750,4480
5/3/2025 21:00,MYX:FCPO1!,4404,4493,4370,4480,47062,4625
6/3/2025 21:00,MYX:FCPO1!,4479,4638,4462,4625,49522,4499
10/3/2025 10:00,MYX:FCPO1!,4650,4664,4490,4499,38892,4488
10/3/2025 21:00,MYX:FCPO1!,4510,4525,4431,4488,48169,4487
11/3/2025 21:00,MYX:FCPO1!,4500,4544,4454,4487,37439,4539
12/3/2025 21:00,MYX:FCPO1!,4490,4557,4486,4539,39513,4576
13/3/2025 21:00,MYX:FCPO1!,4548,4586,4500,4576,37453,4366
17/3/2025 10:00,MYX:FCPO1!,4480,4498,4359,4366,30855,4389
19/3/2025 10:00,MYX:FCPO1!,4429,4450,4344,4389,39853,4413
19/3/2025 21:00,MYX:FCPO1!,4383,4463,4363,4413,39373,4375
20/3/2025 21:00,MYX:FCPO1!,4410,4428,4365,4375,31448,4305
24/3/2025 10:00,MYX:FCPO1!,4359,4378,4286,4305,33552,4245
24/3/2025 21:00,MYX:FCPO1!,4309,4357,4232,4245,43786,4259
25/3/2025 21:00,MYX:FCPO1!,4252,4289,4230,4259,33518,4312
26/3/2025 21:00,MYX:FCPO1!,4276,4329,4261,4312,34542,4419
27/3/2025 21:00,MYX:FCPO1!,4350,4435,4340,4419,33644,4517
2/4/2025 10:00,MYX:FCPO1!,4526,4544,4486,4517,27397,4489
2/4/2025 21:00,MYX:FCPO1!,4523,4532,4447,4489,28130,4328
3/4/2025 21:00,MYX:FCPO1!,4460,4460,4324,4328,39320,4185
7/4/2025 10:00,MYX:FCPO1!,4258,4291,4163,4185,40953,4188
7/4/2025 21:00,MYX:FCPO1!,4212,4280,4171,4188,46131,4148
8/4/2025 21:00,MYX:FCPO1!,4197,4244,4085,4148,45389,4200
9/4/2025 21:00,MYX:FCPO1!,4102,4260,4096,4200,34352,4212
10/4/2025 21:00,MYX:FCPO1!,4194,4226,4163,4212,34099,4170
14/4/2025 10:00,MYX:FCPO1!,4224,4224,4116,4170,31167,4108
14/4/2025 21:00,MYX:FCPO1!,4161,4170,4072,4108,30754,4015
15/4/2025 21:00,MYX:FCPO1!,4036,4063,4000,4015,35510,4011
16/4/2025 21:00,MYX:FCPO1!,4029,4078,4005,4011,34047,3975
17/4/2025 21:00,MYX:FCPO1!,4025,4059,3968,3975,27121,3910
21/4/2025 10:00,MYX:FCPO1!,3965,3973,3898,3910,28531,3966
21/4/2025 21:00,MYX:FCPO1!,3911,3969,3863,3966,36882,4037
22/4/2025 21:00,MYX:FCPO1!,3964,4056,3935,4037,36788,4036
23/4/2025 21:00,MYX:FCPO1!,4023,4054,4005,4036,27165,4057
24/4/2025 21:00,MYX:FCPO1!,4049,4150,4032,4057,38757,3965
28/4/2025 10:00,MYX:FCPO1!,4030,4030,3941,3965,24251,3943
28/4/2025 21:00,MYX:FCPO1!,3981,3997,3928,3943,27891,3911
29/4/2025 21:00,MYX:FCPO1!,3940,3945,3882,3911,30744,3881
2/5/2025 10:00,MYX:FCPO1!,3949,3970,3829,3881,29956,3827
5/5/2025 10:00,MYX:FCPO1!,3817,3838,3762,3827,26041,3792
5/5/2025 21:00,MYX:FCPO1!,3822,3844,3772,3792,30354,3728
6/5/2025 21:00,MYX:FCPO1!,3785,3796,3717,3728,37108,3801
7/5/2025 21:00,MYX:FCPO1!,3725,3808,3696,3801,44679,3814
8/5/2025 21:00,MYX:FCPO1!,3801,3857,3745,3814,44418,3893
13/5/2025 10:00,MYX:FCPO1!,3881,3937,3853,3893,34328,3923
13/5/2025 21:00,MYX:FCPO1!,3909,3998,3894,3923,46006,3868
14/5/2025 21:00,MYX:FCPO1!,3939,3973,3843,3868,33668,3815
15/5/2025 21:00,MYX:FCPO1!,3845,3870,3793,3815,30230,3882
19/5/2025 10:00,MYX:FCPO1!,3846,3895,3840,3882,28223,3908
19/5/2025 21:00,MYX:FCPO1!,3876,3940,3861,3908,32570,3894
20/5/2025 21:00,MYX:FCPO1!,3912,3935,3875,3894,33189,3820
21/5/2025 21:00,MYX:FCPO1!,3901,3910,3802,3820,29791,3827
22/5/2025 21:00,MYX:FCPO1!,3836,3864,3813,3827,26560,3833
26/5/2025 10:00,MYX:FCPO1!,3837,3837,3774,3833,16292,3868
26/5/2025 21:00,MYX:FCPO1!,3820,3873,3797,3868,23625,3899
27/5/2025 21:00,MYX:FCPO1!,3870,3912,3851,3899,26860,3932
28/5/2025 21:00,MYX:FCPO1!,3897,3966,3882,3932,30071,3878
29/5/2025 21:00,MYX:FCPO1!,3923,3932,3848,3878,30587,3934
3/6/2025 10:00,MYX:FCPO1!,3926,3977,3905,3934,41219,3948
3/6/2025 21:00,MYX:FCPO1!,3951,3969,3907,3948,28453,3903
4/6/2025 21:00,MYX:FCPO1!,3947,3956,3889,3903,27788,3917
5/6/2025 21:00,MYX:FCPO1!,3917,3939,3884,3917,28785,3925
9/6/2025 10:00,MYX:FCPO1!,3932,3954,3913,3925,23405,3864
9/6/2025 21:00,MYX:FCPO1!,3942,3947,3861,3864,33741,3839
10/6/2025 21:00,MYX:FCPO1!,3874,3877,3810,3839,27927,3839
11/6/2025 21:00,MYX:FCPO1!,3839,3889,3820,3839,24673,3927
12/6/2025 21:00,MYX:FCPO1!,3860,3942,3846,3927,40834,4094
16/6/2025 10:00,MYX:FCPO1!,4030,4103,4029,4094,43206,4064
16/6/2025 21:00,MYX:FCPO1!,4114,4122,4056,4064,49766,4100
17/6/2025 21:00,MYX:FCPO1!,4078,4115,4065,4100,34097,4104
18/6/2025 21:00,MYX:FCPO1!,4108,4129,4085,4104,24084,4118
19/6/2025 21:00,MYX:FCPO1!,4107,4144,4081,4118,31259,4126
23/6/2025 10:00,MYX:FCPO1!,4106,4135,4100,4126,26073,3983
23/6/2025 21:00,MYX:FCPO1!,4112,4120,3964,3983,41102,3965
24/6/2025 21:00,MYX:FCPO1!,3983,4012,3954,3965,30608,4011
25/6/2025 21:00,MYX:FCPO1!,3970,4020,3958,4011,29932,3986
30/6/2025 10:00,MYX:FCPO1!,3975,4003,3960,3986,17343,3968
30/6/2025 21:00,MYX:FCPO1!,3987,3993,3947,3968,25127,4062
1/7/2025 21:00,MYX:FCPO1!,3980,4085,3963,4062,33335,4091
2/7/2025 21:00,MYX:FCPO1!,4064,4107,4055,4091,27469,4062
3/7/2025 21:00,MYX:FCPO1!,4085,4108,4056,4062,20179,4071
7/7/2025 10:00,MYX:FCPO1!,4042,4079,4033,4071,25666,4148
7/7/2025 21:00,MYX:FCPO1!,4067,4175,4058,4148,36362,4157
8/7/2025 21:00,MYX:FCPO1!,4151,4194,4140,4157,36042,4146
9/7/2025 21:00,MYX:FCPO1!,4159,4190,4130,4146,36369,4174
10/7/2025 21:00,MYX:FCPO1!,4137,4235,4125,4174,35912,4230
14/7/2025 10:00,MYX:FCPO1!,4167,4245,4164,4230,26016,4146
14/7/2025 21:00,MYX:FCPO1!,4227,4240,4129,4146,42295,4224
15/7/2025 21:00,MYX:FCPO1!,4182,4229,4163,4224,33673,4210
16/7/2025 21:00,MYX:FCPO1!,4210,4247,4191,4210,42903,4315
17/7/2025 21:00,MYX:FCPO1!,4218,4353,4200,4315,49708,4225
21/7/2025 10:00,MYX:FCPO1!,4285,4297,4205,4225,30931,4264
21/7/2025 21:00,MYX:FCPO1!,4234,4278,4219,4264,35563,4315
22/7/2025 21:00,MYX:FCPO1!,4252,4334,4235,4315,34454,4330
23/7/2025 21:00,MYX:FCPO1!,4315,4374,4292,4330,33238,4273
24/7/2025 21:00,MYX:FCPO1!,4320,4327,4235,4273,35762,4242
28/7/2025 10:00,MYX:FCPO1!,4256,4273,4221,4242,21479,4254
28/7/2025 21:00,MYX:FCPO1!,4250,4278,4195,4254,30421,4278
29/7/2025 21:00,MYX:FCPO1!,4265,4298,4260,4278,29261,4230
30/7/2025 21:00,MYX:FCPO1!,4270,4274,4222,4230,25371,4245
31/7/2025 21:00,MYX:FCPO1!,4230,4251,4193,4245,31463,4187
4/8/2025 10:00,MYX:FCPO1!,4180,4205,4159,4187,34315,4290
4/8/2025 21:00,MYX:FCPO1!,4175,4304,4175,4290,33877,4267
5/8/2025 21:00,MYX:FCPO1!,4285,4292,4231,4267,26732,4240
6/8/2025 21:00,MYX:FCPO1!,4267,4280,4225,4240,27356,4255
7/8/2025 21:00,MYX:FCPO1!,4244,4298,4238,4255,34284,4384
11/8/2025 10:00,MYX:FCPO1!,4251,4390,4245,4384,31152,4402
11/8/2025 21:00,MYX:FCPO1!,4380,4460,4368,4402,38530,4435
12/8/2025 21:00,MYX:FCPO1!,4396,4474,4393,4435,31452,4403
13/8/2025 21:00,MYX:FCPO1!,4445,4460,4376,4403,33741,4472
14/8/2025 21:00,MYX:FCPO1!,4389,4479,4385,4472,23548,4559
18/8/2025 10:00,MYX:FCPO1!,4559,4582,4529,4559,26246,4521
18/8/2025 21:00,MYX:FCPO1!,4553,4614,4501,4521,37391,4498
19/8/2025 21:00,MYX:FCPO1!,4525,4533,4450,4498,31272,4460
20/8/2025 21:00,MYX:FCPO1!,4507,4550,4446,4460,28598,4529
21/8/2025 21:00,MYX:FCPO1!,4470,4549,4453,4529,30137,4492
25/8/2025 10:00,MYX:FCPO1!,4564,4568,4475,4492,22666,4470
25/8/2025 21:00,MYX:FCPO1!,4507,4514,4459,4470,23127,4488
26/8/2025 21:00,MYX:FCPO1!,4462,4513,4448,4488,33722,4449
27/8/2025 21:00,MYX:FCPO1!,4485,4493,4429,4449,26195,4380
28/8/2025 21:00,MYX:FCPO1!,4449,4453,4377,4380,32100,4476
2/9/2025 10:00,MYX:FCPO1!,4422,4480,4420,4476,26260,4442
2/9/2025 21:00,MYX:FCPO1!,4461,4496,4421,4442,34049,4448
3/9/2025 21:00,MYX:FCPO1!,4431,4487,4406,4448,35029,4488
8/9/2025 10:00,MYX:FCPO1!,4460,4495,4426,4488,24398,4479
8/9/2025 21:00,MYX:FCPO1!,4489,4509,4466,4479,22409,4413
9/9/2025 21:00,MYX:FCPO1!,4475,4478,4381,4413,34478,4454
10/9/2025 21:00,MYX:FCPO1!,4416,4471,4391,4454,26326,4445
