datetime,symbol,open,high,low,close,volume,close_one_month_after
2/5/2005 21:00,MYX:FCPO1!,1428,1436,1425,1433,2057,1362
3/5/2005 21:00,MYX:FCPO1!,1435,1435,1411,1411,4684,1373
4/5/2005 21:00,MYX:FCPO1!,1415,1420,1405,1413,3817,1380
5/5/2005 21:00,MYX:FCPO1!,1414,1423,1410,1416,2442,1377
9/5/2005 21:00,MYX:FCPO1!,1432,1436,1426,1429,3131,1395
10/5/2005 21:00,MYX:FCPO1!,1425,1426,1381,1405,6371,1409
11/5/2005 21:00,MYX:FCPO1!,1401,1414,1396,1414,2346,1422
12/5/2005 21:00,MYX:FCPO1!,1407,1413,1402,1407,1575,1433
16/5/2005 21:00,MYX:FCPO1!,1395,1404,1381,1382,5044,1436
17/5/2005 21:00,MYX:FCPO1!,1377,1398,1377,1392,3907,1440
18/5/2005 21:00,MYX:FCPO1!,1399,1403,1390,1393,3362,1409
19/5/2005 21:00,MYX:FCPO1!,1389,1391,1380,1384,2624,1422
23/5/2005 21:00,MYX:FCPO1!,1391,1397,1387,1389,2346,1408
24/5/2005 21:00,MYX:FCPO1!,1393,1395,1385,1392,2398,1412
25/5/2005 21:00,MYX:FCPO1!,1400,1408,1396,1402,3302,1436
26/5/2005 21:00,MYX:FCPO1!,1411,1423,1411,1417,3961,1429
30/5/2005 21:00,MYX:FCPO1!,1424,1424,1408,1412,3445,1411
31/5/2005 21:00,MYX:FCPO1!,1407,1408,1392,1393,2884,1417
1/6/2005 21:00,MYX:FCPO1!,1397,1399,1385,1390,3179,1423
2/6/2005 21:00,MYX:FCPO1!,1380,1393,1378,1391,2296,1420
6/6/2005 21:00,MYX:FCPO1!,1404,1404,1388,1389,2345,1419
7/6/2005 21:00,MYX:FCPO1!,1388,1394,1384,1389,1478,1418
8/6/2005 21:00,MYX:FCPO1!,1384,1386,1361,1362,5785,1411
9/6/2005 21:00,MYX:FCPO1!,1367,1385,1367,1373,4021,1411
13/6/2005 21:00,MYX:FCPO1!,1380,1384,1374,1380,1786,1408
14/6/2005 21:00,MYX:FCPO1!,1375,1388,1371,1377,2446,1382
15/6/2005 21:00,MYX:FCPO1!,1395,1399,1390,1395,3400,1365
16/6/2005 21:00,MYX:FCPO1!,1393,1410,1388,1409,3913,1363
20/6/2005 21:00,MYX:FCPO1!,1431,1435,1420,1422,3486,1378
21/6/2005 21:00,MYX:FCPO1!,1435,1442,1431,1433,3948,1377
22/6/2005 21:00,MYX:FCPO1!,1425,1440,1419,1436,3091,1356
23/6/2005 21:00,MYX:FCPO1!,1436,1444,1434,1440,2032,1366
27/6/2005 21:00,MYX:FCPO1!,1405,1417,1401,1409,5179,1352
28/6/2005 21:00,MYX:FCPO1!,1410,1423,1409,1422,2536,1344
29/6/2005 21:00,MYX:FCPO1!,1424,1424,1402,1408,3014,1349
30/6/2005 21:00,MYX:FCPO1!,1405,1414,1403,1412,2508,1357
4/7/2005 21:00,MYX:FCPO1!,1420,1436,1419,1436,3679,1367
5/7/2005 21:00,MYX:FCPO1!,1446,1446,1426,1429,3169,1378
6/7/2005 21:00,MYX:FCPO1!,1432,1435,1408,1411,3210,1377
7/7/2005 21:00,MYX:FCPO1!,1412,1423,1412,1417,1628,1377
11/7/2005 21:00,MYX:FCPO1!,1420,1427,1420,1423,1406,1387
12/7/2005 21:00,MYX:FCPO1!,1417,1420,1413,1420,1224,1391
13/7/2005 21:00,MYX:FCPO1!,1422,1426,1415,1419,1800,1392
14/7/2005 21:00,MYX:FCPO1!,1416,1421,1415,1418,648,1380
18/7/2005 21:00,MYX:FCPO1!,1417,1417,1411,1411,1478,1365
19/7/2005 21:00,MYX:FCPO1!,1403,1413,1398,1411,2426,1366
20/7/2005 21:00,MYX:FCPO1!,1410,1411,1406,1408,1129,1370
21/7/2005 21:00,MYX:FCPO1!,1390,1398,1378,1382,5788,1377
25/7/2005 21:00,MYX:FCPO1!,1358,1373,1358,1365,2593,1386
26/7/2005 21:00,MYX:FCPO1!,1360,1367,1356,1363,2058,1383
27/7/2005 21:00,MYX:FCPO1!,1364,1378,1364,1378,1935,1388
28/7/2005 21:00,MYX:FCPO1!,1378,1378,1371,1377,1554,1381
1/8/2005 21:00,MYX:FCPO1!,1369,1375,1353,1356,3268,1384
2/8/2005 21:00,MYX:FCPO1!,1365,1366,1355,1366,1412,1387
3/8/2005 21:00,MYX:FCPO1!,1357,1362,1343,1352,3558,1390
4/8/2005 21:00,MYX:FCPO1!,1352,1358,1344,1344,1282,1385
8/8/2005 21:00,MYX:FCPO1!,1335,1350,1329,1349,2898,1399
9/8/2005 21:00,MYX:FCPO1!,1344,1358,1343,1357,2225,1426
10/8/2005 21:00,MYX:FCPO1!,1357,1370,1354,1367,2321,1424
11/8/2005 21:00,MYX:FCPO1!,1365,1410,1360,1378,1676,1432
15/8/2005 21:00,MYX:FCPO1!,1381,1383,1371,1377,1597,1428
16/8/2005 21:00,MYX:FCPO1!,1375,1377,1374,1377,533,1458
17/8/2005 21:00,MYX:FCPO1!,1378,1390,1378,1387,1936,1442
18/8/2005 21:00,MYX:FCPO1!,1381,1396,1381,1391,2597,1448
22/8/2005 21:00,MYX:FCPO1!,1391,1393,1388,1392,1509,1460
23/8/2005 21:00,MYX:FCPO1!,1393,1394,1379,1380,1889,1465
24/8/2005 21:00,MYX:FCPO1!,1380,1383,1363,1365,3656,1467
25/8/2005 21:00,MYX:FCPO1!,1359,1368,1358,1366,1319,1482
29/8/2005 21:00,MYX:FCPO1!,1364,1373,1356,1370,3206,1466
31/8/2005 21:00,MYX:FCPO1!,1370,1378,1367,1377,2061,1460
1/9/2005 21:00,MYX:FCPO1!,1380,1387,1376,1386,2135,1451
5/9/2005 21:00,MYX:FCPO1!,1386,1389,1378,1383,1129,1453
6/9/2005 21:00,MYX:FCPO1!,1387,1391,1382,1388,1198,1453
7/9/2005 21:00,MYX:FCPO1!,1385,1386,1379,1381,1175,1450
8/9/2005 21:00,MYX:FCPO1!,1384,1384,1375,1384,2066,1439
12/9/2005 21:00,MYX:FCPO1!,1375,1389,1372,1387,2496,1434
13/9/2005 21:00,MYX:FCPO1!,1387,1392,1384,1390,1896,1418
14/9/2005 21:00,MYX:FCPO1!,1389,1396,1382,1385,2416,1421
15/9/2005 21:00,MYX:FCPO1!,1390,1404,1387,1399,3617,1418
19/9/2005 21:00,MYX:FCPO1!,1423,1427,1411,1426,3939,1435
20/9/2005 21:00,MYX:FCPO1!,1426,1430,1418,1424,4237,1431
21/9/2005 21:00,MYX:FCPO1!,1428,1436,1424,1432,3228,1445
22/9/2005 21:00,MYX:FCPO1!,1435,1438,1428,1428,2609,1440
26/9/2005 21:00,MYX:FCPO1!,1453,1471,1446,1458,4080,1433
27/9/2005 21:00,MYX:FCPO1!,1449,1462,1440,1442,3705,1427
28/9/2005 21:00,MYX:FCPO1!,1445,1453,1440,1448,2492,1435
29/9/2005 21:00,MYX:FCPO1!,1448,1460,1441,1460,3096,1436
3/10/2005 21:00,MYX:FCPO1!,1482,1483,1464,1465,3843,1422
4/10/2005 21:00,MYX:FCPO1!,1464,1471,1458,1467,4201,1415
5/10/2005 21:00,MYX:FCPO1!,1468,1483,1465,1482,2749,1417
6/10/2005 21:00,MYX:FCPO1!,1479,1484,1465,1466,2731,1418
10/10/2005 21:00,MYX:FCPO1!,1462,1464,1454,1460,2363,1403
11/10/2005 21:00,MYX:FCPO1!,1462,1462,1450,1451,2256,1414
12/10/2005 21:00,MYX:FCPO1!,1460,1463,1447,1453,3537,1412
13/10/2005 21:00,MYX:FCPO1!,1452,1462,1441,1453,3647,1419
17/10/2005 21:00,MYX:FCPO1!,1455,1459,1449,1450,2790,1396
18/10/2005 21:00,MYX:FCPO1!,1449,1451,1435,1439,3741,1391
19/10/2005 21:00,MYX:FCPO1!,1436,1447,1429,1434,3932,1387
20/10/2005 21:00,MYX:FCPO1!,1425,1430,1417,1418,3538,1397
24/10/2005 21:00,MYX:FCPO1!,1413,1422,1412,1421,2753,1413
25/10/2005 21:00,MYX:FCPO1!,1420,1421,1415,1418,865,1413
26/10/2005 21:00,MYX:FCPO1!,1420,1437,1420,1435,4202,1410
27/10/2005 21:00,MYX:FCPO1!,1433,1438,1430,1431,812,1411
31/10/2005 10:00,MYX:FCPO1!,1433,1446,1431,1445,1590,1407
1/11/2005 21:00,MYX:FCPO1!,1440,1447,1439,1440,1238,1397
7/11/2005 21:00,MYX:FCPO1!,1427,1435,1425,1433,1808,1395
8/11/2005 21:00,MYX:FCPO1!,1435,1441,1426,1427,1980,1403
9/11/2005 21:00,MYX:FCPO1!,1420,1441,1419,1435,3146,1409
10/11/2005 21:00,MYX:FCPO1!,1433,1439,1432,1436,822,1410
14/11/2005 21:00,MYX:FCPO1!,1428,1430,1420,1422,2417,1414
15/11/2005 21:00,MYX:FCPO1!,1418,1423,1410,1415,2764,1418
16/11/2005 21:00,MYX:FCPO1!,1412,1417,1402,1417,3131,1418
17/11/2005 21:00,MYX:FCPO1!,1413,1420,1409,1418,2685,1414
21/11/2005 21:00,MYX:FCPO1!,1411,1411,1402,1403,1994,1417
22/11/2005 21:00,MYX:FCPO1!,1400,1416,1400,1414,2356,1418
23/11/2005 21:00,MYX:FCPO1!,1413,1413,1404,1412,1281,1433
24/11/2005 21:00,MYX:FCPO1!,1410,1421,1410,1419,2477,1441
28/11/2005 21:00,MYX:FCPO1!,1404,1404,1393,1396,2783,1434
29/11/2005 21:00,MYX:FCPO1!,1395,1403,1389,1391,2610,1437
30/11/2005 21:00,MYX:FCPO1!,1395,1395,1380,1387,2480,1428
1/12/2005 21:00,MYX:FCPO1!,1386,1400,1382,1397,2805,1420
5/12/2005 21:00,MYX:FCPO1!,1405,1416,1403,1413,3487,1421
6/12/2005 21:00,MYX:FCPO1!,1406,1416,1404,1413,2746,1425
7/12/2005 21:00,MYX:FCPO1!,1413,1413,1404,1410,2651,1435
8/12/2005 21:00,MYX:FCPO1!,1408,1414,1404,1411,2372,1433
12/12/2005 21:00,MYX:FCPO1!,1415,1417,1406,1407,1610,1438
13/12/2005 21:00,MYX:FCPO1!,1409,1409,1395,1397,2365,1439
14/12/2005 21:00,MYX:FCPO1!,1395,1395,1388,1395,2271,1436
15/12/2005 21:00,MYX:FCPO1!,1402,1404,1400,1403,99,1439
19/12/2005 21:00,MYX:FCPO1!,1410,1412,1409,1409,141,1443
20/12/2005 21:00,MYX:FCPO1!,1410,1412,1406,1410,205,1448
21/12/2005 21:00,MYX:FCPO1!,1411,1416,1409,1414,500,1445
22/12/2005 21:00,MYX:FCPO1!,1417,1428,1414,1418,565,1455
26/12/2005 21:00,MYX:FCPO1!,1423,1424,1414,1418,107,1450
27/12/2005 21:00,MYX:FCPO1!,1414,1419,1412,1414,238,1465
28/12/2005 21:00,MYX:FCPO1!,1410,1419,1410,1417,360,1470
29/12/2005 21:00,MYX:FCPO1!,1419,1426,1418,1418,1118,1481
2/1/2006 21:00,MYX:FCPO1!,1432,1433,1426,1433,1069,1488
3/1/2006 21:00,MYX:FCPO1!,1445,1447,1440,1441,912,1491
4/1/2006 21:00,MYX:FCPO1!,1446,1446,1432,1434,797,1491
5/1/2006 21:00,MYX:FCPO1!,1434,1440,1433,1437,901,1477
9/1/2006 10:00,MYX:FCPO1!,1431,1434,1427,1428,581,1475
10/1/2006 21:00,MYX:FCPO1!,1420,1428,1414,1420,1830,1472
11/1/2006 21:00,MYX:FCPO1!,1417,1426,1416,1421,2337,1496
12/1/2006 21:00,MYX:FCPO1!,1415,1426,1415,1425,1266,1512
16/1/2006 21:00,MYX:FCPO1!,1435,1438,1430,1435,386,1508
17/1/2006 21:00,MYX:FCPO1!,1430,1434,1430,1433,166,1495
18/1/2006 21:00,MYX:FCPO1!,1435,1440,1434,1438,460,1493
19/1/2006 21:00,MYX:FCPO1!,1441,1441,1436,1439,421,1477
23/1/2006 21:00,MYX:FCPO1!,1443,1444,1433,1436,674,1475
24/1/2006 21:00,MYX:FCPO1!,1437,1441,1436,1439,491,1471
25/1/2006 21:00,MYX:FCPO1!,1443,1445,1441,1443,332,1463
26/1/2006 21:00,MYX:FCPO1!,1446,1449,1446,1448,420,1450
2/2/2006 21:00,MYX:FCPO1!,1450,1455,1445,1445,1169,1448
6/2/2006 21:00,MYX:FCPO1!,1455,1459,1451,1455,736,1456
7/2/2006 21:00,MYX:FCPO1!,1451,1452,1449,1450,464,1455
8/2/2006 21:00,MYX:FCPO1!,1450,1466,1450,1465,1392,1441
9/2/2006 21:00,MYX:FCPO1!,1468,1470,1459,1470,948,1447
13/2/2006 21:00,MYX:FCPO1!,1471,1481,1469,1481,1393,1451
14/2/2006 21:00,MYX:FCPO1!,1479,1488,1477,1488,1722,1452
15/2/2006 21:00,MYX:FCPO1!,1486,1492,1485,1491,421,1448
16/2/2006 21:00,MYX:FCPO1!,1492,1493,1481,1491,1626,1442
20/2/2006 21:00,MYX:FCPO1!,1485,1488,1477,1477,1467,1434
21/2/2006 21:00,MYX:FCPO1!,1478,1479,1471,1475,657,1437
22/2/2006 21:00,MYX:FCPO1!,1478,1478,1472,1472,190,1427
23/2/2006 21:00,MYX:FCPO1!,1477,1496,1477,1496,342,1411
27/2/2006 21:00,MYX:FCPO1!,1516,1522,1508,1512,1905,1413
28/2/2006 21:00,MYX:FCPO1!,1515,1519,1505,1508,1698,1422
1/3/2006 21:00,MYX:FCPO1!,1501,1504,1495,1495,865,1446
2/3/2006 21:00,MYX:FCPO1!,1504,1505,1493,1493,716,1460
6/3/2006 21:00,MYX:FCPO1!,1485,1488,1477,1477,1354,1452
7/3/2006 21:00,MYX:FCPO1!,1476,1480,1473,1475,968,1450
8/3/2006 21:00,MYX:FCPO1!,1478,1483,1471,1471,1489,1468
9/3/2006 21:00,MYX:FCPO1!,1470,1480,1460,1463,2164,1471
13/3/2006 21:00,MYX:FCPO1!,1447,1457,1447,1450,1147,1479
14/3/2006 21:00,MYX:FCPO1!,1451,1455,1446,1448,1450,1471
15/3/2006 21:00,MYX:FCPO1!,1448,1456,1446,1456,1441,1482
16/3/2006 21:00,MYX:FCPO1!,1455,1461,1451,1455,1997,1473
20/3/2006 21:00,MYX:FCPO1!,1445,1448,1440,1441,2340,1473
21/3/2006 21:00,MYX:FCPO1!,1442,1450,1436,1447,2229,1481
22/3/2006 21:00,MYX:FCPO1!,1447,1451,1445,1451,1950,1465
23/3/2006 21:00,MYX:FCPO1!,1454,1460,1449,1452,2481,1458
27/3/2006 21:00,MYX:FCPO1!,1451,1451,1445,1448,1525,1454
28/3/2006 21:00,MYX:FCPO1!,1452,1452,1440,1442,1789,1453
29/3/2006 21:00,MYX:FCPO1!,1442,1443,1434,1434,3539,1450
30/3/2006 21:00,MYX:FCPO1!,1438,1439,1430,1437,2055,1446
3/4/2006 21:00,MYX:FCPO1!,1420,1429,1416,1427,2514,1448
4/4/2006 21:00,MYX:FCPO1!,1424,1426,1408,1411,3981,1465
5/4/2006 21:00,MYX:FCPO1!,1413,1420,1409,1413,2401,1463
6/4/2006 21:00,MYX:FCPO1!,1418,1424,1416,1422,2870,1458
10/4/2006 10:00,MYX:FCPO1!,1423,1446,1420,1446,4978,1452
11/4/2006 21:00,MYX:FCPO1!,1449,1460,1449,1460,3596,1441
12/4/2006 21:00,MYX:FCPO1!,1456,1459,1449,1452,1867,1438
13/4/2006 21:00,MYX:FCPO1!,1451,1464,1447,1450,3614,1441
17/4/2006 21:00,MYX:FCPO1!,1472,1478,1464,1468,2842,1446
18/4/2006 21:00,MYX:FCPO1!,1476,1476,1468,1471,3011,1439
19/4/2006 21:00,MYX:FCPO1!,1477,1482,1474,1479,3022,1444
20/4/2006 21:00,MYX:FCPO1!,1480,1480,1466,1471,2679,1439
24/4/2006 21:00,MYX:FCPO1!,1495,1497,1479,1482,4113,1438
25/4/2006 21:00,MYX:FCPO1!,1485,1489,1471,1473,4336,1448
26/4/2006 21:00,MYX:FCPO1!,1469,1480,1466,1473,3877,1451
27/4/2006 21:00,MYX:FCPO1!,1479,1487,1477,1481,4813,1460
1/5/2006 21:00,MYX:FCPO1!,1483,1484,1464,1465,4620,1456
2/5/2006 21:00,MYX:FCPO1!,1462,1469,1457,1458,6027,1459
3/5/2006 21:00,MYX:FCPO1!,1458,1462,1445,1454,4243,1452
4/5/2006 21:00,MYX:FCPO1!,1451,1461,1451,1453,3821,1451
8/5/2006 21:00,MYX:FCPO1!,1454,1458,1447,1450,3814,1464
9/5/2006 21:00,MYX:FCPO1!,1447,1455,1446,1446,2564,1451
10/5/2006 21:00,MYX:FCPO1!,1448,1452,1443,1448,3923,1458
15/5/2006 21:00,MYX:FCPO1!,1478,1479,1463,1465,4146,1463
16/5/2006 21:00,MYX:FCPO1!,1468,1473,1462,1463,3455,1468
17/5/2006 21:00,MYX:FCPO1!,1464,1468,1456,1458,2257,1463
18/5/2006 21:00,MYX:FCPO1!,1457,1460,1452,1452,3624,1467
22/5/2006 21:00,MYX:FCPO1!,1447,1451,1440,1441,2971,1477
23/5/2006 21:00,MYX:FCPO1!,1446,1451,1437,1438,3409,1491
24/5/2006 21:00,MYX:FCPO1!,1438,1446,1434,1441,3079,1489
25/5/2006 21:00,MYX:FCPO1!,1445,1452,1444,1446,4361,1487
29/5/2006 21:00,MYX:FCPO1!,1439,1442,1435,1439,1880,1498
30/5/2006 21:00,MYX:FCPO1!,1444,1455,1441,1444,5894,1512
31/5/2006 21:00,MYX:FCPO1!,1443,1446,1439,1439,3387,1513
1/6/2006 21:00,MYX:FCPO1!,1441,1441,1435,1438,1796,1491
5/6/2006 21:00,MYX:FCPO1!,1448,1451,1444,1448,1739,1491
6/6/2006 21:00,MYX:FCPO1!,1447,1451,1444,1451,1385,1498
7/6/2006 21:00,MYX:FCPO1!,1453,1465,1453,1460,3402,1555
8/6/2006 21:00,MYX:FCPO1!,1456,1461,1455,1456,988,1540
12/6/2006 21:00,MYX:FCPO1!,1469,1474,1457,1459,4179,1591
13/6/2006 21:00,MYX:FCPO1!,1455,1457,1449,1452,2689,1580
14/6/2006 21:00,MYX:FCPO1!,1449,1451,1445,1451,1928,1576
15/6/2006 21:00,MYX:FCPO1!,1463,1468,1461,1464,907,1565
19/6/2006 21:00,MYX:FCPO1!,1451,1454,1447,1451,2824,1574
20/6/2006 21:00,MYX:FCPO1!,1453,1459,1451,1458,2689,1620
21/6/2006 21:00,MYX:FCPO1!,1460,1477,1459,1463,3223,1673
22/6/2006 21:00,MYX:FCPO1!,1465,1472,1458,1468,4804,1643
26/6/2006 21:00,MYX:FCPO1!,1463,1468,1463,1463,1416,1641
27/6/2006 21:00,MYX:FCPO1!,1469,1471,1466,1467,2295,1611
28/6/2006 21:00,MYX:FCPO1!,1470,1481,1469,1477,4952,1659
29/6/2006 21:00,MYX:FCPO1!,1481,1499,1476,1491,6393,1677
3/7/2006 21:00,MYX:FCPO1!,1494,1498,1485,1489,2442,1655
4/7/2006 21:00,MYX:FCPO1!,1488,1491,1483,1487,2598,1659
5/7/2006 21:00,MYX:FCPO1!,1490,1506,1490,1498,5063,1642
6/7/2006 21:00,MYX:FCPO1!,1510,1513,1507,1512,6471,1627
10/7/2006 21:00,MYX:FCPO1!,1510,1513,1503,1513,4725,1586
11/7/2006 21:00,MYX:FCPO1!,1510,1511,1491,1491,4264,1592
12/7/2006 21:00,MYX:FCPO1!,1486,1500,1484,1491,4092,1598
13/7/2006 21:00,MYX:FCPO1!,1497,1506,1491,1498,3433,1615
17/7/2006 21:00,MYX:FCPO1!,1534,1562,1532,1555,5729,1611
18/7/2006 21:00,MYX:FCPO1!,1550,1560,1539,1540,6415,1599
19/7/2006 21:00,MYX:FCPO1!,1542,1595,1542,1591,14448,1557
20/7/2006 21:00,MYX:FCPO1!,1589,1594,1570,1580,7035,1578
24/7/2006 21:00,MYX:FCPO1!,1569,1583,1566,1576,4060,1590
25/7/2006 21:00,MYX:FCPO1!,1574,1577,1561,1565,6554,1563
26/7/2006 21:00,MYX:FCPO1!,1563,1575,1560,1574,2943,1562
27/7/2006 21:00,MYX:FCPO1!,1574,1630,1573,1620,13923,1570
31/7/2006 21:00,MYX:FCPO1!,1645,1690,1632,1673,10534,1553
1/8/2006 21:00,MYX:FCPO1!,1670,1682,1640,1643,9643,1538
2/8/2006 21:00,MYX:FCPO1!,1648,1667,1637,1641,9796,1527
3/8/2006 21:00,MYX:FCPO1!,1637,1640,1611,1611,8401,1537
7/8/2006 21:00,MYX:FCPO1!,1615,1660,1615,1659,6046,1537
8/8/2006 21:00,MYX:FCPO1!,1659,1692,1654,1677,7754,1562
9/8/2006 21:00,MYX:FCPO1!,1673,1693,1654,1655,8403,1528
10/8/2006 21:00,MYX:FCPO1!,1653,1674,1644,1659,7219,1535
14/8/2006 21:00,MYX:FCPO1!,1645,1660,1636,1642,4380,1545
15/8/2006 21:00,MYX:FCPO1!,1652,1660,1623,1627,9355,1521
16/8/2006 21:00,MYX:FCPO1!,1623,1629,1577,1586,12179,1540
17/8/2006 21:00,MYX:FCPO1!,1595,1608,1574,1592,6656,1550
21/8/2006 21:00,MYX:FCPO1!,1615,1618,1597,1598,7831,1559
22/8/2006 21:00,MYX:FCPO1!,1601,1619,1593,1615,7366,1534
23/8/2006 21:00,MYX:FCPO1!,1613,1622,1606,1611,3790,1523
24/8/2006 21:00,MYX:FCPO1!,1608,1615,1591,1599,4933,1537
28/8/2006 21:00,MYX:FCPO1!,1569,1574,1555,1557,9276,1542
29/8/2006 21:00,MYX:FCPO1!,1557,1578,1556,1578,5224,1558
31/8/2006 21:00,MYX:FCPO1!,1584,1602,1584,1590,5574,1553
4/9/2006 21:00,MYX:FCPO1!,1568,1575,1555,1563,4427,1560
5/9/2006 21:00,MYX:FCPO1!,1562,1574,1560,1562,4039,1576
6/9/2006 21:00,MYX:FCPO1!,1558,1575,1555,1570,4383,1598
7/9/2006 21:00,MYX:FCPO1!,1573,1579,1550,1553,7731,1612
11/9/2006 21:00,MYX:FCPO1!,1536,1548,1535,1538,3659,1610
12/9/2006 21:00,MYX:FCPO1!,1535,1536,1517,1527,4338,1623
13/9/2006 21:00,MYX:FCPO1!,1536,1546,1534,1537,4641,1612
14/9/2006 21:00,MYX:FCPO1!,1536,1538,1528,1537,1560,1650
18/9/2006 21:00,MYX:FCPO1!,1552,1563,1547,1562,0,1680
19/9/2006 21:00,MYX:FCPO1!,1556,1556,1528,1528,0,1661
20/9/2006 21:00,MYX:FCPO1!,1528,1541,1521,1535,0,1680
21/9/2006 21:00,MYX:FCPO1!,1541,1554,1536,1545,5526,1724
25/9/2006 21:00,MYX:FCPO1!,1518,1527,1511,1521,0,1693
26/9/2006 21:00,MYX:FCPO1!,1523,1546,1522,1540,0,1680
27/9/2006 21:00,MYX:FCPO1!,1546,1558,1544,1550,0,1674
28/9/2006 21:00,MYX:FCPO1!,1555,1562,1548,1559,0,1687
2/10/2006 21:00,MYX:FCPO1!,1550,1550,1531,1534,0,1675
3/10/2006 21:00,MYX:FCPO1!,1523,1525,1510,1523,0,1689
4/10/2006 21:00,MYX:FCPO1!,1530,1543,1530,1537,0,1746
5/10/2006 21:00,MYX:FCPO1!,1540,1545,1528,1542,0,1757
9/10/2006 21:00,MYX:FCPO1!,1564,1569,1558,1558,0,1755
10/10/2006 21:00,MYX:FCPO1!,1547,1558,1543,1553,0,1864
11/10/2006 21:00,MYX:FCPO1!,1550,1569,1548,1560,0,1764
12/10/2006 21:00,MYX:FCPO1!,1570,1582,1567,1576,0,1764
16/10/2006 21:00,MYX:FCPO1!,1590,1604,1590,1598,0,1876
17/10/2006 21:00,MYX:FCPO1!,1605,1617,1602,1612,0,1920
18/10/2006 21:00,MYX:FCPO1!,1615,1617,1609,1610,0,1879
19/10/2006 21:00,MYX:FCPO1!,1620,1623,1615,1623,5658,1930
23/10/2006 10:00,MYX:FCPO1!,1615,1617,1610,1612,0,1900
25/10/2006 21:00,MYX:FCPO1!,1634,1651,1630,1650,0,1840
26/10/2006 21:00,MYX:FCPO1!,1655,1681,1655,1680,0,1853
30/10/2006 21:00,MYX:FCPO1!,1690,1692,1661,1661,0,1850
31/10/2006 21:00,MYX:FCPO1!,1650,1690,1650,1680,0,1865
1/11/2006 21:00,MYX:FCPO1!,1696,1736,1696,1724,0,1908
2/11/2006 21:00,MYX:FCPO1!,1720,1720,1683,1693,0,1901
6/11/2006 21:00,MYX:FCPO1!,1701,1711,1677,1680,0,1855
7/11/2006 21:00,MYX:FCPO1!,1682,1687,1664,1674,0,1860
8/11/2006 21:00,MYX:FCPO1!,1684,1701,1673,1687,0,1855
9/11/2006 21:00,MYX:FCPO1!,1690,1696,1673,1675,0,1868
13/11/2006 21:00,MYX:FCPO1!,1700,1705,1685,1689,0,1882
14/11/2006 21:00,MYX:FCPO1!,1710,1764,1704,1746,0,1901
15/11/2006 21:00,MYX:FCPO1!,1749,1781,1747,1757,0,1995
16/11/2006 21:00,MYX:FCPO1!,1748,1772,1743,1755,0,1989
20/11/2006 21:00,MYX:FCPO1!,1864,1949,1853,1864,11205,2032
21/11/2006 21:00,MYX:FCPO1!,1851,1856,1764,1764,3213,1995
22/11/2006 21:00,MYX:FCPO1!,1822,1872,1764,1764,5559,1962
23/11/2006 21:00,MYX:FCPO1!,1822,1891,1822,1876,11039,1919
27/11/2006 21:00,MYX:FCPO1!,1916,1935,1905,1920,7942,1961
28/11/2006 21:00,MYX:FCPO1!,1893,1901,1870,1879,5096,1885
29/11/2006 21:00,MYX:FCPO1!,1911,1933,1904,1930,4389,1881
30/11/2006 21:00,MYX:FCPO1!,1930,1931,1888,1900,6656,1900
4/12/2006 21:00,MYX:FCPO1!,1830,1849,1827,1840,3699,1889
5/12/2006 21:00,MYX:FCPO1!,1850,1862,1839,1853,4015,1947
6/12/2006 21:00,MYX:FCPO1!,1838,1850,1827,1850,3715,1903
7/12/2006 21:00,MYX:FCPO1!,1865,1881,1860,1865,3431,1905
11/12/2006 21:00,MYX:FCPO1!,1912,1942,1900,1908,6160,1875
12/12/2006 21:00,MYX:FCPO1!,1890,1926,1887,1901,3360,1891
13/12/2006 21:00,MYX:FCPO1!,1910,1914,1855,1855,2371,1856
14/12/2006 21:00,MYX:FCPO1!,1855,1871,1850,1860,3905,1880
18/12/2006 21:00,MYX:FCPO1!,1839,1872,1836,1855,3129,1874
19/12/2006 21:00,MYX:FCPO1!,1872,1877,1861,1868,3012,1865
20/12/2006 21:00,MYX:FCPO1!,1876,1888,1874,1882,2662,1900
21/12/2006 21:00,MYX:FCPO1!,1889,1907,1886,1901,2700,1917
25/12/2006 21:00,MYX:FCPO1!,1913,2001,1913,1995,9168,1917
26/12/2006 21:00,MYX:FCPO1!,2014,2016,1973,1989,6612,1921
27/12/2006 21:00,MYX:FCPO1!,1982,2062,1980,2032,3877,1891
28/12/2006 21:00,MYX:FCPO1!,2038,2040,1994,1995,6628,1917
2/1/2007 21:00,MYX:FCPO1!,1988,2002,1962,1962,4755,1885
3/1/2007 21:00,MYX:FCPO1!,1935,1944,1915,1919,5083,1907
4/1/2007 21:00,MYX:FCPO1!,1915,1970,1911,1961,7217,1928
8/1/2007 21:00,MYX:FCPO1!,1878,1925,1871,1885,7371,1941
9/1/2007 21:00,MYX:FCPO1!,1877,1890,1853,1881,10370,1925
10/1/2007 21:00,MYX:FCPO1!,1888,1907,1884,1900,4096,1944
11/1/2007 21:00,MYX:FCPO1!,1920,1924,1879,1889,3720,1951
15/1/2007 21:00,MYX:FCPO1!,1910,1947,1893,1947,3823,1951
16/1/2007 21:00,MYX:FCPO1!,1934,1941,1895,1903,3316,1960
17/1/2007 21:00,MYX:FCPO1!,1910,1915,1881,1905,6998,1950
18/1/2007 21:00,MYX:FCPO1!,1884,1890,1873,1875,5721,1940
22/1/2007 21:00,MYX:FCPO1!,1902,1910,1879,1891,6212,1943
23/1/2007 21:00,MYX:FCPO1!,1915,1915,1856,1856,8659,1933
24/1/2007 21:00,MYX:FCPO1!,1852,1880,1852,1880,5651,1963
25/1/2007 21:00,MYX:FCPO1!,1873,1890,1860,1874,4619,1963
29/1/2007 21:00,MYX:FCPO1!,1868,1871,1855,1865,2742,1977
30/1/2007 21:00,MYX:FCPO1!,1880,1900,1870,1900,6564,1944
1/2/2007 21:00,MYX:FCPO1!,1912,1921,1904,1917,5150,1960
5/2/2007 21:00,MYX:FCPO1!,1960,1962,1909,1917,6174,1947
6/2/2007 21:00,MYX:FCPO1!,1911,1933,1910,1921,5699,1977
7/2/2007 21:00,MYX:FCPO1!,1916,1919,1890,1891,5536,1975
8/2/2007 21:00,MYX:FCPO1!,1889,1921,1887,1917,2737,1971
12/2/2007 21:00,MYX:FCPO1!,1875,1895,1873,1885,6531,2010
13/2/2007 21:00,MYX:FCPO1!,1888,1912,1887,1907,3303,2003
14/2/2007 21:00,MYX:FCPO1!,1903,1931,1900,1928,4885,2048
15/2/2007 21:00,MYX:FCPO1!,1925,1942,1920,1941,2328,2045
20/2/2007 21:00,MYX:FCPO1!,1938,1938,1920,1925,3462,2070
21/2/2007 21:00,MYX:FCPO1!,1934,1944,1928,1944,4174,2086
22/2/2007 21:00,MYX:FCPO1!,1939,1953,1933,1951,4152,2115
26/2/2007 21:00,MYX:FCPO1!,1973,1985,1950,1951,5321,2090
27/2/2007 21:00,MYX:FCPO1!,1935,1989,1925,1960,5591,2109
28/2/2007 21:00,MYX:FCPO1!,1964,1967,1941,1950,3817,2153
1/3/2007 21:00,MYX:FCPO1!,1927,1940,1920,1940,3134,2188
5/3/2007 21:00,MYX:FCPO1!,1929,1943,1929,1943,1964,2175
6/3/2007 21:00,MYX:FCPO1!,1937,1940,1930,1933,1849,2219
7/3/2007 21:00,MYX:FCPO1!,1940,1963,1940,1963,5106,2203
8/3/2007 21:00,MYX:FCPO1!,1969,1972,1956,1963,3215,2160
12/3/2007 21:00,MYX:FCPO1!,1981,1982,1970,1977,1424,2230
13/3/2007 21:00,MYX:FCPO1!,1973,1973,1940,1944,2444,2179
14/3/2007 21:00,MYX:FCPO1!,1952,1960,1938,1960,2602,2182
15/3/2007 21:00,MYX:FCPO1!,1951,1959,1946,1947,1168,2157
19/3/2007 21:00,MYX:FCPO1!,1975,1980,1968,1977,7378,2205
20/3/2007 21:00,MYX:FCPO1!,1981,1987,1970,1975,4190,2214
21/3/2007 21:00,MYX:FCPO1!,1971,1979,1963,1971,3000,2299
22/3/2007 21:00,MYX:FCPO1!,1976,2010,1975,2010,9001,2288
26/3/2007 21:00,MYX:FCPO1!,1990,2007,1990,2003,2239,2238
27/3/2007 21:00,MYX:FCPO1!,2019,2048,2009,2048,5832,2289
28/3/2007 21:00,MYX:FCPO1!,2047,2058,2032,2045,3192,2320
29/3/2007 21:00,MYX:FCPO1!,2062,2076,2057,2070,5076,2325
2/4/2007 21:00,MYX:FCPO1!,2076,2103,2072,2086,7577,2346
3/4/2007 21:00,MYX:FCPO1!,2076,2115,2076,2115,3528,2323
4/4/2007 21:00,MYX:FCPO1!,2106,2130,2085,2090,6209,2333
5/4/2007 21:00,MYX:FCPO1!,2087,2116,2076,2109,3081,2370
9/4/2007 21:00,MYX:FCPO1!,2112,2184,2112,2153,6611,2375
10/4/2007 21:00,MYX:FCPO1!,2166,2205,2165,2188,7205,2389
11/4/2007 21:00,MYX:FCPO1!,2192,2197,2155,2175,9152,2445
12/4/2007 21:00,MYX:FCPO1!,2175,2227,2164,2219,8426,2498
16/4/2007 21:00,MYX:FCPO1!,2238,2246,2190,2203,8946,2538
17/4/2007 21:00,MYX:FCPO1!,2168,2183,2154,2160,11127,2500
18/4/2007 21:00,MYX:FCPO1!,2139,2231,2139,2230,11658,2581
19/4/2007 21:00,MYX:FCPO1!,2220,2241,2173,2179,11229,2562
23/4/2007 21:00,MYX:FCPO1!,2190,2190,2160,2182,4686,2701
24/4/2007 21:00,MYX:FCPO1!,2179,2187,2153,2157,6382,2620
26/4/2007 21:00,MYX:FCPO1!,2164,2210,2157,2205,3552,2645
30/4/2007 10:00,MYX:FCPO1!,2205,2245,2203,2214,6679,2471
2/5/2007 21:00,MYX:FCPO1!,2220,2300,2220,2299,12067,2433
3/5/2007 21:00,MYX:FCPO1!,2300,2305,2269,2288,5441,2350
7/5/2007 21:00,MYX:FCPO1!,2235,2263,2223,2238,6267,2368
8/5/2007 21:00,MYX:FCPO1!,2247,2289,2247,2289,7805,2425
9/5/2007 21:00,MYX:FCPO1!,2290,2333,2286,2320,10220,2436
10/5/2007 21:00,MYX:FCPO1!,2327,2351,2319,2325,11913,2377
14/5/2007 21:00,MYX:FCPO1!,2372,2375,2328,2346,10128,2388
15/5/2007 21:00,MYX:FCPO1!,2308,2343,2307,2323,8779,2380
16/5/2007 21:00,MYX:FCPO1!,2316,2338,2309,2333,6652,2348
17/5/2007 21:00,MYX:FCPO1!,2350,2382,2342,2370,6084,2334
21/5/2007 21:00,MYX:FCPO1!,2361,2376,2358,2375,4209,2383
22/5/2007 21:00,MYX:FCPO1!,2364,2389,2356,2389,4327,2427
23/5/2007 21:00,MYX:FCPO1!,2395,2452,2395,2445,6933,2515
24/5/2007 21:00,MYX:FCPO1!,2465,2503,2465,2498,7711,2479
28/5/2007 21:00,MYX:FCPO1!,2540,2590,2527,2538,9364,2482
29/5/2007 21:00,MYX:FCPO1!,2505,2505,2466,2500,11838,2520
30/5/2007 21:00,MYX:FCPO1!,2526,2581,2519,2581,7482,2530
31/5/2007 21:00,MYX:FCPO1!,2590,2605,2541,2562,6380,2584
4/6/2007 21:00,MYX:FCPO1!,2615,2703,2607,2701,6112,2615
5/6/2007 21:00,MYX:FCPO1!,2721,2764,2620,2620,11486,2623
6/6/2007 21:00,MYX:FCPO1!,2637,2670,2602,2645,10887,2517
7/6/2007 21:00,MYX:FCPO1!,2666,2667,2471,2471,14208,2528
11/6/2007 21:00,MYX:FCPO1!,2337,2445,2323,2433,15329,2485
12/6/2007 21:00,MYX:FCPO1!,2418,2418,2235,2350,21192,2506
13/6/2007 21:00,MYX:FCPO1!,2389,2411,2287,2368,9509,2525
14/6/2007 21:00,MYX:FCPO1!,2388,2441,2383,2425,8326,2521
18/6/2007 21:00,MYX:FCPO1!,2443,2460,2415,2436,6559,2568
19/6/2007 21:00,MYX:FCPO1!,2395,2405,2370,2377,6597,2583
20/6/2007 21:00,MYX:FCPO1!,2380,2404,2354,2388,7940,2608
21/6/2007 21:00,MYX:FCPO1!,2368,2392,2360,2380,3970,2585
25/6/2007 21:00,MYX:FCPO1!,2382,2382,2321,2348,6066,2602
26/6/2007 21:00,MYX:FCPO1!,2336,2363,2315,2334,5456,2574
27/6/2007 21:00,MYX:FCPO1!,2340,2383,2323,2383,6956,2478
28/6/2007 21:00,MYX:FCPO1!,2390,2430,2380,2427,4768,2500
2/7/2007 21:00,MYX:FCPO1!,2454,2515,2444,2515,8232,2535
3/7/2007 21:00,MYX:FCPO1!,2495,2497,2462,2479,6092,2515
4/7/2007 21:00,MYX:FCPO1!,2489,2500,2474,2482,3201,2497
5/7/2007 21:00,MYX:FCPO1!,2493,2522,2468,2520,6403,2484
9/7/2007 21:00,MYX:FCPO1!,2507,2542,2489,2530,9855,2389
10/7/2007 21:00,MYX:FCPO1!,2545,2599,2543,2584,7099,2378
11/7/2007 21:00,MYX:FCPO1!,2578,2624,2567,2615,7335,2396
12/7/2007 21:00,MYX:FCPO1!,2613,2632,2597,2623,6958,2425
16/7/2007 21:00,MYX:FCPO1!,2516,2557,2506,2517,6456,2430
17/7/2007 21:00,MYX:FCPO1!,2526,2538,2513,2528,5503,2430
18/7/2007 21:00,MYX:FCPO1!,2542,2550,2485,2485,5778,2412
19/7/2007 21:00,MYX:FCPO1!,2497,2515,2476,2506,5316,2378
23/7/2007 21:00,MYX:FCPO1!,2468,2530,2459,2525,6798,2420
24/7/2007 21:00,MYX:FCPO1!,2527,2550,2504,2521,5384,2459
25/7/2007 21:00,MYX:FCPO1!,2527,2568,2515,2568,5402,2495
26/7/2007 21:00,MYX:FCPO1!,2554,2592,2546,2583,4053,2470
30/7/2007 21:00,MYX:FCPO1!,2645,2665,2596,2608,5441,2471
31/7/2007 21:00,MYX:FCPO1!,2626,2647,2568,2585,5905,2500
1/8/2007 21:00,MYX:FCPO1!,2580,2602,2552,2602,5606,2520
2/8/2007 21:00,MYX:FCPO1!,2600,2602,2569,2574,2800,2540
6/8/2007 21:00,MYX:FCPO1!,2500,2517,2414,2478,13055,2592
7/8/2007 21:00,MYX:FCPO1!,2491,2501,2452,2500,6062,2609
8/8/2007 21:00,MYX:FCPO1!,2535,2550,2500,2535,6709,2571
9/8/2007 21:00,MYX:FCPO1!,2516,2528,2479,2515,4758,2569
13/8/2007 21:00,MYX:FCPO1!,2515,2522,2483,2497,5129,2606
14/8/2007 21:00,MYX:FCPO1!,2478,2484,2449,2484,5314,2655
15/8/2007 21:00,MYX:FCPO1!,2445,2451,2386,2389,7466,2612
16/8/2007 21:00,MYX:FCPO1!,2350,2401,2314,2378,10356,2605
20/8/2007 21:00,MYX:FCPO1!,2361,2396,2354,2396,4157,2644
21/8/2007 21:00,MYX:FCPO1!,2380,2450,2380,2425,7211,2569
22/8/2007 21:00,MYX:FCPO1!,2422,2457,2401,2430,4770,2545
23/8/2007 21:00,MYX:FCPO1!,2438,2445,2413,2430,4832,2599
27/8/2007 21:00,MYX:FCPO1!,2426,2440,2398,2412,3615,2570
28/8/2007 21:00,MYX:FCPO1!,2395,2402,2368,2378,4860,2592
29/8/2007 21:00,MYX:FCPO1!,2390,2420,2389,2420,4284,2645
3/9/2007 21:00,MYX:FCPO1!,2494,2501,2457,2459,6767,2680
4/9/2007 21:00,MYX:FCPO1!,2481,2501,2472,2495,5814,2731
5/9/2007 21:00,MYX:FCPO1!,2491,2498,2465,2470,3470,2765
6/9/2007 21:00,MYX:FCPO1!,2465,2485,2460,2471,2504,2714
10/9/2007 21:00,MYX:FCPO1!,2515,2516,2494,2500,4499,2735
11/9/2007 21:00,MYX:FCPO1!,2509,2525,2506,2520,4051,2765
12/9/2007 21:00,MYX:FCPO1!,2555,2564,2539,2540,6171,2704
13/9/2007 21:00,MYX:FCPO1!,2550,2600,2547,2592,4565,2713
17/9/2007 21:00,MYX:FCPO1!,2605,2616,2592,2609,4927,2707
18/9/2007 21:00,MYX:FCPO1!,2595,2601,2553,2571,6382,2800
19/9/2007 21:00,MYX:FCPO1!,2584,2584,2556,2569,3701,2862
20/9/2007 21:00,MYX:FCPO1!,2585,2608,2580,2606,6688,2880
24/9/2007 21:00,MYX:FCPO1!,2665,2669,2648,2655,4906,2930
25/9/2007 21:00,MYX:FCPO1!,2630,2649,2597,2612,5999,2917
26/9/2007 21:00,MYX:FCPO1!,2632,2641,2602,2605,8610,2960
27/9/2007 21:00,MYX:FCPO1!,2625,2652,2624,2644,6224,3000
1/10/2007 21:00,MYX:FCPO1!,2605,2618,2569,2569,6503,2990
2/10/2007 21:00,MYX:FCPO1!,2530,2558,2530,2545,4514,2924
3/10/2007 21:00,MYX:FCPO1!,2540,2600,2540,2599,3774,2934
4/10/2007 21:00,MYX:FCPO1!,2610,2631,2570,2570,7779,2942
8/10/2007 21:00,MYX:FCPO1!,2529,2592,2524,2592,6840,2904
9/10/2007 21:00,MYX:FCPO1!,2612,2653,2595,2645,7497,2930
10/10/2007 21:00,MYX:FCPO1!,2656,2700,2642,2680,5980,2970
11/10/2007 21:00,MYX:FCPO1!,2677,2742,2677,2731,6031,2992
15/10/2007 21:00,MYX:FCPO1!,2728,2791,2725,2765,8085,3044
16/10/2007 21:00,MYX:FCPO1!,2750,2780,2692,2714,8517,2985
17/10/2007 21:00,MYX:FCPO1!,2724,2735,2680,2735,8101,2933
18/10/2007 21:00,MYX:FCPO1!,2773,2795,2756,2765,7021,2990
22/10/2007 21:00,MYX:FCPO1!,2745,2753,2701,2704,7995,2930
23/10/2007 21:00,MYX:FCPO1!,2704,2727,2691,2713,5431,2889
24/10/2007 21:00,MYX:FCPO1!,2729,2740,2694,2707,6545,2910
25/10/2007 21:00,MYX:FCPO1!,2740,2800,2738,2800,12106,2850
29/10/2007 21:00,MYX:FCPO1!,2885,2885,2841,2862,6665,2870
30/10/2007 21:00,MYX:FCPO1!,2840,2880,2814,2880,7966,2880
31/10/2007 21:00,MYX:FCPO1!,2959,2959,2907,2930,7187,2877
1/11/2007 21:00,MYX:FCPO1!,2910,2920,2881,2917,6408,2920
5/11/2007 21:00,MYX:FCPO1!,2928,2960,2916,2960,4503,2926
6/11/2007 21:00,MYX:FCPO1!,3000,3009,2984,3000,8576,2950
8/11/2007 21:00,MYX:FCPO1!,3004,3013,2970,2990,3953,2962
12/11/2007 21:00,MYX:FCPO1!,2912,2957,2900,2924,9889,2992
13/11/2007 21:00,MYX:FCPO1!,2905,2941,2902,2934,4605,3030
14/11/2007 21:00,MYX:FCPO1!,2962,2982,2936,2942,4892,3080
15/11/2007 21:00,MYX:FCPO1!,2927,2938,2890,2904,7415,3097
19/11/2007 21:00,MYX:FCPO1!,2927,2939,2909,2930,6926,3125
20/11/2007 21:00,MYX:FCPO1!,2975,2987,2956,2970,4723,3050
21/11/2007 21:00,MYX:FCPO1!,2975,3001,2966,2992,4518,3082
22/11/2007 21:00,MYX:FCPO1!,2990,3044,2985,3044,6115,3135
26/11/2007 21:00,MYX:FCPO1!,3025,3033,2982,2985,5735,3120
27/11/2007 21:00,MYX:FCPO1!,2965,2978,2929,2933,7359,3161
28/11/2007 21:00,MYX:FCPO1!,2930,3001,2927,2990,6960,3201
29/11/2007 21:00,MYX:FCPO1!,2949,2955,2923,2930,7582,3280
3/12/2007 21:00,MYX:FCPO1!,2926,2949,2887,2889,5436,3350
4/12/2007 21:00,MYX:FCPO1!,2900,2914,2859,2910,7517,3263
5/12/2007 21:00,MYX:FCPO1!,2859,2871,2838,2850,6829,3360
6/12/2007 21:00,MYX:FCPO1!,2886,2898,2869,2870,6100,3316
10/12/2007 21:00,MYX:FCPO1!,2864,2898,2864,2880,4272,3115
11/12/2007 21:00,MYX:FCPO1!,2868,2885,2859,2877,2954,3115
12/12/2007 21:00,MYX:FCPO1!,2915,2934,2907,2920,6099,3211
13/12/2007 21:00,MYX:FCPO1!,2920,2933,2916,2926,2102,3255
17/12/2007 21:00,MYX:FCPO1!,2954,2965,2933,2950,3098,3200
18/12/2007 21:00,MYX:FCPO1!,2950,2982,2946,2962,4042,3224
20/12/2007 21:00,MYX:FCPO1!,2965,3001,2965,2992,2300,3232
24/12/2007 10:00,MYX:FCPO1!,3000,3030,3000,3030,2772,3349
25/12/2007 21:00,MYX:FCPO1!,3043,3087,3040,3080,5107,3385
26/12/2007 21:00,MYX:FCPO1!,3132,3150,3079,3097,7410,3375
27/12/2007 21:00,MYX:FCPO1!,3115,3141,3110,3125,3990,3360
31/12/2007 10:00,MYX:FCPO1!,3083,3118,3047,3050,6449,3451
1/1/2008 21:00,MYX:FCPO1!,3090,3097,3070,3082,5378,3484
2/1/2008 21:00,MYX:FCPO1!,3159,3159,3121,3135,7495,3625
3/1/2008 21:00,MYX:FCPO1!,3142,3145,3114,3120,7690,3624
7/1/2008 21:00,MYX:FCPO1!,3167,3178,3145,3161,5007,3702
8/1/2008 21:00,MYX:FCPO1!,3182,3204,3173,3201,6198,3698
10/1/2008 21:00,MYX:FCPO1!,3196,3280,3188,3280,9015,3792
14/1/2008 21:00,MYX:FCPO1!,3406,3406,3317,3350,12071,3864
15/1/2008 21:00,MYX:FCPO1!,3322,3342,3262,3263,10633,3850
16/1/2008 21:00,MYX:FCPO1!,3265,3376,3265,3360,13059,4005
17/1/2008 21:00,MYX:FCPO1!,3310,3336,3280,3316,10933,4099
21/1/2008 21:00,MYX:FCPO1!,3180,3180,3068,3115,15042,4095
22/1/2008 21:00,MYX:FCPO1!,3115,3115,3115,3115,0,4003
23/1/2008 21:00,MYX:FCPO1!,3090,3230,3045,3211,20767,3710
24/1/2008 21:00,MYX:FCPO1!,3268,3285,3054,3255,10500,3838
28/1/2008 21:00,MYX:FCPO1!,3195,3230,3176,3200,6577,3765
29/1/2008 21:00,MYX:FCPO1!,3236,3254,3218,3224,5939,3798
30/1/2008 21:00,MYX:FCPO1!,3209,3253,3198,3232,4675,3686
4/2/2008 21:00,MYX:FCPO1!,3411,3458,3349,3349,8839,3450
5/2/2008 21:00,MYX:FCPO1!,3380,3411,3350,3385,3083,3330
11/2/2008 21:00,MYX:FCPO1!,3405,3446,3375,3375,6041,3330
12/2/2008 21:00,MYX:FCPO1!,3391,3403,3338,3360,5227,3500
13/2/2008 21:00,MYX:FCPO1!,3422,3459,3408,3451,7283,3700
14/2/2008 21:00,MYX:FCPO1!,3544,3544,3474,3484,8625,3640
18/2/2008 21:00,MYX:FCPO1!,3588,3646,3555,3625,11463,3550
19/2/2008 21:00,MYX:FCPO1!,3615,3657,3612,3624,11133,3179
20/2/2008 21:00,MYX:FCPO1!,3685,3708,3668,3702,7467,3170
21/2/2008 21:00,MYX:FCPO1!,3677,3720,3660,3698,4920,3290
25/2/2008 21:00,MYX:FCPO1!,3900,3903,3760,3792,6601,3297
26/2/2008 21:00,MYX:FCPO1!,3846,3886,3813,3864,6898,3375
27/2/2008 21:00,MYX:FCPO1!,3879,3882,3837,3850,5816,3325
28/2/2008 21:00,MYX:FCPO1!,3960,4013,3947,4005,7057,3455
3/3/2008 21:00,MYX:FCPO1!,4445,4486,4071,4099,17842,3454
4/3/2008 21:00,MYX:FCPO1!,3994,4100,3928,4095,13027,3690
5/3/2008 21:00,MYX:FCPO1!,4130,4130,3958,4003,14931,3674
6/3/2008 21:00,MYX:FCPO1!,3730,3880,3691,3710,16291,3632
10/3/2008 21:00,MYX:FCPO1!,3785,3870,3760,3838,7743,3553
11/3/2008 21:00,MYX:FCPO1!,3832,3875,3695,3765,8259,3440
12/3/2008 21:00,MYX:FCPO1!,3764,3875,3723,3798,8657,3550
13/3/2008 21:00,MYX:FCPO1!,3798,3837,3670,3686,12136,3460
17/3/2008 21:00,MYX:FCPO1!,3390,3450,3171,3450,13106,3419
18/3/2008 21:00,MYX:FCPO1!,3428,3470,3229,3330,11761,3349
20/3/2008 21:00,MYX:FCPO1!,3225,3409,3197,3330,8532,3395
24/3/2008 21:00,MYX:FCPO1!,3388,3501,3380,3500,12285,3341
25/3/2008 21:00,MYX:FCPO1!,3560,3700,3550,3700,13861,3387
26/3/2008 21:00,MYX:FCPO1!,3640,3670,3555,3640,7062,3355
27/3/2008 21:00,MYX:FCPO1!,3634,3634,3507,3550,3968,3457
31/3/2008 21:00,MYX:FCPO1!,3200,3230,3033,3179,17910,3495
1/4/2008 21:00,MYX:FCPO1!,3240,3299,3156,3170,7537,3532
2/4/2008 21:00,MYX:FCPO1!,3260,3311,3230,3290,10293,3558
3/4/2008 21:00,MYX:FCPO1!,3305,3305,3262,3297,2698,3521
7/4/2008 21:00,MYX:FCPO1!,3340,3397,3340,3375,6026,3570
8/4/2008 21:00,MYX:FCPO1!,3395,3400,3290,3325,5428,3554
9/4/2008 21:00,MYX:FCPO1!,3405,3455,3380,3455,7903,3557
10/4/2008 21:00,MYX:FCPO1!,3480,3500,3425,3454,7069,3606
14/4/2008 21:00,MYX:FCPO1!,3640,3698,3630,3690,7181,3654
15/4/2008 21:00,MYX:FCPO1!,3700,3700,3630,3674,7127,3730
16/4/2008 21:00,MYX:FCPO1!,3650,3700,3624,3632,8387,3587
17/4/2008 21:00,MYX:FCPO1!,3638,3659,3552,3553,8004,3565
21/4/2008 21:00,MYX:FCPO1!,3409,3507,3385,3440,7920,3498
22/4/2008 21:00,MYX:FCPO1!,3490,3560,3486,3550,9866,3530
23/4/2008 21:00,MYX:FCPO1!,3525,3545,3454,3460,8971,3440
24/4/2008 21:00,MYX:FCPO1!,3440,3445,3388,3419,4979,3528
28/4/2008 21:00,MYX:FCPO1!,3439,3444,3349,3349,6923,3600
29/4/2008 21:00,MYX:FCPO1!,3345,3412,3338,3395,5338,3530
1/5/2008 21:00,MYX:FCPO1!,3325,3341,3306,3341,2272,3606
5/5/2008 21:00,MYX:FCPO1!,3428,3432,3370,3387,3568,3623
6/5/2008 21:00,MYX:FCPO1!,3390,3408,3352,3355,4115,3690
7/5/2008 21:00,MYX:FCPO1!,3401,3467,3388,3457,8381,3645
8/5/2008 21:00,MYX:FCPO1!,3465,3497,3444,3495,2812,3640
12/5/2008 21:00,MYX:FCPO1!,3570,3570,3529,3532,2750,3600
13/5/2008 21:00,MYX:FCPO1!,3565,3612,3543,3558,4976,3550
14/5/2008 21:00,MYX:FCPO1!,3518,3542,3498,3521,4309,3503
15/5/2008 21:00,MYX:FCPO1!,3500,3570,3500,3570,3392,3538
19/5/2008 21:00,MYX:FCPO1!,3513,3559,3513,3554,1977,3535
20/5/2008 21:00,MYX:FCPO1!,3548,3580,3525,3557,3873,3623
21/5/2008 21:00,MYX:FCPO1!,3645,3645,3599,3606,5321,3575
22/5/2008 21:00,MYX:FCPO1!,3575,3658,3570,3654,6208,3616
26/5/2008 21:00,MYX:FCPO1!,3707,3737,3706,3730,5271,3635
27/5/2008 21:00,MYX:FCPO1!,3680,3695,3572,3587,8034,3630
28/5/2008 21:00,MYX:FCPO1!,3610,3625,3537,3565,6204,3454
29/5/2008 21:00,MYX:FCPO1!,3440,3510,3440,3498,4866,3515
2/6/2008 21:00,MYX:FCPO1!,3514,3537,3509,3530,3778,3511
3/6/2008 21:00,MYX:FCPO1!,3488,3507,3433,3440,5793,3575
4/6/2008 21:00,MYX:FCPO1!,3460,3541,3435,3528,4911,3550
5/6/2008 21:00,MYX:FCPO1!,3628,3628,3580,3600,4396,3466
9/6/2008 21:00,MYX:FCPO1!,3647,3679,3530,3530,4846,3435
10/6/2008 21:00,MYX:FCPO1!,3540,3611,3510,3606,6352,3392
11/6/2008 21:00,MYX:FCPO1!,3682,3691,3620,3623,7780,3252
12/6/2008 21:00,MYX:FCPO1!,3660,3712,3653,3690,6854,3027
16/6/2008 21:00,MYX:FCPO1!,3675,3694,3639,3645,10041,3113
17/6/2008 21:00,MYX:FCPO1!,3665,3680,3639,3640,4966,3070
18/6/2008 21:00,MYX:FCPO1!,3645,3650,3579,3600,8333,2969
19/6/2008 21:00,MYX:FCPO1!,3545,3557,3525,3550,6493,2992
23/6/2008 21:00,MYX:FCPO1!,3550,3570,3503,3503,5163,3050
24/6/2008 21:00,MYX:FCPO1!,3502,3554,3490,3538,6109,2950
25/6/2008 21:00,MYX:FCPO1!,3555,3570,3516,3535,3187,2750
26/6/2008 21:00,MYX:FCPO1!,3580,3623,3553,3623,7576,2790
30/6/2008 21:00,MYX:FCPO1!,3624,3624,3560,3575,4584,2845
1/7/2008 21:00,MYX:FCPO1!,3595,3626,3581,3616,4200,2779
2/7/2008 21:00,MYX:FCPO1!,3620,3647,3592,3635,5604,2561
3/7/2008 21:00,MYX:FCPO1!,3620,3647,3614,3630,3626,2548
7/7/2008 21:00,MYX:FCPO1!,3477,3534,3454,3454,7241,2620
8/7/2008 21:00,MYX:FCPO1!,3470,3521,3439,3515,6081,2453
9/7/2008 21:00,MYX:FCPO1!,3511,3516,3464,3511,4625,2436
10/7/2008 21:00,MYX:FCPO1!,3519,3582,3510,3575,6023,2591
14/7/2008 21:00,MYX:FCPO1!,3500,3560,3500,3550,4777,2653
15/7/2008 21:00,MYX:FCPO1!,3501,3521,3466,3466,6754,2715
16/7/2008 21:00,MYX:FCPO1!,3495,3499,3418,3435,7733,2409
17/7/2008 21:00,MYX:FCPO1!,3397,3405,3358,3392,6442,2502
21/7/2008 21:00,MYX:FCPO1!,3230,3294,3225,3252,7175,2470
22/7/2008 21:00,MYX:FCPO1!,3210,3211,3027,3027,13023,2620
23/7/2008 21:00,MYX:FCPO1!,3041,3127,3041,3113,7766,2484
24/7/2008 21:00,MYX:FCPO1!,3113,3116,3065,3070,4070,2451
28/7/2008 21:00,MYX:FCPO1!,2995,3017,2861,2969,12963,2510
29/7/2008 21:00,MYX:FCPO1!,2920,2994,2909,2992,6113,2470
30/7/2008 21:00,MYX:FCPO1!,3015,3054,3000,3050,7645,2354
31/7/2008 21:00,MYX:FCPO1!,2990,2994,2935,2950,6047,2329
4/8/2008 21:00,MYX:FCPO1!,2750,2787,2700,2750,7509,2309
5/8/2008 21:00,MYX:FCPO1!,2800,2803,2710,2790,7027,2380
6/8/2008 21:00,MYX:FCPO1!,2750,2851,2735,2845,8934,2120
7/8/2008 21:00,MYX:FCPO1!,2806,2864,2767,2779,7382,2040
11/8/2008 21:00,MYX:FCPO1!,2663,2675,2561,2561,7935,2185
12/8/2008 21:00,MYX:FCPO1!,2600,2646,2513,2548,9995,2259
13/8/2008 21:00,MYX:FCPO1!,2655,2656,2569,2620,9581,2305
14/8/2008 21:00,MYX:FCPO1!,2545,2557,2392,2453,8798,2318
18/8/2008 21:00,MYX:FCPO1!,2524,2565,2351,2436,9843,2280
19/8/2008 21:00,MYX:FCPO1!,2495,2594,2467,2591,8396,2313
20/8/2008 21:00,MYX:FCPO1!,2630,2672,2606,2653,7749,2090
21/8/2008 21:00,MYX:FCPO1!,2725,2753,2688,2715,11704,2000
25/8/2008 21:00,MYX:FCPO1!,2558,2602,2406,2409,8824,1850
26/8/2008 21:00,MYX:FCPO1!,2470,2523,2410,2502,8934,1775
27/8/2008 21:00,MYX:FCPO1!,2462,2558,2452,2470,9278,1890
28/8/2008 21:00,MYX:FCPO1!,2490,2620,2481,2620,8084,1773
1/9/2008 21:00,MYX:FCPO1!,2500,2536,2434,2484,9599,1850
2/9/2008 21:00,MYX:FCPO1!,2509,2550,2433,2451,10602,1743
3/9/2008 21:00,MYX:FCPO1!,2450,2515,2440,2510,6567,1651
4/9/2008 21:00,MYX:FCPO1!,2430,2472,2414,2470,9973,1635
8/9/2008 21:00,MYX:FCPO1!,2421,2427,2346,2354,11148,1652
9/9/2008 21:00,MYX:FCPO1!,2360,2397,2319,2329,7992,1565
10/9/2008 21:00,MYX:FCPO1!,2349,2359,2275,2309,4875,1550
11/9/2008 21:00,MYX:FCPO1!,2328,2392,2296,2380,9337,1390
15/9/2008 21:00,MYX:FCPO1!,2171,2180,2077,2120,9428,1435
16/9/2008 21:00,MYX:FCPO1!,2121,2151,2039,2040,10951,1560
17/9/2008 21:00,MYX:FCPO1!,2090,2185,2020,2185,10031,1515
18/9/2008 21:00,MYX:FCPO1!,2171,2263,2138,2259,8042,1578
22/9/2008 21:00,MYX:FCPO1!,2379,2404,2277,2305,12018,1640
23/9/2008 21:00,MYX:FCPO1!,2330,2357,2251,2318,6845,1599
24/9/2008 21:00,MYX:FCPO1!,2275,2351,2259,2280,12765,1609
25/9/2008 21:00,MYX:FCPO1!,2272,2324,2255,2313,6835,1586
29/9/2008 21:00,MYX:FCPO1!,2029,2119,1988,2090,11638,1539
2/10/2008 21:00,MYX:FCPO1!,2020,2020,1934,2000,8739,1480
6/10/2008 21:00,MYX:FCPO1!,1820,1892,1801,1850,10598,1455
7/10/2008 21:00,MYX:FCPO1!,1880,1897,1755,1775,8973,1436
8/10/2008 21:00,MYX:FCPO1!,1850,1890,1810,1890,10711,1480
9/10/2008 21:00,MYX:FCPO1!,1730,1785,1725,1773,7394,1468
13/10/2008 21:00,MYX:FCPO1!,1870,1902,1825,1850,8873,1460
14/10/2008 21:00,MYX:FCPO1!,1779,1798,1734,1743,6918,1520
15/10/2008 21:00,MYX:FCPO1!,1655,1667,1593,1651,10829,1598
16/10/2008 21:00,MYX:FCPO1!,1694,1705,1620,1635,7411,1660
20/10/2008 21:00,MYX:FCPO1!,1695,1714,1639,1652,6390,1632
21/10/2008 21:00,MYX:FCPO1!,1625,1635,1542,1565,9126,1603
22/10/2008 21:00,MYX:FCPO1!,1489,1586,1475,1550,9501,1536
23/10/2008 21:00,MYX:FCPO1!,1520,1556,1358,1390,7962,1462
28/10/2008 21:00,MYX:FCPO1!,1428,1441,1391,1435,6498,1499
29/10/2008 21:00,MYX:FCPO1!,1520,1578,1491,1560,10710,1595
30/10/2008 21:00,MYX:FCPO1!,1500,1539,1491,1515,7887,1644
3/11/2008 21:00,MYX:FCPO1!,1589,1610,1546,1578,6495,1581
4/11/2008 21:00,MYX:FCPO1!,1649,1723,1626,1640,11165,1545
5/11/2008 21:00,MYX:FCPO1!,1575,1607,1548,1599,5707,1580
6/11/2008 21:00,MYX:FCPO1!,1580,1640,1560,1609,5460,1545
10/11/2008 21:00,MYX:FCPO1!,1587,1610,1571,1586,4514,1536
11/11/2008 21:00,MYX:FCPO1!,1542,1563,1505,1539,5024,1530
12/11/2008 21:00,MYX:FCPO1!,1483,1496,1435,1480,6597,1559
13/11/2008 21:00,MYX:FCPO1!,1520,1520,1447,1455,5247,1590
17/11/2008 21:00,MYX:FCPO1!,1437,1446,1400,1436,6238,1671
18/11/2008 21:00,MYX:FCPO1!,1440,1493,1438,1480,8735,1695
19/11/2008 21:00,MYX:FCPO1!,1441,1468,1428,1468,6566,1740
20/11/2008 21:00,MYX:FCPO1!,1401,1471,1386,1460,7721,1980
24/11/2008 21:00,MYX:FCPO1!,1530,1550,1511,1520,5342,1985
25/11/2008 21:00,MYX:FCPO1!,1525,1604,1496,1598,7896,1865
26/11/2008 21:00,MYX:FCPO1!,1581,1666,1573,1660,5860,1920
27/11/2008 21:00,MYX:FCPO1!,1650,1692,1625,1632,6365,1830
1/12/2008 21:00,MYX:FCPO1!,1593,1614,1560,1603,5598,1884
2/12/2008 21:00,MYX:FCPO1!,1588,1590,1527,1536,6243,1806
3/12/2008 21:00,MYX:FCPO1!,1533,1555,1457,1462,5457,1833
4/12/2008 21:00,MYX:FCPO1!,1408,1499,1396,1499,7829,1827
9/12/2008 21:00,MYX:FCPO1!,1591,1605,1560,1595,5460,1809
10/12/2008 21:00,MYX:FCPO1!,1597,1658,1580,1644,5325,1870
11/12/2008 21:00,MYX:FCPO1!,1650,1650,1567,1581,4517,1830
15/12/2008 21:00,MYX:FCPO1!,1550,1570,1529,1545,6327,1782
16/12/2008 21:00,MYX:FCPO1!,1561,1586,1548,1580,4063,1745
17/12/2008 21:00,MYX:FCPO1!,1559,1575,1539,1545,4903,1779
18/12/2008 21:00,MYX:FCPO1!,1525,1548,1509,1536,4628,1788
22/12/2008 21:00,MYX:FCPO1!,1568,1569,1530,1530,4198,1845
23/12/2008 21:00,MYX:FCPO1!,1539,1564,1537,1559,2074,1879
25/12/2008 21:00,MYX:FCPO1!,1562,1596,1562,1590,4251,1880
29/12/2008 21:00,MYX:FCPO1!,1625,1671,1625,1671,6609,1969
30/12/2008 21:00,MYX:FCPO1!,1642,1695,1639,1695,5601,1925
1/1/2009 21:00,MYX:FCPO1!,1711,1748,1706,1740,5382,1928
5/1/2009 21:00,MYX:FCPO1!,1880,1981,1840,1980,11170,1995
6/1/2009 21:00,MYX:FCPO1!,2024,2058,1868,1985,17145,1895
7/1/2009 21:00,MYX:FCPO1!,1905,1920,1864,1865,10563,1875
8/1/2009 21:00,MYX:FCPO1!,1910,1948,1903,1920,8059,1860
12/1/2009 21:00,MYX:FCPO1!,1903,1913,1797,1830,12278,1835
13/1/2009 21:00,MYX:FCPO1!,1865,1894,1856,1884,4439,1871
14/1/2009 21:00,MYX:FCPO1!,1823,1844,1804,1806,5098,1894
15/1/2009 21:00,MYX:FCPO1!,1835,1840,1790,1833,7133,1890
19/1/2009 21:00,MYX:FCPO1!,1818,1850,1799,1827,7760,1895
20/1/2009 21:00,MYX:FCPO1!,1810,1828,1792,1809,7747,1855
21/1/2009 21:00,MYX:FCPO1!,1834,1881,1822,1870,8028,1902
22/1/2009 21:00,MYX:FCPO1!,1840,1879,1825,1830,5861,1906
27/1/2009 21:00,MYX:FCPO1!,1800,1815,1770,1782,4896,1940
28/1/2009 21:00,MYX:FCPO1!,1786,1786,1739,1745,4472,1995
29/1/2009 21:00,MYX:FCPO1!,1745,1787,1720,1779,10077,1980
2/2/2009 21:00,MYX:FCPO1!,1762,1790,1741,1788,4744,1920
3/2/2009 21:00,MYX:FCPO1!,1802,1852,1798,1845,6696,1972
4/2/2009 21:00,MYX:FCPO1!,1837,1880,1812,1879,6904,1922
5/2/2009 21:00,MYX:FCPO1!,1908,1908,1854,1880,7728,1905
9/2/2009 21:00,MYX:FCPO1!,1920,1969,1907,1969,9823,1911
10/2/2009 21:00,MYX:FCPO1!,1940,1967,1916,1925,11714,1985
11/2/2009 21:00,MYX:FCPO1!,1915,1945,1907,1928,5867,1980
12/2/2009 21:00,MYX:FCPO1!,1937,2000,1931,1995,8516,1972
16/2/2009 21:00,MYX:FCPO1!,1909,1935,1892,1895,10235,2035
17/2/2009 21:00,MYX:FCPO1!,1845,1887,1842,1875,8105,1990
18/2/2009 21:00,MYX:FCPO1!,1855,1894,1830,1860,13026,2000
19/2/2009 21:00,MYX:FCPO1!,1880,1889,1832,1835,6788,2070
23/2/2009 21:00,MYX:FCPO1!,1859,1878,1828,1871,8782,2159
24/2/2009 21:00,MYX:FCPO1!,1890,1912,1881,1894,7076,2165
25/2/2009 21:00,MYX:FCPO1!,1930,1930,1882,1890,5513,2180
26/2/2009 21:00,MYX:FCPO1!,1865,1919,1862,1895,7230,2165
2/3/2009 21:00,MYX:FCPO1!,1855,1866,1840,1855,10529,2299
3/3/2009 21:00,MYX:FCPO1!,1864,1910,1856,1902,9654,2485
4/3/2009 21:00,MYX:FCPO1!,1904,1923,1890,1906,6220,2459
5/3/2009 21:00,MYX:FCPO1!,1902,1955,1895,1940,6954,2358
9/3/2009 21:00,MYX:FCPO1!,1980,2010,1976,1995,7104,2435
10/3/2009 21:00,MYX:FCPO1!,1990,2026,1976,1980,7427,2435
11/3/2009 21:00,MYX:FCPO1!,1955,1973,1909,1920,8392,2475
12/3/2009 21:00,MYX:FCPO1!,1943,1983,1931,1972,9797,2580
16/3/2009 21:00,MYX:FCPO1!,1930,1940,1918,1922,6512,2585
17/3/2009 21:00,MYX:FCPO1!,1932,1948,1905,1905,5753,2456
18/3/2009 21:00,MYX:FCPO1!,1925,1945,1893,1911,12018,2480
19/3/2009 21:00,MYX:FCPO1!,1927,1985,1914,1985,14599,2595
23/3/2009 21:00,MYX:FCPO1!,2002,2028,1978,1980,6517,2625
24/3/2009 21:00,MYX:FCPO1!,1975,1985,1955,1972,5763,2680
25/3/2009 21:00,MYX:FCPO1!,1996,2035,1980,2035,9115,2680
26/3/2009 21:00,MYX:FCPO1!,2030,2035,1990,1990,8264,2685
30/3/2009 21:00,MYX:FCPO1!,1990,2002,1977,2000,5251,2725
31/3/2009 21:00,MYX:FCPO1!,2030,2070,2010,2070,14116,2789
1/4/2009 21:00,MYX:FCPO1!,2074,2175,2057,2159,13846,2684
2/4/2009 21:00,MYX:FCPO1!,2125,2185,2125,2165,11613,2665
6/4/2009 21:00,MYX:FCPO1!,2130,2201,2121,2180,8946,2630
7/4/2009 21:00,MYX:FCPO1!,2173,2183,2153,2165,7502,2602
9/4/2009 21:00,MYX:FCPO1!,2270,2302,2240,2299,7419,2499
13/4/2009 21:00,MYX:FCPO1!,2354,2495,2315,2485,11491,2521
14/4/2009 21:00,MYX:FCPO1!,2467,2540,2440,2459,12436,2430
15/4/2009 21:00,MYX:FCPO1!,2425,2443,2347,2358,10403,2505
16/4/2009 21:00,MYX:FCPO1!,2355,2446,2322,2435,11054,2505
20/4/2009 21:00,MYX:FCPO1!,2390,2442,2377,2435,11284,2560
21/4/2009 21:00,MYX:FCPO1!,2469,2481,2423,2475,11396,2598
22/4/2009 21:00,MYX:FCPO1!,2467,2586,2455,2580,19855,2575
23/4/2009 21:00,MYX:FCPO1!,2555,2648,2535,2585,13981,2569
27/4/2009 21:00,MYX:FCPO1!,2490,2530,2422,2456,11523,2520
28/4/2009 21:00,MYX:FCPO1!,2479,2490,2413,2480,13014,2465
29/4/2009 21:00,MYX:FCPO1!,2511,2618,2501,2595,15587,2501
4/5/2009 21:00,MYX:FCPO1!,2667,2731,2603,2625,15238,2485
5/5/2009 21:00,MYX:FCPO1!,2625,2698,2620,2680,17413,2465
6/5/2009 21:00,MYX:FCPO1!,2715,2730,2650,2680,12422,2400
7/5/2009 21:00,MYX:FCPO1!,2666,2715,2656,2685,10350,2375
11/5/2009 21:00,MYX:FCPO1!,2680,2736,2678,2725,8374,2299
12/5/2009 21:00,MYX:FCPO1!,2755,2799,2738,2789,11708,2285
13/5/2009 21:00,MYX:FCPO1!,2740,2759,2684,2684,10126,2286
14/5/2009 21:00,MYX:FCPO1!,2720,2753,2655,2665,8551,2250
18/5/2009 21:00,MYX:FCPO1!,2607,2665,2605,2630,11204,2336
19/5/2009 21:00,MYX:FCPO1!,2644,2656,2588,2602,17682,2319
20/5/2009 21:00,MYX:FCPO1!,2609,2626,2480,2499,14260,2230
21/5/2009 21:00,MYX:FCPO1!,2540,2559,2494,2521,11942,2259
25/5/2009 21:00,MYX:FCPO1!,2449,2469,2350,2430,13971,2175
26/5/2009 21:00,MYX:FCPO1!,2425,2507,2422,2505,13218,2175
27/5/2009 21:00,MYX:FCPO1!,2506,2525,2440,2505,9456,2069
28/5/2009 21:00,MYX:FCPO1!,2513,2585,2492,2560,10326,2002
1/6/2009 21:00,MYX:FCPO1!,2638,2651,2586,2598,6699,2047
2/6/2009 21:00,MYX:FCPO1!,2601,2606,2565,2575,6908,2010
3/6/2009 21:00,MYX:FCPO1!,2553,2578,2525,2569,7837,2036
4/6/2009 21:00,MYX:FCPO1!,2602,2611,2520,2520,10734,2103
8/6/2009 21:00,MYX:FCPO1!,2480,2504,2441,2465,10314,2020
9/6/2009 21:00,MYX:FCPO1!,2485,2501,2451,2501,10855,2123
10/6/2009 21:00,MYX:FCPO1!,2471,2519,2467,2485,9484,2143
11/6/2009 21:00,MYX:FCPO1!,2501,2501,2445,2465,9289,2083
15/6/2009 21:00,MYX:FCPO1!,2384,2425,2358,2400,10034,2100
16/6/2009 21:00,MYX:FCPO1!,2400,2414,2363,2375,7789,2122
17/6/2009 21:00,MYX:FCPO1!,2366,2386,2284,2299,12584,2140
18/6/2009 21:00,MYX:FCPO1!,2310,2318,2274,2285,7569,2113
22/6/2009 21:00,MYX:FCPO1!,2150,2299,2149,2286,16754,2145
23/6/2009 21:00,MYX:FCPO1!,2275,2275,2231,2250,8111,2189
24/6/2009 21:00,MYX:FCPO1!,2268,2340,2267,2336,7435,2304
25/6/2009 21:00,MYX:FCPO1!,2340,2349,2296,2319,7698,2335
29/6/2009 21:00,MYX:FCPO1!,2288,2294,2209,2230,9971,2325
30/6/2009 21:00,MYX:FCPO1!,2250,2275,2220,2259,8243,2340
1/7/2009 21:00,MYX:FCPO1!,2259,2259,2169,2175,10822,2465
2/7/2009 21:00,MYX:FCPO1!,2140,2181,2085,2175,10915,2460
6/7/2009 21:00,MYX:FCPO1!,2126,2133,2059,2069,10797,2515
7/7/2009 21:00,MYX:FCPO1!,2010,2014,1983,2002,9790,2441
8/7/2009 21:00,MYX:FCPO1!,2010,2047,2000,2047,7930,2375
9/7/2009 21:00,MYX:FCPO1!,2040,2058,2002,2010,7908,2299
13/7/2009 21:00,MYX:FCPO1!,2023,2078,2023,2036,6771,2301
14/7/2009 21:00,MYX:FCPO1!,2054,2124,2049,2103,8508,2345
15/7/2009 21:00,MYX:FCPO1!,2085,2100,2020,2020,9215,2355
16/7/2009 21:00,MYX:FCPO1!,2035,2123,2028,2123,7437,2357
20/7/2009 21:00,MYX:FCPO1!,2140,2162,2128,2143,8715,2346
21/7/2009 21:00,MYX:FCPO1!,2126,2135,2078,2083,10878,2370
22/7/2009 21:00,MYX:FCPO1!,2103,2123,2091,2100,8488,2303
23/7/2009 21:00,MYX:FCPO1!,2104,2134,2063,2122,7858,2245
27/7/2009 21:00,MYX:FCPO1!,2125,2146,2106,2140,10682,2218
28/7/2009 21:00,MYX:FCPO1!,2128,2158,2109,2113,9961,2197
29/7/2009 21:00,MYX:FCPO1!,2111,2155,2098,2145,7581,2210
30/7/2009 21:00,MYX:FCPO1!,2206,2248,2175,2189,12690,2179
3/8/2009 21:00,MYX:FCPO1!,2339,2345,2288,2304,11204,2184
4/8/2009 21:00,MYX:FCPO1!,2331,2357,2304,2335,10840,2145
5/8/2009 21:00,MYX:FCPO1!,2300,2345,2275,2325,11408,2100
6/8/2009 21:00,MYX:FCPO1!,2306,2345,2306,2340,7124,2181
10/8/2009 21:00,MYX:FCPO1!,2392,2471,2376,2465,13754,2182
11/8/2009 21:00,MYX:FCPO1!,2490,2490,2410,2460,10309,2190
12/8/2009 21:00,MYX:FCPO1!,2467,2521,2446,2515,11399,2146
13/8/2009 21:00,MYX:FCPO1!,2482,2510,2424,2441,12274,2115
17/8/2009 21:00,MYX:FCPO1!,2360,2390,2355,2375,8652,2186
18/8/2009 21:00,MYX:FCPO1!,2390,2397,2284,2299,20092,2105
19/8/2009 21:00,MYX:FCPO1!,2330,2353,2301,2301,14644,2103
20/8/2009 21:00,MYX:FCPO1!,2320,2346,2234,2345,13092,2115
24/8/2009 21:00,MYX:FCPO1!,2367,2373,2323,2355,9931,2037
25/8/2009 21:00,MYX:FCPO1!,2364,2385,2337,2357,9427,2062
26/8/2009 21:00,MYX:FCPO1!,2360,2369,2335,2346,7488,2077
27/8/2009 21:00,MYX:FCPO1!,2357,2375,2352,2370,7238,2030
31/8/2009 21:00,MYX:FCPO1!,2312,2335,2299,2303,10203,2085
1/9/2009 21:00,MYX:FCPO1!,2279,2280,2220,2245,11213,2157
2/9/2009 21:00,MYX:FCPO1!,2226,2258,2218,2218,7323,2160
3/9/2009 21:00,MYX:FCPO1!,2218,2236,2197,2197,7349,2110
7/9/2009 21:00,MYX:FCPO1!,2141,2210,2135,2210,8801,2178
8/9/2009 21:00,MYX:FCPO1!,2201,2217,2170,2179,10963,2180
9/9/2009 21:00,MYX:FCPO1!,2180,2240,2135,2184,12256,2168
10/9/2009 21:00,MYX:FCPO1!,2194,2205,2140,2145,8408,2210
14/9/2009 21:00,MYX:FCPO1!,2098,2118,2085,2100,9253,2238
15/9/2009 21:00,MYX:FCPO1!,2122,2181,2122,2181,13761,2170
16/9/2009 21:00,MYX:FCPO1!,2180,2193,2165,2182,6661,2152
17/9/2009 21:00,MYX:FCPO1!,2175,2210,2175,2190,7580,2189
22/9/2009 21:00,MYX:FCPO1!,2180,2188,2142,2146,7123,2208
23/9/2009 21:00,MYX:FCPO1!,2125,2136,2089,2115,12537,2190
24/9/2009 21:00,MYX:FCPO1!,2109,2187,2106,2186,7083,2260
28/9/2009 21:00,MYX:FCPO1!,2109,2127,2093,2105,10516,2247
29/9/2009 21:00,MYX:FCPO1!,2115,2121,2096,2103,8305,2246
30/9/2009 21:00,MYX:FCPO1!,2125,2130,2112,2115,3870,2242
1/10/2009 21:00,MYX:FCPO1!,2110,2114,2028,2037,5744,2235
5/10/2009 21:00,MYX:FCPO1!,2046,2068,2013,2062,14086,2245
6/10/2009 21:00,MYX:FCPO1!,2080,2100,2068,2077,8157,2269
7/10/2009 21:00,MYX:FCPO1!,2080,2087,2023,2030,10108,2342
8/10/2009 21:00,MYX:FCPO1!,2056,2085,2046,2085,9010,2400
12/10/2009 21:00,MYX:FCPO1!,2172,2178,2130,2157,14922,2371
13/10/2009 21:00,MYX:FCPO1!,2175,2196,2160,2160,9340,2419
14/10/2009 21:00,MYX:FCPO1!,2175,2180,2108,2110,7272,2478
15/10/2009 21:00,MYX:FCPO1!,2160,2178,2138,2178,12068,2482
19/10/2009 21:00,MYX:FCPO1!,2215,2216,2161,2180,9511,2482
20/10/2009 21:00,MYX:FCPO1!,2165,2175,2154,2168,9415,2495
21/10/2009 21:00,MYX:FCPO1!,2203,2224,2187,2210,11485,2489
22/10/2009 21:00,MYX:FCPO1!,2234,2250,2227,2238,10282,2478
26/10/2009 21:00,MYX:FCPO1!,2193,2200,2152,2170,10570,2562
27/10/2009 21:00,MYX:FCPO1!,2172,2186,2140,2152,11634,2561
28/10/2009 21:00,MYX:FCPO1!,2133,2195,2130,2189,10250,2526
29/10/2009 21:00,MYX:FCPO1!,2207,2208,2165,2208,7464,2521
2/11/2009 21:00,MYX:FCPO1!,2221,2221,2183,2190,7037,2530
3/11/2009 21:00,MYX:FCPO1!,2210,2273,2207,2260,10758,2525
4/11/2009 21:00,MYX:FCPO1!,2245,2254,2232,2247,6629,2586
5/11/2009 21:00,MYX:FCPO1!,2260,2275,2230,2246,5838,2620
9/11/2009 21:00,MYX:FCPO1!,2270,2285,2235,2242,7372,2515
10/11/2009 21:00,MYX:FCPO1!,2251,2260,2225,2235,3349,2500
11/11/2009 21:00,MYX:FCPO1!,2251,2277,2240,2245,7795,2554
12/11/2009 21:00,MYX:FCPO1!,2245,2273,2237,2269,6466,2590
16/11/2009 21:00,MYX:FCPO1!,2370,2370,2326,2342,8400,2595
17/11/2009 21:00,MYX:FCPO1!,2361,2415,2345,2400,12307,2663
18/11/2009 21:00,MYX:FCPO1!,2391,2401,2360,2371,11840,2682
19/11/2009 21:00,MYX:FCPO1!,2371,2419,2361,2419,8744,2702
23/11/2009 21:00,MYX:FCPO1!,2475,2480,2430,2478,10069,2630
24/11/2009 21:00,MYX:FCPO1!,2492,2518,2469,2482,12995,2626
25/11/2009 21:00,MYX:FCPO1!,2512,2521,2460,2482,12620,2556
30/11/2009 21:00,MYX:FCPO1!,2474,2498,2445,2495,7597,2510
1/12/2009 21:00,MYX:FCPO1!,2483,2510,2480,2489,6971,2530
2/12/2009 21:00,MYX:FCPO1!,2472,2491,2463,2478,4212,2490
3/12/2009 21:00,MYX:FCPO1!,2473,2596,2473,2562,10412,2483
7/12/2009 21:00,MYX:FCPO1!,2559,2590,2535,2561,8365,2440
8/12/2009 21:00,MYX:FCPO1!,2526,2542,2502,2526,11455,2495
9/12/2009 21:00,MYX:FCPO1!,2490,2535,2489,2521,10406,2456
10/12/2009 21:00,MYX:FCPO1!,2526,2535,2505,2530,8210,2410
14/12/2009 21:00,MYX:FCPO1!,2509,2539,2502,2525,4493,2429
15/12/2009 21:00,MYX:FCPO1!,2547,2596,2546,2586,9100,2440
16/12/2009 21:00,MYX:FCPO1!,2600,2628,2598,2620,7146,2445
21/12/2009 21:00,MYX:FCPO1!,2547,2550,2514,2515,5916,2452
22/12/2009 21:00,MYX:FCPO1!,2506,2521,2482,2500,6089,2498
23/12/2009 21:00,MYX:FCPO1!,2512,2573,2511,2554,4306,2510
28/12/2009 21:00,MYX:FCPO1!,2630,2632,2586,2590,4909,2521
29/12/2009 21:00,MYX:FCPO1!,2590,2609,2582,2595,4265,2561
30/12/2009 21:00,MYX:FCPO1!,2601,2666,2600,2663,7416,2563
4/1/2010 21:00,MYX:FCPO1!,2685,2703,2673,2682,7651,2580
5/1/2010 21:00,MYX:FCPO1!,2678,2726,2675,2702,8912,2579
6/1/2010 21:00,MYX:FCPO1!,2651,2667,2628,2630,9429,2628
7/1/2010 21:00,MYX:FCPO1!,2625,2634,2590,2626,11347,2600
11/1/2010 21:00,MYX:FCPO1!,2552,2570,2541,2556,9501,2596
12/1/2010 21:00,MYX:FCPO1!,2520,2525,2481,2510,12392,2635
13/1/2010 21:00,MYX:FCPO1!,2525,2544,2499,2530,13429,2590
14/1/2010 21:00,MYX:FCPO1!,2522,2525,2466,2490,12428,2595
18/1/2010 21:00,MYX:FCPO1!,2503,2503,2465,2483,3317,2612
19/1/2010 21:00,MYX:FCPO1!,2455,2462,2432,2440,4891,2635
20/1/2010 21:00,MYX:FCPO1!,2400,2495,2400,2495,3252,2674
21/1/2010 21:00,MYX:FCPO1!,2463,2481,2447,2456,2127,2670
25/1/2010 21:00,MYX:FCPO1!,2430,2455,2407,2410,3499,2650
26/1/2010 21:00,MYX:FCPO1!,2419,2432,2395,2429,1792,2685
27/1/2010 21:00,MYX:FCPO1!,2417,2471,2408,2440,1654,2660
28/1/2010 21:00,MYX:FCPO1!,2442,2469,2420,2445,2023,2649
1/2/2010 21:00,MYX:FCPO1!,2460,2462,2427,2452,7769,2569
2/2/2010 21:00,MYX:FCPO1!,2478,2505,2475,2498,13357,2595
3/2/2010 21:00,MYX:FCPO1!,2478,2519,2470,2510,10318,2535
4/2/2010 21:00,MYX:FCPO1!,2486,2523,2486,2521,8990,2577
8/2/2010 21:00,MYX:FCPO1!,2566,2570,2545,2561,8654,2591
9/2/2010 21:00,MYX:FCPO1!,2559,2566,2553,2563,6306,2560
10/2/2010 21:00,MYX:FCPO1!,2584,2594,2575,2580,6505,2575
11/2/2010 21:00,MYX:FCPO1!,2546,2580,2546,2579,4477,2534
16/2/2010 21:00,MYX:FCPO1!,2611,2628,2606,2628,6409,2545
17/2/2010 21:00,MYX:FCPO1!,2615,2617,2600,2600,4721,2556
18/2/2010 21:00,MYX:FCPO1!,2595,2609,2577,2596,6480,2543
22/2/2010 21:00,MYX:FCPO1!,2642,2662,2622,2635,9708,2559
23/2/2010 21:00,MYX:FCPO1!,2624,2636,2590,2590,7177,2520
24/2/2010 21:00,MYX:FCPO1!,2605,2615,2580,2595,9577,2539
1/3/2010 21:00,MYX:FCPO1!,2635,2635,2597,2612,7155,2500
2/3/2010 21:00,MYX:FCPO1!,2625,2639,2618,2635,4799,2594
3/3/2010 21:00,MYX:FCPO1!,2634,2686,2622,2674,9634,2531
4/3/2010 21:00,MYX:FCPO1!,2665,2700,2665,2670,9147,2528
8/3/2010 21:00,MYX:FCPO1!,2705,2715,2650,2650,6714,2520
9/3/2010 21:00,MYX:FCPO1!,2670,2719,2654,2685,7410,2518
10/3/2010 21:00,MYX:FCPO1!,2699,2704,2652,2660,10826,2498
11/3/2010 21:00,MYX:FCPO1!,2643,2650,2620,2649,10149,2471
15/3/2010 21:00,MYX:FCPO1!,2576,2586,2546,2569,11390,2490
16/3/2010 21:00,MYX:FCPO1!,2576,2600,2576,2595,8890,2540
17/3/2010 21:00,MYX:FCPO1!,2583,2587,2528,2535,11885,2550
18/3/2010 21:00,MYX:FCPO1!,2542,2580,2536,2577,8911,2547
22/3/2010 21:00,MYX:FCPO1!,2589,2597,2571,2591,6978,2531
23/3/2010 21:00,MYX:FCPO1!,2585,2595,2549,2560,9675,2558
24/3/2010 21:00,MYX:FCPO1!,2556,2579,2551,2575,7328,2515
25/3/2010 21:00,MYX:FCPO1!,2551,2565,2534,2534,9524,2530
29/3/2010 21:00,MYX:FCPO1!,2521,2548,2501,2545,12139,2523
30/3/2010 21:00,MYX:FCPO1!,2533,2561,2529,2556,9959,2519
31/3/2010 21:00,MYX:FCPO1!,2540,2549,2532,2543,12361,2505
1/4/2010 21:00,MYX:FCPO1!,2560,2569,2550,2559,4092,2507
5/4/2010 21:00,MYX:FCPO1!,2528,2536,2498,2520,11697,2472
6/4/2010 21:00,MYX:FCPO1!,2540,2545,2530,2539,7458,2456
7/4/2010 21:00,MYX:FCPO1!,2546,2555,2500,2500,11188,2445
8/4/2010 21:00,MYX:FCPO1!,2500,2594,2500,2594,9405,2435
12/4/2010 21:00,MYX:FCPO1!,2520,2540,2511,2531,7032,2476
13/4/2010 21:00,MYX:FCPO1!,2543,2546,2518,2528,6849,2491
14/4/2010 21:00,MYX:FCPO1!,2519,2529,2514,2520,5569,2436
15/4/2010 21:00,MYX:FCPO1!,2504,2525,2504,2518,4764,2452
19/4/2010 21:00,MYX:FCPO1!,2478,2500,2464,2498,9949,2457
20/4/2010 21:00,MYX:FCPO1!,2493,2500,2471,2471,8058,2460
21/4/2010 21:00,MYX:FCPO1!,2470,2497,2467,2490,6999,2468
22/4/2010 21:00,MYX:FCPO1!,2506,2540,2503,2540,8392,2456
26/4/2010 21:00,MYX:FCPO1!,2542,2581,2535,2550,10144,2474
27/4/2010 21:00,MYX:FCPO1!,2541,2553,2529,2547,7244,2432
28/4/2010 21:00,MYX:FCPO1!,2540,2545,2520,2531,9160,2418
29/4/2010 21:00,MYX:FCPO1!,2540,2558,2537,2558,5627,2410
3/5/2010 21:00,MYX:FCPO1!,2544,2548,2515,2515,6330,2386
4/5/2010 21:00,MYX:FCPO1!,2500,2544,2487,2530,12945,2391
5/5/2010 21:00,MYX:FCPO1!,2527,2542,2509,2523,14033,2380
6/5/2010 21:00,MYX:FCPO1!,2490,2526,2484,2519,9974,2398
10/5/2010 21:00,MYX:FCPO1!,2516,2523,2496,2505,7539,2400
11/5/2010 21:00,MYX:FCPO1!,2512,2516,2500,2507,4519,2377
12/5/2010 21:00,MYX:FCPO1!,2493,2496,2466,2472,7422,2384
13/5/2010 21:00,MYX:FCPO1!,2460,2477,2455,2456,7671,2390
17/5/2010 21:00,MYX:FCPO1!,2417,2450,2417,2445,4649,2384
18/5/2010 21:00,MYX:FCPO1!,2425,2438,2410,2435,7452,2366
19/5/2010 21:00,MYX:FCPO1!,2450,2479,2435,2476,11741,2373
20/5/2010 21:00,MYX:FCPO1!,2465,2501,2450,2491,6619,2346
24/5/2010 21:00,MYX:FCPO1!,2485,2491,2436,2436,9383,2335
25/5/2010 21:00,MYX:FCPO1!,2445,2480,2443,2452,8053,2301
26/5/2010 21:00,MYX:FCPO1!,2472,2477,2447,2457,7056,2270
31/5/2010 21:00,MYX:FCPO1!,2432,2460,2430,2460,6451,2289
1/6/2010 21:00,MYX:FCPO1!,2466,2480,2458,2468,8738,2300
2/6/2010 21:00,MYX:FCPO1!,2473,2482,2453,2456,5832,2353
3/6/2010 21:00,MYX:FCPO1!,2459,2481,2455,2474,6491,2381
7/6/2010 21:00,MYX:FCPO1!,2454,2456,2431,2432,8651,2439
8/6/2010 21:00,MYX:FCPO1!,2437,2438,2402,2418,14247,2449
9/6/2010 21:00,MYX:FCPO1!,2419,2426,2396,2410,6285,2424
10/6/2010 21:00,MYX:FCPO1!,2407,2419,2379,2386,11313,2457
14/6/2010 21:00,MYX:FCPO1!,2414,2415,2378,2391,8212,2519
15/6/2010 21:00,MYX:FCPO1!,2386,2390,2367,2380,8245,2498
16/6/2010 21:00,MYX:FCPO1!,2378,2408,2369,2398,7037,2485
17/6/2010 21:00,MYX:FCPO1!,2400,2420,2395,2400,6616,2495
21/6/2010 21:00,MYX:FCPO1!,2397,2403,2375,2377,6745,2514
22/6/2010 21:00,MYX:FCPO1!,2383,2393,2371,2384,7200,2517
23/6/2010 21:00,MYX:FCPO1!,2381,2393,2379,2390,6559,2562
24/6/2010 21:00,MYX:FCPO1!,2389,2389,2380,2384,3914,2590
28/6/2010 21:00,MYX:FCPO1!,2388,2390,2362,2366,9444,2619
29/6/2010 21:00,MYX:FCPO1!,2354,2375,2338,2373,8134,2661
30/6/2010 21:00,MYX:FCPO1!,2365,2370,2342,2346,6981,2670
1/7/2010 21:00,MYX:FCPO1!,2342,2346,2328,2335,5350,2677
5/7/2010 21:00,MYX:FCPO1!,2293,2306,2277,2301,9535,2673
6/7/2010 21:00,MYX:FCPO1!,2297,2303,2270,2270,8203,2718
7/7/2010 21:00,MYX:FCPO1!,2300,2310,2286,2289,8789,2646
8/7/2010 21:00,MYX:FCPO1!,2295,2320,2293,2300,10406,2610
12/7/2010 21:00,MYX:FCPO1!,2335,2354,2325,2353,7124,2595
13/7/2010 21:00,MYX:FCPO1!,2363,2384,2357,2381,6340,2544
14/7/2010 21:00,MYX:FCPO1!,2381,2445,2378,2439,15889,2510
15/7/2010 21:00,MYX:FCPO1!,2422,2461,2417,2449,14269,2486
19/7/2010 21:00,MYX:FCPO1!,2454,2457,2424,2424,11235,2530
20/7/2010 21:00,MYX:FCPO1!,2447,2467,2434,2457,10402,2542
21/7/2010 21:00,MYX:FCPO1!,2459,2525,2450,2519,16528,2570
22/7/2010 21:00,MYX:FCPO1!,2535,2535,2491,2498,9920,2535
26/7/2010 21:00,MYX:FCPO1!,2460,2485,2434,2485,10381,2542
27/7/2010 21:00,MYX:FCPO1!,2471,2502,2470,2495,6515,2570
28/7/2010 21:00,MYX:FCPO1!,2509,2529,2506,2514,8017,2628
29/7/2010 21:00,MYX:FCPO1!,2539,2539,2495,2517,9231,2674
2/8/2010 21:00,MYX:FCPO1!,2572,2576,2538,2562,10608,2644
3/8/2010 21:00,MYX:FCPO1!,2588,2598,2580,2590,7218,2643
4/8/2010 21:00,MYX:FCPO1!,2571,2623,2571,2619,10897,2615
5/8/2010 21:00,MYX:FCPO1!,2610,2695,2604,2661,10188,2627
9/8/2010 21:00,MYX:FCPO1!,2708,2708,2668,2670,11009,2674
10/8/2010 21:00,MYX:FCPO1!,2680,2687,2652,2677,7932,2673
11/8/2010 21:00,MYX:FCPO1!,2670,2704,2662,2673,10891,2671
12/8/2010 21:00,MYX:FCPO1!,2694,2737,2682,2718,14241,2701
16/8/2010 21:00,MYX:FCPO1!,2653,2679,2637,2646,12459,2737
17/8/2010 21:00,MYX:FCPO1!,2650,2652,2592,2610,16776,2698
18/8/2010 21:00,MYX:FCPO1!,2570,2604,2567,2595,13658,2730
19/8/2010 21:00,MYX:FCPO1!,2557,2566,2533,2544,11548,2733
23/8/2010 21:00,MYX:FCPO1!,2555,2567,2502,2510,17235,2705
24/8/2010 21:00,MYX:FCPO1!,2526,2526,2486,2486,21506,2730
25/8/2010 21:00,MYX:FCPO1!,2492,2530,2489,2530,10622,2786
26/8/2010 21:00,MYX:FCPO1!,2530,2557,2527,2542,8616,2760
30/8/2010 10:00,MYX:FCPO1!,2580,2585,2550,2570,7921,2900
31/8/2010 21:00,MYX:FCPO1!,2555,2555,2506,2535,12223,2930
1/9/2010 21:00,MYX:FCPO1!,2535,2548,2529,2542,10156,2916
2/9/2010 21:00,MYX:FCPO1!,2550,2574,2546,2570,6589,2930
6/9/2010 21:00,MYX:FCPO1!,2614,2636,2608,2628,11291,2919
7/9/2010 21:00,MYX:FCPO1!,2651,2674,2635,2674,8530,2984
8/9/2010 21:00,MYX:FCPO1!,2640,2655,2625,2644,4085,2990
13/9/2010 21:00,MYX:FCPO1!,2682,2690,2633,2643,8280,3005
14/9/2010 21:00,MYX:FCPO1!,2640,2648,2605,2615,8191,3053
16/9/2010 21:00,MYX:FCPO1!,2600,2636,2598,2627,10821,3037
20/9/2010 21:00,MYX:FCPO1!,2708,2709,2664,2674,7152,3085
21/9/2010 21:00,MYX:FCPO1!,2688,2694,2659,2673,8448,3061
22/9/2010 21:00,MYX:FCPO1!,2695,2699,2662,2671,5381,3090
23/9/2010 21:00,MYX:FCPO1!,2679,2710,2678,2701,6772,3087
27/9/2010 21:00,MYX:FCPO1!,2718,2752,2718,2737,8855,3191
28/9/2010 21:00,MYX:FCPO1!,2718,2724,2691,2698,12087,3363
29/9/2010 21:00,MYX:FCPO1!,2708,2743,2708,2730,13775,3393
30/9/2010 21:00,MYX:FCPO1!,2740,2750,2708,2733,9003,3396
4/10/2010 21:00,MYX:FCPO1!,2668,2705,2658,2705,7573,3353
5/10/2010 21:00,MYX:FCPO1!,2705,2735,2703,2730,8884,3265
6/10/2010 21:00,MYX:FCPO1!,2720,2788,2717,2786,12895,3318
7/10/2010 21:00,MYX:FCPO1!,2806,2808,2753,2760,10018,3326
11/10/2010 21:00,MYX:FCPO1!,2904,2925,2878,2900,10595,3115
12/10/2010 21:00,MYX:FCPO1!,2918,2937,2900,2930,9453,3168
13/10/2010 21:00,MYX:FCPO1!,2953,2970,2898,2916,13438,3276
14/10/2010 21:00,MYX:FCPO1!,2934,2948,2915,2930,10118,3274
18/10/2010 21:00,MYX:FCPO1!,2916,2930,2905,2919,11587,3412
19/10/2010 21:00,MYX:FCPO1!,2895,2985,2891,2984,12108,3486
20/10/2010 21:00,MYX:FCPO1!,3010,3021,2984,2990,8911,3500
21/10/2010 21:00,MYX:FCPO1!,2990,3014,2975,3005,9245,3516
25/10/2010 21:00,MYX:FCPO1!,3066,3066,3035,3053,8026,3610
26/10/2010 21:00,MYX:FCPO1!,3039,3040,3010,3037,9659,3594
27/10/2010 21:00,MYX:FCPO1!,3042,3086,3034,3085,11369,3598
28/10/2010 21:00,MYX:FCPO1!,3068,3078,3048,3061,8584,3633
1/11/2010 21:00,MYX:FCPO1!,3086,3106,3077,3090,7481,3680
2/11/2010 21:00,MYX:FCPO1!,3100,3106,3083,3087,9076,3669
3/11/2010 21:00,MYX:FCPO1!,3112,3210,3107,3191,14281,3583
8/11/2010 21:00,MYX:FCPO1!,3288,3372,3288,3363,11270,3503
9/11/2010 21:00,MYX:FCPO1!,3410,3410,3344,3393,14303,3561
10/11/2010 21:00,MYX:FCPO1!,3380,3452,3373,3396,18262,3620
11/11/2010 21:00,MYX:FCPO1!,3333,3355,3269,3353,14216,3658
15/11/2010 21:00,MYX:FCPO1!,3351,3399,3260,3265,16593,3665
17/11/2010 21:00,MYX:FCPO1!,3190,3318,3114,3318,24831,3778
18/11/2010 21:00,MYX:FCPO1!,3325,3364,3271,3326,13523,3733
22/11/2010 21:00,MYX:FCPO1!,3173,3215,3103,3115,19140,3788
23/11/2010 21:00,MYX:FCPO1!,3162,3213,3150,3168,13544,3888
24/11/2010 21:00,MYX:FCPO1!,3230,3284,3223,3276,12046,3808
25/11/2010 21:00,MYX:FCPO1!,3235,3281,3233,3274,8719,3864
29/11/2010 21:00,MYX:FCPO1!,3383,3458,3345,3412,16379,3763
30/11/2010 21:00,MYX:FCPO1!,3442,3500,3428,3486,12333,3703
1/12/2010 21:00,MYX:FCPO1!,3528,3540,3486,3500,14577,3650
2/12/2010 21:00,MYX:FCPO1!,3520,3537,3490,3516,8521,3694
6/12/2010 10:00,MYX:FCPO1!,3545,3618,3541,3610,17052,3680
7/12/2010 21:00,MYX:FCPO1!,3588,3609,3525,3594,14547,3670
8/12/2010 21:00,MYX:FCPO1!,3637,3640,3591,3598,11572,3732
9/12/2010 21:00,MYX:FCPO1!,3572,3637,3569,3633,13099,3748
13/12/2010 21:00,MYX:FCPO1!,3737,3766,3669,3680,10113,3703
14/12/2010 21:00,MYX:FCPO1!,3675,3702,3609,3669,9728,3670
15/12/2010 21:00,MYX:FCPO1!,3590,3620,3569,3583,6600,3685
16/12/2010 21:00,MYX:FCPO1!,3602,3607,3471,3503,9206,3700
20/12/2010 21:00,MYX:FCPO1!,3550,3575,3544,3561,8226,3809
21/12/2010 21:00,MYX:FCPO1!,3598,3635,3579,3620,9135,3890
22/12/2010 21:00,MYX:FCPO1!,3653,3676,3642,3658,9675,3931
23/12/2010 21:00,MYX:FCPO1!,3672,3677,3643,3665,7801,3926
27/12/2010 21:00,MYX:FCPO1!,3781,3792,3761,3778,7729,3955
28/12/2010 21:00,MYX:FCPO1!,3775,3775,3722,3733,7176,3933
29/12/2010 21:00,MYX:FCPO1!,3735,3792,3707,3788,9782,3790
3/1/2011 21:00,MYX:FCPO1!,3824,3905,3806,3888,7253,3721
4/1/2011 21:00,MYX:FCPO1!,3820,3851,3790,3808,13911,3683
5/1/2011 21:00,MYX:FCPO1!,3880,3894,3845,3864,12466,3669
6/1/2011 21:00,MYX:FCPO1!,3847,3847,3759,3763,18466,3514
10/1/2011 21:00,MYX:FCPO1!,3750,3759,3700,3703,12113,3455
11/1/2011 21:00,MYX:FCPO1!,3730,3734,3625,3650,15394,3515
12/1/2011 21:00,MYX:FCPO1!,3724,3724,3655,3694,15738,3546
13/1/2011 21:00,MYX:FCPO1!,3678,3724,3669,3680,11427,3590
17/1/2011 21:00,MYX:FCPO1!,3611,3676,3610,3670,11293,3600
18/1/2011 21:00,MYX:FCPO1!,3698,3735,3693,3732,13739,3660
20/1/2011 21:00,MYX:FCPO1!,3718,3797,3708,3748,12496,3584
24/1/2011 21:00,MYX:FCPO1!,3714,3743,3690,3703,17225,3585
25/1/2011 21:00,MYX:FCPO1!,3630,3697,3622,3670,13381,3459
26/1/2011 21:00,MYX:FCPO1!,3707,3723,3655,3685,12174,3364
27/1/2011 21:00,MYX:FCPO1!,3695,3716,3675,3700,10900,3385
31/1/2011 10:00,MYX:FCPO1!,3732,3809,3730,3809,9227,3347
7/2/2011 21:00,MYX:FCPO1!,3854,3890,3816,3890,14419,3338
8/2/2011 21:00,MYX:FCPO1!,3886,3948,3874,3931,17850,3446
9/2/2011 21:00,MYX:FCPO1!,3967,3967,3889,3926,21660,3308
10/2/2011 21:00,MYX:FCPO1!,3900,3963,3894,3955,11568,3306
14/2/2011 10:00,MYX:FCPO1!,3919,3954,3914,3933,11265,3270
15/2/2011 21:00,MYX:FCPO1!,3850,3868,3782,3790,5959,3261
16/2/2011 21:00,MYX:FCPO1!,3770,3780,3648,3721,20321,3252
17/2/2011 21:00,MYX:FCPO1!,3752,3785,3660,3683,17870,3312
21/2/2011 21:00,MYX:FCPO1!,3679,3704,3639,3669,15569,3326
22/2/2011 21:00,MYX:FCPO1!,3545,3558,3503,3514,19019,3340
23/2/2011 21:00,MYX:FCPO1!,3542,3550,3336,3455,30454,3366
24/2/2011 21:00,MYX:FCPO1!,3448,3541,3448,3515,18449,3376
28/2/2011 21:00,MYX:FCPO1!,3450,3562,3450,3546,14966,3328
1/3/2011 21:00,MYX:FCPO1!,3560,3629,3506,3590,21861,3399
2/3/2011 21:00,MYX:FCPO1!,3626,3648,3564,3600,16012,3373
3/3/2011 21:00,MYX:FCPO1!,3602,3665,3587,3660,11410,3348
7/3/2011 21:00,MYX:FCPO1!,3651,3665,3571,3584,13941,3282
8/3/2011 21:00,MYX:FCPO1!,3585,3619,3557,3585,9827,3236
9/3/2011 21:00,MYX:FCPO1!,3519,3532,3441,3459,17290,3255
10/3/2011 21:00,MYX:FCPO1!,3457,3483,3356,3364,21734,3315
14/3/2011 21:00,MYX:FCPO1!,3250,3420,3250,3385,18601,3312
15/3/2011 21:00,MYX:FCPO1!,3292,3363,3268,3347,25206,3370
16/3/2011 21:00,MYX:FCPO1!,3320,3362,3305,3338,12847,3330
17/3/2011 21:00,MYX:FCPO1!,3389,3450,3376,3446,10488,3277
21/3/2011 21:00,MYX:FCPO1!,3394,3402,3291,3308,16436,3293
22/3/2011 21:00,MYX:FCPO1!,3345,3367,3301,3306,16014,3270
23/3/2011 21:00,MYX:FCPO1!,3287,3287,3163,3270,26417,3271
24/3/2011 21:00,MYX:FCPO1!,3295,3324,3219,3261,20512,3265
28/3/2011 21:00,MYX:FCPO1!,3245,3288,3217,3252,18442,3229
29/3/2011 21:00,MYX:FCPO1!,3273,3323,3268,3312,19561,3195
30/3/2011 21:00,MYX:FCPO1!,3308,3343,3291,3326,16826,3258
31/3/2011 21:00,MYX:FCPO1!,3380,3383,3338,3340,13951,3269
4/4/2011 21:00,MYX:FCPO1!,3395,3399,3335,3366,11072,3226
5/4/2011 21:00,MYX:FCPO1!,3376,3395,3354,3376,14247,3274
6/4/2011 21:00,MYX:FCPO1!,3360,3365,3315,3328,15279,3255
7/4/2011 21:00,MYX:FCPO1!,3325,3400,3317,3399,18809,3297
11/4/2011 21:00,MYX:FCPO1!,3360,3388,3345,3373,21496,3360
12/4/2011 21:00,MYX:FCPO1!,3315,3350,3302,3348,13246,3390
13/4/2011 21:00,MYX:FCPO1!,3333,3360,3282,3282,18949,3380
14/4/2011 21:00,MYX:FCPO1!,3307,3310,3232,3236,14373,3416
18/4/2011 21:00,MYX:FCPO1!,3257,3259,3212,3255,12478,3416
19/4/2011 21:00,MYX:FCPO1!,3278,3336,3265,3315,17607,3438
20/4/2011 21:00,MYX:FCPO1!,3310,3332,3300,3312,10477,3393
21/4/2011 21:00,MYX:FCPO1!,3317,3375,3316,3370,13829,3360
25/4/2011 21:00,MYX:FCPO1!,3320,3342,3291,3330,10224,3403
26/4/2011 21:00,MYX:FCPO1!,3312,3320,3277,3277,10969,3421
27/4/2011 21:00,MYX:FCPO1!,3294,3324,3288,3293,9393,3354
28/4/2011 21:00,MYX:FCPO1!,3243,3275,3237,3270,13365,3316
2/5/2011 21:00,MYX:FCPO1!,3290,3305,3271,3271,7202,3287
3/5/2011 21:00,MYX:FCPO1!,3240,3272,3228,3265,12013,3239
4/5/2011 21:00,MYX:FCPO1!,3256,3291,3229,3229,13441,3253
5/5/2011 21:00,MYX:FCPO1!,3175,3202,3148,3195,19131,3268
9/5/2011 21:00,MYX:FCPO1!,3245,3282,3243,3258,11373,3193
10/5/2011 21:00,MYX:FCPO1!,3265,3283,3257,3269,12155,3198
11/5/2011 21:00,MYX:FCPO1!,3258,3277,3217,3226,13513,3221
12/5/2011 21:00,MYX:FCPO1!,3242,3292,3229,3274,16236,3178
16/5/2011 10:00,MYX:FCPO1!,3243,3275,3228,3255,10628,3136
17/5/2011 21:00,MYX:FCPO1!,3290,3305,3287,3297,13506,3117
18/5/2011 21:00,MYX:FCPO1!,3340,3367,3315,3360,12037,3063
19/5/2011 21:00,MYX:FCPO1!,3365,3407,3344,3390,12297,3109
23/5/2011 21:00,MYX:FCPO1!,3372,3388,3365,3380,8104,3072
24/5/2011 21:00,MYX:FCPO1!,3377,3428,3352,3416,13639,3036
25/5/2011 21:00,MYX:FCPO1!,3423,3447,3405,3416,10112,3040
26/5/2011 21:00,MYX:FCPO1!,3440,3454,3424,3438,13766,3029
30/5/2011 21:00,MYX:FCPO1!,3408,3437,3383,3393,13935,3055
31/5/2011 21:00,MYX:FCPO1!,3382,3407,3358,3360,10047,3077
1/6/2011 21:00,MYX:FCPO1!,3361,3405,3350,3403,11207,3034
2/6/2011 21:00,MYX:FCPO1!,3418,3465,3418,3421,13578,3082
6/6/2011 21:00,MYX:FCPO1!,3380,3385,3343,3354,11972,3144
7/6/2011 21:00,MYX:FCPO1!,3333,3350,3313,3316,11605,3116
8/6/2011 21:00,MYX:FCPO1!,3340,3355,3213,3287,15813,3107
9/6/2011 21:00,MYX:FCPO1!,3268,3290,3231,3239,15153,3153
13/6/2011 21:00,MYX:FCPO1!,3258,3277,3238,3253,12764,3130
14/6/2011 21:00,MYX:FCPO1!,3256,3285,3244,3268,9685,3140
15/6/2011 21:00,MYX:FCPO1!,3250,3265,3193,3193,14822,3119
16/6/2011 21:00,MYX:FCPO1!,3207,3214,3163,3198,18364,3130
20/6/2011 21:00,MYX:FCPO1!,3219,3230,3203,3221,8778,3116
21/6/2011 21:00,MYX:FCPO1!,3222,3237,3178,3178,15700,3096
22/6/2011 21:00,MYX:FCPO1!,3146,3178,3130,3136,13659,3113
23/6/2011 21:00,MYX:FCPO1!,3139,3146,3103,3117,17790,3136
27/6/2011 21:00,MYX:FCPO1!,3071,3084,3045,3063,12211,3101
28/6/2011 21:00,MYX:FCPO1!,3089,3115,3087,3109,9220,3051
29/6/2011 21:00,MYX:FCPO1!,3123,3136,3065,3072,13663,2920
30/6/2011 21:00,MYX:FCPO1!,3040,3065,3031,3036,14526,2937
4/7/2011 21:00,MYX:FCPO1!,3053,3056,3023,3040,13871,2993
5/7/2011 21:00,MYX:FCPO1!,3023,3051,3016,3029,13473,3015
6/7/2011 21:00,MYX:FCPO1!,3036,3064,3031,3055,10052,3002
7/7/2011 21:00,MYX:FCPO1!,3100,3110,3073,3077,13964,3033
11/7/2011 21:00,MYX:FCPO1!,3058,3058,3031,3034,13173,3026
12/7/2011 21:00,MYX:FCPO1!,3064,3095,3055,3082,10683,3003
13/7/2011 21:00,MYX:FCPO1!,3117,3145,3109,3144,14898,3068
14/7/2011 21:00,MYX:FCPO1!,3126,3138,3115,3116,12137,3036
18/7/2011 21:00,MYX:FCPO1!,3090,3118,3064,3107,13176,2994
19/7/2011 21:00,MYX:FCPO1!,3084,3153,3084,3153,19976,2975
20/7/2011 21:00,MYX:FCPO1!,3153,3164,3128,3130,12453,3050
21/7/2011 21:00,MYX:FCPO1!,3129,3150,3125,3140,9399,2985
25/7/2011 21:00,MYX:FCPO1!,3111,3126,3095,3119,8410,3042
26/7/2011 21:00,MYX:FCPO1!,3132,3138,3122,3130,8253,3025
27/7/2011 21:00,MYX:FCPO1!,3115,3127,3085,3116,10142,3050
28/7/2011 21:00,MYX:FCPO1!,3097,3114,3080,3096,11125,3019
1/8/2011 21:00,MYX:FCPO1!,3126,3130,3107,3113,11213,3065
2/8/2011 21:00,MYX:FCPO1!,3131,3144,3126,3136,9607,3078
3/8/2011 21:00,MYX:FCPO1!,3116,3121,3100,3101,10163,3067
4/8/2011 21:00,MYX:FCPO1!,3021,3063,3021,3051,17939,3066
8/8/2011 21:00,MYX:FCPO1!,2935,2994,2917,2920,18854,3009
9/8/2011 21:00,MYX:FCPO1!,2950,2977,2924,2937,12903,2992
10/8/2011 21:00,MYX:FCPO1!,2939,2996,2938,2993,12541,2948
11/8/2011 21:00,MYX:FCPO1!,3020,3025,2999,3015,9934,2910
15/8/2011 21:00,MYX:FCPO1!,3035,3045,2993,3002,13200,2898
16/8/2011 21:00,MYX:FCPO1!,3018,3042,3003,3033,11344,2905
17/8/2011 21:00,MYX:FCPO1!,3035,3043,3010,3026,11513,2810
18/8/2011 21:00,MYX:FCPO1!,3003,3023,2990,3003,9358,2785
22/8/2011 21:00,MYX:FCPO1!,3033,3070,3030,3068,10217,2808
23/8/2011 21:00,MYX:FCPO1!,3051,3060,3033,3036,11056,2772
24/8/2011 21:00,MYX:FCPO1!,3024,3043,2978,2994,11263,2801
25/8/2011 21:00,MYX:FCPO1!,2993,2996,2953,2975,10829,2864
1/9/2011 21:00,MYX:FCPO1!,3069,3069,3034,3050,6215,2844
5/9/2011 21:00,MYX:FCPO1!,2998,3014,2978,2985,11983,2906
6/9/2011 21:00,MYX:FCPO1!,2998,3053,2995,3042,7971,2835
7/9/2011 21:00,MYX:FCPO1!,3033,3076,3015,3025,11373,2892
8/9/2011 21:00,MYX:FCPO1!,3039,3060,3033,3050,7895,2866
12/9/2011 21:00,MYX:FCPO1!,3035,3040,3012,3019,9867,2883
13/9/2011 21:00,MYX:FCPO1!,3019,3066,2989,3065,13520,2951
14/9/2011 21:00,MYX:FCPO1!,3047,3087,3036,3078,12411,2980
19/9/2011 21:00,MYX:FCPO1!,3033,3071,3023,3067,8780,2971
20/9/2011 21:00,MYX:FCPO1!,3046,3070,3043,3066,10688,2923
21/9/2011 21:00,MYX:FCPO1!,3039,3041,3000,3009,13266,2958
22/9/2011 21:00,MYX:FCPO1!,2961,2995,2951,2992,14550,2976
26/9/2011 21:00,MYX:FCPO1!,2930,2950,2900,2948,14191,3013
27/9/2011 21:00,MYX:FCPO1!,2920,2924,2885,2910,18649,3045
28/9/2011 21:00,MYX:FCPO1!,2854,2899,2850,2898,16115,3034
29/9/2011 21:00,MYX:FCPO1!,2922,2927,2890,2905,8204,3119
3/10/2011 21:00,MYX:FCPO1!,2855,2865,2801,2810,16143,3135
4/10/2011 21:00,MYX:FCPO1!,2817,2822,2780,2785,15666,3176
5/10/2011 21:00,MYX:FCPO1!,2799,2810,2754,2808,18342,3241
6/10/2011 21:00,MYX:FCPO1!,2790,2806,2772,2772,12133,3212
10/10/2011 21:00,MYX:FCPO1!,2817,2818,2776,2801,12761,3248
11/10/2011 21:00,MYX:FCPO1!,2854,2879,2843,2864,13447,3175
12/10/2011 21:00,MYX:FCPO1!,2859,2868,2834,2844,8095,3161
13/10/2011 21:00,MYX:FCPO1!,2858,2906,2858,2906,10894,3108
17/10/2011 21:00,MYX:FCPO1!,2840,2859,2817,2835,15699,3069
18/10/2011 21:00,MYX:FCPO1!,2856,2894,2850,2892,15246,3062
19/10/2011 21:00,MYX:FCPO1!,2830,2880,2822,2866,16489,3018
20/10/2011 21:00,MYX:FCPO1!,2895,2903,2867,2883,11887,3058
24/10/2011 21:00,MYX:FCPO1!,2900,2951,2896,2951,14264,3062
26/10/2011 21:00,MYX:FCPO1!,2966,3007,2957,2980,13281,3085
27/10/2011 21:00,MYX:FCPO1!,2998,2999,2958,2971,14173,3119
31/10/2011 21:00,MYX:FCPO1!,2947,2958,2914,2923,10400,3089
1/11/2011 21:00,MYX:FCPO1!,2926,2966,2922,2958,12369,3084
2/11/2011 21:00,MYX:FCPO1!,2938,2978,2934,2976,9386,3002
3/11/2011 21:00,MYX:FCPO1!,2997,3020,2988,3013,8706,3052
7/11/2011 21:00,MYX:FCPO1!,2984,3048,2984,3045,13332,2971
8/11/2011 21:00,MYX:FCPO1!,3060,3068,3027,3034,11907,2984
9/11/2011 21:00,MYX:FCPO1!,3003,3130,3001,3119,14647,3020
10/11/2011 21:00,MYX:FCPO1!,3110,3160,3100,3135,15922,3072
14/11/2011 21:00,MYX:FCPO1!,3195,3209,3163,3176,17076,3097
15/11/2011 21:00,MYX:FCPO1!,3181,3255,3157,3241,19326,3170
16/11/2011 21:00,MYX:FCPO1!,3235,3268,3212,3212,22387,3159
17/11/2011 21:00,MYX:FCPO1!,3190,3270,3177,3248,21790,3185
21/11/2011 21:00,MYX:FCPO1!,3190,3214,3145,3175,19041,3155
22/11/2011 21:00,MYX:FCPO1!,3161,3184,3128,3161,13736,3175
23/11/2011 21:00,MYX:FCPO1!,3124,3133,3092,3108,16556,3225
24/11/2011 21:00,MYX:FCPO1!,3090,3114,3050,3069,11124,3225
28/11/2011 21:00,MYX:FCPO1!,3081,3104,3054,3062,12484,3190
29/11/2011 21:00,MYX:FCPO1!,3076,3088,3011,3018,9934,3211
30/11/2011 21:00,MYX:FCPO1!,3053,3078,3046,3058,8767,3215
1/12/2011 21:00,MYX:FCPO1!,3064,3075,3035,3062,10795,3233
5/12/2011 21:00,MYX:FCPO1!,3103,3112,3085,3085,10580,3202
6/12/2011 21:00,MYX:FCPO1!,3101,3126,3095,3119,10154,3151
7/12/2011 21:00,MYX:FCPO1!,3094,3116,3083,3089,7989,3164
8/12/2011 21:00,MYX:FCPO1!,3090,3097,3063,3084,7959,3180
12/12/2011 21:00,MYX:FCPO1!,3017,3023,2980,3002,9957,3157
13/12/2011 21:00,MYX:FCPO1!,2993,3052,2980,3052,13556,3165
14/12/2011 21:00,MYX:FCPO1!,3014,3028,2971,2971,16016,3169
15/12/2011 21:00,MYX:FCPO1!,2991,3015,2977,2984,11658,3131
19/12/2011 21:00,MYX:FCPO1!,3005,3020,2997,3020,9098,3135
20/12/2011 21:00,MYX:FCPO1!,3031,3072,3026,3072,13242,3078
21/12/2011 21:00,MYX:FCPO1!,3070,3097,3065,3097,11174,3056
22/12/2011 21:00,MYX:FCPO1!,3114,3178,3112,3170,10775,3085
26/12/2011 21:00,MYX:FCPO1!,3161,3176,3139,3159,6276,3155
27/12/2011 21:00,MYX:FCPO1!,3194,3205,3181,3185,11223,3148
28/12/2011 21:00,MYX:FCPO1!,3170,3178,3139,3155,8394,3131
29/12/2011 21:00,MYX:FCPO1!,3157,3179,3154,3175,7766,3205
2/1/2012 21:00,MYX:FCPO1!,3209,3244,3209,3225,12983,3197
3/1/2012 21:00,MYX:FCPO1!,3237,3241,3197,3225,12407,3189
4/1/2012 21:00,MYX:FCPO1!,3219,3232,3190,3190,11731,3242
5/1/2012 21:00,MYX:FCPO1!,3176,3215,3176,3211,10897,3268
9/1/2012 21:00,MYX:FCPO1!,3233,3240,3208,3215,9916,3250
10/1/2012 21:00,MYX:FCPO1!,3202,3233,3194,3233,8303,3272
11/1/2012 21:00,MYX:FCPO1!,3220,3222,3198,3202,9346,3276
12/1/2012 21:00,MYX:FCPO1!,3183,3186,3143,3151,14279,3295
16/1/2012 21:00,MYX:FCPO1!,3140,3173,3134,3164,12975,3270
17/1/2012 21:00,MYX:FCPO1!,3146,3180,3136,3180,11807,3285
18/1/2012 21:00,MYX:FCPO1!,3175,3178,3150,3157,10501,3259
19/1/2012 21:00,MYX:FCPO1!,3176,3183,3147,3165,6559,3244
24/1/2012 21:00,MYX:FCPO1!,3185,3190,3162,3169,4233,3266
25/1/2012 21:00,MYX:FCPO1!,3164,3165,3127,3131,8510,3303
26/1/2012 21:00,MYX:FCPO1!,3139,3146,3123,3135,6430,3352
30/1/2012 21:00,MYX:FCPO1!,3069,3085,3044,3078,10437,3365
1/2/2012 21:00,MYX:FCPO1!,3101,3110,3036,3056,13617,3385
2/2/2012 21:00,MYX:FCPO1!,3066,3085,3050,3085,11368,3403
7/2/2012 21:00,MYX:FCPO1!,3110,3158,3100,3155,14051,3398
8/2/2012 21:00,MYX:FCPO1!,3154,3162,3135,3148,12983,3366
9/2/2012 21:00,MYX:FCPO1!,3126,3142,3118,3131,11384,3368
13/2/2012 21:00,MYX:FCPO1!,3165,3205,3155,3205,9948,3342
14/2/2012 21:00,MYX:FCPO1!,3199,3213,3182,3197,9981,3426
15/2/2012 21:00,MYX:FCPO1!,3180,3202,3169,3189,12111,3481
16/2/2012 21:00,MYX:FCPO1!,3205,3255,3204,3242,15655,3473
20/2/2012 21:00,MYX:FCPO1!,3246,3274,3230,3268,14400,3456
21/2/2012 21:00,MYX:FCPO1!,3274,3294,3249,3250,14317,3433
22/2/2012 21:00,MYX:FCPO1!,3258,3273,3246,3272,11475,3533
23/2/2012 21:00,MYX:FCPO1!,3272,3281,3251,3276,10522,3557
27/2/2012 21:00,MYX:FCPO1!,3295,3321,3290,3295,13821,3558
28/2/2012 21:00,MYX:FCPO1!,3285,3288,3260,3270,12395,3604
29/2/2012 21:00,MYX:FCPO1!,3250,3285,3233,3285,12332,3613
1/3/2012 21:00,MYX:FCPO1!,3274,3283,3256,3259,9463,3559
5/3/2012 21:00,MYX:FCPO1!,3225,3264,3222,3244,7979,3510
6/3/2012 21:00,MYX:FCPO1!,3225,3274,3224,3266,12857,3503
7/3/2012 21:00,MYX:FCPO1!,3261,3310,3255,3303,11374,3479
8/3/2012 21:00,MYX:FCPO1!,3324,3368,3320,3352,14922,3477
12/3/2012 21:00,MYX:FCPO1!,3333,3370,3321,3365,11699,3500
13/3/2012 21:00,MYX:FCPO1!,3384,3395,3358,3385,12358,3463
14/3/2012 21:00,MYX:FCPO1!,3383,3415,3383,3403,10681,3511
15/3/2012 21:00,MYX:FCPO1!,3410,3418,3385,3398,11351,3500
19/3/2012 21:00,MYX:FCPO1!,3352,3378,3346,3366,15623,3505
20/3/2012 21:00,MYX:FCPO1!,3362,3376,3343,3368,13156,3471
21/3/2012 21:00,MYX:FCPO1!,3380,3383,3334,3342,15677,3452
22/3/2012 21:00,MYX:FCPO1!,3361,3436,3359,3426,18915,3377
26/3/2012 21:00,MYX:FCPO1!,3451,3497,3450,3481,11825,3358
27/3/2012 21:00,MYX:FCPO1!,3466,3494,3463,3473,11503,3351
28/3/2012 21:00,MYX:FCPO1!,3460,3477,3445,3456,11141,3335
29/3/2012 21:00,MYX:FCPO1!,3437,3445,3426,3433,10581,3349
2/4/2012 21:00,MYX:FCPO1!,3566,3566,3532,3533,11997,3275
3/4/2012 21:00,MYX:FCPO1!,3542,3574,3538,3557,12126,3225
4/4/2012 21:00,MYX:FCPO1!,3548,3567,3532,3558,12127,3085
5/4/2012 21:00,MYX:FCPO1!,3574,3607,3562,3604,10239,3095
9/4/2012 21:00,MYX:FCPO1!,3575,3628,3562,3613,13269,3096
11/4/2012 21:00,MYX:FCPO1!,3589,3598,3556,3559,13964,3110
12/4/2012 21:00,MYX:FCPO1!,3579,3583,3505,3510,17305,3019
16/4/2012 21:00,MYX:FCPO1!,3479,3503,3468,3503,17163,3069
17/4/2012 21:00,MYX:FCPO1!,3485,3501,3474,3479,16778,3130
18/4/2012 21:00,MYX:FCPO1!,3473,3487,3439,3477,20985,3178
19/4/2012 21:00,MYX:FCPO1!,3458,3509,3444,3500,14961,3111
23/4/2012 21:00,MYX:FCPO1!,3480,3484,3448,3463,11817,3101
24/4/2012 21:00,MYX:FCPO1!,3470,3512,3453,3511,14161,3006
25/4/2012 21:00,MYX:FCPO1!,3485,3514,3474,3500,17887,2966
26/4/2012 21:00,MYX:FCPO1!,3490,3513,3483,3505,13645,3003
30/4/2012 10:00,MYX:FCPO1!,3495,3505,3464,3471,12306,2974
1/5/2012 21:00,MYX:FCPO1!,3470,3470,3441,3452,15965,2973
2/5/2012 21:00,MYX:FCPO1!,3433,3438,3370,3377,18038,2965
3/5/2012 21:00,MYX:FCPO1!,3390,3395,3335,3358,19458,2948
7/5/2012 21:00,MYX:FCPO1!,3371,3388,3351,3351,19633,2846
8/5/2012 21:00,MYX:FCPO1!,3339,3371,3333,3335,13716,2848
9/5/2012 21:00,MYX:FCPO1!,3349,3384,3330,3349,16349,2948
10/5/2012 21:00,MYX:FCPO1!,3315,3330,3265,3275,18831,3041
14/5/2012 21:00,MYX:FCPO1!,3155,3230,3155,3225,19737,3000
15/5/2012 21:00,MYX:FCPO1!,3187,3226,3052,3085,35160,2953
16/5/2012 21:00,MYX:FCPO1!,3121,3146,3095,3095,18537,3032
17/5/2012 21:00,MYX:FCPO1!,3072,3110,3034,3096,23971,3016
21/5/2012 21:00,MYX:FCPO1!,3117,3127,3090,3110,17206,2998
22/5/2012 21:00,MYX:FCPO1!,3069,3076,2993,3019,29997,3020
23/5/2012 21:00,MYX:FCPO1!,3020,3075,3000,3069,24186,3124
24/5/2012 21:00,MYX:FCPO1!,3062,3149,3040,3130,21931,3122
28/5/2012 21:00,MYX:FCPO1!,3138,3193,3135,3178,15689,3164
29/5/2012 21:00,MYX:FCPO1!,3159,3160,3106,3111,17601,3130
30/5/2012 21:00,MYX:FCPO1!,3099,3119,3083,3101,15104,3130
31/5/2012 21:00,MYX:FCPO1!,3071,3076,3002,3006,18957,3082
4/6/2012 21:00,MYX:FCPO1!,2982,3008,2956,2966,19935,3012
5/6/2012 21:00,MYX:FCPO1!,3014,3026,2993,3003,14634,3065
6/6/2012 21:00,MYX:FCPO1!,3038,3039,2944,2974,22967,3062
7/6/2012 21:00,MYX:FCPO1!,2955,2988,2922,2973,19887,2993
11/6/2012 21:00,MYX:FCPO1!,2963,2985,2951,2965,15061,3045
12/6/2012 21:00,MYX:FCPO1!,2954,2974,2943,2948,12074,3042
13/6/2012 21:00,MYX:FCPO1!,2913,2915,2838,2846,20079,2926
14/6/2012 21:00,MYX:FCPO1!,2881,2885,2839,2848,12194,2951
18/6/2012 21:00,MYX:FCPO1!,2925,2959,2913,2948,22346,2882
19/6/2012 21:00,MYX:FCPO1!,2993,3058,2992,3041,30644,2927
20/6/2012 21:00,MYX:FCPO1!,3008,3062,2986,3000,23751,2980
21/6/2012 21:00,MYX:FCPO1!,2964,2970,2932,2953,16963,2945
25/6/2012 21:00,MYX:FCPO1!,3019,3036,3010,3032,11904,2946
26/6/2012 21:00,MYX:FCPO1!,3016,3043,3004,3016,10138,2918
27/6/2012 21:00,MYX:FCPO1!,2996,3026,2978,2998,14219,2907
28/6/2012 21:00,MYX:FCPO1!,3010,3030,2991,3020,16425,2863
2/7/2012 21:00,MYX:FCPO1!,3090,3130,3084,3124,20967,2865
3/7/2012 21:00,MYX:FCPO1!,3139,3147,3110,3122,17296,2882
4/7/2012 21:00,MYX:FCPO1!,3118,3177,3095,3164,23573,2858
5/7/2012 21:00,MYX:FCPO1!,3165,3183,3125,3130,16011,2862
9/7/2012 21:00,MYX:FCPO1!,3150,3156,3103,3130,16194,2942
10/7/2012 21:00,MYX:FCPO1!,3141,3161,3080,3082,18974,2962
11/7/2012 21:00,MYX:FCPO1!,3040,3041,2995,3012,29854,3078
12/7/2012 21:00,MYX:FCPO1!,3017,3067,3015,3065,19692,3061
16/7/2012 21:00,MYX:FCPO1!,3117,3130,3061,3062,15115,3069
17/7/2012 21:00,MYX:FCPO1!,3054,3067,2990,2993,24933,3029
18/7/2012 21:00,MYX:FCPO1!,3018,3056,2986,3045,19407,3000
19/7/2012 21:00,MYX:FCPO1!,3043,3065,3034,3042,15569,3019
23/7/2012 21:00,MYX:FCPO1!,2930,2953,2904,2926,24110,3058
24/7/2012 21:00,MYX:FCPO1!,2907,2955,2898,2951,25376,2990
25/7/2012 21:00,MYX:FCPO1!,2927,2947,2880,2882,16128,2948
26/7/2012 21:00,MYX:FCPO1!,2905,2930,2891,2927,18672,2927
30/7/2012 21:00,MYX:FCPO1!,2996,2997,2948,2980,17976,2919
31/7/2012 21:00,MYX:FCPO1!,2980,3000,2924,2945,16613,2930
1/8/2012 21:00,MYX:FCPO1!,2921,2948,2905,2946,15583,2912
2/8/2012 21:00,MYX:FCPO1!,2935,2950,2913,2918,11349,2936
6/8/2012 21:00,MYX:FCPO1!,2937,2937,2897,2907,14002,2861
7/8/2012 21:00,MYX:FCPO1!,2899,2911,2854,2863,15773,2859
8/8/2012 21:00,MYX:FCPO1!,2887,2894,2860,2865,14220,2820
9/8/2012 21:00,MYX:FCPO1!,2861,2885,2839,2882,15963,2763
13/8/2012 21:00,MYX:FCPO1!,2855,2860,2820,2858,15347,2669
14/8/2012 21:00,MYX:FCPO1!,2848,2863,2826,2862,14568,2616
15/8/2012 21:00,MYX:FCPO1!,2890,2948,2882,2942,15731,2607
16/8/2012 21:00,MYX:FCPO1!,2946,2973,2938,2962,18803,2546
21/8/2012 21:00,MYX:FCPO1!,3011,3078,3010,3078,25159,2255
22/8/2012 21:00,MYX:FCPO1!,3095,3100,3052,3061,20426,2351
23/8/2012 21:00,MYX:FCPO1!,3090,3097,3066,3069,17449,2352
27/8/2012 21:00,MYX:FCPO1!,3073,3078,3024,3029,15782,2415
28/8/2012 21:00,MYX:FCPO1!,3036,3039,2978,3000,24078,2438
29/8/2012 21:00,MYX:FCPO1!,3015,3033,3000,3019,21501,2457
3/9/2012 21:00,MYX:FCPO1!,3100,3100,3032,3058,22806,2523
4/9/2012 21:00,MYX:FCPO1!,3066,3077,2989,2990,16927,2500
5/9/2012 21:00,MYX:FCPO1!,2965,2969,2913,2948,23956,2466
6/9/2012 21:00,MYX:FCPO1!,2938,2947,2895,2927,21333,2471
10/9/2012 21:00,MYX:FCPO1!,2910,2924,2874,2919,23789,2496
11/9/2012 21:00,MYX:FCPO1!,2909,2935,2887,2930,23968,2501
12/9/2012 21:00,MYX:FCPO1!,2945,2948,2894,2912,16201,2540
13/9/2012 21:00,MYX:FCPO1!,2937,2945,2905,2936,14938,2578
17/9/2012 21:00,MYX:FCPO1!,2889,2894,2827,2861,28982,2603
18/9/2012 21:00,MYX:FCPO1!,2870,2889,2850,2859,23634,2501
19/9/2012 21:00,MYX:FCPO1!,2858,2871,2804,2820,25650,2496
20/9/2012 21:00,MYX:FCPO1!,2801,2815,2755,2763,26427,2537
24/9/2012 21:00,MYX:FCPO1!,2632,2676,2607,2669,21399,2496
25/9/2012 21:00,MYX:FCPO1!,2636,2642,2603,2616,16758,2372
26/9/2012 21:00,MYX:FCPO1!,2598,2634,2569,2607,20418,2397
27/9/2012 21:00,MYX:FCPO1!,2632,2634,2534,2546,19221,2336
1/10/2012 21:00,MYX:FCPO1!,2430,2430,2250,2255,28743,2316
2/10/2012 21:00,MYX:FCPO1!,2300,2387,2230,2351,26397,2324
3/10/2012 21:00,MYX:FCPO1!,2348,2404,2321,2352,19851,2434
4/10/2012 21:00,MYX:FCPO1!,2385,2448,2376,2415,24612,2396
8/10/2012 21:00,MYX:FCPO1!,2395,2455,2392,2438,18462,2457
9/10/2012 21:00,MYX:FCPO1!,2425,2483,2417,2457,25435,2443
10/10/2012 21:00,MYX:FCPO1!,2450,2525,2442,2523,22481,2411
11/10/2012 21:00,MYX:FCPO1!,2529,2529,2379,2500,23562,2395
15/10/2012 21:00,MYX:FCPO1!,2518,2521,2443,2466,18735,2410
16/10/2012 21:00,MYX:FCPO1!,2479,2489,2456,2471,20423,2394
17/10/2012 21:00,MYX:FCPO1!,2508,2508,2475,2496,16323,2386
18/10/2012 21:00,MYX:FCPO1!,2510,2524,2492,2501,16347,2370
22/10/2012 21:00,MYX:FCPO1!,2556,2560,2520,2540,19601,2294
23/10/2012 21:00,MYX:FCPO1!,2566,2578,2551,2578,13027,2284
24/10/2012 21:00,MYX:FCPO1!,2578,2615,2543,2603,21721,2295
29/10/2012 21:00,MYX:FCPO1!,2512,2519,2491,2501,21199,2297
30/10/2012 21:00,MYX:FCPO1!,2502,2529,2492,2496,15877,2291
31/10/2012 21:00,MYX:FCPO1!,2510,2541,2508,2537,17740,2241
1/11/2012 21:00,MYX:FCPO1!,2531,2533,2490,2496,14281,2230
5/11/2012 21:00,MYX:FCPO1!,2419,2421,2370,2372,17860,2275
6/11/2012 21:00,MYX:FCPO1!,2371,2420,2364,2397,21266,2342
7/11/2012 21:00,MYX:FCPO1!,2398,2399,2328,2336,17791,2331
8/11/2012 21:00,MYX:FCPO1!,2343,2364,2308,2316,16350,2321
12/11/2012 10:00,MYX:FCPO1!,2228,2330,2220,2324,20822,2408
13/11/2012 21:00,MYX:FCPO1!,2330,2436,2326,2434,17375,2428
15/11/2012 21:00,MYX:FCPO1!,2385,2404,2384,2396,6610,2430
19/11/2012 21:00,MYX:FCPO1!,2472,2485,2434,2457,16000,2481
20/11/2012 21:00,MYX:FCPO1!,2459,2460,2427,2443,14038,2497
21/11/2012 21:00,MYX:FCPO1!,2438,2449,2399,2411,16451,2438
22/11/2012 21:00,MYX:FCPO1!,2390,2411,2380,2395,19260,2501
26/11/2012 21:00,MYX:FCPO1!,2442,2458,2401,2410,15919,2474
27/11/2012 21:00,MYX:FCPO1!,2415,2417,2383,2394,14337,2467
28/11/2012 21:00,MYX:FCPO1!,2383,2406,2367,2386,13587,2390
29/11/2012 21:00,MYX:FCPO1!,2371,2391,2359,2370,10556,2412
3/12/2012 21:00,MYX:FCPO1!,2317,2319,2279,2294,17376,2387
4/12/2012 21:00,MYX:FCPO1!,2298,2312,2275,2284,13458,2368
5/12/2012 21:00,MYX:FCPO1!,2313,2313,2280,2295,19416,2398
6/12/2012 21:00,MYX:FCPO1!,2300,2342,2283,2297,17730,2430
10/12/2012 21:00,MYX:FCPO1!,2315,2324,2283,2291,12647,2379
11/12/2012 21:00,MYX:FCPO1!,2263,2266,2229,2241,14271,2400
12/12/2012 21:00,MYX:FCPO1!,2236,2246,2217,2230,12125,2465
13/12/2012 21:00,MYX:FCPO1!,2232,2285,2232,2275,14355,2481
17/12/2012 21:00,MYX:FCPO1!,2340,2355,2332,2342,10892,2445
18/12/2012 21:00,MYX:FCPO1!,2327,2338,2313,2331,10466,2475
19/12/2012 21:00,MYX:FCPO1!,2305,2325,2296,2321,14670,2510
20/12/2012 21:00,MYX:FCPO1!,2326,2410,2326,2408,16266,2557
24/12/2012 10:00,MYX:FCPO1!,2435,2437,2411,2428,8325,2548
25/12/2012 21:00,MYX:FCPO1!,2429,2440,2420,2430,6924,2547
26/12/2012 21:00,MYX:FCPO1!,2425,2484,2424,2481,16605,2551
27/12/2012 21:00,MYX:FCPO1!,2470,2515,2467,2497,14703,2560
31/12/2012 10:00,MYX:FCPO1!,2512,2517,2433,2438,14263,2505
1/1/2013 21:00,MYX:FCPO1!,2458,2524,2449,2501,18461,2495
2/1/2013 21:00,MYX:FCPO1!,2505,2513,2467,2474,20208,2483
3/1/2013 21:00,MYX:FCPO1!,2478,2495,2462,2467,15222,2566
7/1/2013 21:00,MYX:FCPO1!,2419,2423,2382,2390,18567,2565
8/1/2013 21:00,MYX:FCPO1!,2399,2415,2382,2412,17809,2536
9/1/2013 21:00,MYX:FCPO1!,2421,2433,2356,2387,23888,2534
10/1/2013 21:00,MYX:FCPO1!,2376,2377,2332,2368,20542,2419
14/1/2013 21:00,MYX:FCPO1!,2392,2413,2382,2398,15129,2419
15/1/2013 21:00,MYX:FCPO1!,2428,2444,2423,2430,15882,2397
16/1/2013 21:00,MYX:FCPO1!,2437,2442,2377,2379,22082,2368
17/1/2013 21:00,MYX:FCPO1!,2377,2418,2377,2400,21102,2400
21/1/2013 21:00,MYX:FCPO1!,2435,2474,2430,2465,16312,2399
22/1/2013 21:00,MYX:FCPO1!,2463,2488,2450,2481,20631,2433
24/1/2013 21:00,MYX:FCPO1!,2462,2467,2442,2445,16719,2448
28/1/2013 21:00,MYX:FCPO1!,2448,2484,2446,2475,16750,2411
29/1/2013 21:00,MYX:FCPO1!,2478,2512,2474,2510,14501,2397
30/1/2013 21:00,MYX:FCPO1!,2532,2593,2527,2557,20952,2364
4/2/2013 21:00,MYX:FCPO1!,2542,2556,2534,2548,13645,2414
5/2/2013 21:00,MYX:FCPO1!,2548,2553,2529,2547,11956,2415
6/2/2013 21:00,MYX:FCPO1!,2530,2567,2530,2551,16892,2442
7/2/2013 21:00,MYX:FCPO1!,2558,2562,2532,2560,9452,2456
12/2/2013 21:00,MYX:FCPO1!,2551,2558,2504,2505,10163,2493
13/2/2013 21:00,MYX:FCPO1!,2522,2532,2490,2495,9594,2437
14/2/2013 21:00,MYX:FCPO1!,2505,2521,2476,2483,12547,2448
18/2/2013 21:00,MYX:FCPO1!,2551,2575,2550,2566,16639,2412
19/2/2013 21:00,MYX:FCPO1!,2575,2584,2546,2565,17489,2378
20/2/2013 21:00,MYX:FCPO1!,2516,2543,2513,2536,11033,2382
21/2/2013 21:00,MYX:FCPO1!,2532,2555,2527,2534,12797,2396
25/2/2013 21:00,MYX:FCPO1!,2460,2474,2411,2419,19638,2392
26/2/2013 21:00,MYX:FCPO1!,2408,2443,2395,2419,19397,2359
27/2/2013 21:00,MYX:FCPO1!,2418,2422,2368,2397,20677,2395
28/2/2013 21:00,MYX:FCPO1!,2388,2405,2367,2368,17564,2371
4/3/2013 21:00,MYX:FCPO1!,2426,2428,2389,2400,12118,2353
5/3/2013 21:00,MYX:FCPO1!,2404,2413,2389,2399,10949,2345
6/3/2013 21:00,MYX:FCPO1!,2396,2442,2384,2433,16002,2301
7/3/2013 21:00,MYX:FCPO1!,2439,2451,2426,2448,15134,2275
11/3/2013 21:00,MYX:FCPO1!,2440,2442,2406,2411,18575,2307
12/3/2013 21:00,MYX:FCPO1!,2385,2402,2365,2397,14265,2296
13/3/2013 21:00,MYX:FCPO1!,2397,2406,2360,2364,15067,2273
14/3/2013 21:00,MYX:FCPO1!,2375,2432,2371,2414,19077,2289
18/3/2013 21:00,MYX:FCPO1!,2405,2426,2397,2415,15105,2309
19/3/2013 21:00,MYX:FCPO1!,2417,2448,2414,2442,18873,2316
20/3/2013 21:00,MYX:FCPO1!,2462,2477,2451,2456,17303,2286
21/3/2013 21:00,MYX:FCPO1!,2466,2503,2457,2493,23188,2261
25/3/2013 21:00,MYX:FCPO1!,2450,2452,2426,2437,13481,2252
26/3/2013 21:00,MYX:FCPO1!,2445,2467,2430,2448,17296,2260
27/3/2013 21:00,MYX:FCPO1!,2422,2431,2411,2412,21048,2289
28/3/2013 21:00,MYX:FCPO1!,2393,2402,2376,2378,10205,2287
1/4/2013 21:00,MYX:FCPO1!,2353,2392,2350,2382,19075,2319
2/4/2013 21:00,MYX:FCPO1!,2350,2397,2350,2396,13863,2302
3/4/2013 21:00,MYX:FCPO1!,2380,2394,2360,2392,12582,2297
4/4/2013 21:00,MYX:FCPO1!,2364,2373,2346,2359,14435,2314
8/4/2013 21:00,MYX:FCPO1!,2418,2419,2384,2395,15417,2336
9/4/2013 21:00,MYX:FCPO1!,2402,2416,2370,2371,18381,2335
10/4/2013 21:00,MYX:FCPO1!,2362,2379,2340,2353,15379,2359
11/4/2013 21:00,MYX:FCPO1!,2367,2367,2336,2345,14766,2371
15/4/2013 21:00,MYX:FCPO1!,2288,2313,2285,2301,21367,2388
16/4/2013 21:00,MYX:FCPO1!,2307,2310,2269,2275,21664,2399
17/4/2013 21:00,MYX:FCPO1!,2279,2315,2265,2307,18468,2372
18/4/2013 21:00,MYX:FCPO1!,2306,2321,2283,2296,15096,2397
22/4/2013 21:00,MYX:FCPO1!,2257,2288,2255,2273,18090,2375
23/4/2013 21:00,MYX:FCPO1!,2271,2304,2260,2289,13541,2403
24/4/2013 21:00,MYX:FCPO1!,2310,2326,2302,2309,12695,2435
25/4/2013 21:00,MYX:FCPO1!,2310,2334,2305,2316,13562,2457
29/4/2013 21:00,MYX:FCPO1!,2288,2302,2270,2286,12831,2456
1/5/2013 21:00,MYX:FCPO1!,2261,2275,2258,2261,13639,2451
2/5/2013 21:00,MYX:FCPO1!,2271,2282,2243,2252,15326,2424
6/5/2013 21:00,MYX:FCPO1!,2249,2272,2235,2260,10570,2439
7/5/2013 21:00,MYX:FCPO1!,2271,2294,2266,2289,11557,2468
8/5/2013 21:00,MYX:FCPO1!,2283,2292,2271,2287,10706,2472
9/5/2013 21:00,MYX:FCPO1!,2297,2334,2296,2319,14584,2462
13/5/2013 21:00,MYX:FCPO1!,2327,2327,2291,2302,12397,2439
14/5/2013 21:00,MYX:FCPO1!,2286,2299,2277,2297,20490,2412
15/5/2013 21:00,MYX:FCPO1!,2297,2324,2292,2314,18218,2379
16/5/2013 21:00,MYX:FCPO1!,2330,2342,2327,2336,16739,2355
20/5/2013 21:00,MYX:FCPO1!,2329,2348,2321,2335,18365,2344
21/5/2013 21:00,MYX:FCPO1!,2352,2363,2346,2359,18886,2339
22/5/2013 21:00,MYX:FCPO1!,2360,2375,2342,2371,17858,2365
27/5/2013 21:00,MYX:FCPO1!,2387,2401,2372,2388,11302,2371
28/5/2013 21:00,MYX:FCPO1!,2396,2420,2396,2399,19442,2385
29/5/2013 21:00,MYX:FCPO1!,2380,2396,2371,2372,14034,2397
30/5/2013 21:00,MYX:FCPO1!,2381,2399,2373,2397,13540,2377
3/6/2013 21:00,MYX:FCPO1!,2383,2388,2370,2375,14056,2372
4/6/2013 21:00,MYX:FCPO1!,2373,2406,2364,2403,12061,2301
5/6/2013 21:00,MYX:FCPO1!,2405,2436,2389,2435,15053,2228
6/6/2013 21:00,MYX:FCPO1!,2445,2471,2436,2457,21786,2250
10/6/2013 21:00,MYX:FCPO1!,2457,2464,2439,2456,12560,2291
11/6/2013 21:00,MYX:FCPO1!,2455,2465,2445,2451,9555,2257
12/6/2013 21:00,MYX:FCPO1!,2443,2460,2411,2424,13181,2258
13/6/2013 21:00,MYX:FCPO1!,2413,2444,2402,2439,16654,2222
17/6/2013 21:00,MYX:FCPO1!,2466,2480,2454,2468,13991,2170
18/6/2013 21:00,MYX:FCPO1!,2457,2482,2449,2472,13866,2183
19/6/2013 21:00,MYX:FCPO1!,2485,2491,2460,2462,19032,2215
20/6/2013 21:00,MYX:FCPO1!,2438,2444,2421,2439,17208,2236
24/6/2013 21:00,MYX:FCPO1!,2408,2421,2396,2412,18890,2259
25/6/2013 21:00,MYX:FCPO1!,2400,2400,2377,2379,11224,2258
26/6/2013 21:00,MYX:FCPO1!,2372,2374,2347,2355,15854,2244
27/6/2013 21:00,MYX:FCPO1!,2358,2376,2341,2344,19649,2207
1/7/2013 21:00,MYX:FCPO1!,2355,2362,2324,2339,18865,2297
2/7/2013 21:00,MYX:FCPO1!,2346,2372,2342,2365,16338,2290
3/7/2013 21:00,MYX:FCPO1!,2372,2384,2366,2371,12917,2318
4/7/2013 21:00,MYX:FCPO1!,2364,2387,2345,2385,19658,2309
8/7/2013 21:00,MYX:FCPO1!,2383,2400,2375,2397,17509,2329
9/7/2013 21:00,MYX:FCPO1!,2386,2394,2370,2377,17580,2335
10/7/2013 21:00,MYX:FCPO1!,2382,2388,2363,2372,14073,2356
11/7/2013 21:00,MYX:FCPO1!,2356,2358,2295,2301,23549,2367
15/7/2013 21:00,MYX:FCPO1!,2253,2266,2222,2228,14517,2452
16/7/2013 21:00,MYX:FCPO1!,2236,2274,2236,2250,18787,2481
17/7/2013 21:00,MYX:FCPO1!,2249,2294,2248,2291,24136,2440
18/7/2013 21:00,MYX:FCPO1!,2289,2302,2252,2257,14242,2404
22/7/2013 21:00,MYX:FCPO1!,2270,2283,2251,2258,15082,2417
23/7/2013 21:00,MYX:FCPO1!,2240,2255,2220,2222,17922,2398
24/7/2013 21:00,MYX:FCPO1!,2212,2224,2151,2170,23600,2412
25/7/2013 21:00,MYX:FCPO1!,2163,2189,2137,2183,23528,2444
29/7/2013 21:00,MYX:FCPO1!,2144,2219,2137,2215,30939,2351
30/7/2013 21:00,MYX:FCPO1!,2232,2245,2217,2236,18439,2333
31/7/2013 21:00,MYX:FCPO1!,2236,2262,2222,2259,15943,2344
1/8/2013 21:00,MYX:FCPO1!,2260,2284,2250,2258,16214,2348
5/8/2013 21:00,MYX:FCPO1!,2244,2256,2231,2244,9764,2355
6/8/2013 21:00,MYX:FCPO1!,2231,2232,2201,2207,11052,2355
12/8/2013 21:00,MYX:FCPO1!,2275,2303,2271,2297,16800,2317
13/8/2013 21:00,MYX:FCPO1!,2308,2308,2275,2290,15581,2300
14/8/2013 21:00,MYX:FCPO1!,2304,2320,2298,2318,16358,2301
15/8/2013 21:00,MYX:FCPO1!,2320,2336,2305,2309,13015,2294
19/8/2013 21:00,MYX:FCPO1!,2338,2343,2287,2329,22939,2267
20/8/2013 21:00,MYX:FCPO1!,2318,2340,2311,2335,16095,2310
21/8/2013 21:00,MYX:FCPO1!,2330,2362,2318,2356,20817,2329
22/8/2013 21:00,MYX:FCPO1!,2350,2369,2337,2367,17015,2311
26/8/2013 21:00,MYX:FCPO1!,2448,2468,2434,2452,20978,2302
27/8/2013 21:00,MYX:FCPO1!,2455,2485,2441,2481,23208,2305
28/8/2013 21:00,MYX:FCPO1!,2461,2470,2406,2440,22917,2349
29/8/2013 21:00,MYX:FCPO1!,2414,2433,2396,2404,20494,2369
2/9/2013 21:00,MYX:FCPO1!,2430,2432,2404,2417,16149,2391
3/9/2013 21:00,MYX:FCPO1!,2402,2417,2392,2398,9681,2380
4/9/2013 21:00,MYX:FCPO1!,2397,2418,2385,2412,12870,2362
5/9/2013 21:00,MYX:FCPO1!,2416,2461,2414,2444,15479,2404
9/9/2013 21:00,MYX:FCPO1!,2380,2383,2346,2351,17161,2398
10/9/2013 21:00,MYX:FCPO1!,2353,2367,2330,2333,13098,2401
11/9/2013 21:00,MYX:FCPO1!,2337,2355,2322,2344,12037,2455
12/9/2013 21:00,MYX:FCPO1!,2346,2361,2306,2348,15900,2482
16/9/2013 21:00,MYX:FCPO1!,2320,2356,2294,2355,21871,2464
17/9/2013 21:00,MYX:FCPO1!,2348,2355,2320,2355,14120,2444
18/9/2013 21:00,MYX:FCPO1!,2328,2330,2296,2317,22694,2498
19/9/2013 21:00,MYX:FCPO1!,2316,2318,2296,2300,12957,2547
23/9/2013 21:00,MYX:FCPO1!,2320,2329,2291,2301,13012,2593
24/9/2013 21:00,MYX:FCPO1!,2305,2316,2292,2294,12926,2628
25/9/2013 21:00,MYX:FCPO1!,2286,2291,2265,2267,12922,2580
26/9/2013 21:00,MYX:FCPO1!,2268,2312,2266,2310,18812,2547
30/9/2013 21:00,MYX:FCPO1!,2303,2332,2284,2329,17281,2544
1/10/2013 21:00,MYX:FCPO1!,2310,2334,2303,2311,21720,2508
2/10/2013 21:00,MYX:FCPO1!,2293,2310,2285,2302,12594,2599
3/10/2013 21:00,MYX:FCPO1!,2319,2319,2282,2305,14970,2604
7/10/2013 21:00,MYX:FCPO1!,2338,2353,2332,2349,15639,2589
8/10/2013 21:00,MYX:FCPO1!,2358,2371,2350,2369,12034,2613
9/10/2013 21:00,MYX:FCPO1!,2370,2394,2359,2391,15761,2556
10/10/2013 21:00,MYX:FCPO1!,2395,2395,2373,2380,16926,2580
14/10/2013 10:00,MYX:FCPO1!,2376,2383,2358,2362,16911,2653
15/10/2013 21:00,MYX:FCPO1!,2372,2405,2368,2404,9687,2642
16/10/2013 21:00,MYX:FCPO1!,2422,2432,2369,2398,19900,2622
17/10/2013 21:00,MYX:FCPO1!,2400,2404,2378,2401,16049,2640
21/10/2013 21:00,MYX:FCPO1!,2434,2456,2420,2455,19719,2656
22/10/2013 21:00,MYX:FCPO1!,2444,2485,2436,2482,15530,2654
23/10/2013 21:00,MYX:FCPO1!,2467,2481,2455,2464,23416,2617
24/10/2013 21:00,MYX:FCPO1!,2449,2460,2441,2444,16810,2656
28/10/2013 21:00,MYX:FCPO1!,2457,2503,2454,2498,25668,2641
29/10/2013 21:00,MYX:FCPO1!,2525,2573,2520,2547,25671,2670
30/10/2013 21:00,MYX:FCPO1!,2555,2599,2547,2593,20805,2639
31/10/2013 21:00,MYX:FCPO1!,2593,2632,2576,2628,23340,2631
4/11/2013 10:00,MYX:FCPO1!,2618,2623,2578,2580,19639,2613
5/11/2013 21:00,MYX:FCPO1!,2580,2585,2545,2547,18847,2562
6/11/2013 21:00,MYX:FCPO1!,2549,2562,2525,2544,20877,2576
7/11/2013 21:00,MYX:FCPO1!,2540,2540,2506,2508,15065,2552
11/11/2013 21:00,MYX:FCPO1!,2523,2604,2506,2599,18687,2573
12/11/2013 21:00,MYX:FCPO1!,2615,2627,2565,2604,22675,2584
13/11/2013 21:00,MYX:FCPO1!,2603,2617,2583,2589,15639,2625
14/11/2013 21:00,MYX:FCPO1!,2586,2620,2571,2613,16955,2634
18/11/2013 21:00,MYX:FCPO1!,2581,2586,2552,2556,13433,2632
19/11/2013 21:00,MYX:FCPO1!,2556,2596,2545,2580,16855,2659
20/11/2013 21:00,MYX:FCPO1!,2606,2663,2603,2653,22299,2649
21/11/2013 21:00,MYX:FCPO1!,2679,2692,2631,2642,22495,2640
25/11/2013 21:00,MYX:FCPO1!,2635,2637,2602,2622,19294,2561
26/11/2013 21:00,MYX:FCPO1!,2621,2653,2617,2640,10505,2547
27/11/2013 21:00,MYX:FCPO1!,2630,2666,2626,2656,11824,2539
28/11/2013 21:00,MYX:FCPO1!,2658,2678,2644,2654,16242,2517
2/12/2013 21:00,MYX:FCPO1!,2630,2645,2605,2617,22098,2493
3/12/2013 21:00,MYX:FCPO1!,2621,2662,2619,2656,16717,2524
4/12/2013 21:00,MYX:FCPO1!,2653,2653,2627,2641,13946,2540
5/12/2013 21:00,MYX:FCPO1!,2645,2673,2630,2670,15716,2587
9/12/2013 21:00,MYX:FCPO1!,2645,2664,2627,2639,17816,2575
10/12/2013 21:00,MYX:FCPO1!,2635,2650,2627,2631,12485,2602
11/12/2013 21:00,MYX:FCPO1!,2635,2657,2611,2613,15486,2591
12/12/2013 21:00,MYX:FCPO1!,2590,2606,2558,2562,15895,2529
16/12/2013 21:00,MYX:FCPO1!,2587,2602,2571,2576,17424,2544
17/12/2013 21:00,MYX:FCPO1!,2554,2583,2545,2552,18581,2559
18/12/2013 21:00,MYX:FCPO1!,2559,2584,2558,2573,12032,2529
19/12/2013 21:00,MYX:FCPO1!,2583,2590,2558,2584,16704,2546
23/12/2013 21:00,MYX:FCPO1!,2610,2635,2603,2625,7227,2568
25/12/2013 21:00,MYX:FCPO1!,2616,2642,2605,2634,9136,2578
26/12/2013 21:00,MYX:FCPO1!,2626,2653,2626,2632,10611,2610
30/12/2013 21:00,MYX:FCPO1!,2614,2661,2614,2659,10592,2635
1/1/2014 21:00,MYX:FCPO1!,2665,2669,2646,2649,9900,2656
2/1/2014 21:00,MYX:FCPO1!,2638,2644,2625,2640,11162,2665
6/1/2014 21:00,MYX:FCPO1!,2592,2594,2558,2561,13680,2714
7/1/2014 21:00,MYX:FCPO1!,2557,2564,2530,2547,21202,2708
8/1/2014 21:00,MYX:FCPO1!,2553,2555,2516,2539,22832,2755
9/1/2014 21:00,MYX:FCPO1!,2547,2551,2511,2517,14603,2755
13/1/2014 10:00,MYX:FCPO1!,2515,2531,2486,2493,13914,2734
14/1/2014 21:00,MYX:FCPO1!,2498,2528,2490,2524,18161,2810
15/1/2014 21:00,MYX:FCPO1!,2537,2552,2535,2540,15662,2779
20/1/2014 21:00,MYX:FCPO1!,2580,2589,2556,2587,17380,2800
21/1/2014 21:00,MYX:FCPO1!,2581,2597,2563,2575,14439,2801
22/1/2014 21:00,MYX:FCPO1!,2574,2604,2571,2602,13213,2834
23/1/2014 21:00,MYX:FCPO1!,2598,2601,2582,2591,11284,2867
27/1/2014 21:00,MYX:FCPO1!,2544,2544,2519,2529,15880,2886
28/1/2014 21:00,MYX:FCPO1!,2539,2552,2528,2544,14441,2872
29/1/2014 21:00,MYX:FCPO1!,2533,2567,2532,2559,4748,2821
3/2/2014 21:00,MYX:FCPO1!,2567,2567,2522,2529,10650,2809
4/2/2014 21:00,MYX:FCPO1!,2537,2553,2533,2546,8097,2796
5/2/2014 21:00,MYX:FCPO1!,2557,2575,2552,2568,11985,2737
6/2/2014 21:00,MYX:FCPO1!,2577,2590,2571,2578,9806,2777
10/2/2014 21:00,MYX:FCPO1!,2615,2622,2595,2610,19113,2773
11/2/2014 21:00,MYX:FCPO1!,2617,2636,2609,2635,13831,2729
12/2/2014 21:00,MYX:FCPO1!,2639,2664,2636,2656,15875,2711
13/2/2014 21:00,MYX:FCPO1!,2670,2688,2654,2665,14990,2691
17/2/2014 21:00,MYX:FCPO1!,2693,2717,2687,2714,25197,2654
18/2/2014 21:00,MYX:FCPO1!,2732,2734,2702,2708,22327,2655
19/2/2014 21:00,MYX:FCPO1!,2708,2756,2700,2755,20585,2613
20/2/2014 21:00,MYX:FCPO1!,2746,2758,2720,2755,21723,2648
24/2/2014 21:00,MYX:FCPO1!,2728,2755,2728,2734,19482,2634
25/2/2014 21:00,MYX:FCPO1!,2727,2818,2721,2810,32278,2658
26/2/2014 21:00,MYX:FCPO1!,2805,2807,2770,2779,21466,2576
27/2/2014 21:00,MYX:FCPO1!,2762,2806,2756,2800,23968,2613
3/3/2014 21:00,MYX:FCPO1!,2811,2829,2788,2801,18315,2609
4/3/2014 21:00,MYX:FCPO1!,2838,2868,2825,2834,18902,2615
5/3/2014 21:00,MYX:FCPO1!,2825,2869,2808,2867,19479,2663
6/3/2014 21:00,MYX:FCPO1!,2883,2896,2871,2886,19271,2684
10/3/2014 21:00,MYX:FCPO1!,2888,2916,2861,2872,27299,2647
11/3/2014 21:00,MYX:FCPO1!,2855,2865,2808,2821,34793,2634
12/3/2014 21:00,MYX:FCPO1!,2839,2852,2802,2809,21991,2683
13/3/2014 21:00,MYX:FCPO1!,2792,2801,2769,2796,22544,2651
17/3/2014 21:00,MYX:FCPO1!,2732,2760,2729,2737,23221,2651
18/3/2014 21:00,MYX:FCPO1!,2757,2786,2755,2777,27259,2660
19/3/2014 21:00,MYX:FCPO1!,2755,2780,2735,2773,20223,2636
20/3/2014 21:00,MYX:FCPO1!,2767,2769,2726,2729,20886,2623
24/3/2014 21:00,MYX:FCPO1!,2700,2720,2682,2711,31629,2592
25/3/2014 21:00,MYX:FCPO1!,2730,2732,2688,2691,24343,2568
26/3/2014 21:00,MYX:FCPO1!,2692,2695,2652,2654,23130,2579
27/3/2014 21:00,MYX:FCPO1!,2648,2676,2643,2655,22734,2564
31/3/2014 21:00,MYX:FCPO1!,2641,2652,2610,2613,24593,2577
1/4/2014 21:00,MYX:FCPO1!,2660,2671,2645,2648,27250,2590
2/4/2014 21:00,MYX:FCPO1!,2631,2640,2597,2634,26723,2607
3/4/2014 21:00,MYX:FCPO1!,2644,2665,2632,2658,19996,2627
7/4/2014 21:00,MYX:FCPO1!,2630,2637,2573,2576,23680,2580
8/4/2014 21:00,MYX:FCPO1!,2592,2624,2577,2613,19453,2524
9/4/2014 21:00,MYX:FCPO1!,2606,2617,2580,2609,15774,2505
10/4/2014 21:00,MYX:FCPO1!,2582,2616,2572,2615,17129,2522
14/4/2014 21:00,MYX:FCPO1!,2620,2669,2620,2663,15381,2517
15/4/2014 21:00,MYX:FCPO1!,2665,2691,2655,2684,18744,2505
16/4/2014 21:00,MYX:FCPO1!,2690,2700,2640,2647,20611,2502
17/4/2014 21:00,MYX:FCPO1!,2645,2653,2623,2634,11203,2461
21/4/2014 21:00,MYX:FCPO1!,2653,2688,2648,2683,16434,2423
22/4/2014 21:00,MYX:FCPO1!,2669,2672,2647,2651,17947,2387
23/4/2014 21:00,MYX:FCPO1!,2650,2661,2640,2651,13356,2432
24/4/2014 21:00,MYX:FCPO1!,2666,2680,2657,2660,13117,2417
28/4/2014 21:00,MYX:FCPO1!,2661,2664,2635,2636,17862,2414
29/4/2014 21:00,MYX:FCPO1!,2631,2647,2615,2623,18015,2385
1/5/2014 21:00,MYX:FCPO1!,2567,2594,2558,2592,21273,2379
5/5/2014 21:00,MYX:FCPO1!,2582,2586,2558,2568,18168,2379
6/5/2014 21:00,MYX:FCPO1!,2579,2585,2565,2579,14989,2427
7/5/2014 21:00,MYX:FCPO1!,2571,2584,2552,2564,18751,2433
8/5/2014 21:00,MYX:FCPO1!,2570,2593,2552,2577,17849,2466
12/5/2014 10:00,MYX:FCPO1!,2571,2592,2568,2590,14073,2447
13/5/2014 21:00,MYX:FCPO1!,2595,2614,2592,2607,16393,2442
14/5/2014 21:00,MYX:FCPO1!,2604,2630,2603,2627,14843,2482
15/5/2014 21:00,MYX:FCPO1!,2595,2608,2573,2580,16403,2483
19/5/2014 21:00,MYX:FCPO1!,2546,2547,2514,2524,18543,2470
20/5/2014 21:00,MYX:FCPO1!,2521,2525,2492,2505,19087,2445
21/5/2014 21:00,MYX:FCPO1!,2525,2531,2499,2522,15856,2419
22/5/2014 21:00,MYX:FCPO1!,2528,2537,2509,2517,16766,2427
26/5/2014 21:00,MYX:FCPO1!,2514,2514,2488,2505,16228,2424
27/5/2014 21:00,MYX:FCPO1!,2500,2527,2493,2502,18621,2402
28/5/2014 21:00,MYX:FCPO1!,2495,2499,2459,2461,18898,2384
29/5/2014 21:00,MYX:FCPO1!,2460,2467,2420,2423,19029,2373
2/6/2014 21:00,MYX:FCPO1!,2410,2431,2375,2387,22823,2386
3/6/2014 21:00,MYX:FCPO1!,2403,2434,2395,2432,19626,2346
4/6/2014 21:00,MYX:FCPO1!,2449,2449,2402,2417,15760,2298
5/6/2014 21:00,MYX:FCPO1!,2403,2418,2394,2414,14419,2326
9/6/2014 21:00,MYX:FCPO1!,2413,2416,2376,2385,16566,2293
10/6/2014 21:00,MYX:FCPO1!,2378,2384,2364,2379,13370,2309
11/6/2014 21:00,MYX:FCPO1!,2365,2404,2362,2379,14221,2279
12/6/2014 21:00,MYX:FCPO1!,2404,2448,2403,2427,18502,2255
16/6/2014 21:00,MYX:FCPO1!,2417,2453,2413,2433,17529,2281
17/6/2014 21:00,MYX:FCPO1!,2448,2473,2445,2466,18543,2265
18/6/2014 21:00,MYX:FCPO1!,2464,2477,2440,2447,19249,2265
19/6/2014 21:00,MYX:FCPO1!,2465,2474,2434,2442,20399,2257
23/6/2014 21:00,MYX:FCPO1!,2475,2492,2464,2482,19861,2284
24/6/2014 21:00,MYX:FCPO1!,2495,2511,2481,2483,19069,2254
25/6/2014 21:00,MYX:FCPO1!,2484,2502,2469,2470,23364,2247
26/6/2014 21:00,MYX:FCPO1!,2469,2469,2436,2445,21641,2254
30/6/2014 21:00,MYX:FCPO1!,2395,2425,2385,2419,22607,2233
1/7/2014 21:00,MYX:FCPO1!,2414,2436,2405,2427,12063,2187
2/7/2014 21:00,MYX:FCPO1!,2415,2428,2411,2424,18291,2176
3/7/2014 21:00,MYX:FCPO1!,2426,2433,2399,2402,10838,2133
7/7/2014 21:00,MYX:FCPO1!,2410,2416,2382,2384,16039,2093
8/7/2014 21:00,MYX:FCPO1!,2372,2381,2361,2373,16510,2068
9/7/2014 21:00,MYX:FCPO1!,2350,2396,2349,2386,19633,2049
10/7/2014 21:00,MYX:FCPO1!,2391,2395,2345,2346,18553,2039
14/7/2014 10:00,MYX:FCPO1!,2325,2331,2292,2298,17517,1999
15/7/2014 21:00,MYX:FCPO1!,2315,2334,2305,2326,8989,2012
16/7/2014 21:00,MYX:FCPO1!,2299,2320,2285,2293,24836,1976
17/7/2014 21:00,MYX:FCPO1!,2280,2312,2280,2309,19548,1979
21/7/2014 21:00,MYX:FCPO1!,2290,2293,2272,2279,15068,1929
22/7/2014 21:00,MYX:FCPO1!,2278,2278,2247,2255,19169,1953
23/7/2014 21:00,MYX:FCPO1!,2270,2285,2261,2281,14324,1978
24/7/2014 21:00,MYX:FCPO1!,2282,2294,2262,2265,13538,2030
29/7/2014 21:00,MYX:FCPO1!,2282,2289,2254,2265,19678,2025
30/7/2014 21:00,MYX:FCPO1!,2272,2279,2246,2257,12243,2034
31/7/2014 21:00,MYX:FCPO1!,2263,2287,2261,2284,21290,2033
4/8/2014 21:00,MYX:FCPO1!,2278,2280,2248,2254,16928,2068
5/8/2014 21:00,MYX:FCPO1!,2253,2262,2239,2247,14259,2084
6/8/2014 21:00,MYX:FCPO1!,2256,2263,2247,2254,12392,2101
7/8/2014 21:00,MYX:FCPO1!,2256,2268,2231,2233,17463,2144
11/8/2014 21:00,MYX:FCPO1!,2172,2196,2162,2187,14698,2145
12/8/2014 21:00,MYX:FCPO1!,2189,2201,2163,2176,18442,2111
13/8/2014 21:00,MYX:FCPO1!,2148,2150,2115,2133,21815,2126
14/8/2014 21:00,MYX:FCPO1!,2118,2140,2085,2093,18856,2154
18/8/2014 21:00,MYX:FCPO1!,2089,2098,2066,2068,15286,2197
19/8/2014 21:00,MYX:FCPO1!,2072,2075,2045,2049,13248,2177
20/8/2014 21:00,MYX:FCPO1!,2063,2069,2033,2039,16774,2217
21/8/2014 21:00,MYX:FCPO1!,2043,2044,1989,1999,24625,2195
25/8/2014 21:00,MYX:FCPO1!,2028,2028,1984,2012,21379,2146
26/8/2014 21:00,MYX:FCPO1!,2028,2052,1973,1976,31038,2169
27/8/2014 21:00,MYX:FCPO1!,1970,2001,1965,1979,21594,2180
28/8/2014 21:00,MYX:FCPO1!,1980,1984,1926,1929,22632,2195
1/9/2014 21:00,MYX:FCPO1!,1920,1963,1914,1953,23041,2191
2/9/2014 21:00,MYX:FCPO1!,1944,1986,1941,1978,23056,2182
3/9/2014 21:00,MYX:FCPO1!,1977,2033,1965,2030,26300,2163
4/9/2014 21:00,MYX:FCPO1!,2035,2041,1995,2025,23223,2133
8/9/2014 21:00,MYX:FCPO1!,2038,2046,2006,2034,19084,2119
9/9/2014 21:00,MYX:FCPO1!,2027,2035,1997,2033,19960,2142
10/9/2014 21:00,MYX:FCPO1!,2036,2073,2007,2068,18631,2135
11/9/2014 21:00,MYX:FCPO1!,2078,2088,2051,2084,20244,2170
15/9/2014 10:00,MYX:FCPO1!,2095,2124,2091,2101,29782,2181
16/9/2014 21:00,MYX:FCPO1!,2119,2150,2104,2144,31050,2213
17/9/2014 21:00,MYX:FCPO1!,2148,2173,2136,2145,33390,2263
18/9/2014 21:00,MYX:FCPO1!,2123,2135,2105,2111,24471,2280
22/9/2014 21:00,MYX:FCPO1!,2100,2132,2097,2126,28223,2306
23/9/2014 21:00,MYX:FCPO1!,2134,2157,2123,2154,20940,2308
24/9/2014 21:00,MYX:FCPO1!,2168,2207,2164,2197,23605,2252
25/9/2014 21:00,MYX:FCPO1!,2178,2203,2176,2177,22919,2222
29/9/2014 21:00,MYX:FCPO1!,2211,2222,2204,2217,21988,2196
30/9/2014 21:00,MYX:FCPO1!,2210,2223,2189,2195,24433,2265
1/10/2014 21:00,MYX:FCPO1!,2209,2211,2137,2146,28263,2259
2/10/2014 21:00,MYX:FCPO1!,2162,2177,2151,2169,17676,2231
6/10/2014 21:00,MYX:FCPO1!,2199,2204,2176,2180,15308,2204
7/10/2014 21:00,MYX:FCPO1!,2180,2209,2178,2195,23649,2251
8/10/2014 21:00,MYX:FCPO1!,2180,2218,2165,2191,29486,2245
9/10/2014 21:00,MYX:FCPO1!,2190,2198,2158,2182,25394,2223
13/10/2014 21:00,MYX:FCPO1!,2174,2185,2155,2163,24553,2235
14/10/2014 21:00,MYX:FCPO1!,2155,2158,2111,2133,29120,2217
15/10/2014 21:00,MYX:FCPO1!,2123,2131,2104,2119,25020,2240
16/10/2014 21:00,MYX:FCPO1!,2132,2148,2128,2142,21561,2201
20/10/2014 21:00,MYX:FCPO1!,2127,2141,2125,2135,17180,2172
22/10/2014 21:00,MYX:FCPO1!,2148,2182,2147,2170,26583,2142
23/10/2014 21:00,MYX:FCPO1!,2182,2194,2172,2181,21234,2172
27/10/2014 21:00,MYX:FCPO1!,2174,2216,2171,2213,24771,2166
28/10/2014 21:00,MYX:FCPO1!,2227,2267,2221,2263,31461,2172
29/10/2014 21:00,MYX:FCPO1!,2285,2302,2270,2280,29818,2130
30/10/2014 21:00,MYX:FCPO1!,2283,2311,2274,2306,26889,2175
3/11/2014 21:00,MYX:FCPO1!,2314,2327,2293,2308,28918,2195
4/11/2014 21:00,MYX:FCPO1!,2282,2290,2243,2252,30326,2171
5/11/2014 21:00,MYX:FCPO1!,2264,2275,2217,2222,28541,2121
6/11/2014 21:00,MYX:FCPO1!,2244,2252,2193,2196,31319,2131
10/11/2014 21:00,MYX:FCPO1!,2231,2271,2225,2265,21378,2148
11/11/2014 21:00,MYX:FCPO1!,2279,2286,2257,2259,23412,2153
12/11/2014 21:00,MYX:FCPO1!,2237,2245,2219,2231,21178,2209
13/11/2014 21:00,MYX:FCPO1!,2228,2233,2199,2204,22479,2217
17/11/2014 21:00,MYX:FCPO1!,2229,2254,2225,2251,19995,2250
18/11/2014 21:00,MYX:FCPO1!,2247,2270,2236,2245,18344,2284
19/11/2014 21:00,MYX:FCPO1!,2244,2247,2215,2223,20123,2266
20/11/2014 21:00,MYX:FCPO1!,2229,2249,2223,2235,19654,2283
24/11/2014 21:00,MYX:FCPO1!,2212,2223,2187,2217,28556,2284
25/11/2014 21:00,MYX:FCPO1!,2216,2243,2206,2240,28624,2330
26/11/2014 21:00,MYX:FCPO1!,2230,2236,2199,2201,13108,2369
27/11/2014 21:00,MYX:FCPO1!,2175,2179,2150,2172,22381,2348
1/12/2014 21:00,MYX:FCPO1!,2135,2147,2126,2142,24449,2353
2/12/2014 21:00,MYX:FCPO1!,2102,2185,2102,2172,30745,2344
3/12/2014 21:00,MYX:FCPO1!,2182,2189,2152,2166,23257,2368
4/12/2014 21:00,MYX:FCPO1!,2170,2177,2153,2172,16935,2312
8/12/2014 21:00,MYX:FCPO1!,2144,2168,2119,2130,22788,2320
9/12/2014 21:00,MYX:FCPO1!,2147,2179,2138,2175,27734,2273
10/12/2014 21:00,MYX:FCPO1!,2160,2199,2148,2195,24376,2246
11/12/2014 21:00,MYX:FCPO1!,2199,2216,2165,2171,22501,2230
15/12/2014 21:00,MYX:FCPO1!,2149,2151,2114,2121,22265,2178
16/12/2014 21:00,MYX:FCPO1!,2110,2136,2103,2131,27230,2210
17/12/2014 21:00,MYX:FCPO1!,2140,2163,2135,2148,27688,2134
18/12/2014 21:00,MYX:FCPO1!,2136,2154,2127,2153,20757,2146
22/12/2014 21:00,MYX:FCPO1!,2166,2215,2160,2209,21502,2199
23/12/2014 21:00,MYX:FCPO1!,2212,2238,2207,2217,25109,2312
25/12/2014 21:00,MYX:FCPO1!,2201,2252,2200,2250,18845,2346
29/12/2014 21:00,MYX:FCPO1!,2300,2305,2283,2284,23677,2299
30/12/2014 21:00,MYX:FCPO1!,2276,2288,2261,2266,13388,2278
1/1/2015 21:00,MYX:FCPO1!,2245,2285,2237,2283,20869,2294
5/1/2015 21:00,MYX:FCPO1!,2275,2310,2272,2284,27581,2285
6/1/2015 21:00,MYX:FCPO1!,2290,2335,2290,2330,28665,2286
7/1/2015 21:00,MYX:FCPO1!,2335,2379,2331,2369,21112,2300
8/1/2015 21:00,MYX:FCPO1!,2372,2383,2341,2348,23140,2257
12/1/2015 21:00,MYX:FCPO1!,2326,2375,2324,2353,31287,2248
13/1/2015 21:00,MYX:FCPO1!,2342,2354,2328,2344,28216,2276
14/1/2015 21:00,MYX:FCPO1!,2359,2394,2356,2368,23811,2305
15/1/2015 21:00,MYX:FCPO1!,2351,2354,2298,2312,37268,2378
19/1/2015 21:00,MYX:FCPO1!,2302,2346,2297,2320,25981,2364
20/1/2015 21:00,MYX:FCPO1!,2332,2338,2270,2273,32011,2324
21/1/2015 21:00,MYX:FCPO1!,2278,2282,2242,2246,23447,2288
22/1/2015 21:00,MYX:FCPO1!,2234,2244,2222,2230,24880,2237
26/1/2015 21:00,MYX:FCPO1!,2171,2182,2151,2178,23648,2276
27/1/2015 21:00,MYX:FCPO1!,2164,2216,2164,2210,27417,2243
28/1/2015 21:00,MYX:FCPO1!,2180,2182,2128,2134,33396,2248
29/1/2015 21:00,MYX:FCPO1!,2118,2148,2106,2146,31536,2140
3/2/2015 21:00,MYX:FCPO1!,2184,2200,2156,2199,30449,2193
4/2/2015 21:00,MYX:FCPO1!,2197,2315,2197,2312,43664,2205
5/2/2015 21:00,MYX:FCPO1!,2324,2352,2287,2346,35649,2160
9/2/2015 21:00,MYX:FCPO1!,2335,2344,2294,2299,27329,2156
10/2/2015 21:00,MYX:FCPO1!,2296,2314,2270,2278,25182,2167
11/2/2015 21:00,MYX:FCPO1!,2297,2304,2271,2294,22282,2192
12/2/2015 21:00,MYX:FCPO1!,2311,2312,2276,2285,22662,2169
16/2/2015 21:00,MYX:FCPO1!,2315,2315,2284,2286,13963,2165
17/2/2015 21:00,MYX:FCPO1!,2290,2312,2289,2300,5751,2154
23/2/2015 21:00,MYX:FCPO1!,2229,2259,2216,2257,24434,2166
24/2/2015 21:00,MYX:FCPO1!,2255,2276,2242,2248,32882,2191
25/2/2015 21:00,MYX:FCPO1!,2260,2284,2256,2276,25537,2207
26/2/2015 21:00,MYX:FCPO1!,2278,2321,2277,2305,27578,2166
2/3/2015 21:00,MYX:FCPO1!,2356,2382,2328,2378,28277,2120
3/3/2015 21:00,MYX:FCPO1!,2394,2400,2354,2364,24045,2128
4/3/2015 21:00,MYX:FCPO1!,2343,2364,2320,2324,26720,2148
5/3/2015 21:00,MYX:FCPO1!,2304,2307,2257,2288,28604,2160
9/3/2015 21:00,MYX:FCPO1!,2271,2276,2221,2237,28834,2146
10/3/2015 21:00,MYX:FCPO1!,2244,2280,2237,2276,24259,2148
11/3/2015 21:00,MYX:FCPO1!,2268,2271,2234,2243,23793,2173
12/3/2015 21:00,MYX:FCPO1!,2227,2251,2227,2248,18190,2160
16/3/2015 21:00,MYX:FCPO1!,2205,2210,2138,2140,25037,2158
17/3/2015 21:00,MYX:FCPO1!,2140,2194,2128,2193,30471,2154
18/3/2015 21:00,MYX:FCPO1!,2215,2222,2165,2205,28870,2093
19/3/2015 21:00,MYX:FCPO1!,2205,2211,2155,2160,25089,2082
23/3/2015 21:00,MYX:FCPO1!,2187,2192,2148,2156,27701,2102
24/3/2015 21:00,MYX:FCPO1!,2159,2172,2145,2167,20931,2157
25/3/2015 21:00,MYX:FCPO1!,2166,2204,2166,2192,25481,2183
26/3/2015 21:00,MYX:FCPO1!,2183,2183,2148,2169,25367,2173
30/3/2015 21:00,MYX:FCPO1!,2177,2182,2156,2165,20284,2162
31/3/2015 21:00,MYX:FCPO1!,2175,2180,2148,2154,17119,2225
1/4/2015 21:00,MYX:FCPO1!,2160,2172,2150,2166,15223,2198
2/4/2015 21:00,MYX:FCPO1!,2176,2192,2170,2191,12083,2206
6/4/2015 21:00,MYX:FCPO1!,2224,2232,2202,2207,23108,2188
7/4/2015 21:00,MYX:FCPO1!,2203,2204,2165,2166,26849,2158
8/4/2015 21:00,MYX:FCPO1!,2156,2160,2118,2120,29918,2142
9/4/2015 21:00,MYX:FCPO1!,2119,2139,2092,2128,27645,2158
13/4/2015 21:00,MYX:FCPO1!,2124,2155,2098,2148,30674,2135
14/4/2015 21:00,MYX:FCPO1!,2165,2181,2152,2160,20257,2185
15/4/2015 21:00,MYX:FCPO1!,2174,2177,2137,2146,21772,2178
16/4/2015 21:00,MYX:FCPO1!,2142,2159,2128,2148,20614,2208
20/4/2015 21:00,MYX:FCPO1!,2163,2197,2161,2173,24939,2216
21/4/2015 21:00,MYX:FCPO1!,2161,2166,2139,2160,29798,2315
22/4/2015 21:00,MYX:FCPO1!,2159,2164,2136,2158,25045,2294
23/4/2015 21:00,MYX:FCPO1!,2176,2176,2144,2154,27461,2319
27/4/2015 21:00,MYX:FCPO1!,2105,2115,2075,2093,37100,2341
28/4/2015 21:00,MYX:FCPO1!,2080,2093,2070,2082,22439,2317
29/4/2015 21:00,MYX:FCPO1!,2097,2108,2092,2102,14245,2291
4/5/2015 21:00,MYX:FCPO1!,2165,2168,2139,2157,28708,2292
5/5/2015 21:00,MYX:FCPO1!,2173,2200,2169,2183,24389,2276
6/5/2015 21:00,MYX:FCPO1!,2167,2179,2161,2173,15702,2291
7/5/2015 21:00,MYX:FCPO1!,2154,2163,2141,2162,17931,2291
11/5/2015 21:00,MYX:FCPO1!,2199,2230,2195,2225,24106,2237
12/5/2015 21:00,MYX:FCPO1!,2216,2233,2193,2198,19749,2237
13/5/2015 21:00,MYX:FCPO1!,2190,2208,2171,2206,21273,2221
14/5/2015 21:00,MYX:FCPO1!,2216,2218,2182,2188,16045,2270
18/5/2015 21:00,MYX:FCPO1!,2165,2175,2154,2158,16618,2264
19/5/2015 21:00,MYX:FCPO1!,2138,2152,2131,2142,22791,2278
20/5/2015 21:00,MYX:FCPO1!,2142,2165,2134,2158,21908,2229
21/5/2015 21:00,MYX:FCPO1!,2150,2156,2127,2135,17288,2267
25/5/2015 21:00,MYX:FCPO1!,2156,2192,2155,2185,20801,2267
26/5/2015 21:00,MYX:FCPO1!,2192,2198,2168,2178,14864,2270
27/5/2015 21:00,MYX:FCPO1!,2191,2219,2190,2208,22760,2209
28/5/2015 21:00,MYX:FCPO1!,2206,2223,2200,2216,15251,2150
1/6/2015 21:00,MYX:FCPO1!,2331,2349,2312,2315,21915,2187
2/6/2015 21:00,MYX:FCPO1!,2310,2311,2276,2294,21626,2194
3/6/2015 21:00,MYX:FCPO1!,2286,2325,2279,2319,18885,2201
4/6/2015 21:00,MYX:FCPO1!,2315,2346,2295,2341,24722,2193
8/6/2015 21:00,MYX:FCPO1!,2299,2318,2289,2317,22382,2191
9/6/2015 21:00,MYX:FCPO1!,2309,2315,2281,2291,18090,2218
10/6/2015 21:00,MYX:FCPO1!,2285,2303,2280,2292,16382,2205
11/6/2015 21:00,MYX:FCPO1!,2265,2283,2254,2276,27808,2189
15/6/2015 21:00,MYX:FCPO1!,2272,2297,2261,2291,17883,2178
16/6/2015 21:00,MYX:FCPO1!,2290,2303,2280,2291,20748,2131
17/6/2015 21:00,MYX:FCPO1!,2270,2270,2235,2237,28100,2111
18/6/2015 21:00,MYX:FCPO1!,2229,2260,2227,2237,18796,2124
22/6/2015 21:00,MYX:FCPO1!,2246,2246,2219,2221,15214,2120
23/6/2015 21:00,MYX:FCPO1!,2231,2274,2227,2270,21636,2062
24/6/2015 21:00,MYX:FCPO1!,2280,2285,2263,2264,16153,2037
25/6/2015 21:00,MYX:FCPO1!,2276,2280,2254,2278,11358,2045
29/6/2015 21:00,MYX:FCPO1!,2247,2247,2221,2229,26137,2042
30/6/2015 21:00,MYX:FCPO1!,2257,2268,2234,2267,19719,2040
1/7/2015 21:00,MYX:FCPO1!,2251,2278,2245,2267,21995,1995
2/7/2015 21:00,MYX:FCPO1!,2272,2285,2264,2270,15479,2014
6/7/2015 21:00,MYX:FCPO1!,2233,2247,2205,2209,19016,2027
7/7/2015 21:00,MYX:FCPO1!,2152,2156,2132,2150,28212,2060
8/7/2015 21:00,MYX:FCPO1!,2163,2192,2157,2187,21628,2035
9/7/2015 21:00,MYX:FCPO1!,2205,2209,2179,2194,20335,1997
13/7/2015 21:00,MYX:FCPO1!,2215,2230,2200,2201,18773,1986
14/7/2015 21:00,MYX:FCPO1!,2202,2207,2176,2193,14959,1906
15/7/2015 21:00,MYX:FCPO1!,2180,2199,2173,2191,6955,1867
20/7/2015 21:00,MYX:FCPO1!,2190,2223,2186,2218,18173,1925
21/7/2015 21:00,MYX:FCPO1!,2212,2221,2197,2205,17761,1991
22/7/2015 21:00,MYX:FCPO1!,2187,2201,2186,2189,14355,2013
23/7/2015 21:00,MYX:FCPO1!,2182,2186,2174,2178,11364,1989
27/7/2015 21:00,MYX:FCPO1!,2141,2148,2115,2131,16401,2032
28/7/2015 21:00,MYX:FCPO1!,2144,2150,2108,2111,24661,2031
29/7/2015 21:00,MYX:FCPO1!,2119,2125,2099,2124,21727,2092
30/7/2015 21:00,MYX:FCPO1!,2119,2131,2114,2120,17250,2113
3/8/2015 21:00,MYX:FCPO1!,2065,2073,2026,2062,25891,2157
4/8/2015 21:00,MYX:FCPO1!,2065,2082,2023,2037,20255,2134
5/8/2015 21:00,MYX:FCPO1!,2021,2047,2006,2045,22632,2148
6/8/2015 21:00,MYX:FCPO1!,2046,2051,2024,2042,15841,2128
10/8/2015 21:00,MYX:FCPO1!,2057,2057,2027,2040,18791,2103
11/8/2015 21:00,MYX:FCPO1!,2029,2035,1991,1995,27206,2183
12/8/2015 21:00,MYX:FCPO1!,1974,2020,1958,2014,18843,2240
13/8/2015 21:00,MYX:FCPO1!,2009,2042,2009,2027,23902,2342
17/8/2015 21:00,MYX:FCPO1!,2047,2069,2039,2060,22849,2451
18/8/2015 21:00,MYX:FCPO1!,2035,2046,2024,2035,21075,2375
19/8/2015 21:00,MYX:FCPO1!,2016,2023,1983,1997,31996,2414
20/8/2015 21:00,MYX:FCPO1!,2015,2026,1974,1986,25661,2387
24/8/2015 21:00,MYX:FCPO1!,1924,1935,1863,1906,39783,2372
25/8/2015 21:00,MYX:FCPO1!,1903,1904,1866,1867,27164,2319
26/8/2015 21:00,MYX:FCPO1!,1876,1928,1873,1925,31797,2276
27/8/2015 21:00,MYX:FCPO1!,1952,1995,1938,1991,24695,2217
31/8/2015 21:00,MYX:FCPO1!,1983,2019,1973,2013,30525,2320
1/9/2015 21:00,MYX:FCPO1!,1988,2003,1981,1989,29509,2287
2/9/2015 21:00,MYX:FCPO1!,1982,2048,1977,2032,21934,2302
3/9/2015 21:00,MYX:FCPO1!,2023,2042,2009,2031,19806,2319
7/9/2015 21:00,MYX:FCPO1!,2063,2100,2046,2092,18718,2367
8/9/2015 21:00,MYX:FCPO1!,2086,2132,2086,2113,20653,2371
9/9/2015 21:00,MYX:FCPO1!,2100,2159,2099,2157,24362,2328
10/9/2015 21:00,MYX:FCPO1!,2150,2180,2132,2134,22829,2322
14/9/2015 21:00,MYX:FCPO1!,2201,2207,2146,2148,21737,2341
16/9/2015 21:00,MYX:FCPO1!,2178,2178,2125,2128,32158,2370
17/9/2015 21:00,MYX:FCPO1!,2132,2150,2095,2103,27327,2363
21/9/2015 21:00,MYX:FCPO1!,2161,2201,2160,2183,29634,2310
22/9/2015 21:00,MYX:FCPO1!,2189,2248,2187,2240,30102,2360
24/9/2015 21:00,MYX:FCPO1!,2299,2345,2283,2342,30650,2348
28/9/2015 21:00,MYX:FCPO1!,2358,2460,2352,2451,40428,2322
29/9/2015 21:00,MYX:FCPO1!,2448,2450,2365,2375,33744,2382
30/9/2015 21:00,MYX:FCPO1!,2381,2445,2360,2414,38753,2330
1/10/2015 21:00,MYX:FCPO1!,2417,2441,2368,2387,25985,2332
5/10/2015 21:00,MYX:FCPO1!,2427,2444,2353,2372,29601,2289
6/10/2015 21:00,MYX:FCPO1!,2380,2380,2309,2319,29713,2293
7/10/2015 21:00,MYX:FCPO1!,2328,2328,2253,2276,31142,2318
8/10/2015 21:00,MYX:FCPO1!,2239,2258,2216,2217,41189,2299
12/10/2015 21:00,MYX:FCPO1!,2264,2334,2240,2320,32943,2290
14/10/2015 21:00,MYX:FCPO1!,2303,2317,2269,2287,26372,2275
15/10/2015 21:00,MYX:FCPO1!,2323,2339,2298,2302,24322,2298
19/10/2015 21:00,MYX:FCPO1!,2270,2320,2268,2319,28789,2341
20/10/2015 21:00,MYX:FCPO1!,2350,2372,2339,2367,27138,2362
21/10/2015 21:00,MYX:FCPO1!,2375,2386,2352,2371,22876,2339
22/10/2015 21:00,MYX:FCPO1!,2330,2339,2313,2328,21334,2331
26/10/2015 21:00,MYX:FCPO1!,2261,2331,2260,2322,24116,2364
27/10/2015 21:00,MYX:FCPO1!,2314,2343,2299,2341,31975,2366
28/10/2015 21:00,MYX:FCPO1!,2353,2372,2331,2370,27756,2396
29/10/2015 21:00,MYX:FCPO1!,2358,2377,2326,2363,29658,2384
2/11/2015 21:00,MYX:FCPO1!,2314,2314,2278,2310,26125,2377
3/11/2015 21:00,MYX:FCPO1!,2304,2367,2304,2360,31365,2441
4/11/2015 21:00,MYX:FCPO1!,2375,2386,2345,2348,28772,2331
5/11/2015 21:00,MYX:FCPO1!,2324,2333,2303,2322,23208,2403
9/11/2015 10:00,MYX:FCPO1!,2342,2384,2342,2382,20446,2385
10/11/2015 21:00,MYX:FCPO1!,2346,2355,2324,2330,26215,2402
11/11/2015 21:00,MYX:FCPO1!,2315,2347,2315,2332,17643,2468
12/11/2015 21:00,MYX:FCPO1!,2347,2350,2285,2289,27285,2487
16/11/2015 21:00,MYX:FCPO1!,2318,2322,2285,2293,21519,2484
17/11/2015 21:00,MYX:FCPO1!,2285,2325,2274,2318,19980,2495
18/11/2015 21:00,MYX:FCPO1!,2301,2307,2280,2299,19767,2485
19/11/2015 21:00,MYX:FCPO1!,2291,2299,2271,2290,26122,2454
23/11/2015 21:00,MYX:FCPO1!,2293,2303,2273,2275,15559,2448
24/11/2015 21:00,MYX:FCPO1!,2278,2307,2260,2298,27054,2422
25/11/2015 21:00,MYX:FCPO1!,2324,2343,2311,2341,20217,2435
26/11/2015 21:00,MYX:FCPO1!,2343,2374,2339,2362,18116,2382
30/11/2015 21:00,MYX:FCPO1!,2365,2375,2337,2339,24859,2411
1/12/2015 21:00,MYX:FCPO1!,2353,2355,2317,2331,30782,2402
2/12/2015 21:00,MYX:FCPO1!,2344,2365,2334,2364,24726,2412
3/12/2015 21:00,MYX:FCPO1!,2363,2380,2354,2366,18519,2478
7/12/2015 21:00,MYX:FCPO1!,2404,2415,2380,2396,24983,2455
8/12/2015 21:00,MYX:FCPO1!,2408,2412,2375,2384,24569,2422
9/12/2015 21:00,MYX:FCPO1!,2377,2379,2350,2377,15324,2460
10/12/2015 21:00,MYX:FCPO1!,2393,2442,2382,2441,18461,2475
14/12/2015 21:00,MYX:FCPO1!,2411,2413,2324,2331,23235,2503
15/12/2015 21:00,MYX:FCPO1!,2411,2431,2388,2403,26410,2481
16/12/2015 21:00,MYX:FCPO1!,2390,2405,2369,2385,19588,2443
17/12/2015 21:00,MYX:FCPO1!,2376,2405,2370,2402,19503,2515
21/12/2015 21:00,MYX:FCPO1!,2443,2473,2438,2468,16362,2547
22/12/2015 21:00,MYX:FCPO1!,2457,2490,2456,2487,18753,2531
28/12/2015 21:00,MYX:FCPO1!,2438,2497,2430,2484,21093,2580
29/12/2015 21:00,MYX:FCPO1!,2495,2504,2474,2495,19342,2567
30/12/2015 21:00,MYX:FCPO1!,2507,2508,2455,2485,24423,2596
4/1/2016 21:00,MYX:FCPO1!,2440,2462,2421,2454,17340,2639
5/1/2016 21:00,MYX:FCPO1!,2429,2466,2418,2448,21596,2588
6/1/2016 21:00,MYX:FCPO1!,2426,2457,2405,2422,25812,2613
7/1/2016 21:00,MYX:FCPO1!,2433,2440,2409,2435,14978,2600
11/1/2016 21:00,MYX:FCPO1!,2375,2395,2372,2382,19138,2586
12/1/2016 21:00,MYX:FCPO1!,2381,2413,2368,2411,25048,2551
13/1/2016 21:00,MYX:FCPO1!,2413,2429,2398,2402,23110,2519
14/1/2016 21:00,MYX:FCPO1!,2407,2434,2403,2412,23901,2535
18/1/2016 21:00,MYX:FCPO1!,2477,2478,2458,2478,20018,2543
19/1/2016 21:00,MYX:FCPO1!,2468,2472,2444,2455,21536,2535
20/1/2016 21:00,MYX:FCPO1!,2458,2463,2408,2422,28713,2490
21/1/2016 21:00,MYX:FCPO1!,2442,2462,2435,2460,26709,2501
25/1/2016 21:00,MYX:FCPO1!,2453,2479,2452,2475,21123,2507
26/1/2016 21:00,MYX:FCPO1!,2472,2510,2463,2503,27834,2528
27/1/2016 21:00,MYX:FCPO1!,2498,2512,2469,2481,23547,2557
28/1/2016 21:00,MYX:FCPO1!,2463,2463,2433,2443,24141,2546
1/2/2016 21:00,MYX:FCPO1!,2450,2523,2450,2515,32366,2608
2/2/2016 21:00,MYX:FCPO1!,2507,2551,2507,2547,28753,2611
3/2/2016 21:00,MYX:FCPO1!,2540,2568,2517,2531,26325,2611
4/2/2016 21:00,MYX:FCPO1!,2540,2604,2534,2580,28459,2654
9/2/2016 21:00,MYX:FCPO1!,2566,2600,2560,2567,23077,2679
10/2/2016 21:00,MYX:FCPO1!,2556,2600,2550,2596,16467,2712
11/2/2016 21:00,MYX:FCPO1!,2619,2642,2611,2639,22399,2700
15/2/2016 21:00,MYX:FCPO1!,2610,2627,2578,2588,23784,2674
16/2/2016 21:00,MYX:FCPO1!,2605,2615,2572,2613,24143,2723
17/2/2016 21:00,MYX:FCPO1!,2618,2625,2580,2600,22598,2779
18/2/2016 21:00,MYX:FCPO1!,2610,2629,2585,2586,22524,2745
22/2/2016 21:00,MYX:FCPO1!,2555,2570,2542,2551,23182,2725
23/2/2016 21:00,MYX:FCPO1!,2533,2547,2517,2519,26517,2748
24/2/2016 21:00,MYX:FCPO1!,2529,2553,2526,2535,22532,2756
25/2/2016 21:00,MYX:FCPO1!,2532,2552,2521,2543,30070,2722
29/2/2016 21:00,MYX:FCPO1!,2531,2542,2515,2535,30512,2710
1/3/2016 21:00,MYX:FCPO1!,2514,2524,2488,2490,19111,2680
2/3/2016 21:00,MYX:FCPO1!,2488,2502,2470,2501,25583,2638
3/3/2016 21:00,MYX:FCPO1!,2517,2531,2503,2507,24246,2659
7/3/2016 21:00,MYX:FCPO1!,2545,2551,2514,2528,13482,2657
8/3/2016 21:00,MYX:FCPO1!,2541,2563,2531,2557,15777,2643
9/3/2016 21:00,MYX:FCPO1!,2570,2577,2540,2546,22516,2688
10/3/2016 21:00,MYX:FCPO1!,2562,2612,2561,2608,24693,2709
14/3/2016 21:00,MYX:FCPO1!,2594,2620,2589,2611,17647,2735
15/3/2016 21:00,MYX:FCPO1!,2607,2614,2586,2611,18986,2690
16/3/2016 21:00,MYX:FCPO1!,2605,2657,2597,2654,29561,2675
17/3/2016 21:00,MYX:FCPO1!,2665,2694,2664,2679,21155,2633
21/3/2016 21:00,MYX:FCPO1!,2702,2726,2699,2712,23135,2601
22/3/2016 21:00,MYX:FCPO1!,2707,2711,2668,2700,22435,2593
23/3/2016 21:00,MYX:FCPO1!,2677,2689,2656,2674,22162,2539
24/3/2016 21:00,MYX:FCPO1!,2680,2726,2678,2723,19662,2616
28/3/2016 21:00,MYX:FCPO1!,2762,2793,2730,2779,23536,2629
29/3/2016 21:00,MYX:FCPO1!,2781,2781,2742,2745,23629,2628
30/3/2016 21:00,MYX:FCPO1!,2726,2783,2718,2725,24319,2661
31/3/2016 21:00,MYX:FCPO1!,2759,2771,2734,2748,23887,2678
4/4/2016 21:00,MYX:FCPO1!,2764,2789,2755,2756,20566,2648
5/4/2016 21:00,MYX:FCPO1!,2736,2736,2708,2722,24237,2587
6/4/2016 21:00,MYX:FCPO1!,2728,2736,2708,2710,15939,2600
7/4/2016 21:00,MYX:FCPO1!,2700,2714,2679,2680,15813,2561
11/4/2016 21:00,MYX:FCPO1!,2663,2667,2633,2638,22139,2519
12/4/2016 21:00,MYX:FCPO1!,2667,2684,2651,2659,21523,2528
13/4/2016 21:00,MYX:FCPO1!,2675,2677,2653,2657,19735,2502
14/4/2016 21:00,MYX:FCPO1!,2648,2653,2621,2643,18045,2545
18/4/2016 21:00,MYX:FCPO1!,2686,2696,2682,2688,24834,2579
19/4/2016 21:00,MYX:FCPO1!,2713,2733,2708,2709,24396,2559
20/4/2016 21:00,MYX:FCPO1!,2738,2743,2726,2735,20780,2620
21/4/2016 21:00,MYX:FCPO1!,2718,2725,2686,2690,20384,2598
25/4/2016 21:00,MYX:FCPO1!,2674,2677,2648,2675,23943,2643
26/4/2016 21:00,MYX:FCPO1!,2665,2670,2630,2633,25097,2666
27/4/2016 21:00,MYX:FCPO1!,2602,2609,2574,2601,28168,2599
28/4/2016 21:00,MYX:FCPO1!,2574,2609,2570,2593,21376,2589
2/5/2016 21:00,MYX:FCPO1!,2568,2576,2537,2539,26213,2587
3/5/2016 21:00,MYX:FCPO1!,2547,2627,2536,2616,34479,2580
4/5/2016 21:00,MYX:FCPO1!,2612,2643,2609,2629,28462,2481
5/5/2016 21:00,MYX:FCPO1!,2591,2632,2582,2628,29995,2468
9/5/2016 21:00,MYX:FCPO1!,2662,2689,2638,2661,25272,2415
10/5/2016 21:00,MYX:FCPO1!,2705,2717,2673,2678,30021,2450
11/5/2016 21:00,MYX:FCPO1!,2667,2674,2640,2648,24662,2374
12/5/2016 21:00,MYX:FCPO1!,2599,2603,2576,2587,25870,2384
16/5/2016 21:00,MYX:FCPO1!,2599,2618,2594,2600,21326,2379
17/5/2016 21:00,MYX:FCPO1!,2612,2616,2541,2561,36441,2378
18/5/2016 21:00,MYX:FCPO1!,2566,2576,2517,2519,29156,2323
19/5/2016 21:00,MYX:FCPO1!,2507,2539,2505,2528,23885,2353
23/5/2016 21:00,MYX:FCPO1!,2510,2519,2499,2502,14999,2359
24/5/2016 21:00,MYX:FCPO1!,2502,2547,2477,2545,24411,2355
25/5/2016 21:00,MYX:FCPO1!,2551,2595,2545,2579,22228,2241
26/5/2016 21:00,MYX:FCPO1!,2560,2598,2555,2559,24363,2188
30/5/2016 21:00,MYX:FCPO1!,2602,2623,2580,2620,18416,2222
31/5/2016 21:00,MYX:FCPO1!,2615,2634,2592,2598,23342,2249
1/6/2016 21:00,MYX:FCPO1!,2636,2644,2620,2643,27473,2278
2/6/2016 21:00,MYX:FCPO1!,2646,2674,2621,2666,24219,2303
6/6/2016 21:00,MYX:FCPO1!,2670,2677,2597,2599,32322,2347
7/6/2016 21:00,MYX:FCPO1!,2607,2607,2575,2589,26251,2353
8/6/2016 21:00,MYX:FCPO1!,2607,2613,2580,2587,19856,2320
9/6/2016 21:00,MYX:FCPO1!,2591,2605,2576,2580,18524,2309
13/6/2016 21:00,MYX:FCPO1!,2511,2518,2478,2481,23750,2318
14/6/2016 21:00,MYX:FCPO1!,2485,2502,2437,2468,26263,2300
15/6/2016 21:00,MYX:FCPO1!,2439,2439,2412,2415,25083,2316
16/6/2016 21:00,MYX:FCPO1!,2411,2458,2411,2450,22957,2338
20/6/2016 21:00,MYX:FCPO1!,2410,2423,2370,2374,23755,2415
22/6/2016 21:00,MYX:FCPO1!,2378,2417,2351,2384,31623,2444
23/6/2016 21:00,MYX:FCPO1!,2378,2412,2366,2379,29933,2407
27/6/2016 21:00,MYX:FCPO1!,2389,2396,2368,2378,20441,2466
28/6/2016 21:00,MYX:FCPO1!,2362,2365,2317,2323,24239,2500
29/6/2016 21:00,MYX:FCPO1!,2335,2379,2319,2353,26205,2484
30/6/2016 21:00,MYX:FCPO1!,2379,2379,2334,2359,18637,2525
4/7/2016 21:00,MYX:FCPO1!,2382,2383,2350,2355,9649,2539
7/7/2016 21:00,MYX:FCPO1!,2265,2280,2223,2241,25690,2643
11/7/2016 21:00,MYX:FCPO1!,2237,2250,2186,2188,22770,2576
12/7/2016 21:00,MYX:FCPO1!,2213,2241,2210,2222,23674,2578
13/7/2016 21:00,MYX:FCPO1!,2210,2272,2192,2249,24845,2578
14/7/2016 21:00,MYX:FCPO1!,2226,2299,2224,2278,22152,2600
18/7/2016 21:00,MYX:FCPO1!,2280,2308,2256,2303,21638,2561
19/7/2016 21:00,MYX:FCPO1!,2297,2354,2290,2347,22199,2552
20/7/2016 21:00,MYX:FCPO1!,2345,2368,2336,2353,20772,2526
21/7/2016 21:00,MYX:FCPO1!,2340,2347,2312,2320,17553,2520
25/7/2016 21:00,MYX:FCPO1!,2255,2325,2253,2309,21883,2595
26/7/2016 21:00,MYX:FCPO1!,2319,2338,2288,2318,20513,2629
27/7/2016 21:00,MYX:FCPO1!,2311,2317,2287,2300,15012,2598
28/7/2016 21:00,MYX:FCPO1!,2325,2333,2308,2316,17252,2609
1/8/2016 21:00,MYX:FCPO1!,2310,2348,2303,2338,20560,2640
2/8/2016 21:00,MYX:FCPO1!,2347,2419,2345,2415,19717,2592
3/8/2016 21:00,MYX:FCPO1!,2412,2454,2398,2444,23959,2564
4/8/2016 21:00,MYX:FCPO1!,2436,2436,2401,2407,17843,2594
8/8/2016 21:00,MYX:FCPO1!,2446,2490,2443,2466,18332,2693
9/8/2016 21:00,MYX:FCPO1!,2455,2512,2437,2500,31396,2677
10/8/2016 21:00,MYX:FCPO1!,2491,2493,2441,2484,30266,2725
11/8/2016 21:00,MYX:FCPO1!,2489,2551,2475,2525,33508,2676
15/8/2016 21:00,MYX:FCPO1!,2583,2584,2530,2539,26604,2663
16/8/2016 21:00,MYX:FCPO1!,2568,2668,2553,2643,32288,2605
17/8/2016 21:00,MYX:FCPO1!,2637,2640,2566,2576,26113,2616
18/8/2016 21:00,MYX:FCPO1!,2585,2625,2575,2578,25780,2636
22/8/2016 21:00,MYX:FCPO1!,2526,2581,2522,2578,20558,2600
23/8/2016 21:00,MYX:FCPO1!,2590,2623,2584,2600,19962,2556
24/8/2016 21:00,MYX:FCPO1!,2556,2574,2538,2561,22460,2579
25/8/2016 21:00,MYX:FCPO1!,2525,2567,2523,2552,17136,2561
29/8/2016 21:00,MYX:FCPO1!,2527,2541,2513,2526,16275,2611
31/8/2016 21:00,MYX:FCPO1!,2501,2522,2487,2520,17199,2653
1/9/2016 21:00,MYX:FCPO1!,2543,2598,2538,2595,16127,2618
5/9/2016 21:00,MYX:FCPO1!,2650,2662,2628,2629,21839,2660
6/9/2016 21:00,MYX:FCPO1!,2626,2628,2594,2598,20368,2714
7/9/2016 21:00,MYX:FCPO1!,2608,2623,2588,2609,15969,2732
8/9/2016 21:00,MYX:FCPO1!,2629,2656,2620,2640,15940,2718
12/9/2016 21:00,MYX:FCPO1!,2616,2645,2589,2592,27843,2724
13/9/2016 21:00,MYX:FCPO1!,2568,2576,2547,2564,29197,2760
14/9/2016 21:00,MYX:FCPO1!,2553,2610,2553,2594,22412,2796
19/9/2016 21:00,MYX:FCPO1!,2680,2725,2677,2693,23768,2786
20/9/2016 21:00,MYX:FCPO1!,2718,2728,2675,2677,23886,2788
21/9/2016 21:00,MYX:FCPO1!,2696,2729,2658,2725,26520,2732
22/9/2016 21:00,MYX:FCPO1!,2720,2728,2673,2676,24333,2758
26/9/2016 21:00,MYX:FCPO1!,2700,2705,2657,2663,18190,2774
27/9/2016 21:00,MYX:FCPO1!,2666,2676,2596,2605,29930,2736
28/9/2016 21:00,MYX:FCPO1!,2617,2631,2581,2616,25747,2843
29/9/2016 21:00,MYX:FCPO1!,2606,2643,2603,2636,18616,2845
3/10/2016 21:00,MYX:FCPO1!,2606,2620,2577,2600,28833,2894
4/10/2016 21:00,MYX:FCPO1!,2600,2610,2554,2556,27838,2974
5/10/2016 21:00,MYX:FCPO1!,2552,2582,2538,2579,25669,2824
6/10/2016 21:00,MYX:FCPO1!,2600,2609,2559,2561,23676,2855
10/10/2016 21:00,MYX:FCPO1!,2573,2615,2560,2611,27623,2876
11/10/2016 21:00,MYX:FCPO1!,2607,2661,2605,2653,22027,2869
12/10/2016 21:00,MYX:FCPO1!,2649,2659,2606,2618,21884,2928
13/10/2016 21:00,MYX:FCPO1!,2634,2683,2614,2660,26902,2954
17/10/2016 21:00,MYX:FCPO1!,2788,2800,2712,2714,31663,3004
18/10/2016 21:00,MYX:FCPO1!,2729,2752,2707,2732,27940,3032
19/10/2016 21:00,MYX:FCPO1!,2741,2756,2699,2718,25267,3050
20/10/2016 21:00,MYX:FCPO1!,2700,2735,2691,2724,25888,3073
24/10/2016 21:00,MYX:FCPO1!,2812,2822,2756,2760,25668,3079
25/10/2016 21:00,MYX:FCPO1!,2774,2806,2768,2796,22003,3076
26/10/2016 21:00,MYX:FCPO1!,2802,2820,2765,2786,31110,3183
27/10/2016 21:00,MYX:FCPO1!,2778,2807,2767,2788,18705,3142
31/10/2016 21:00,MYX:FCPO1!,2783,2792,2730,2732,19353,3113
1/11/2016 21:00,MYX:FCPO1!,2720,2764,2712,2758,24909,3069
2/11/2016 21:00,MYX:FCPO1!,2749,2776,2739,2774,27532,3098
3/11/2016 21:00,MYX:FCPO1!,2761,2776,2734,2736,18369,3125
7/11/2016 21:00,MYX:FCPO1!,2775,2863,2765,2843,25321,3185
8/11/2016 21:00,MYX:FCPO1!,2818,2860,2805,2845,23298,3161
9/11/2016 21:00,MYX:FCPO1!,2818,2903,2810,2894,21731,3093
10/11/2016 21:00,MYX:FCPO1!,2963,3089,2963,2974,31377,3114
14/11/2016 21:00,MYX:FCPO1!,2880,2900,2817,2824,26297,3076
15/11/2016 21:00,MYX:FCPO1!,2838,2885,2832,2855,25459,3060
16/11/2016 21:00,MYX:FCPO1!,2851,2907,2847,2876,27696,3128
17/11/2016 21:00,MYX:FCPO1!,2856,2876,2843,2869,23243,3130
21/11/2016 21:00,MYX:FCPO1!,2919,2944,2919,2928,14325,3106
22/11/2016 21:00,MYX:FCPO1!,2934,2961,2933,2954,13744,3109
23/11/2016 21:00,MYX:FCPO1!,3090,3098,2983,3004,20343,3163
24/11/2016 21:00,MYX:FCPO1!,2998,3046,2991,3032,20066,3141
28/11/2016 21:00,MYX:FCPO1!,3061,3072,3032,3050,16398,3096
29/11/2016 21:00,MYX:FCPO1!,3067,3083,3017,3073,25316,3075
30/11/2016 21:00,MYX:FCPO1!,3075,3091,3046,3079,20962,3082
1/12/2016 21:00,MYX:FCPO1!,3106,3106,3069,3076,23721,3133
5/12/2016 21:00,MYX:FCPO1!,3118,3185,3105,3183,21248,3116
6/12/2016 21:00,MYX:FCPO1!,3165,3188,3138,3142,26025,3120
7/12/2016 21:00,MYX:FCPO1!,3112,3129,3108,3113,12972,3159
8/12/2016 21:00,MYX:FCPO1!,3078,3106,3056,3069,21398,3150
12/12/2016 21:00,MYX:FCPO1!,3073,3102,3051,3098,15697,3131
13/12/2016 21:00,MYX:FCPO1!,3082,3141,3079,3125,15553,3101
14/12/2016 21:00,MYX:FCPO1!,3135,3193,3131,3185,20356,3149
15/12/2016 21:00,MYX:FCPO1!,3190,3202,3151,3161,24813,3125
19/12/2016 21:00,MYX:FCPO1!,3115,3126,3092,3093,21057,3087
20/12/2016 21:00,MYX:FCPO1!,3093,3131,3082,3114,17612,3070
21/12/2016 21:00,MYX:FCPO1!,3096,3124,3070,3076,17592,3029
22/12/2016 21:00,MYX:FCPO1!,3013,3061,3013,3060,17131,3072
26/12/2016 21:00,MYX:FCPO1!,3065,3134,3065,3128,16077,3055
27/12/2016 21:00,MYX:FCPO1!,3124,3153,3121,3130,19364,3082
28/12/2016 21:00,MYX:FCPO1!,3115,3128,3084,3106,20676,3098
29/12/2016 21:00,MYX:FCPO1!,3095,3121,3088,3109,14300,3071
2/1/2017 21:00,MYX:FCPO1!,3133,3172,3133,3163,18668,3049
3/1/2017 21:00,MYX:FCPO1!,3138,3153,3130,3141,14456,3067
4/1/2017 21:00,MYX:FCPO1!,3164,3164,3094,3096,19610,2929
5/1/2017 21:00,MYX:FCPO1!,3100,3100,3028,3075,29823,2859
9/1/2017 21:00,MYX:FCPO1!,3116,3144,3080,3082,25913,2783
10/1/2017 21:00,MYX:FCPO1!,3095,3140,3093,3133,29033,2809
11/1/2017 21:00,MYX:FCPO1!,3132,3133,3103,3116,25175,2782
12/1/2017 21:00,MYX:FCPO1!,3130,3150,3108,3120,23117,2806
16/1/2017 21:00,MYX:FCPO1!,3113,3160,3110,3159,18565,2770
17/1/2017 21:00,MYX:FCPO1!,3145,3175,3141,3150,20693,2831
18/1/2017 21:00,MYX:FCPO1!,3157,3171,3130,3131,21405,2862
19/1/2017 21:00,MYX:FCPO1!,3107,3130,3095,3101,16700,2863
23/1/2017 21:00,MYX:FCPO1!,3120,3163,3113,3149,21778,2859
24/1/2017 21:00,MYX:FCPO1!,3131,3150,3106,3125,18204,2875
25/1/2017 21:00,MYX:FCPO1!,3109,3119,3084,3087,23646,2839
26/1/2017 21:00,MYX:FCPO1!,3052,3073,3051,3070,7113,2771
30/1/2017 21:00,MYX:FCPO1!,3030,3037,3014,3029,20335,2752
1/2/2017 21:00,MYX:FCPO1!,3069,3085,3058,3072,25586,2817
2/2/2017 21:00,MYX:FCPO1!,3054,3072,3045,3055,21290,2796
6/2/2017 21:00,MYX:FCPO1!,3090,3094,3057,3082,25147,2803
7/2/2017 21:00,MYX:FCPO1!,3101,3127,3095,3098,21443,2809
9/2/2017 21:00,MYX:FCPO1!,3120,3135,3068,3071,23351,2829
13/2/2017 21:00,MYX:FCPO1!,3020,3058,3011,3049,24833,2771
14/2/2017 21:00,MYX:FCPO1!,3057,3075,3051,3067,18209,2754
15/2/2017 21:00,MYX:FCPO1!,2976,2986,2925,2929,29705,2707
16/2/2017 21:00,MYX:FCPO1!,2901,2908,2851,2859,32386,2721
20/2/2017 21:00,MYX:FCPO1!,2854,2860,2777,2783,34470,2659
21/2/2017 21:00,MYX:FCPO1!,2792,2812,2763,2809,42390,2646
22/2/2017 21:00,MYX:FCPO1!,2806,2810,2743,2782,44068,2631
23/2/2017 21:00,MYX:FCPO1!,2770,2808,2763,2806,31650,2714
27/2/2017 21:00,MYX:FCPO1!,2758,2773,2723,2770,35810,2708
28/2/2017 21:00,MYX:FCPO1!,2818,2835,2783,2831,33456,2660
1/3/2017 21:00,MYX:FCPO1!,2815,2864,2812,2862,26924,2612
2/3/2017 21:00,MYX:FCPO1!,2851,2869,2833,2863,23403,2589
6/3/2017 21:00,MYX:FCPO1!,2872,2875,2841,2859,14764,2566
7/3/2017 21:00,MYX:FCPO1!,2831,2880,2821,2875,20675,2554
8/3/2017 21:00,MYX:FCPO1!,2853,2872,2826,2839,29313,2473
9/3/2017 21:00,MYX:FCPO1!,2800,2810,2769,2771,23715,2465
13/3/2017 21:00,MYX:FCPO1!,2711,2765,2697,2752,31290,2504
14/3/2017 21:00,MYX:FCPO1!,2773,2822,2756,2817,25592,2530
15/3/2017 21:00,MYX:FCPO1!,2745,2807,2727,2796,32495,2486
16/3/2017 21:00,MYX:FCPO1!,2778,2809,2769,2803,17632,2514
20/3/2017 21:00,MYX:FCPO1!,2778,2811,2754,2809,26603,2506
21/3/2017 21:00,MYX:FCPO1!,2825,2839,2797,2829,21970,2508
22/3/2017 21:00,MYX:FCPO1!,2833,2834,2763,2771,27456,2548
23/3/2017 21:00,MYX:FCPO1!,2759,2768,2742,2754,19871,2522
27/3/2017 21:00,MYX:FCPO1!,2709,2731,2699,2707,24328,2536
28/3/2017 21:00,MYX:FCPO1!,2724,2734,2706,2721,23909,2578
29/3/2017 21:00,MYX:FCPO1!,2700,2705,2656,2659,21632,2628
30/3/2017 21:00,MYX:FCPO1!,2676,2690,2645,2646,22414,2672
3/4/2017 21:00,MYX:FCPO1!,2647,2657,2627,2631,20241,2651
4/4/2017 21:00,MYX:FCPO1!,2640,2717,2636,2714,27082,2610
5/4/2017 21:00,MYX:FCPO1!,2703,2716,2694,2708,18022,2643
6/4/2017 21:00,MYX:FCPO1!,2685,2697,2638,2660,24184,2626
10/4/2017 21:00,MYX:FCPO1!,2602,2630,2580,2612,27158,2635
11/4/2017 21:00,MYX:FCPO1!,2611,2619,2568,2589,22883,2617
12/4/2017 21:00,MYX:FCPO1!,2605,2616,2563,2566,27157,2580
13/4/2017 21:00,MYX:FCPO1!,2555,2569,2543,2554,15955,2607
17/4/2017 21:00,MYX:FCPO1!,2514,2517,2468,2473,27717,2555
18/4/2017 21:00,MYX:FCPO1!,2458,2482,2450,2465,29217,2504
19/4/2017 21:00,MYX:FCPO1!,2477,2505,2474,2504,30260,2499
20/4/2017 21:00,MYX:FCPO1!,2496,2535,2492,2530,26506,2513
24/4/2017 21:00,MYX:FCPO1!,2495,2501,2458,2486,24973,2497
25/4/2017 21:00,MYX:FCPO1!,2486,2517,2476,2514,29236,2499
26/4/2017 21:00,MYX:FCPO1!,2525,2545,2496,2506,21970,2455
27/4/2017 21:00,MYX:FCPO1!,2500,2523,2485,2508,18959,2444
1/5/2017 21:00,MYX:FCPO1!,2535,2556,2520,2548,18386,2457
2/5/2017 21:00,MYX:FCPO1!,2549,2551,2518,2522,18683,2432
3/5/2017 21:00,MYX:FCPO1!,2518,2543,2511,2536,14614,2456
4/5/2017 21:00,MYX:FCPO1!,2537,2581,2526,2578,19802,2498
8/5/2017 21:00,MYX:FCPO1!,2602,2637,2593,2628,20779,2484
10/5/2017 21:00,MYX:FCPO1!,2611,2675,2605,2672,21415,2466
11/5/2017 21:00,MYX:FCPO1!,2667,2678,2639,2651,20849,2442
15/5/2017 21:00,MYX:FCPO1!,2612,2612,2583,2610,22242,2447
16/5/2017 21:00,MYX:FCPO1!,2603,2646,2598,2643,25279,2442
17/5/2017 21:00,MYX:FCPO1!,2626,2642,2611,2626,26313,2440
18/5/2017 21:00,MYX:FCPO1!,2631,2642,2597,2635,27923,2469
22/5/2017 21:00,MYX:FCPO1!,2658,2666,2611,2617,20845,2459
23/5/2017 21:00,MYX:FCPO1!,2592,2604,2579,2580,24769,2508
24/5/2017 21:00,MYX:FCPO1!,2580,2611,2566,2607,20006,2538
25/5/2017 21:00,MYX:FCPO1!,2584,2587,2550,2555,18888,2561
29/5/2017 21:00,MYX:FCPO1!,2516,2532,2475,2504,21997,2554
30/5/2017 21:00,MYX:FCPO1!,2495,2518,2469,2499,28498,2583
31/5/2017 21:00,MYX:FCPO1!,2497,2529,2488,2513,23464,2581
1/6/2017 21:00,MYX:FCPO1!,2513,2540,2495,2497,19060,2557
5/6/2017 21:00,MYX:FCPO1!,2502,2512,2474,2499,22051,2568
6/6/2017 21:00,MYX:FCPO1!,2502,2502,2452,2455,22008,2513
7/6/2017 21:00,MYX:FCPO1!,2459,2469,2436,2444,17576,2525
8/6/2017 21:00,MYX:FCPO1!,2465,2473,2447,2457,19550,2576
12/6/2017 21:00,MYX:FCPO1!,2463,2478,2425,2432,23712,2573
13/6/2017 21:00,MYX:FCPO1!,2440,2459,2426,2456,20451,2626
14/6/2017 21:00,MYX:FCPO1!,2453,2500,2440,2498,21670,2629
15/6/2017 21:00,MYX:FCPO1!,2480,2492,2466,2484,15672,2677
19/6/2017 21:00,MYX:FCPO1!,2476,2485,2451,2466,19785,2655
20/6/2017 21:00,MYX:FCPO1!,2435,2450,2430,2442,18486,2654
21/6/2017 21:00,MYX:FCPO1!,2433,2448,2426,2447,12801,2642
22/6/2017 21:00,MYX:FCPO1!,2439,2451,2429,2442,11823,2604
27/6/2017 21:00,MYX:FCPO1!,2454,2464,2428,2440,21241,2608
28/6/2017 21:00,MYX:FCPO1!,2456,2472,2447,2469,12665,2629
29/6/2017 21:00,MYX:FCPO1!,2475,2494,2453,2459,17422,2630
3/7/2017 21:00,MYX:FCPO1!,2483,2511,2475,2508,16224,2663
4/7/2017 21:00,MYX:FCPO1!,2514,2542,2504,2538,13754,2682
5/7/2017 21:00,MYX:FCPO1!,2540,2563,2540,2561,17158,2633
6/7/2017 21:00,MYX:FCPO1!,2551,2575,2540,2554,19310,2637
10/7/2017 21:00,MYX:FCPO1!,2614,2614,2580,2583,17929,2658
11/7/2017 21:00,MYX:FCPO1!,2592,2602,2573,2581,15877,2681
12/7/2017 21:00,MYX:FCPO1!,2570,2570,2553,2557,16950,2737
13/7/2017 21:00,MYX:FCPO1!,2540,2573,2532,2568,24928,2738
17/7/2017 21:00,MYX:FCPO1!,2546,2553,2508,2513,13533,2777
18/7/2017 21:00,MYX:FCPO1!,2505,2530,2494,2525,14689,2750
19/7/2017 21:00,MYX:FCPO1!,2543,2578,2537,2576,15803,2713
20/7/2017 21:00,MYX:FCPO1!,2585,2589,2562,2573,14316,2706
24/7/2017 21:00,MYX:FCPO1!,2570,2631,2565,2626,25817,2767
25/7/2017 21:00,MYX:FCPO1!,2610,2637,2599,2629,24959,2744
26/7/2017 21:00,MYX:FCPO1!,2637,2692,2636,2677,24825,2782
27/7/2017 21:00,MYX:FCPO1!,2665,2666,2637,2655,18502,2762
31/7/2017 21:00,MYX:FCPO1!,2680,2690,2652,2654,18067,2829
1/8/2017 21:00,MYX:FCPO1!,2630,2644,2617,2642,22818,2873
2/8/2017 21:00,MYX:FCPO1!,2630,2640,2602,2604,19564,2867
3/8/2017 21:00,MYX:FCPO1!,2604,2627,2598,2608,16781,2861
7/8/2017 21:00,MYX:FCPO1!,2589,2630,2585,2629,18911,2767
8/8/2017 21:00,MYX:FCPO1!,2640,2654,2627,2630,16751,2770
9/8/2017 21:00,MYX:FCPO1!,2641,2672,2634,2663,22487,2737
10/8/2017 21:00,MYX:FCPO1!,2636,2685,2623,2682,28218,2749
14/8/2017 21:00,MYX:FCPO1!,2668,2671,2631,2633,21031,2747
15/8/2017 21:00,MYX:FCPO1!,2619,2641,2608,2637,24348,2705
16/8/2017 21:00,MYX:FCPO1!,2647,2665,2638,2658,23361,2695
17/8/2017 21:00,MYX:FCPO1!,2661,2685,2644,2681,25443,2683
21/8/2017 21:00,MYX:FCPO1!,2721,2771,2721,2737,30762,2715
22/8/2017 21:00,MYX:FCPO1!,2740,2752,2715,2738,36735,2720
23/8/2017 21:00,MYX:FCPO1!,2733,2782,2730,2777,27012,2730
24/8/2017 21:00,MYX:FCPO1!,2760,2763,2738,2750,25628,2694
28/8/2017 21:00,MYX:FCPO1!,2726,2735,2711,2713,16925,2696
29/8/2017 21:00,MYX:FCPO1!,2724,2728,2703,2706,17966,2711
4/9/2017 21:00,MYX:FCPO1!,2736,2769,2731,2767,23504,2749
5/9/2017 21:00,MYX:FCPO1!,2756,2775,2740,2744,23972,2741
6/9/2017 21:00,MYX:FCPO1!,2729,2796,2716,2782,27958,2723
7/9/2017 21:00,MYX:FCPO1!,2766,2792,2748,2762,28788,2741
11/9/2017 21:00,MYX:FCPO1!,2802,2836,2791,2829,31172,2777
12/9/2017 21:00,MYX:FCPO1!,2839,2876,2828,2873,22264,2805
13/9/2017 21:00,MYX:FCPO1!,2884,2896,2861,2867,23915,2813
14/9/2017 21:00,MYX:FCPO1!,2853,2885,2835,2861,29365,2817
18/9/2017 21:00,MYX:FCPO1!,2817,2822,2766,2767,27382,2815
19/9/2017 21:00,MYX:FCPO1!,2783,2787,2761,2770,27728,2837
20/9/2017 21:00,MYX:FCPO1!,2780,2783,2736,2737,24734,2821
25/9/2017 21:00,MYX:FCPO1!,2699,2751,2699,2749,25729,2806
26/9/2017 21:00,MYX:FCPO1!,2722,2770,2718,2747,23279,2785
27/9/2017 21:00,MYX:FCPO1!,2709,2720,2693,2705,27268,2820
28/9/2017 21:00,MYX:FCPO1!,2698,2704,2686,2695,21337,2809
2/10/2017 21:00,MYX:FCPO1!,2663,2689,2653,2683,14544,2797
3/10/2017 21:00,MYX:FCPO1!,2693,2724,2688,2715,18408,2717
4/10/2017 21:00,MYX:FCPO1!,2736,2746,2708,2720,19452,2713
5/10/2017 21:00,MYX:FCPO1!,2710,2732,2706,2730,20418,2738
9/10/2017 21:00,MYX:FCPO1!,2738,2739,2686,2694,21144,2714
10/10/2017 21:00,MYX:FCPO1!,2692,2706,2677,2696,17127,2622
11/10/2017 21:00,MYX:FCPO1!,2711,2726,2703,2711,18708,2644
12/10/2017 21:00,MYX:FCPO1!,2716,2751,2690,2749,20962,2609
16/10/2017 21:00,MYX:FCPO1!,2760,2769,2738,2741,23578,2630
18/10/2017 21:00,MYX:FCPO1!,2741,2744,2704,2723,19528,2587
19/10/2017 21:00,MYX:FCPO1!,2739,2745,2721,2741,21670,2563
23/10/2017 21:00,MYX:FCPO1!,2793,2808,2771,2777,23179,2603
24/10/2017 21:00,MYX:FCPO1!,2780,2808,2761,2805,29735,2563
25/10/2017 21:00,MYX:FCPO1!,2800,2816,2792,2813,20953,2535
26/10/2017 21:00,MYX:FCPO1!,2822,2833,2810,2817,24233,2502
30/10/2017 21:00,MYX:FCPO1!,2829,2830,2811,2815,15038,2479
31/10/2017 21:00,MYX:FCPO1!,2827,2838,2802,2837,26258,2473
1/11/2017 21:00,MYX:FCPO1!,2840,2845,2817,2821,18426,2458
2/11/2017 21:00,MYX:FCPO1!,2815,2821,2793,2806,15851,2452
6/11/2017 21:00,MYX:FCPO1!,2805,2808,2772,2785,20242,2518
7/11/2017 21:00,MYX:FCPO1!,2793,2825,2784,2820,22243,2521
8/11/2017 21:00,MYX:FCPO1!,2828,2837,2805,2809,20634,2499
9/11/2017 21:00,MYX:FCPO1!,2791,2799,2776,2797,19231,2449
13/11/2017 21:00,MYX:FCPO1!,2743,2751,2715,2717,19718,2451
14/11/2017 21:00,MYX:FCPO1!,2715,2735,2709,2713,18903,2500
15/11/2017 21:00,MYX:FCPO1!,2755,2758,2722,2738,17805,2538
16/11/2017 21:00,MYX:FCPO1!,2728,2740,2712,2714,18951,2521
20/11/2017 21:00,MYX:FCPO1!,2614,2640,2586,2622,27523,2503
21/11/2017 21:00,MYX:FCPO1!,2635,2649,2615,2644,19108,2532
22/11/2017 21:00,MYX:FCPO1!,2633,2635,2606,2609,18687,2606
23/11/2017 21:00,MYX:FCPO1!,2623,2637,2614,2630,14789,2585
27/11/2017 21:00,MYX:FCPO1!,2582,2604,2580,2587,17132,2594
28/11/2017 21:00,MYX:FCPO1!,2587,2588,2560,2563,16482,2597
29/11/2017 21:00,MYX:FCPO1!,2584,2606,2567,2603,18352,2622
4/12/2017 21:00,MYX:FCPO1!,2578,2582,2544,2563,22116,2567
5/12/2017 21:00,MYX:FCPO1!,2564,2572,2530,2535,18225,2536
6/12/2017 21:00,MYX:FCPO1!,2515,2530,2499,2502,16126,2518
7/12/2017 21:00,MYX:FCPO1!,2517,2523,2477,2479,15559,2487
11/12/2017 21:00,MYX:FCPO1!,2478,2495,2462,2473,16303,2476
12/12/2017 21:00,MYX:FCPO1!,2470,2486,2449,2458,15563,2445
13/12/2017 21:00,MYX:FCPO1!,2445,2455,2418,2452,23580,2494
14/12/2017 21:00,MYX:FCPO1!,2441,2525,2440,2518,22864,2521
18/12/2017 21:00,MYX:FCPO1!,2517,2526,2494,2521,20526,2493
19/12/2017 21:00,MYX:FCPO1!,2525,2534,2496,2499,20570,2484
20/12/2017 21:00,MYX:FCPO1!,2488,2490,2442,2449,21424,2492
21/12/2017 21:00,MYX:FCPO1!,2441,2459,2417,2451,25222,2467
25/12/2017 21:00,MYX:FCPO1!,2464,2505,2451,2500,11438,2470
26/12/2017 21:00,MYX:FCPO1!,2515,2541,2503,2538,19744,2485
27/12/2017 21:00,MYX:FCPO1!,2522,2533,2508,2521,14929,2495
28/12/2017 21:00,MYX:FCPO1!,2499,2515,2485,2503,16575,2514
1/1/2018 21:00,MYX:FCPO1!,2530,2548,2526,2532,17405,2515
2/1/2018 21:00,MYX:FCPO1!,2543,2612,2538,2606,37621,2503
3/1/2018 21:00,MYX:FCPO1!,2607,2611,2581,2585,30013,2508
4/1/2018 21:00,MYX:FCPO1!,2594,2615,2589,2594,26955,2485
8/1/2018 21:00,MYX:FCPO1!,2626,2641,2593,2597,21829,2489
9/1/2018 21:00,MYX:FCPO1!,2612,2626,2587,2622,23990,2488
10/1/2018 21:00,MYX:FCPO1!,2612,2613,2566,2567,22864,2523
11/1/2018 21:00,MYX:FCPO1!,2555,2558,2528,2536,18782,2542
15/1/2018 21:00,MYX:FCPO1!,2551,2553,2493,2518,24198,2559
16/1/2018 21:00,MYX:FCPO1!,2510,2514,2471,2487,25084,2549
17/1/2018 21:00,MYX:FCPO1!,2476,2508,2462,2476,22925,2474
18/1/2018 21:00,MYX:FCPO1!,2455,2467,2433,2445,19669,2478
22/1/2018 21:00,MYX:FCPO1!,2463,2508,2452,2494,25314,2443
23/1/2018 21:00,MYX:FCPO1!,2502,2526,2493,2521,20759,2410
24/1/2018 21:00,MYX:FCPO1!,2521,2526,2491,2493,18960,2376
25/1/2018 21:00,MYX:FCPO1!,2498,2506,2478,2484,18134,2413
29/1/2018 21:00,MYX:FCPO1!,2507,2514,2484,2492,18180,2440
1/2/2018 21:00,MYX:FCPO1!,2485,2485,2461,2467,11115,2445
5/2/2018 21:00,MYX:FCPO1!,2477,2504,2468,2470,18236,2416
6/2/2018 21:00,MYX:FCPO1!,2490,2510,2483,2485,23303,2435
7/2/2018 21:00,MYX:FCPO1!,2474,2498,2470,2495,15751,2448
8/2/2018 21:00,MYX:FCPO1!,2485,2518,2481,2514,17280,2450
12/2/2018 21:00,MYX:FCPO1!,2533,2537,2505,2515,12597,2428
13/2/2018 21:00,MYX:FCPO1!,2505,2509,2493,2503,10423,2431
14/2/2018 21:00,MYX:FCPO1!,2511,2511,2501,2508,3590,2418
19/2/2018 21:00,MYX:FCPO1!,2515,2520,2481,2485,16331,2404
20/2/2018 21:00,MYX:FCPO1!,2493,2500,2475,2489,22346,2425
21/2/2018 21:00,MYX:FCPO1!,2501,2505,2477,2488,20025,2436
22/2/2018 21:00,MYX:FCPO1!,2504,2538,2502,2523,24428,2454
26/2/2018 21:00,MYX:FCPO1!,2544,2557,2534,2542,17622,2472
27/2/2018 21:00,MYX:FCPO1!,2535,2565,2534,2559,20972,2505
28/2/2018 21:00,MYX:FCPO1!,2555,2568,2546,2549,17738,2433
1/3/2018 21:00,MYX:FCPO1!,2527,2530,2467,2474,36482,2431
5/3/2018 21:00,MYX:FCPO1!,2478,2494,2455,2478,17812,2423
6/3/2018 21:00,MYX:FCPO1!,2476,2481,2440,2443,15541,2399
7/3/2018 21:00,MYX:FCPO1!,2425,2435,2408,2410,20743,2408
8/3/2018 21:00,MYX:FCPO1!,2399,2408,2368,2376,32804,2408
12/3/2018 21:00,MYX:FCPO1!,2393,2416,2373,2413,21890,2403
13/3/2018 21:00,MYX:FCPO1!,2417,2442,2410,2440,24673,2414
14/3/2018 21:00,MYX:FCPO1!,2424,2450,2418,2445,22800,2397
15/3/2018 21:00,MYX:FCPO1!,2449,2455,2414,2416,16561,2397
19/3/2018 21:00,MYX:FCPO1!,2413,2448,2410,2435,23204,2389
20/3/2018 21:00,MYX:FCPO1!,2430,2450,2420,2448,24627,2382
21/3/2018 21:00,MYX:FCPO1!,2455,2458,2432,2450,25732,2362
22/3/2018 21:00,MYX:FCPO1!,2440,2446,2421,2428,22139,2363
26/3/2018 21:00,MYX:FCPO1!,2419,2435,2410,2431,19955,2332
27/3/2018 21:00,MYX:FCPO1!,2426,2427,2417,2418,13604,2340
28/3/2018 21:00,MYX:FCPO1!,2406,2415,2399,2404,17516,2381
29/3/2018 21:00,MYX:FCPO1!,2419,2432,2418,2425,9031,2432
2/4/2018 21:00,MYX:FCPO1!,2452,2465,2435,2436,15387,2414
3/4/2018 21:00,MYX:FCPO1!,2453,2463,2383,2454,35780,2432
4/4/2018 21:00,MYX:FCPO1!,2456,2478,2455,2472,14277,2450
5/4/2018 21:00,MYX:FCPO1!,2478,2510,2459,2505,24788,2477
9/4/2018 21:00,MYX:FCPO1!,2468,2468,2420,2433,18621,2473
10/4/2018 21:00,MYX:FCPO1!,2431,2440,2422,2431,14499,2492
11/4/2018 21:00,MYX:FCPO1!,2417,2428,2403,2423,17226,2455
12/4/2018 21:00,MYX:FCPO1!,2428,2432,2398,2399,17387,2418
16/4/2018 21:00,MYX:FCPO1!,2362,2434,2354,2408,26771,2440
17/4/2018 21:00,MYX:FCPO1!,2397,2410,2380,2408,21254,2439
18/4/2018 21:00,MYX:FCPO1!,2420,2424,2395,2403,12890,2402
19/4/2018 21:00,MYX:FCPO1!,2405,2422,2393,2414,16810,2394
23/4/2018 21:00,MYX:FCPO1!,2393,2405,2391,2397,10598,2387
24/4/2018 21:00,MYX:FCPO1!,2396,2410,2393,2397,14845,2366
25/4/2018 21:00,MYX:FCPO1!,2392,2400,2387,2389,8037,2326
26/4/2018 21:00,MYX:FCPO1!,2391,2394,2380,2382,10273,2318
30/4/2018 10:00,MYX:FCPO1!,2381,2382,2356,2362,12701,2334
1/5/2018 21:00,MYX:FCPO1!,2369,2382,2359,2363,13058,2263
2/5/2018 21:00,MYX:FCPO1!,2372,2375,2329,2332,18394,2262
3/5/2018 21:00,MYX:FCPO1!,2331,2348,2324,2340,16624,2251
7/5/2018 21:00,MYX:FCPO1!,2388,2400,2379,2381,15774,2284
14/5/2018 21:00,MYX:FCPO1!,2429,2437,2407,2432,18969,2277
15/5/2018 21:00,MYX:FCPO1!,2426,2427,2406,2414,12934,2315
16/5/2018 21:00,MYX:FCPO1!,2400,2435,2399,2432,17793,2343
17/5/2018 21:00,MYX:FCPO1!,2453,2462,2447,2450,13946,2326
21/5/2018 21:00,MYX:FCPO1!,2455,2485,2451,2477,16908,2313
22/5/2018 21:00,MYX:FCPO1!,2468,2483,2463,2473,13965,2298
23/5/2018 21:00,MYX:FCPO1!,2487,2498,2483,2492,15059,2284
24/5/2018 21:00,MYX:FCPO1!,2480,2482,2447,2455,19947,2266
28/5/2018 10:00,MYX:FCPO1!,2431,2432,2408,2418,11355,2259
29/5/2018 21:00,MYX:FCPO1!,2418,2444,2395,2440,15696,2204
31/5/2018 21:00,MYX:FCPO1!,2412,2450,2410,2439,15151,2186
4/6/2018 21:00,MYX:FCPO1!,2388,2410,2382,2402,14060,2147
5/6/2018 21:00,MYX:FCPO1!,2404,2413,2392,2394,12290,2171
6/6/2018 21:00,MYX:FCPO1!,2385,2399,2375,2387,12042,2211
7/6/2018 21:00,MYX:FCPO1!,2378,2382,2360,2366,18277,2193
11/6/2018 21:00,MYX:FCPO1!,2362,2366,2323,2326,14029,2194
12/6/2018 21:00,MYX:FCPO1!,2300,2322,2300,2318,18905,2152
13/6/2018 21:00,MYX:FCPO1!,2313,2336,2313,2334,6540,2163
18/6/2018 21:00,MYX:FCPO1!,2301,2306,2238,2263,28405,2202
19/6/2018 21:00,MYX:FCPO1!,2264,2275,2247,2262,20795,2186
20/6/2018 21:00,MYX:FCPO1!,2274,2276,2238,2251,23655,2194
21/6/2018 21:00,MYX:FCPO1!,2254,2289,2250,2284,15521,2212
25/6/2018 21:00,MYX:FCPO1!,2279,2292,2273,2277,11628,2191
26/6/2018 21:00,MYX:FCPO1!,2279,2319,2271,2315,17855,2196
27/6/2018 21:00,MYX:FCPO1!,2309,2344,2305,2343,16802,2235
28/6/2018 21:00,MYX:FCPO1!,2339,2348,2316,2326,14764,2258
2/7/2018 21:00,MYX:FCPO1!,2327,2330,2296,2313,13149,2246
3/7/2018 21:00,MYX:FCPO1!,2314,2314,2290,2298,11440,2242
4/7/2018 21:00,MYX:FCPO1!,2304,2310,2278,2284,12702,2213
5/7/2018 21:00,MYX:FCPO1!,2279,2297,2264,2266,12767,2195
9/7/2018 21:00,MYX:FCPO1!,2262,2272,2234,2259,24525,2222
10/7/2018 21:00,MYX:FCPO1!,2245,2249,2202,2204,16624,2238
11/7/2018 21:00,MYX:FCPO1!,2197,2211,2176,2186,23846,2241
12/7/2018 21:00,MYX:FCPO1!,2175,2187,2144,2147,19844,2218
16/7/2018 21:00,MYX:FCPO1!,2172,2182,2164,2171,16866,2219
17/7/2018 21:00,MYX:FCPO1!,2183,2218,2178,2211,24268,2232
18/7/2018 21:00,MYX:FCPO1!,2218,2220,2185,2193,19022,2217
19/7/2018 21:00,MYX:FCPO1!,2191,2200,2172,2194,17725,2248
23/7/2018 21:00,MYX:FCPO1!,2165,2173,2148,2152,19207,2298
24/7/2018 21:00,MYX:FCPO1!,2160,2176,2140,2163,19969,2291
25/7/2018 21:00,MYX:FCPO1!,2181,2203,2177,2202,20918,2277
26/7/2018 21:00,MYX:FCPO1!,2189,2210,2183,2186,15953,2266
30/7/2018 21:00,MYX:FCPO1!,2196,2204,2176,2194,22248,2237
31/7/2018 21:00,MYX:FCPO1!,2197,2219,2190,2212,20282,2243
1/8/2018 21:00,MYX:FCPO1!,2214,2233,2189,2191,21140,2222
2/8/2018 21:00,MYX:FCPO1!,2185,2198,2179,2196,15607,2198
6/8/2018 21:00,MYX:FCPO1!,2201,2237,2199,2235,17508,2158
7/8/2018 21:00,MYX:FCPO1!,2236,2265,2219,2258,21857,2146
8/8/2018 21:00,MYX:FCPO1!,2249,2257,2241,2246,13395,2143
9/8/2018 21:00,MYX:FCPO1!,2236,2260,2225,2242,17230,2181
13/8/2018 21:00,MYX:FCPO1!,2215,2217,2195,2213,16865,2190
14/8/2018 21:00,MYX:FCPO1!,2217,2217,2192,2195,15084,2166
15/8/2018 21:00,MYX:FCPO1!,2207,2227,2201,2222,19051,2174
16/8/2018 21:00,MYX:FCPO1!,2236,2250,2233,2238,17019,2160
20/8/2018 21:00,MYX:FCPO1!,2247,2260,2236,2241,19304,2199
22/8/2018 21:00,MYX:FCPO1!,2237,2238,2217,2218,15004,2230
23/8/2018 21:00,MYX:FCPO1!,2223,2235,2218,2219,11775,2221
27/8/2018 21:00,MYX:FCPO1!,2212,2238,2210,2232,21408,2205
28/8/2018 21:00,MYX:FCPO1!,2232,2234,2214,2217,12411,2193
29/8/2018 21:00,MYX:FCPO1!,2222,2252,2218,2248,17786,2171
3/9/2018 21:00,MYX:FCPO1!,2272,2301,2270,2298,17911,2193
4/9/2018 21:00,MYX:FCPO1!,2292,2303,2278,2291,16957,2244
5/9/2018 21:00,MYX:FCPO1!,2286,2290,2272,2277,12710,2261
6/9/2018 21:00,MYX:FCPO1!,2265,2274,2258,2266,13397,2239
11/9/2018 21:00,MYX:FCPO1!,2260,2263,2231,2237,18475,2224
12/9/2018 21:00,MYX:FCPO1!,2245,2250,2239,2243,11351,2218
13/9/2018 21:00,MYX:FCPO1!,2235,2243,2222,2222,21489,2200
17/9/2018 21:00,MYX:FCPO1!,2220,2227,2195,2198,28762,2176
18/9/2018 21:00,MYX:FCPO1!,2189,2191,2156,2158,20734,2148
19/9/2018 21:00,MYX:FCPO1!,2164,2172,2137,2146,20724,2169
20/9/2018 21:00,MYX:FCPO1!,2148,2161,2138,2143,19899,2150
24/9/2018 21:00,MYX:FCPO1!,2168,2189,2151,2181,17220,2144
25/9/2018 21:00,MYX:FCPO1!,2191,2199,2182,2190,15677,2153
26/9/2018 21:00,MYX:FCPO1!,2186,2199,2165,2166,17694,2122
27/9/2018 21:00,MYX:FCPO1!,2175,2183,2149,2174,30087,2111
1/10/2018 21:00,MYX:FCPO1!,2168,2172,2147,2160,16018,2085
2/10/2018 21:00,MYX:FCPO1!,2186,2209,2179,2199,21069,2040
3/10/2018 21:00,MYX:FCPO1!,2201,2232,2201,2230,0,2007
4/10/2018 21:00,MYX:FCPO1!,2218,2235,2215,2221,16397,1973
8/10/2018 21:00,MYX:FCPO1!,2199,2209,2189,2205,14558,1979
9/10/2018 21:00,MYX:FCPO1!,2193,2217,2181,2193,20858,1972
10/10/2018 21:00,MYX:FCPO1!,2158,2177,2153,2171,13736,1986
11/10/2018 21:00,MYX:FCPO1!,2188,2201,2179,2193,15874,2006
15/10/2018 21:00,MYX:FCPO1!,2250,2257,2237,2244,14855,2057
16/10/2018 21:00,MYX:FCPO1!,2248,2265,2245,2261,15177,2044
17/10/2018 21:00,MYX:FCPO1!,2244,2248,2224,2239,23624,1966
18/10/2018 21:00,MYX:FCPO1!,2227,2231,2215,2224,13133,2014
22/10/2018 21:00,MYX:FCPO1!,2239,2247,2215,2218,13027,2027
23/10/2018 21:00,MYX:FCPO1!,2206,2207,2189,2200,11402,2040
24/10/2018 21:00,MYX:FCPO1!,2186,2186,2166,2176,13499,2020
25/10/2018 21:00,MYX:FCPO1!,2182,2186,2145,2148,14640,1995
29/10/2018 21:00,MYX:FCPO1!,2170,2180,2155,2169,16077,2005
30/10/2018 21:00,MYX:FCPO1!,2166,2171,2147,2150,13896,1998
31/10/2018 21:00,MYX:FCPO1!,2156,2159,2133,2144,20480,2015
1/11/2018 21:00,MYX:FCPO1!,2118,2155,2108,2153,20767,2032
5/11/2018 10:00,MYX:FCPO1!,2145,2145,2118,2122,13690,2046
6/11/2018 21:00,MYX:FCPO1!,2109,2129,2105,2111,13911,2068
7/11/2018 21:00,MYX:FCPO1!,2119,2119,2080,2085,22155,2155
8/11/2018 21:00,MYX:FCPO1!,2077,2077,2039,2040,21593,2198
12/11/2018 21:00,MYX:FCPO1!,2031,2036,2006,2007,15929,2185
13/11/2018 21:00,MYX:FCPO1!,1969,1988,1965,1973,23435,2157
14/11/2018 21:00,MYX:FCPO1!,1980,1993,1966,1979,15308,2128
15/11/2018 21:00,MYX:FCPO1!,2061,2066,1969,1972,30150,2094
19/11/2018 10:00,MYX:FCPO1!,1985,2008,1983,1986,20884,2105
20/11/2018 21:00,MYX:FCPO1!,1975,2017,1949,2006,25523,2121
21/11/2018 21:00,MYX:FCPO1!,2010,2078,1999,2057,22745,2121
22/11/2018 21:00,MYX:FCPO1!,2049,2062,2036,2044,19273,2166
26/11/2018 21:00,MYX:FCPO1!,1940,1977,1940,1966,21975,2151
27/11/2018 21:00,MYX:FCPO1!,1982,2017,1966,2014,20242,2172
28/11/2018 21:00,MYX:FCPO1!,2023,2038,1998,2027,23168,2178
29/11/2018 21:00,MYX:FCPO1!,2028,2046,2020,2040,15563,2182
3/12/2018 21:00,MYX:FCPO1!,1999,2037,1997,2020,20599,2163
4/12/2018 21:00,MYX:FCPO1!,2014,2015,1990,1995,13192,2171
5/12/2018 21:00,MYX:FCPO1!,1985,2014,1979,2005,23992,2146
6/12/2018 21:00,MYX:FCPO1!,1995,2005,1984,1998,16711,2175
10/12/2018 21:00,MYX:FCPO1!,2025,2026,2001,2015,14944,2198
11/12/2018 21:00,MYX:FCPO1!,2028,2041,2019,2032,14048,2226
12/12/2018 21:00,MYX:FCPO1!,2025,2067,2023,2046,16723,2263
13/12/2018 21:00,MYX:FCPO1!,2030,2071,2028,2068,15376,2283
17/12/2018 21:00,MYX:FCPO1!,2113,2158,2106,2155,22094,2297
18/12/2018 21:00,MYX:FCPO1!,2150,2200,2145,2198,25600,2294
19/12/2018 21:00,MYX:FCPO1!,2190,2200,2167,2185,19016,2294
20/12/2018 21:00,MYX:FCPO1!,2176,2184,2156,2157,15536,2303
24/12/2018 10:00,MYX:FCPO1!,2132,2156,2124,2128,12456,2299
25/12/2018 21:00,MYX:FCPO1!,2115,2120,2093,2094,12831,2306
26/12/2018 21:00,MYX:FCPO1!,2107,2129,2100,2105,13494,2318
27/12/2018 21:00,MYX:FCPO1!,2115,2127,2103,2121,14090,2290
31/12/2018 10:00,MYX:FCPO1!,2140,2140,2118,2121,8486,2254
1/1/2019 21:00,MYX:FCPO1!,2137,2171,2132,2166,13419,2250
2/1/2019 21:00,MYX:FCPO1!,2178,2181,2150,2151,13043,2277
3/1/2019 21:00,MYX:FCPO1!,2161,2178,2144,2172,12980,2254
7/1/2019 21:00,MYX:FCPO1!,2151,2197,2151,2178,19196,2260
8/1/2019 21:00,MYX:FCPO1!,2179,2202,2173,2182,16593,2245
9/1/2019 21:00,MYX:FCPO1!,2184,2188,2150,2163,15365,2264
10/1/2019 21:00,MYX:FCPO1!,2149,2174,2146,2171,10591,2257
14/1/2019 21:00,MYX:FCPO1!,2139,2161,2138,2146,11792,2183
15/1/2019 21:00,MYX:FCPO1!,2178,2185,2172,2175,12139,2132
16/1/2019 21:00,MYX:FCPO1!,2170,2200,2165,2198,12939,2121
17/1/2019 21:00,MYX:FCPO1!,2223,2228,2208,2226,14116,2189
21/1/2019 21:00,MYX:FCPO1!,2259,2269,2244,2263,18155,2161
22/1/2019 21:00,MYX:FCPO1!,2268,2288,2250,2283,15437,2157
23/1/2019 21:00,MYX:FCPO1!,2278,2298,2276,2297,10731,2135
24/1/2019 21:00,MYX:FCPO1!,2298,2307,2288,2294,10763,2125
28/1/2019 21:00,MYX:FCPO1!,2327,2327,2290,2294,15261,2116
29/1/2019 21:00,MYX:FCPO1!,2289,2317,2277,2303,15461,2091
30/1/2019 21:00,MYX:FCPO1!,2295,2303,2286,2299,10913,2063
4/2/2019 10:00,MYX:FCPO1!,2283,2313,2283,2306,3388,2067
6/2/2019 21:00,MYX:FCPO1!,2337,2344,2317,2318,12636,2131
7/2/2019 21:00,MYX:FCPO1!,2308,2312,2289,2290,10588,2164
11/2/2019 21:00,MYX:FCPO1!,2247,2268,2247,2254,12460,2172
12/2/2019 21:00,MYX:FCPO1!,2255,2272,2248,2250,11388,2167
13/2/2019 21:00,MYX:FCPO1!,2257,2286,2249,2277,12782,2132
14/2/2019 21:00,MYX:FCPO1!,2275,2275,2250,2254,11065,2136
18/2/2019 21:00,MYX:FCPO1!,2301,2311,2256,2260,18472,2120
19/2/2019 21:00,MYX:FCPO1!,2257,2270,2238,2245,17273,2106
20/2/2019 21:00,MYX:FCPO1!,2246,2266,2234,2264,14860,2153
21/2/2019 21:00,MYX:FCPO1!,2275,2278,2250,2257,14440,2175
25/2/2019 21:00,MYX:FCPO1!,2204,2208,2166,2183,24213,2204
26/2/2019 21:00,MYX:FCPO1!,2184,2208,2129,2132,40992,2224
27/2/2019 21:00,MYX:FCPO1!,2141,2162,2115,2121,20441,2212
28/2/2019 21:00,MYX:FCPO1!,2136,2198,2127,2189,25996,2170
4/3/2019 21:00,MYX:FCPO1!,2143,2178,2143,2161,19965,2154
5/3/2019 21:00,MYX:FCPO1!,2173,2176,2141,2157,21860,2162
6/3/2019 21:00,MYX:FCPO1!,2148,2154,2126,2135,17285,2173
7/3/2019 21:00,MYX:FCPO1!,2133,2158,2116,2125,22750,2205
11/3/2019 21:00,MYX:FCPO1!,2127,2140,2114,2116,18372,2183
12/3/2019 21:00,MYX:FCPO1!,2117,2121,2070,2091,19453,2190
13/3/2019 21:00,MYX:FCPO1!,2087,2090,2051,2063,18844,2170
14/3/2019 21:00,MYX:FCPO1!,2055,2088,2038,2067,18664,2170
18/3/2019 21:00,MYX:FCPO1!,2101,2145,2092,2131,26109,2157
19/3/2019 21:00,MYX:FCPO1!,2125,2172,2119,2164,22394,2118
20/3/2019 21:00,MYX:FCPO1!,2160,2184,2154,2172,18458,2095
21/3/2019 21:00,MYX:FCPO1!,2160,2175,2152,2167,14793,2032
25/3/2019 21:00,MYX:FCPO1!,2147,2149,2122,2132,15405,2010
26/3/2019 21:00,MYX:FCPO1!,2130,2141,2109,2136,18015,2040
27/3/2019 21:00,MYX:FCPO1!,2131,2131,2106,2120,16801,2037
28/3/2019 21:00,MYX:FCPO1!,2102,2112,2095,2106,11556,2005
1/4/2019 21:00,MYX:FCPO1!,2125,2154,2124,2153,21059,1983
2/4/2019 21:00,MYX:FCPO1!,2166,2182,2164,2175,22922,2014
3/4/2019 21:00,MYX:FCPO1!,2164,2214,2164,2204,21464,2029
4/4/2019 21:00,MYX:FCPO1!,2215,2235,2199,2224,19238,2096
8/4/2019 21:00,MYX:FCPO1!,2212,2232,2210,2212,17504,2098
9/4/2019 21:00,MYX:FCPO1!,2218,2219,2155,2170,24835,2057
10/4/2019 21:00,MYX:FCPO1!,2175,2180,2148,2154,19595,2016
11/4/2019 21:00,MYX:FCPO1!,2150,2177,2150,2162,19170,2013
15/4/2019 21:00,MYX:FCPO1!,2152,2184,2139,2173,16633,2066
16/4/2019 21:00,MYX:FCPO1!,2181,2219,2180,2205,15836,2105
17/4/2019 21:00,MYX:FCPO1!,2194,2200,2164,2183,16861,2084
18/4/2019 21:00,MYX:FCPO1!,2203,2206,2180,2190,9585,2069
22/4/2019 21:00,MYX:FCPO1!,2166,2174,2152,2170,14952,2056
23/4/2019 21:00,MYX:FCPO1!,2145,2175,2140,2170,18058,2028
24/4/2019 21:00,MYX:FCPO1!,2172,2179,2156,2157,15578,2007
25/4/2019 21:00,MYX:FCPO1!,2136,2137,2104,2118,19830,1968
29/4/2019 21:00,MYX:FCPO1!,2121,2124,2092,2095,16655,2008
1/5/2019 21:00,MYX:FCPO1!,2089,2090,2016,2032,21553,2009
2/5/2019 21:00,MYX:FCPO1!,2034,2046,2006,2010,18953,2022
6/5/2019 21:00,MYX:FCPO1!,2004,2042,2000,2040,15991,2046
7/5/2019 21:00,MYX:FCPO1!,2037,2058,2012,2037,18355,2023
8/5/2019 21:00,MYX:FCPO1!,2025,2039,2001,2005,20154,2022
9/5/2019 21:00,MYX:FCPO1!,1996,2019,1981,1983,19266,1981
13/5/2019 21:00,MYX:FCPO1!,2002,2019,1983,2014,23132,1966
14/5/2019 21:00,MYX:FCPO1!,2028,2050,2021,2029,16667,1963
15/5/2019 21:00,MYX:FCPO1!,2046,2099,2043,2096,22899,1951
16/5/2019 21:00,MYX:FCPO1!,2105,2112,2078,2098,26816,1967
20/5/2019 21:00,MYX:FCPO1!,2108,2115,2051,2057,18255,1956
22/5/2019 21:00,MYX:FCPO1!,2040,2040,2012,2016,15476,1950
23/5/2019 21:00,MYX:FCPO1!,2001,2018,1993,2013,13788,1960
27/5/2019 21:00,MYX:FCPO1!,2036,2069,2029,2066,17151,1942
28/5/2019 21:00,MYX:FCPO1!,2089,2115,2082,2105,18300,1937
29/5/2019 21:00,MYX:FCPO1!,2094,2095,2070,2084,18536,1941
30/5/2019 21:00,MYX:FCPO1!,2083,2093,2065,2069,15231,1944
3/6/2019 21:00,MYX:FCPO1!,2037,2061,2032,2056,9167,1981
6/6/2019 21:00,MYX:FCPO1!,2068,2075,2023,2028,16653,1988
10/6/2019 21:00,MYX:FCPO1!,2000,2019,1995,2007,19292,1983
11/6/2019 21:00,MYX:FCPO1!,2001,2015,1964,1968,22156,1972
12/6/2019 21:00,MYX:FCPO1!,1994,2021,1983,2008,24494,2004
13/6/2019 21:00,MYX:FCPO1!,2027,2030,2006,2009,18410,2029
17/6/2019 21:00,MYX:FCPO1!,2028,2059,2016,2022,28840,2058
18/6/2019 21:00,MYX:FCPO1!,2025,2049,2007,2046,23421,2067
19/6/2019 21:00,MYX:FCPO1!,2041,2042,2017,2023,20413,2061
20/6/2019 21:00,MYX:FCPO1!,2029,2040,2021,2022,16140,2070
24/6/2019 21:00,MYX:FCPO1!,1999,2010,1972,1981,20389,2064
25/6/2019 21:00,MYX:FCPO1!,1967,1980,1953,1966,23263,2062
26/6/2019 21:00,MYX:FCPO1!,1970,1987,1962,1963,19976,2102
27/6/2019 21:00,MYX:FCPO1!,1963,1966,1946,1951,16558,2104
1/7/2019 21:00,MYX:FCPO1!,1949,1971,1938,1967,20139,2135
2/7/2019 21:00,MYX:FCPO1!,1945,1959,1938,1956,16765,2179
3/7/2019 21:00,MYX:FCPO1!,1962,1965,1947,1950,11431,2212
4/7/2019 21:00,MYX:FCPO1!,1946,1969,1930,1960,27726,2219
8/7/2019 21:00,MYX:FCPO1!,1949,1955,1928,1942,16726,2174
9/7/2019 21:00,MYX:FCPO1!,1948,1956,1916,1937,21268,2192
10/7/2019 21:00,MYX:FCPO1!,1936,1947,1921,1941,20373,2177
11/7/2019 21:00,MYX:FCPO1!,1935,1952,1926,1944,16106,2208
15/7/2019 21:00,MYX:FCPO1!,1980,1989,1973,1981,14781,2256
16/7/2019 21:00,MYX:FCPO1!,1970,1990,1963,1988,16423,2262
17/7/2019 21:00,MYX:FCPO1!,1979,1991,1972,1983,20140,2239
18/7/2019 21:00,MYX:FCPO1!,1976,1984,1965,1972,19815,2253
22/7/2019 21:00,MYX:FCPO1!,1982,2008,1978,2004,16563,2221
23/7/2019 21:00,MYX:FCPO1!,2011,2032,2011,2029,21956,2234
24/7/2019 21:00,MYX:FCPO1!,2036,2062,2022,2058,27230,2181
25/7/2019 21:00,MYX:FCPO1!,2050,2073,2041,2067,24011,2187
29/7/2019 10:00,MYX:FCPO1!,2073,2075,2052,2061,17286,2182
30/7/2019 21:00,MYX:FCPO1!,2057,2075,2056,2070,21226,2201
31/7/2019 21:00,MYX:FCPO1!,2050,2068,2049,2064,16675,2222
1/8/2019 21:00,MYX:FCPO1!,2062,2065,2054,2062,12815,2206
5/8/2019 21:00,MYX:FCPO1!,2088,2108,2081,2102,17392,2189
6/8/2019 21:00,MYX:FCPO1!,2091,2109,2091,2104,12277,2190
7/8/2019 21:00,MYX:FCPO1!,2109,2144,2104,2135,21863,2285
8/8/2019 21:00,MYX:FCPO1!,2159,2185,2149,2179,25639,2260
12/8/2019 21:00,MYX:FCPO1!,2195,2217,2188,2212,23028,2245
13/8/2019 21:00,MYX:FCPO1!,2201,2223,2183,2219,24345,2225
14/8/2019 21:00,MYX:FCPO1!,2214,2220,2173,2174,22905,2141
15/8/2019 21:00,MYX:FCPO1!,2225,2226,2184,2192,22102,2147
19/8/2019 21:00,MYX:FCPO1!,2161,2192,2150,2177,21688,2169
20/8/2019 21:00,MYX:FCPO1!,2172,2210,2160,2208,20111,2149
21/8/2019 21:00,MYX:FCPO1!,2212,2265,2211,2256,28512,2167
22/8/2019 21:00,MYX:FCPO1!,2247,2271,2235,2262,26510,2141
26/8/2019 21:00,MYX:FCPO1!,2254,2258,2227,2239,27591,2137
27/8/2019 21:00,MYX:FCPO1!,2230,2264,2225,2253,20289,2149
28/8/2019 21:00,MYX:FCPO1!,2255,2258,2216,2221,19341,2175
29/8/2019 21:00,MYX:FCPO1!,2229,2246,2201,2234,22572,2196
2/9/2019 21:00,MYX:FCPO1!,2245,2254,2179,2181,22572,2201
3/9/2019 21:00,MYX:FCPO1!,2198,2217,2181,2187,26580,2185
4/9/2019 21:00,MYX:FCPO1!,2167,2197,2163,2182,22938,2173
5/9/2019 21:00,MYX:FCPO1!,2171,2216,2163,2201,18133,2252
9/9/2019 21:00,MYX:FCPO1!,2218,2233,2186,2222,25189,2259
10/9/2019 21:00,MYX:FCPO1!,2235,2240,2203,2206,24580,2287
11/9/2019 21:00,MYX:FCPO1!,2213,2221,2185,2189,19373,2317
12/9/2019 21:00,MYX:FCPO1!,2197,2206,2172,2190,17334,2322
16/9/2019 21:00,MYX:FCPO1!,2282,2297,2279,2285,26636,2384
17/9/2019 21:00,MYX:FCPO1!,2262,2273,2252,2260,18416,2398
18/9/2019 21:00,MYX:FCPO1!,2266,2272,2240,2245,19990,2417
19/9/2019 21:00,MYX:FCPO1!,2235,2238,2214,2225,17925,2496
23/9/2019 21:00,MYX:FCPO1!,2180,2183,2134,2141,27568,2485
24/9/2019 21:00,MYX:FCPO1!,2152,2159,2135,2147,16426,2461
25/9/2019 21:00,MYX:FCPO1!,2143,2173,2135,2169,16306,2515
26/9/2019 21:00,MYX:FCPO1!,2160,2163,2141,2149,16879,2554
30/9/2019 21:00,MYX:FCPO1!,2136,2176,2135,2167,22452,2528
1/10/2019 21:00,MYX:FCPO1!,2157,2168,2134,2141,18075,2573
2/10/2019 21:00,MYX:FCPO1!,2150,2164,2136,2137,16819,2604
3/10/2019 21:00,MYX:FCPO1!,2164,2170,2146,2149,17400,2586
7/10/2019 21:00,MYX:FCPO1!,2162,2177,2158,2175,17657,2606
8/10/2019 21:00,MYX:FCPO1!,2192,2206,2188,2196,17962,2571
9/10/2019 21:00,MYX:FCPO1!,2190,2216,2190,2201,15485,2622
10/10/2019 21:00,MYX:FCPO1!,2201,2221,2182,2185,17529,2685
14/10/2019 21:00,MYX:FCPO1!,2158,2174,2140,2173,16638,2667
15/10/2019 21:00,MYX:FCPO1!,2238,2260,2236,2252,23389,2748
16/10/2019 21:00,MYX:FCPO1!,2258,2274,2248,2259,22022,2676
17/10/2019 21:00,MYX:FCPO1!,2249,2289,2247,2287,19319,2687
21/10/2019 21:00,MYX:FCPO1!,2272,2321,2263,2317,23151,2723
22/10/2019 21:00,MYX:FCPO1!,2344,2359,2321,2322,26736,2744
23/10/2019 21:00,MYX:FCPO1!,2328,2408,2322,2384,32860,2747
24/10/2019 21:00,MYX:FCPO1!,2405,2460,2377,2398,41324,2773
28/10/2019 21:00,MYX:FCPO1!,2421,2444,2400,2417,18889,2815
29/10/2019 21:00,MYX:FCPO1!,2461,2499,2445,2496,27992,2858
30/10/2019 21:00,MYX:FCPO1!,2480,2514,2470,2485,33639,2903
31/10/2019 21:00,MYX:FCPO1!,2504,2505,2454,2461,27566,2878
4/11/2019 21:00,MYX:FCPO1!,2580,2594,2512,2515,32535,2891
5/11/2019 21:00,MYX:FCPO1!,2508,2564,2503,2554,24222,2852
6/11/2019 21:00,MYX:FCPO1!,2554,2575,2515,2528,23202,2878
7/11/2019 21:00,MYX:FCPO1!,2520,2585,2512,2573,27058,2858
11/11/2019 21:00,MYX:FCPO1!,2632,2653,2594,2604,21121,2874
12/11/2019 21:00,MYX:FCPO1!,2602,2650,2577,2586,21150,2912
13/11/2019 21:00,MYX:FCPO1!,2570,2639,2558,2606,26120,2923
14/11/2019 21:00,MYX:FCPO1!,2587,2594,2558,2571,15193,3005
18/11/2019 21:00,MYX:FCPO1!,2622,2635,2603,2622,24278,3073
19/11/2019 21:00,MYX:FCPO1!,2670,2699,2656,2685,28733,3052
20/11/2019 21:00,MYX:FCPO1!,2680,2709,2656,2667,29910,3130
21/11/2019 21:00,MYX:FCPO1!,2650,2755,2650,2748,29576,3116
25/11/2019 21:00,MYX:FCPO1!,2702,2705,2634,2676,27974,3042
26/11/2019 21:00,MYX:FCPO1!,2673,2694,2651,2687,21976,3041
27/11/2019 21:00,MYX:FCPO1!,2681,2726,2645,2723,31191,3110
28/11/2019 21:00,MYX:FCPO1!,2720,2782,2708,2744,22851,3134
2/12/2019 21:00,MYX:FCPO1!,2700,2763,2691,2747,21129,3005
3/12/2019 21:00,MYX:FCPO1!,2771,2777,2740,2773,23082,2945
4/12/2019 21:00,MYX:FCPO1!,2783,2818,2770,2815,20886,2886
5/12/2019 21:00,MYX:FCPO1!,2812,2883,2801,2858,22314,2837
9/12/2019 21:00,MYX:FCPO1!,2895,2929,2875,2903,25465,2887
10/12/2019 21:00,MYX:FCPO1!,2897,2930,2870,2878,21867,2973
11/12/2019 21:00,MYX:FCPO1!,2877,2908,2867,2891,18945,2925
12/12/2019 21:00,MYX:FCPO1!,2925,2928,2850,2852,22221,2861
16/12/2019 21:00,MYX:FCPO1!,2910,2920,2871,2878,19744,2575
17/12/2019 21:00,MYX:FCPO1!,2865,2877,2806,2858,33347,2723
18/12/2019 21:00,MYX:FCPO1!,2868,2885,2819,2874,22262,2652
19/12/2019 21:00,MYX:FCPO1!,2911,2922,2899,2912,18666,2604
23/12/2019 21:00,MYX:FCPO1!,2897,2926,2894,2923,11751,2668
25/12/2019 21:00,MYX:FCPO1!,2934,3008,2930,3005,15536,2804
26/12/2019 21:00,MYX:FCPO1!,3036,3103,3024,3073,19067,2850
30/12/2019 21:00,MYX:FCPO1!,3108,3130,3011,3052,17937,2813
1/1/2020 21:00,MYX:FCPO1!,3059,3144,3043,3130,24637,2695
2/1/2020 21:00,MYX:FCPO1!,3140,3149,3069,3116,22159,2709
6/1/2020 21:00,MYX:FCPO1!,3046,3085,3013,3042,29611,2625
7/1/2020 21:00,MYX:FCPO1!,3047,3059,3024,3041,18328,2660
8/1/2020 21:00,MYX:FCPO1!,3038,3124,3038,3110,24034,2639
9/1/2020 21:00,MYX:FCPO1!,3100,3150,3088,3134,16975,2547
13/1/2020 21:00,MYX:FCPO1!,3064,3075,3004,3005,23101,2590
14/1/2020 21:00,MYX:FCPO1!,3021,3038,2943,2945,27726,2622
15/1/2020 21:00,MYX:FCPO1!,2880,2926,2877,2886,23749,2438
16/1/2020 21:00,MYX:FCPO1!,2888,2902,2816,2837,26214,2419
20/1/2020 21:00,MYX:FCPO1!,2894,2896,2819,2887,31505,2459
21/1/2020 21:00,MYX:FCPO1!,2869,2975,2853,2973,25562,2319
22/1/2020 21:00,MYX:FCPO1!,2958,2966,2912,2925,24157,2377
23/1/2020 21:00,MYX:FCPO1!,2930,2936,2859,2861,9668,2495
27/1/2020 21:00,MYX:FCPO1!,2792,2798,2575,2575,40511,2524
28/1/2020 21:00,MYX:FCPO1!,2653,2810,2653,2723,30212,2451
29/1/2020 21:00,MYX:FCPO1!,2685,2703,2611,2652,26734,2342
30/1/2020 21:00,MYX:FCPO1!,2603,2634,2584,2604,24029,2359
3/2/2020 21:00,MYX:FCPO1!,2685,2697,2626,2668,27638,2277
4/2/2020 21:00,MYX:FCPO1!,2710,2813,2704,2804,31518,2284
5/2/2020 21:00,MYX:FCPO1!,2820,2895,2794,2850,28373,2250
6/2/2020 21:00,MYX:FCPO1!,2835,2880,2791,2813,30488,2239
10/2/2020 21:00,MYX:FCPO1!,2777,2779,2693,2695,29988,2216
11/2/2020 21:00,MYX:FCPO1!,2704,2718,2635,2709,37884,2288
12/2/2020 21:00,MYX:FCPO1!,2705,2709,2619,2625,32960,2353
13/2/2020 21:00,MYX:FCPO1!,2616,2662,2601,2660,23222,2383
17/2/2020 21:00,MYX:FCPO1!,2634,2647,2609,2639,22860,2357
18/2/2020 21:00,MYX:FCPO1!,2638,2638,2545,2547,26796,2378
19/2/2020 21:00,MYX:FCPO1!,2565,2592,2516,2590,32229,2402
20/2/2020 21:00,MYX:FCPO1!,2578,2626,2571,2622,26789,2339
24/2/2020 21:00,MYX:FCPO1!,2515,2533,2435,2438,31278,2311
25/2/2020 21:00,MYX:FCPO1!,2450,2482,2393,2419,39087,2245
26/2/2020 21:00,MYX:FCPO1!,2438,2470,2407,2459,25097,2315
27/2/2020 21:00,MYX:FCPO1!,2420,2430,2288,2319,33026,2357
2/3/2020 21:00,MYX:FCPO1!,2336,2387,2308,2377,28362,2304
3/3/2020 21:00,MYX:FCPO1!,2360,2502,2349,2495,33636,2312
4/3/2020 21:00,MYX:FCPO1!,2482,2586,2469,2524,36347,2250
5/3/2020 21:00,MYX:FCPO1!,2480,2494,2425,2451,27832,2261
9/3/2020 21:00,MYX:FCPO1!,2350,2396,2303,2342,29492,2204
10/3/2020 21:00,MYX:FCPO1!,2359,2375,2311,2359,22488,2235
11/3/2020 21:00,MYX:FCPO1!,2226,2304,2216,2277,30137,2064
12/3/2020 21:00,MYX:FCPO1!,2204,2349,2198,2284,29576,2075
16/3/2020 21:00,MYX:FCPO1!,2200,2342,2186,2250,46813,2119
17/3/2020 21:00,MYX:FCPO1!,2314,2393,2220,2239,51762,2075
18/3/2020 21:00,MYX:FCPO1!,2202,2271,2186,2216,34424,2020
19/3/2020 21:00,MYX:FCPO1!,2255,2303,2220,2288,34511,2031
23/3/2020 21:00,MYX:FCPO1!,2335,2383,2297,2353,27617,2088
24/3/2020 21:00,MYX:FCPO1!,2333,2429,2332,2383,26953,1975
25/3/2020 21:00,MYX:FCPO1!,2369,2406,2320,2357,28333,1946
26/3/2020 21:00,MYX:FCPO1!,2361,2399,2342,2378,19303,2020
30/3/2020 21:00,MYX:FCPO1!,2446,2446,2360,2402,30474,1994
31/3/2020 21:00,MYX:FCPO1!,2375,2420,2323,2339,25706,2032
1/4/2020 21:00,MYX:FCPO1!,2334,2368,2298,2311,26360,2031
2/4/2020 21:00,MYX:FCPO1!,2305,2323,2242,2245,23393,2091
6/4/2020 21:00,MYX:FCPO1!,2298,2332,2261,2315,25498,2182
7/4/2020 21:00,MYX:FCPO1!,2333,2378,2328,2357,25655,2159
8/4/2020 21:00,MYX:FCPO1!,2385,2409,2286,2304,24617,2207
9/4/2020 21:00,MYX:FCPO1!,2314,2335,2262,2312,20445,2167
13/4/2020 21:00,MYX:FCPO1!,2245,2264,2217,2250,21440,2281
14/4/2020 21:00,MYX:FCPO1!,2257,2303,2246,2261,15806,2268
15/4/2020 21:00,MYX:FCPO1!,2254,2271,2202,2204,22266,2292
16/4/2020 21:00,MYX:FCPO1!,2195,2244,2181,2235,22029,2341
20/4/2020 21:00,MYX:FCPO1!,2178,2186,2025,2064,43455,2399
21/4/2020 21:00,MYX:FCPO1!,2091,2114,2040,2075,36173,2326
22/4/2020 21:00,MYX:FCPO1!,2102,2125,2065,2119,24485,2348
23/4/2020 21:00,MYX:FCPO1!,2095,2108,2059,2075,20282,2388
27/4/2020 21:00,MYX:FCPO1!,2006,2030,1988,2020,19615,2349
28/4/2020 21:00,MYX:FCPO1!,2037,2049,2023,2031,14614,2366
29/4/2020 21:00,MYX:FCPO1!,2067,2095,2055,2088,18384,2371
4/5/2020 21:00,MYX:FCPO1!,2002,2012,1972,1975,16872,2356
5/5/2020 21:00,MYX:FCPO1!,1987,2005,1939,1946,18759,2361
7/5/2020 21:00,MYX:FCPO1!,1970,2024,1968,2020,23259,2367
11/5/2020 21:00,MYX:FCPO1!,2010,2017,1965,1994,22455,2472
12/5/2020 21:00,MYX:FCPO1!,1985,2038,1979,2032,15437,2466
13/5/2020 21:00,MYX:FCPO1!,2013,2044,2005,2031,20637,2436
14/5/2020 21:00,MYX:FCPO1!,2054,2104,2054,2091,16272,2395
18/5/2020 21:00,MYX:FCPO1!,2165,2189,2140,2182,26652,2368
19/5/2020 21:00,MYX:FCPO1!,2183,2186,2144,2159,20175,2297
20/5/2020 21:00,MYX:FCPO1!,2158,2209,2157,2207,22031,2327
21/5/2020 21:00,MYX:FCPO1!,2173,2181,2144,2167,21469,2362
26/5/2020 21:00,MYX:FCPO1!,2210,2297,2199,2281,26775,2358
27/5/2020 21:00,MYX:FCPO1!,2300,2300,2246,2268,25652,2359
28/5/2020 21:00,MYX:FCPO1!,2261,2303,2248,2292,20651,2407
1/6/2020 21:00,MYX:FCPO1!,2285,2347,2270,2341,26898,2403
2/6/2020 21:00,MYX:FCPO1!,2361,2400,2333,2399,21445,2412
3/6/2020 21:00,MYX:FCPO1!,2374,2387,2318,2326,33046,2502
4/6/2020 21:00,MYX:FCPO1!,2342,2396,2298,2348,34015,2564
8/6/2020 21:00,MYX:FCPO1!,2332,2422,2331,2388,29793,2520
9/6/2020 21:00,MYX:FCPO1!,2404,2420,2348,2349,26017,2614
10/6/2020 21:00,MYX:FCPO1!,2361,2381,2332,2366,21849,2641
11/6/2020 21:00,MYX:FCPO1!,2327,2400,2316,2371,22873,2656
15/6/2020 21:00,MYX:FCPO1!,2340,2364,2327,2356,23862,2708
16/6/2020 21:00,MYX:FCPO1!,2347,2384,2337,2361,21975,2778
17/6/2020 21:00,MYX:FCPO1!,2358,2371,2351,2367,14959,2603
18/6/2020 21:00,MYX:FCPO1!,2395,2475,2391,2472,19149,2645
22/6/2020 21:00,MYX:FCPO1!,2445,2468,2420,2466,20551,2677
23/6/2020 21:00,MYX:FCPO1!,2450,2472,2435,2436,17211,2768
24/6/2020 21:00,MYX:FCPO1!,2402,2412,2381,2395,16832,2717
25/6/2020 21:00,MYX:FCPO1!,2419,2430,2356,2368,20311,2765
29/6/2020 21:00,MYX:FCPO1!,2358,2367,2293,2297,21675,2758
30/6/2020 21:00,MYX:FCPO1!,2322,2352,2308,2327,21201,2643
1/7/2020 21:00,MYX:FCPO1!,2340,2368,2332,2362,16273,2688
2/7/2020 21:00,MYX:FCPO1!,2357,2394,2335,2358,19534,2716
6/7/2020 21:00,MYX:FCPO1!,2390,2404,2351,2359,16716,2686
7/7/2020 21:00,MYX:FCPO1!,2390,2409,2381,2407,19307,2711
8/7/2020 21:00,MYX:FCPO1!,2402,2433,2399,2403,20328,2737
9/7/2020 21:00,MYX:FCPO1!,2379,2435,2362,2412,23594,2681
13/7/2020 21:00,MYX:FCPO1!,2430,2504,2410,2502,22374,2615
14/7/2020 21:00,MYX:FCPO1!,2519,2567,2515,2564,18521,2645
15/7/2020 21:00,MYX:FCPO1!,2560,2584,2517,2520,23440,2682
16/7/2020 21:00,MYX:FCPO1!,2569,2625,2564,2614,27972,2738
20/7/2020 21:00,MYX:FCPO1!,2630,2692,2627,2641,25004,2784
21/7/2020 21:00,MYX:FCPO1!,2685,2712,2638,2656,29387,2811
22/7/2020 21:00,MYX:FCPO1!,2666,2710,2630,2708,31143,2891
23/7/2020 21:00,MYX:FCPO1!,2744,2790,2720,2778,30030,2835
27/7/2020 21:00,MYX:FCPO1!,2666,2666,2562,2603,31294,2871
28/7/2020 21:00,MYX:FCPO1!,2633,2646,2602,2645,21320,2814
29/7/2020 21:00,MYX:FCPO1!,2645,2695,2636,2677,19712,2814
3/8/2020 21:00,MYX:FCPO1!,2736,2808,2733,2768,20364,2811
4/8/2020 21:00,MYX:FCPO1!,2740,2769,2707,2717,26751,2940
5/8/2020 21:00,MYX:FCPO1!,2736,2775,2716,2765,21924,2975
6/8/2020 21:00,MYX:FCPO1!,2764,2780,2722,2758,20714,3080
10/8/2020 21:00,MYX:FCPO1!,2731,2750,2638,2643,24064,2957
11/8/2020 21:00,MYX:FCPO1!,2615,2690,2606,2688,25688,2861
12/8/2020 21:00,MYX:FCPO1!,2722,2778,2701,2716,28256,2757
13/8/2020 21:00,MYX:FCPO1!,2705,2739,2672,2686,25121,2822
17/8/2020 21:00,MYX:FCPO1!,2679,2720,2650,2711,29088,2777
18/8/2020 21:00,MYX:FCPO1!,2708,2758,2699,2737,23671,2714
20/8/2020 21:00,MYX:FCPO1!,2685,2700,2668,2681,25391,2789
24/8/2020 21:00,MYX:FCPO1!,2692,2700,2607,2615,24278,2708
25/8/2020 21:00,MYX:FCPO1!,2620,2650,2614,2645,22912,2818
26/8/2020 21:00,MYX:FCPO1!,2658,2698,2652,2682,24166,2870
27/8/2020 21:00,MYX:FCPO1!,2733,2758,2724,2738,24559,2888
31/8/2020 21:00,MYX:FCPO1!,2783,2825,2777,2784,22699,2911
1/9/2020 21:00,MYX:FCPO1!,2770,2843,2765,2811,24637,3003
2/9/2020 21:00,MYX:FCPO1!,2857,2902,2847,2891,27538,2989
3/9/2020 21:00,MYX:FCPO1!,2863,2873,2811,2835,25896,2918
7/9/2020 21:00,MYX:FCPO1!,2859,2885,2838,2871,23261,2870
8/9/2020 21:00,MYX:FCPO1!,2835,2872,2812,2814,24879,2858
9/9/2020 21:00,MYX:FCPO1!,2812,2840,2791,2814,22047,2888
10/9/2020 21:00,MYX:FCPO1!,2795,2824,2788,2811,21356,2943
14/9/2020 21:00,MYX:FCPO1!,2896,2942,2893,2940,19400,2942
16/9/2020 21:00,MYX:FCPO1!,2983,3002,2964,2975,31774,3065
17/9/2020 21:00,MYX:FCPO1!,3025,3083,3024,3080,28071,3051
21/9/2020 21:00,MYX:FCPO1!,2995,3000,2917,2957,32636,3011
22/9/2020 21:00,MYX:FCPO1!,2901,2928,2849,2861,31139,3070
23/9/2020 21:00,MYX:FCPO1!,2825,2825,2755,2757,35471,3097
24/9/2020 21:00,MYX:FCPO1!,2766,2845,2725,2822,27438,3208
28/9/2020 21:00,MYX:FCPO1!,2825,2847,2772,2777,28152,3181
29/9/2020 21:00,MYX:FCPO1!,2730,2776,2708,2714,31854,3256
30/9/2020 21:00,MYX:FCPO1!,2760,2825,2755,2789,26014,3346
1/10/2020 21:00,MYX:FCPO1!,2728,2734,2691,2708,22348,3391
5/10/2020 21:00,MYX:FCPO1!,2781,2820,2772,2818,20093,3380
6/10/2020 21:00,MYX:FCPO1!,2807,2892,2803,2870,24219,3279
7/10/2020 21:00,MYX:FCPO1!,2858,2908,2855,2888,20296,3364
8/10/2020 21:00,MYX:FCPO1!,2909,2950,2894,2911,23324,3342
12/10/2020 21:00,MYX:FCPO1!,2978,3023,2960,3003,27603,3288
13/10/2020 21:00,MYX:FCPO1!,2995,3018,2979,2989,23760,3249
14/10/2020 21:00,MYX:FCPO1!,2992,2998,2910,2918,21082,3285
15/10/2020 21:00,MYX:FCPO1!,2853,2902,2842,2870,26403,3227
19/10/2020 21:00,MYX:FCPO1!,2777,2863,2764,2858,29340,3338
20/10/2020 21:00,MYX:FCPO1!,2892,2938,2880,2888,27731,3347
21/10/2020 21:00,MYX:FCPO1!,2879,2945,2871,2943,29323,3316
22/10/2020 21:00,MYX:FCPO1!,2958,2963,2884,2942,31935,3332
26/10/2020 21:00,MYX:FCPO1!,3055,3084,3018,3065,33604,3437
27/10/2020 21:00,MYX:FCPO1!,3042,3123,3028,3051,34560,3366
29/10/2020 21:00,MYX:FCPO1!,3098,3115,2990,3011,29393,3358
2/11/2020 21:00,MYX:FCPO1!,3013,3078,3006,3070,25281,3403
3/11/2020 21:00,MYX:FCPO1!,3070,3136,3059,3097,28624,3410
4/11/2020 21:00,MYX:FCPO1!,3135,3211,3106,3208,30556,3446
5/11/2020 21:00,MYX:FCPO1!,3235,3262,3175,3181,27090,3365
9/11/2020 21:00,MYX:FCPO1!,3218,3259,3193,3256,25246,3378
10/11/2020 21:00,MYX:FCPO1!,3305,3349,3281,3346,26314,3444
11/11/2020 21:00,MYX:FCPO1!,3330,3397,3321,3391,21177,3412
12/11/2020 21:00,MYX:FCPO1!,3360,3413,3337,3380,23921,3535
16/11/2020 21:00,MYX:FCPO1!,3330,3349,3276,3279,29544,3569
17/11/2020 21:00,MYX:FCPO1!,3299,3370,3277,3364,27704,3550
18/11/2020 21:00,MYX:FCPO1!,3410,3420,3319,3342,25623,3588
19/11/2020 21:00,MYX:FCPO1!,3390,3392,3283,3288,26019,3600
23/11/2020 21:00,MYX:FCPO1!,3269,3315,3241,3249,31142,3755
24/11/2020 21:00,MYX:FCPO1!,3290,3302,3245,3285,21110,3877
25/11/2020 21:00,MYX:FCPO1!,3293,3293,3217,3227,23001,3817
26/11/2020 21:00,MYX:FCPO1!,3300,3340,3200,3338,36955,3830
30/11/2020 21:00,MYX:FCPO1!,3299,3366,3280,3347,21770,3695
1/12/2020 21:00,MYX:FCPO1!,3298,3336,3296,3316,21687,3692
2/12/2020 21:00,MYX:FCPO1!,3323,3388,3273,3332,33334,3527
3/12/2020 21:00,MYX:FCPO1!,3355,3447,3346,3437,27051,3423
7/12/2020 21:00,MYX:FCPO1!,3398,3429,3349,3366,22305,3267
8/12/2020 21:00,MYX:FCPO1!,3359,3388,3340,3358,20524,3221
9/12/2020 21:00,MYX:FCPO1!,3374,3423,3354,3403,17763,3284
10/12/2020 21:00,MYX:FCPO1!,3428,3456,3397,3410,18939,3282
14/12/2020 21:00,MYX:FCPO1!,3440,3469,3422,3446,13919,3266
15/12/2020 21:00,MYX:FCPO1!,3383,3414,3359,3365,25395,3388
16/12/2020 21:00,MYX:FCPO1!,3386,3420,3324,3378,25289,3490
17/12/2020 21:00,MYX:FCPO1!,3409,3448,3393,3444,21120,3391
21/12/2020 21:00,MYX:FCPO1!,3439,3465,3370,3412,28920,3226
22/12/2020 21:00,MYX:FCPO1!,3400,3544,3394,3535,29776,3317
23/12/2020 21:00,MYX:FCPO1!,3547,3598,3542,3569,21315,3375
28/12/2020 21:00,MYX:FCPO1!,3541,3556,3502,3550,13312,3572
29/12/2020 21:00,MYX:FCPO1!,3573,3606,3554,3588,16406,3629
30/12/2020 21:00,MYX:FCPO1!,3608,3619,3568,3600,14661,3558
4/1/2021 21:00,MYX:FCPO1!,3674,3757,3666,3755,23838,3535
5/1/2021 21:00,MYX:FCPO1!,3785,3888,3774,3877,28399,3632
6/1/2021 21:00,MYX:FCPO1!,3850,3884,3800,3817,25099,3489
7/1/2021 21:00,MYX:FCPO1!,3810,3843,3788,3830,20737,3522
11/1/2021 21:00,MYX:FCPO1!,3750,3796,3690,3695,18604,3676
12/1/2021 21:00,MYX:FCPO1!,3727,3740,3679,3692,21217,3651
13/1/2021 21:00,MYX:FCPO1!,3646,3654,3490,3527,27491,3784
14/1/2021 21:00,MYX:FCPO1!,3580,3600,3388,3423,24826,3742
18/1/2021 21:00,MYX:FCPO1!,3314,3360,3244,3267,35000,3642
19/1/2021 21:00,MYX:FCPO1!,3270,3280,3160,3221,33593,3678
20/1/2021 21:00,MYX:FCPO1!,3267,3303,3246,3284,29356,3731
21/1/2021 21:00,MYX:FCPO1!,3255,3308,3224,3282,31439,3741
25/1/2021 21:00,MYX:FCPO1!,3278,3292,3196,3266,29991,3915
26/1/2021 21:00,MYX:FCPO1!,3310,3392,3282,3388,29034,3974
28/1/2021 21:00,MYX:FCPO1!,3370,3495,3365,3490,27762,4060
1/2/2021 21:00,MYX:FCPO1!,3458,3464,3385,3391,24400,4125
2/2/2021 21:00,MYX:FCPO1!,3315,3327,3210,3226,31428,3897
3/2/2021 21:00,MYX:FCPO1!,3259,3379,3233,3317,33173,3937
4/2/2021 21:00,MYX:FCPO1!,3342,3420,3335,3375,22986,3799
8/2/2021 21:00,MYX:FCPO1!,3486,3594,3486,3572,23080,3724
9/2/2021 21:00,MYX:FCPO1!,3584,3656,3543,3629,25835,3930
10/2/2021 21:00,MYX:FCPO1!,3570,3590,3540,3558,10005,3923
15/2/2021 21:00,MYX:FCPO1!,3550,3602,3516,3535,33652,3863
16/2/2021 21:00,MYX:FCPO1!,3587,3651,3587,3632,27817,3692
17/2/2021 21:00,MYX:FCPO1!,3600,3600,3461,3489,27539,3572
18/2/2021 21:00,MYX:FCPO1!,3507,3564,3480,3522,27694,3612
22/2/2021 21:00,MYX:FCPO1!,3577,3696,3576,3676,25814,3741
23/2/2021 21:00,MYX:FCPO1!,3726,3745,3609,3651,29092,3737
24/2/2021 21:00,MYX:FCPO1!,3750,3791,3701,3784,25714,3802
25/2/2021 21:00,MYX:FCPO1!,3708,3762,3703,3742,22333,3845
1/3/2021 21:00,MYX:FCPO1!,3626,3659,3598,3642,23331,3791
2/3/2021 21:00,MYX:FCPO1!,3630,3682,3606,3678,21241,3767
3/3/2021 21:00,MYX:FCPO1!,3701,3767,3689,3731,25723,3726
4/3/2021 21:00,MYX:FCPO1!,3700,3807,3694,3741,28330,3730
8/3/2021 21:00,MYX:FCPO1!,3905,3941,3827,3915,26434,3807
9/3/2021 21:00,MYX:FCPO1!,3862,3986,3837,3974,30584,3716
10/3/2021 21:00,MYX:FCPO1!,3961,4064,3935,4060,25108,3805
11/3/2021 21:00,MYX:FCPO1!,4120,4153,4065,4125,30980,3894
15/3/2021 21:00,MYX:FCPO1!,4040,4059,3891,3897,30886,3989
16/3/2021 21:00,MYX:FCPO1!,3901,3981,3872,3937,26980,3927
17/3/2021 21:00,MYX:FCPO1!,3888,3911,3789,3799,30113,4069
18/3/2021 21:00,MYX:FCPO1!,3740,3766,3667,3724,29852,3936
22/3/2021 21:00,MYX:FCPO1!,3965,4011,3921,3930,25979,3868
23/3/2021 21:00,MYX:FCPO1!,3915,3966,3862,3923,29489,4042
24/3/2021 21:00,MYX:FCPO1!,3945,3954,3826,3863,22459,4044
25/3/2021 21:00,MYX:FCPO1!,3740,3761,3664,3692,30111,4215
29/3/2021 21:00,MYX:FCPO1!,3720,3721,3566,3572,29107,4427
30/3/2021 21:00,MYX:FCPO1!,3510,3624,3495,3612,22993,4350
31/3/2021 21:00,MYX:FCPO1!,3682,3763,3650,3741,28049,4506
1/4/2021 21:00,MYX:FCPO1!,3711,3780,3674,3737,15698,4457
5/4/2021 21:00,MYX:FCPO1!,3744,3819,3716,3802,26089,4302
6/4/2021 21:00,MYX:FCPO1!,3860,3870,3799,3845,20265,4112
7/4/2021 21:00,MYX:FCPO1!,3805,3921,3760,3791,33412,3991
8/4/2021 21:00,MYX:FCPO1!,3797,3868,3750,3767,26778,4024
12/4/2021 21:00,MYX:FCPO1!,3663,3757,3654,3726,24465,3916
13/4/2021 21:00,MYX:FCPO1!,3758,3787,3686,3730,25558,4010
14/4/2021 21:00,MYX:FCPO1!,3780,3813,3757,3807,19135,3891
15/4/2021 21:00,MYX:FCPO1!,3651,3723,3650,3716,24295,4092
19/4/2021 21:00,MYX:FCPO1!,3690,3813,3680,3805,24048,4158
20/4/2021 21:00,MYX:FCPO1!,3860,3951,3845,3894,27131,4129
21/4/2021 21:00,MYX:FCPO1!,3990,4010,3943,3989,24350,4049
22/4/2021 21:00,MYX:FCPO1!,4047,4084,3921,3927,26043,3871
26/4/2021 21:00,MYX:FCPO1!,3920,4074,3908,4069,35035,3844
27/4/2021 21:00,MYX:FCPO1!,3922,3976,3913,3936,27787,3663
29/4/2021 21:00,MYX:FCPO1!,3990,3996,3865,3868,25996,3580
3/5/2021 21:00,MYX:FCPO1!,4007,4093,3969,4042,24835,3404
4/5/2021 21:00,MYX:FCPO1!,4029,4085,4018,4044,18788,3377
5/5/2021 21:00,MYX:FCPO1!,4120,4231,4120,4215,25434,3424
6/5/2021 21:00,MYX:FCPO1!,4283,4434,4277,4427,27894,3390
10/5/2021 21:00,MYX:FCPO1!,4315,4434,4309,4350,26129,3445
11/5/2021 21:00,MYX:FCPO1!,4499,4525,4466,4506,10868,3421
17/5/2021 21:00,MYX:FCPO1!,4320,4468,4300,4457,24622,3520
18/5/2021 21:00,MYX:FCPO1!,4350,4380,4271,4302,26718,3553
19/5/2021 21:00,MYX:FCPO1!,4232,4311,4100,4112,26079,3599
20/5/2021 21:00,MYX:FCPO1!,4078,4134,3954,3991,34609,3710
24/5/2021 21:00,MYX:FCPO1!,3960,4034,3950,4024,30845,3789
26/5/2021 21:00,MYX:FCPO1!,3966,4015,3886,3916,30304,3851
27/5/2021 21:00,MYX:FCPO1!,4039,4061,3988,4010,29560,3795
31/5/2021 21:00,MYX:FCPO1!,3952,3976,3852,3891,32107,3769
1/6/2021 21:00,MYX:FCPO1!,3969,4107,3940,4092,30274,3892
2/6/2021 21:00,MYX:FCPO1!,4249,4260,4111,4158,33139,3977
3/6/2021 21:00,MYX:FCPO1!,4080,4166,4064,4129,26865,4021
7/6/2021 21:00,MYX:FCPO1!,4062,4065,3913,4049,31877,4173
8/6/2021 21:00,MYX:FCPO1!,4030,4060,3854,3871,31364,4137
9/6/2021 21:00,MYX:FCPO1!,3897,3950,3806,3844,36419,4151
10/6/2021 21:00,MYX:FCPO1!,3768,3792,3623,3663,31184,4149
14/6/2021 21:00,MYX:FCPO1!,3395,3593,3395,3580,31632,4121
15/6/2021 21:00,MYX:FCPO1!,3500,3500,3340,3404,34769,4271
16/6/2021 21:00,MYX:FCPO1!,3333,3452,3323,3377,44950,4422
17/6/2021 21:00,MYX:FCPO1!,3290,3460,3251,3424,37172,4308
21/6/2021 21:00,MYX:FCPO1!,3432,3499,3375,3390,41170,4427
22/6/2021 21:00,MYX:FCPO1!,3485,3548,3421,3445,32821,4369
23/6/2021 21:00,MYX:FCPO1!,3410,3480,3375,3421,32059,4143
24/6/2021 21:00,MYX:FCPO1!,3472,3526,3442,3520,25952,4291
28/6/2021 21:00,MYX:FCPO1!,3489,3569,3460,3553,32117,4217
29/6/2021 21:00,MYX:FCPO1!,3610,3679,3586,3599,38973,4274
30/6/2021 21:00,MYX:FCPO1!,3736,3763,3703,3710,29177,4200
1/7/2021 21:00,MYX:FCPO1!,3751,3809,3725,3789,23627,4511
5/7/2021 21:00,MYX:FCPO1!,3908,3978,3840,3851,30039,4474
6/7/2021 21:00,MYX:FCPO1!,3781,3838,3711,3795,35462,4511
7/7/2021 21:00,MYX:FCPO1!,3813,3816,3744,3769,24531,4408
8/7/2021 21:00,MYX:FCPO1!,3790,3904,3775,3892,28385,4301
12/7/2021 21:00,MYX:FCPO1!,3919,3997,3888,3977,30651,4238
13/7/2021 21:00,MYX:FCPO1!,3979,4056,3927,4021,25460,4265
14/7/2021 21:00,MYX:FCPO1!,3995,4189,3980,4173,24877,4303
15/7/2021 21:00,MYX:FCPO1!,4106,4155,4039,4137,29028,4364
19/7/2021 10:00,MYX:FCPO1!,4186,4193,4134,4151,24958,4392
20/7/2021 21:00,MYX:FCPO1!,4138,4200,4078,4149,31288,4333
21/7/2021 21:00,MYX:FCPO1!,4110,4145,4074,4121,24256,4254
22/7/2021 21:00,MYX:FCPO1!,4107,4294,4107,4271,27947,4176
26/7/2021 21:00,MYX:FCPO1!,4448,4480,4384,4422,29086,4241
27/7/2021 21:00,MYX:FCPO1!,4407,4437,4297,4308,25173,4310
28/7/2021 21:00,MYX:FCPO1!,4322,4453,4293,4427,27792,4390
29/7/2021 21:00,MYX:FCPO1!,4442,4498,4366,4369,28618,4478
2/8/2021 21:00,MYX:FCPO1!,4122,4189,4105,4143,29992,4392
3/8/2021 21:00,MYX:FCPO1!,4178,4333,4160,4291,25848,4278
4/8/2021 21:00,MYX:FCPO1!,4256,4334,4202,4217,27471,4340
5/8/2021 21:00,MYX:FCPO1!,4220,4285,4169,4274,27525,4440
9/8/2021 10:00,MYX:FCPO1!,4250,4330,4195,4200,23544,4261
10/8/2021 21:00,MYX:FCPO1!,4300,4548,4285,4511,29182,4192
11/8/2021 21:00,MYX:FCPO1!,4490,4560,4460,4474,23919,4330
12/8/2021 21:00,MYX:FCPO1!,4454,4519,4410,4511,23004,4447
16/8/2021 21:00,MYX:FCPO1!,4518,4530,4363,4408,27148,4441
17/8/2021 21:00,MYX:FCPO1!,4326,4352,4277,4301,29283,4447
18/8/2021 21:00,MYX:FCPO1!,4332,4365,4226,4238,34292,4455
19/8/2021 21:00,MYX:FCPO1!,4237,4292,4187,4265,31090,4595
23/8/2021 21:00,MYX:FCPO1!,4280,4326,4255,4303,27197,4505
24/8/2021 21:00,MYX:FCPO1!,4318,4388,4300,4364,28342,4738
25/8/2021 21:00,MYX:FCPO1!,4381,4413,4319,4392,27436,4872
26/8/2021 21:00,MYX:FCPO1!,4337,4393,4326,4333,25390,4849
30/8/2021 10:00,MYX:FCPO1!,4350,4374,4235,4254,23486,4966
31/8/2021 21:00,MYX:FCPO1!,4196,4284,4173,4176,30406,4855
1/9/2021 21:00,MYX:FCPO1!,4181,4266,4150,4241,27177,5021
2/9/2021 21:00,MYX:FCPO1!,4265,4371,4265,4310,28282,4877
6/9/2021 21:00,MYX:FCPO1!,4331,4400,4314,4390,22452,4961
7/9/2021 21:00,MYX:FCPO1!,4380,4480,4353,4478,35057,4944
8/9/2021 21:00,MYX:FCPO1!,4455,4460,4367,4392,27160,5071
9/9/2021 21:00,MYX:FCPO1!,4415,4419,4253,4278,29681,4968
13/9/2021 21:00,MYX:FCPO1!,4288,4378,4285,4340,23592,4924
14/9/2021 21:00,MYX:FCPO1!,4389,4450,4376,4440,20340,5012
16/9/2021 21:00,MYX:FCPO1!,4326,4329,4184,4261,36720,4966
20/9/2021 21:00,MYX:FCPO1!,4133,4197,4125,4192,20026,4929
21/9/2021 21:00,MYX:FCPO1!,4210,4342,4210,4330,26156,5026
22/9/2021 21:00,MYX:FCPO1!,4350,4460,4320,4447,27195,4970
23/9/2021 21:00,MYX:FCPO1!,4435,4491,4400,4441,21213,5071
27/9/2021 21:00,MYX:FCPO1!,4360,4477,4318,4447,26279,4880
28/9/2021 21:00,MYX:FCPO1!,4428,4483,4379,4455,22412,4792
29/9/2021 21:00,MYX:FCPO1!,4545,4598,4512,4595,25869,4920
30/9/2021 21:00,MYX:FCPO1!,4540,4580,4495,4505,21162,4881
4/10/2021 21:00,MYX:FCPO1!,4595,4786,4595,4738,26807,4935
5/10/2021 21:00,MYX:FCPO1!,4816,4880,4804,4872,24729,4788
6/10/2021 21:00,MYX:FCPO1!,4831,4862,4805,4849,21377,4899
7/10/2021 21:00,MYX:FCPO1!,4902,4981,4793,4966,34825,4998
11/10/2021 21:00,MYX:FCPO1!,4915,4917,4838,4855,24070,4993
12/10/2021 21:00,MYX:FCPO1!,4787,5039,4753,5021,35575,4852
13/10/2021 21:00,MYX:FCPO1!,4872,4930,4850,4877,25926,4916
14/10/2021 21:00,MYX:FCPO1!,4910,5002,4879,4961,24710,4927
18/10/2021 10:00,MYX:FCPO1!,4850,4950,4850,4944,26580,4849
19/10/2021 21:00,MYX:FCPO1!,4966,5090,4954,5071,31725,4672
20/10/2021 21:00,MYX:FCPO1!,5190,5220,4940,4968,38652,4684
21/10/2021 21:00,MYX:FCPO1!,4879,4935,4816,4924,40192,4650
25/10/2021 21:00,MYX:FCPO1!,5027,5067,4936,5012,29050,4929
26/10/2021 21:00,MYX:FCPO1!,4942,5019,4923,4966,28202,4841
27/10/2021 21:00,MYX:FCPO1!,4870,4941,4827,4929,29974,4778
28/10/2021 21:00,MYX:FCPO1!,4969,5054,4964,5026,28171,4800
1/11/2021 21:00,MYX:FCPO1!,5012,5049,4849,4970,36147,4699
2/11/2021 21:00,MYX:FCPO1!,4920,5086,4910,5071,29409,4486
4/11/2021 21:00,MYX:FCPO1!,4900,4936,4877,4880,27741,4400
8/11/2021 21:00,MYX:FCPO1!,4812,4823,4706,4792,36794,4408
9/11/2021 21:00,MYX:FCPO1!,4849,4945,4817,4920,28925,4384
10/11/2021 21:00,MYX:FCPO1!,4964,4980,4832,4881,31957,4448
11/11/2021 21:00,MYX:FCPO1!,4917,4995,4909,4935,26265,4478
15/11/2021 21:00,MYX:FCPO1!,4830,4858,4780,4788,21041,4649
16/11/2021 21:00,MYX:FCPO1!,4855,4910,4831,4899,27622,4772
17/11/2021 21:00,MYX:FCPO1!,4914,5010,4859,4998,27910,4695
18/11/2021 21:00,MYX:FCPO1!,5017,5069,4971,4993,25600,4683
22/11/2021 21:00,MYX:FCPO1!,5020,5025,4842,4852,27605,4697
23/11/2021 21:00,MYX:FCPO1!,4927,4937,4851,4916,26094,4914
24/11/2021 21:00,MYX:FCPO1!,4950,4995,4921,4927,20847,5036
25/11/2021 21:00,MYX:FCPO1!,4910,4945,4838,4849,23629,4985
29/11/2021 21:00,MYX:FCPO1!,4760,4806,4638,4672,33820,4993
30/11/2021 21:00,MYX:FCPO1!,4718,4737,4657,4684,24784,5069
1/12/2021 21:00,MYX:FCPO1!,4639,4677,4567,4650,26412,5040
6/12/2021 21:00,MYX:FCPO1!,4750,4935,4750,4929,29137,5161
7/12/2021 21:00,MYX:FCPO1!,4939,4949,4792,4841,25061,5123
8/12/2021 21:00,MYX:FCPO1!,4840,4916,4764,4778,28119,5034
9/12/2021 21:00,MYX:FCPO1!,4762,4841,4724,4800,23819,5124
13/12/2021 21:00,MYX:FCPO1!,4757,4815,4694,4699,25953,5187
14/12/2021 21:00,MYX:FCPO1!,4699,4717,4412,4486,40408,5322
15/12/2021 21:00,MYX:FCPO1!,4265,4444,4245,4400,31975,5282
16/12/2021 21:00,MYX:FCPO1!,4404,4529,4386,4408,28115,5329
20/12/2021 21:00,MYX:FCPO1!,4304,4418,4304,4384,23864,5444
21/12/2021 21:00,MYX:FCPO1!,4424,4500,4380,4448,22593,5628
22/12/2021 21:00,MYX:FCPO1!,4460,4520,4451,4478,22545,5592
23/12/2021 21:00,MYX:FCPO1!,4483,4653,4471,4649,20889,5513
27/12/2021 21:00,MYX:FCPO1!,4606,4796,4603,4772,23056,5617
28/12/2021 21:00,MYX:FCPO1!,4761,4770,4652,4695,22126,5449
29/12/2021 21:00,MYX:FCPO1!,4691,4740,4667,4683,20970,5594
30/12/2021 21:00,MYX:FCPO1!,4678,4742,4668,4697,19584,5535
3/1/2022 21:00,MYX:FCPO1!,4855,4922,4799,4914,22863,5573
4/1/2022 21:00,MYX:FCPO1!,4907,5047,4896,5036,22372,5657
5/1/2022 21:00,MYX:FCPO1!,5029,5053,4924,4985,25797,5433
6/1/2022 21:00,MYX:FCPO1!,5007,5045,4962,4993,22947,5507
10/1/2022 21:00,MYX:FCPO1!,5013,5079,4950,5069,24734,5539
11/1/2022 21:00,MYX:FCPO1!,5072,5112,5025,5040,22401,5840
12/1/2022 21:00,MYX:FCPO1!,5036,5164,5036,5161,23737,5982
13/1/2022 21:00,MYX:FCPO1!,5144,5153,5047,5123,22840,6453
17/1/2022 10:00,MYX:FCPO1!,4954,5045,4912,5034,27350,5966
18/1/2022 21:00,MYX:FCPO1!,5141,5195,5106,5124,32529,6762
19/1/2022 21:00,MYX:FCPO1!,5128,5228,5118,5187,32986,6660
20/1/2022 21:00,MYX:FCPO1!,5190,5327,5181,5322,26465,6808
24/1/2022 21:00,MYX:FCPO1!,5260,5286,5202,5282,24324,6276
25/1/2022 21:00,MYX:FCPO1!,5273,5352,5250,5329,19196,6416
26/1/2022 21:00,MYX:FCPO1!,5340,5500,5329,5444,30736,7074
27/1/2022 21:00,MYX:FCPO1!,5475,5639,5445,5628,33993,6961
31/1/2022 10:00,MYX:FCPO1!,5690,5700,5586,5592,9246,6707
2/2/2022 21:00,MYX:FCPO1!,5549,5611,5471,5513,19945,6132
3/2/2022 21:00,MYX:FCPO1!,5523,5626,5489,5617,24507,6067
7/2/2022 21:00,MYX:FCPO1!,5552,5581,5351,5449,46045,5936
8/2/2022 21:00,MYX:FCPO1!,5415,5612,5291,5594,46295,5629
9/2/2022 21:00,MYX:FCPO1!,5631,5631,5514,5535,34075,5967
10/2/2022 21:00,MYX:FCPO1!,5564,5624,5498,5573,31834,6192
14/2/2022 21:00,MYX:FCPO1!,5649,5773,5612,5657,24812,5943
15/2/2022 21:00,MYX:FCPO1!,5455,5547,5358,5433,31932,6027
16/2/2022 21:00,MYX:FCPO1!,5450,5557,5412,5507,41946,6020
17/2/2022 21:00,MYX:FCPO1!,5527,5623,5524,5539,29733,5930
21/2/2022 21:00,MYX:FCPO1!,5679,5856,5624,5840,28171,5705
22/2/2022 21:00,MYX:FCPO1!,5802,6043,5750,5982,38126,5566
23/2/2022 21:00,MYX:FCPO1!,5990,6465,5990,6453,46313,5915
24/2/2022 21:00,MYX:FCPO1!,6400,6470,5808,5966,56895,5912
28/2/2022 21:00,MYX:FCPO1!,6265,6794,6191,6762,34670,5827
1/3/2022 21:00,MYX:FCPO1!,6790,7108,6353,6660,43978,5921
2/3/2022 21:00,MYX:FCPO1!,6679,7040,6658,6808,27985,6177
3/3/2022 21:00,MYX:FCPO1!,6764,6865,6166,6276,29792,6135
7/3/2022 21:00,MYX:FCPO1!,6600,6695,6375,6416,25489,6288
8/3/2022 21:00,MYX:FCPO1!,6419,7268,6369,7074,24475,6468
9/3/2022 21:00,MYX:FCPO1!,6934,7071,6760,6961,22024,6463
10/3/2022 21:00,MYX:FCPO1!,7005,7099,6664,6707,19916,6308
14/3/2022 21:00,MYX:FCPO1!,6274,6361,5996,6132,22963,6313
15/3/2022 21:00,MYX:FCPO1!,5724,6081,5702,6067,23152,6355
16/3/2022 21:00,MYX:FCPO1!,6047,6174,5658,5936,30900,6400
17/3/2022 21:00,MYX:FCPO1!,5980,6098,5620,5629,25471,6987
21/3/2022 21:00,MYX:FCPO1!,5735,5994,5735,5967,24229,6914
22/3/2022 21:00,MYX:FCPO1!,5973,6219,5925,6192,20808,7104
23/3/2022 21:00,MYX:FCPO1!,6228,6339,5917,5943,28381,6752
24/3/2022 21:00,MYX:FCPO1!,5919,6060,5901,6027,23896,6400
28/3/2022 21:00,MYX:FCPO1!,5915,6080,5820,6020,20839,6313
29/3/2022 21:00,MYX:FCPO1!,5877,5983,5831,5930,19381,6476
30/3/2022 21:00,MYX:FCPO1!,5945,5983,5698,5705,21703,6342
31/3/2022 21:00,MYX:FCPO1!,5790,5810,5477,5566,29041,6369
4/4/2022 21:00,MYX:FCPO1!,5731,5950,5715,5915,17716,6116
5/4/2022 21:00,MYX:FCPO1!,5923,6013,5807,5912,23711,6134
6/4/2022 21:00,MYX:FCPO1!,5906,5950,5757,5827,24631,6072
7/4/2022 21:00,MYX:FCPO1!,5835,5945,5796,5921,20317,6109
11/4/2022 21:00,MYX:FCPO1!,5974,6181,5958,6177,22347,6482
12/4/2022 21:00,MYX:FCPO1!,6180,6249,6062,6135,24682,6383
13/4/2022 21:00,MYX:FCPO1!,6179,6338,6140,6288,23594,6533
14/4/2022 21:00,MYX:FCPO1!,6277,6520,6256,6468,13029,6353
18/4/2022 10:00,MYX:FCPO1!,6340,6473,6325,6463,24303,6304
19/4/2022 21:00,MYX:FCPO1!,6521,6546,6290,6308,31373,6356
20/4/2022 21:00,MYX:FCPO1!,6322,6428,6306,6313,22881,6468
21/4/2022 21:00,MYX:FCPO1!,6290,6408,6217,6355,27900,6453
25/4/2022 21:00,MYX:FCPO1!,6210,6453,6180,6400,23534,6505
26/4/2022 21:00,MYX:FCPO1!,6416,7040,6416,6987,33719,6467
27/4/2022 21:00,MYX:FCPO1!,7100,7132,6714,6914,26485,6210
28/4/2022 21:00,MYX:FCPO1!,6908,7229,6851,7104,25313,5920
4/5/2022 21:00,MYX:FCPO1!,6844,6925,6750,6752,19711,5848
5/5/2022 21:00,MYX:FCPO1!,6762,6854,6344,6400,30262,5657
9/5/2022 21:00,MYX:FCPO1!,6415,6464,6262,6313,20539,5473
10/5/2022 21:00,MYX:FCPO1!,6339,6582,6284,6476,25620,5454
11/5/2022 21:00,MYX:FCPO1!,6459,6534,6270,6342,29055,4980
12/5/2022 21:00,MYX:FCPO1!,6342,6479,6329,6369,18659,4499
16/5/2022 21:00,MYX:FCPO1!,6166,6215,6010,6116,21284,4744
17/5/2022 21:00,MYX:FCPO1!,6130,6201,6095,6134,20288,4664
18/5/2022 21:00,MYX:FCPO1!,6145,6169,6003,6072,28534,4989
19/5/2022 21:00,MYX:FCPO1!,5967,6325,5925,6109,45978,4903
23/5/2022 21:00,MYX:FCPO1!,6242,6564,6231,6482,29447,4910
24/5/2022 21:00,MYX:FCPO1!,6487,6524,6370,6383,27640,4708
25/5/2022 21:00,MYX:FCPO1!,6374,6589,6289,6533,30752,4174
26/5/2022 21:00,MYX:FCPO1!,6533,6698,6345,6353,33978,4055
30/5/2022 21:00,MYX:FCPO1!,6225,6381,6204,6304,28667,4140
31/5/2022 21:00,MYX:FCPO1!,6304,6390,6221,6356,24278,4157
1/6/2022 21:00,MYX:FCPO1!,6381,6544,6334,6468,24815,4116
2/6/2022 21:00,MYX:FCPO1!,6506,6632,6368,6453,23100,3761
6/6/2022 21:00,MYX:FCPO1!,6423,6574,6406,6505,20813,3568
7/6/2022 21:00,MYX:FCPO1!,6499,6616,6408,6467,27243,3588
8/6/2022 21:00,MYX:FCPO1!,6485,6485,6151,6210,28912,3812
9/6/2022 21:00,MYX:FCPO1!,6157,6277,5900,5920,28057,3935
13/6/2022 21:00,MYX:FCPO1!,5800,5879,5750,5848,24927,3720
14/6/2022 21:00,MYX:FCPO1!,5879,5879,5604,5657,27140,3704
15/6/2022 21:00,MYX:FCPO1!,5620,5629,5397,5473,31942,3787
16/6/2022 21:00,MYX:FCPO1!,5489,5489,5353,5454,26351,3826
20/6/2022 21:00,MYX:FCPO1!,4981,5081,4839,4980,36822,3957
21/6/2022 21:00,MYX:FCPO1!,4983,5020,4493,4499,35155,4289
22/6/2022 21:00,MYX:FCPO1!,4524,4791,4524,4744,38632,3841
23/6/2022 21:00,MYX:FCPO1!,4817,4949,4520,4664,32617,3864
27/6/2022 21:00,MYX:FCPO1!,4926,5048,4775,4989,29670,3821
28/6/2022 21:00,MYX:FCPO1!,4993,4997,4857,4903,26733,3878
29/6/2022 21:00,MYX:FCPO1!,4923,4975,4810,4910,25836,4119
30/6/2022 21:00,MYX:FCPO1!,4912,4912,4551,4708,38871,4111
4/7/2022 21:00,MYX:FCPO1!,4377,4432,4150,4174,29937,4264
5/7/2022 21:00,MYX:FCPO1!,4167,4181,3735,4055,46630,4407
6/7/2022 21:00,MYX:FCPO1!,4080,4214,3860,4140,44418,4182
7/7/2022 21:00,MYX:FCPO1!,4132,4314,4051,4157,33946,4193
11/7/2022 21:00,MYX:FCPO1!,4216,4280,4100,4116,22291,4043
12/7/2022 21:00,MYX:FCPO1!,4089,4096,3754,3761,33915,4093
13/7/2022 21:00,MYX:FCPO1!,3712,3948,3489,3568,43524,4234
14/7/2022 21:00,MYX:FCPO1!,3610,3744,3514,3588,31057,4308
18/7/2022 21:00,MYX:FCPO1!,3970,4077,3795,3812,37594,4258
19/7/2022 21:00,MYX:FCPO1!,3782,4036,3779,3935,35675,4172
20/7/2022 21:00,MYX:FCPO1!,3933,3967,3688,3720,28284,4144
21/7/2022 21:00,MYX:FCPO1!,3741,3813,3645,3704,30519,3994
25/7/2022 21:00,MYX:FCPO1!,3685,3902,3685,3787,33501,3915
26/7/2022 21:00,MYX:FCPO1!,3810,3880,3669,3826,34128,3797
27/7/2022 21:00,MYX:FCPO1!,3860,4024,3802,3957,33199,3690
28/7/2022 21:00,MYX:FCPO1!,3983,4306,3956,4289,32535,3541
1/8/2022 21:00,MYX:FCPO1!,4043,4060,3829,3841,29629,3594
2/8/2022 21:00,MYX:FCPO1!,3838,3973,3763,3864,23199,3898
3/8/2022 21:00,MYX:FCPO1!,3933,3940,3690,3821,29146,3856
4/8/2022 21:00,MYX:FCPO1!,3846,3936,3805,3878,18800,3724
8/8/2022 21:00,MYX:FCPO1!,4090,4193,4011,4119,25421,3737
9/8/2022 21:00,MYX:FCPO1!,4162,4190,4024,4111,18789,3887
10/8/2022 21:00,MYX:FCPO1!,4138,4274,4120,4264,20210,3826
11/8/2022 21:00,MYX:FCPO1!,4277,4495,4255,4407,29127,3736
15/8/2022 21:00,MYX:FCPO1!,4129,4329,4101,4182,22176,3523
16/8/2022 21:00,MYX:FCPO1!,4226,4250,4141,4193,23018,3226
17/8/2022 21:00,MYX:FCPO1!,4177,4206,4036,4043,27851,3342
18/8/2022 21:00,MYX:FCPO1!,4068,4180,4000,4093,27827,3416
22/8/2022 21:00,MYX:FCPO1!,4166,4250,4103,4234,29177,3614
23/8/2022 21:00,MYX:FCPO1!,4220,4350,4053,4308,35028,3642
24/8/2022 21:00,MYX:FCPO1!,4307,4338,4229,4258,24701,3700
25/8/2022 21:00,MYX:FCPO1!,4238,4313,4163,4172,22107,3837
29/8/2022 21:00,MYX:FCPO1!,4196,4218,4107,4144,29407,3692
31/8/2022 21:00,MYX:FCPO1!,4213,4216,3985,3994,23079,3736
1/9/2022 21:00,MYX:FCPO1!,3982,4013,3840,3915,23887,3665
5/9/2022 21:00,MYX:FCPO1!,3929,3956,3761,3797,21461,3833
6/9/2022 21:00,MYX:FCPO1!,3811,3848,3645,3690,31664,4011
7/9/2022 21:00,MYX:FCPO1!,3708,3749,3481,3541,33669,4118
8/9/2022 21:00,MYX:FCPO1!,3549,3680,3539,3594,26566,4096
12/9/2022 21:00,MYX:FCPO1!,3684,3912,3666,3898,23449,4101
13/9/2022 21:00,MYX:FCPO1!,3854,3900,3774,3856,21413,4127
14/9/2022 21:00,MYX:FCPO1!,3832,3856,3692,3724,19372,4121
19/9/2022 21:00,MYX:FCPO1!,3726,3797,3631,3737,31049,4147
20/9/2022 21:00,MYX:FCPO1!,3711,3919,3654,3887,30663,3989
21/9/2022 21:00,MYX:FCPO1!,3867,3884,3790,3826,24587,4233
22/9/2022 21:00,MYX:FCPO1!,3835,3860,3730,3736,27044,4398
26/9/2022 21:00,MYX:FCPO1!,3551,3589,3437,3523,26161,4337
27/9/2022 21:00,MYX:FCPO1!,3530,3559,3220,3226,36951,4367
28/9/2022 21:00,MYX:FCPO1!,3262,3400,3234,3342,34475,4361
29/9/2022 21:00,MYX:FCPO1!,3363,3450,3308,3416,24306,4198
3/10/2022 21:00,MYX:FCPO1!,3431,3637,3431,3614,23610,4178
4/10/2022 21:00,MYX:FCPO1!,3646,3810,3616,3642,23933,4287
5/10/2022 21:00,MYX:FCPO1!,3640,3806,3620,3700,24441,4033
6/10/2022 21:00,MYX:FCPO1!,3692,3846,3691,3837,20221,4022
10/10/2022 21:00,MYX:FCPO1!,3787,3819,3678,3692,24947,3850
11/10/2022 21:00,MYX:FCPO1!,3709,3783,3693,3736,24390,4004
12/10/2022 21:00,MYX:FCPO1!,3714,3782,3659,3665,22814,4105
13/10/2022 21:00,MYX:FCPO1!,3601,3889,3594,3833,29867,4040
17/10/2022 21:00,MYX:FCPO1!,3900,4084,3887,4011,46364,4140
18/10/2022 21:00,MYX:FCPO1!,4054,4165,4013,4118,42105,4219
19/10/2022 21:00,MYX:FCPO1!,4098,4196,4050,4096,37902,4234
20/10/2022 21:00,MYX:FCPO1!,4127,4179,4052,4101,27213,4078
24/10/2022 21:00,MYX:FCPO1!,4170,4263,4080,4127,32522,3952
25/10/2022 21:00,MYX:FCPO1!,4126,4235,4087,4121,35325,4094
26/10/2022 21:00,MYX:FCPO1!,4133,4255,4130,4147,30639,3969
27/10/2022 21:00,MYX:FCPO1!,4172,4189,3968,3989,35395,3943
31/10/2022 21:00,MYX:FCPO1!,4037,4298,4037,4233,35909,3995
1/11/2022 21:00,MYX:FCPO1!,4290,4450,4249,4398,28666,3886
2/11/2022 21:00,MYX:FCPO1!,4340,4497,4335,4337,27829,3950
3/11/2022 21:00,MYX:FCPO1!,4324,4473,4270,4367,28196,3878
7/11/2022 21:00,MYX:FCPO1!,4433,4458,4350,4361,19799,3918
8/11/2022 21:00,MYX:FCPO1!,4366,4403,4185,4198,27329,3869
9/11/2022 21:00,MYX:FCPO1!,4180,4275,4086,4178,28322,3960
10/11/2022 21:00,MYX:FCPO1!,4163,4333,4163,4287,26116,3898
14/11/2022 21:00,MYX:FCPO1!,4112,4176,4003,4033,25331,3830
15/11/2022 21:00,MYX:FCPO1!,4072,4119,4013,4022,22705,4100
16/11/2022 21:00,MYX:FCPO1!,3995,4016,3825,3850,33692,4087
21/11/2022 21:00,MYX:FCPO1!,3874,4018,3820,4004,32378,4090
22/11/2022 21:00,MYX:FCPO1!,4025,4125,3985,4105,29746,4174
23/11/2022 21:00,MYX:FCPO1!,4061,4219,4024,4040,27208,4253
24/11/2022 21:00,MYX:FCPO1!,4059,4154,4020,4140,22353,4169
28/11/2022 21:00,MYX:FCPO1!,4195,4286,4175,4219,32556,4090
29/11/2022 21:00,MYX:FCPO1!,4250,4265,4173,4234,27172,4052
30/11/2022 21:00,MYX:FCPO1!,4241,4300,4060,4078,36073,3984
1/12/2022 21:00,MYX:FCPO1!,4120,4161,3918,3952,33228,3911
5/12/2022 21:00,MYX:FCPO1!,3984,4111,3865,4094,38269,3911
6/12/2022 21:00,MYX:FCPO1!,4053,4116,3947,3969,31210,3841
7/12/2022 21:00,MYX:FCPO1!,4010,4056,3875,3943,26890,3795
8/12/2022 21:00,MYX:FCPO1!,3977,4043,3951,3995,25641,3867
12/12/2022 21:00,MYX:FCPO1!,3763,3941,3747,3886,32069,3889
13/12/2022 21:00,MYX:FCPO1!,3926,4005,3895,3950,24267,3892
14/12/2022 21:00,MYX:FCPO1!,3957,3993,3870,3878,15781,3753
15/12/2022 21:00,MYX:FCPO1!,3916,4013,3878,3918,25393,3781
19/12/2022 21:00,MYX:FCPO1!,3957,3995,3847,3869,25901,3902
20/12/2022 21:00,MYX:FCPO1!,3881,3979,3850,3960,25490,3815
21/12/2022 21:00,MYX:FCPO1!,3960,3994,3857,3898,21174,3751
22/12/2022 21:00,MYX:FCPO1!,3889,3889,3815,3830,27726,3851
26/12/2022 21:00,MYX:FCPO1!,4005,4117,4000,4100,27368,3939
27/12/2022 21:00,MYX:FCPO1!,4098,4133,4068,4087,19952,3997
28/12/2022 21:00,MYX:FCPO1!,4100,4106,4004,4090,18145,3973
29/12/2022 21:00,MYX:FCPO1!,4125,4242,4075,4174,24970,3931
2/1/2023 21:00,MYX:FCPO1!,4146,4276,4142,4253,24541,3956
3/1/2023 21:00,MYX:FCPO1!,4241,4257,4147,4169,30017,3936
4/1/2023 21:00,MYX:FCPO1!,4154,4170,4050,4090,29682,4069
5/1/2023 21:00,MYX:FCPO1!,4104,4136,4040,4052,24469,4131
9/1/2023 21:00,MYX:FCPO1!,4100,4102,3913,3984,33253,4141
10/1/2023 21:00,MYX:FCPO1!,3975,3999,3888,3911,26929,4146
11/1/2023 21:00,MYX:FCPO1!,3929,3963,3861,3911,23574,4235
12/1/2023 21:00,MYX:FCPO1!,3925,3930,3835,3841,23502,4202
16/1/2023 21:00,MYX:FCPO1!,3864,3883,3785,3795,23059,4142
17/1/2023 21:00,MYX:FCPO1!,3830,3894,3805,3867,27995,4182
18/1/2023 21:00,MYX:FCPO1!,3860,3918,3850,3889,20603,4294
19/1/2023 21:00,MYX:FCPO1!,3885,3950,3861,3892,20105,4352
24/1/2023 21:00,MYX:FCPO1!,3845,3859,3721,3753,28120,4205
25/1/2023 21:00,MYX:FCPO1!,3753,3815,3724,3781,15967,4180
26/1/2023 21:00,MYX:FCPO1!,3784,3910,3773,3902,21518,4205
30/1/2023 21:00,MYX:FCPO1!,3932,3976,3810,3815,21994,4093
1/2/2023 21:00,MYX:FCPO1!,3750,3795,3728,3751,20335,3982
2/2/2023 21:00,MYX:FCPO1!,3750,3870,3731,3851,21405,4017
6/2/2023 21:00,MYX:FCPO1!,3891,3972,3888,3939,23080,3933
7/2/2023 21:00,MYX:FCPO1!,3937,4035,3913,3997,27391,3920
8/2/2023 21:00,MYX:FCPO1!,3981,4007,3937,3973,19305,3784
9/2/2023 21:00,MYX:FCPO1!,3976,3985,3849,3931,24158,3664
13/2/2023 21:00,MYX:FCPO1!,3929,3978,3906,3956,19054,3569
14/2/2023 21:00,MYX:FCPO1!,3955,3985,3908,3936,20037,3512
15/2/2023 21:00,MYX:FCPO1!,3950,4093,3927,4069,33987,3687
16/2/2023 21:00,MYX:FCPO1!,4064,4170,4061,4131,28924,3707
20/2/2023 21:00,MYX:FCPO1!,4167,4200,4127,4141,19330,3788
21/2/2023 21:00,MYX:FCPO1!,4141,4225,4140,4146,25619,3761
22/2/2023 21:00,MYX:FCPO1!,4168,4238,4160,4235,25455,3966
23/2/2023 21:00,MYX:FCPO1!,4225,4269,4192,4202,26762,3868
27/2/2023 21:00,MYX:FCPO1!,4224,4234,4135,4142,25439,3823
28/2/2023 21:00,MYX:FCPO1!,4151,4220,4141,4182,24447,3794
1/3/2023 21:00,MYX:FCPO1!,4192,4425,4187,4294,34965,3888
2/3/2023 21:00,MYX:FCPO1!,4281,4359,4267,4352,23175,3775
6/3/2023 21:00,MYX:FCPO1!,4269,4287,4196,4205,21490,3713
7/3/2023 21:00,MYX:FCPO1!,4202,4218,4109,4180,24500,3702
8/3/2023 21:00,MYX:FCPO1!,4170,4247,4140,4205,25348,3789
9/3/2023 21:00,MYX:FCPO1!,4215,4244,4088,4093,31296,3735
13/3/2023 21:00,MYX:FCPO1!,4010,4064,3967,3982,30582,3705
14/3/2023 21:00,MYX:FCPO1!,3991,4058,3991,4017,22642,3635
15/3/2023 21:00,MYX:FCPO1!,3930,3959,3892,3933,28977,3570
16/3/2023 21:00,MYX:FCPO1!,3934,3993,3895,3920,26302,3455
20/3/2023 21:00,MYX:FCPO1!,3820,3854,3761,3784,30264,3338
21/3/2023 21:00,MYX:FCPO1!,3801,3811,3634,3664,34759,3421
22/3/2023 21:00,MYX:FCPO1!,3667,3683,3561,3569,32147,3425
23/3/2023 21:00,MYX:FCPO1!,3571,3650,3500,3512,44705,3601
27/3/2023 21:00,MYX:FCPO1!,3600,3695,3567,3687,30329,3807
28/3/2023 21:00,MYX:FCPO1!,3683,3723,3646,3707,23938,3709
29/3/2023 21:00,MYX:FCPO1!,3711,3802,3681,3788,27311,3603
30/3/2023 21:00,MYX:FCPO1!,3800,3805,3714,3761,25778,3648
3/4/2023 21:00,MYX:FCPO1!,3888,3980,3863,3966,23431,3457
4/4/2023 21:00,MYX:FCPO1!,3953,3965,3864,3868,30768,3434
5/4/2023 21:00,MYX:FCPO1!,3851,3914,3820,3823,25155,3392
6/4/2023 21:00,MYX:FCPO1!,3821,3855,3769,3794,25059,3481
10/4/2023 21:00,MYX:FCPO1!,3823,3916,3810,3888,27548,3378
11/4/2023 21:00,MYX:FCPO1!,3905,3909,3761,3775,32076,3407
12/4/2023 21:00,MYX:FCPO1!,3792,3804,3673,3713,29407,3493
13/4/2023 21:00,MYX:FCPO1!,3711,3760,3653,3702,25708,3559
17/4/2023 21:00,MYX:FCPO1!,3642,3810,3631,3789,33625,3403
18/4/2023 21:00,MYX:FCPO1!,3780,3820,3721,3735,30183,3201
19/4/2023 21:00,MYX:FCPO1!,3741,3773,3669,3705,25983,3279
24/4/2023 21:00,MYX:FCPO1!,3600,3658,3562,3635,28303,3381
25/4/2023 21:00,MYX:FCPO1!,3618,3630,3563,3570,26305,3316
26/4/2023 21:00,MYX:FCPO1!,3567,3597,3447,3455,36367,3320
27/4/2023 21:00,MYX:FCPO1!,3467,3484,3288,3338,42983,3264
1/5/2023 21:00,MYX:FCPO1!,3410,3449,3361,3421,22953,3367
2/5/2023 21:00,MYX:FCPO1!,3424,3464,3344,3425,20643,3416
4/5/2023 21:00,MYX:FCPO1!,3507,3625,3495,3601,31042,3452
8/5/2023 21:00,MYX:FCPO1!,3755,3837,3670,3807,41758,3521
9/5/2023 21:00,MYX:FCPO1!,3791,3800,3700,3709,36132,3743
10/5/2023 21:00,MYX:FCPO1!,3715,3735,3585,3603,24066,3727
11/5/2023 21:00,MYX:FCPO1!,3580,3666,3550,3648,25424,3614
15/5/2023 21:00,MYX:FCPO1!,3530,3558,3436,3457,27628,3562
16/5/2023 21:00,MYX:FCPO1!,3450,3463,3368,3434,35354,3620
17/5/2023 21:00,MYX:FCPO1!,3415,3448,3381,3392,24509,3675
18/5/2023 21:00,MYX:FCPO1!,3388,3494,3375,3481,25600,3755
22/5/2023 21:00,MYX:FCPO1!,3443,3468,3365,3378,29603,3789
23/5/2023 21:00,MYX:FCPO1!,3406,3433,3365,3407,29407,3883
24/5/2023 21:00,MYX:FCPO1!,3403,3520,3388,3493,28274,3862
25/5/2023 21:00,MYX:FCPO1!,3505,3586,3478,3559,29125,3911
29/5/2023 21:00,MYX:FCPO1!,3537,3556,3392,3403,32296,3834
30/5/2023 21:00,MYX:FCPO1!,3395,3399,3196,3201,37728,3889
31/5/2023 21:00,MYX:FCPO1!,3198,3285,3194,3279,27842,3926
1/6/2023 21:00,MYX:FCPO1!,3310,3409,3284,3381,23749,3865
5/6/2023 21:00,MYX:FCPO1!,3411,3421,3297,3316,22921,3881
6/6/2023 21:00,MYX:FCPO1!,3314,3374,3286,3320,22503,3895
7/6/2023 21:00,MYX:FCPO1!,3320,3350,3255,3264,22378,4046
8/6/2023 21:00,MYX:FCPO1!,3275,3404,3271,3367,28154,4035
12/6/2023 21:00,MYX:FCPO1!,3350,3437,3313,3416,26559,4066
13/6/2023 21:00,MYX:FCPO1!,3428,3527,3405,3452,28096,4062
14/6/2023 21:00,MYX:FCPO1!,3465,3536,3433,3521,21331,4026
15/6/2023 21:00,MYX:FCPO1!,3518,3791,3511,3743,45074,4006
19/6/2023 21:00,MYX:FCPO1!,3758,3791,3723,3727,21770,3872
20/6/2023 21:00,MYX:FCPO1!,3717,3758,3578,3614,31111,3915
21/6/2023 21:00,MYX:FCPO1!,3597,3635,3534,3562,27499,3824
22/6/2023 21:00,MYX:FCPO1!,3536,3675,3512,3620,28468,3859
26/6/2023 21:00,MYX:FCPO1!,3723,3756,3673,3675,28130,3693
27/6/2023 21:00,MYX:FCPO1!,3665,3802,3654,3755,30823,3771
29/6/2023 21:00,MYX:FCPO1!,3810,3829,3777,3789,23998,3728
3/7/2023 21:00,MYX:FCPO1!,3995,3995,3877,3883,21278,3717
4/7/2023 21:00,MYX:FCPO1!,3893,3936,3853,3862,29193,3783
5/7/2023 21:00,MYX:FCPO1!,3878,3925,3865,3911,28021,3846
6/7/2023 21:00,MYX:FCPO1!,3900,3914,3822,3834,29414,3923
10/7/2023 21:00,MYX:FCPO1!,3914,3981,3862,3889,25392,3871
11/7/2023 21:00,MYX:FCPO1!,3899,3945,3889,3926,18187,3866
12/7/2023 21:00,MYX:FCPO1!,3921,3961,3829,3865,25711,3830
13/7/2023 21:00,MYX:FCPO1!,3886,3935,3812,3881,29352,3881
17/7/2023 21:00,MYX:FCPO1!,3927,3956,3870,3895,28034,3962
19/7/2023 21:00,MYX:FCPO1!,3962,4050,3954,4046,34503,3930
20/7/2023 21:00,MYX:FCPO1!,4035,4080,4006,4035,39458,4010
24/7/2023 21:00,MYX:FCPO1!,4146,4162,4042,4066,32064,4040
25/7/2023 21:00,MYX:FCPO1!,4062,4150,4040,4062,33642,3901
26/7/2023 21:00,MYX:FCPO1!,4061,4088,4020,4026,27633,3881
27/7/2023 21:00,MYX:FCPO1!,4039,4039,3944,4006,30746,3832
31/7/2023 21:00,MYX:FCPO1!,3878,3917,3832,3872,24787,3830
1/8/2023 21:00,MYX:FCPO1!,3868,3946,3855,3915,21728,3683
2/8/2023 21:00,MYX:FCPO1!,3915,3931,3817,3824,27392,3726
3/8/2023 21:00,MYX:FCPO1!,3837,3888,3809,3859,28820,3761
7/8/2023 21:00,MYX:FCPO1!,3769,3787,3683,3693,28830,3785
8/8/2023 21:00,MYX:FCPO1!,3687,3778,3662,3771,25271,3749
9/8/2023 21:00,MYX:FCPO1!,3770,3803,3717,3728,27559,3720
10/8/2023 21:00,MYX:FCPO1!,3733,3770,3690,3717,21592,3678
14/8/2023 21:00,MYX:FCPO1!,3686,3842,3681,3783,25460,3681
15/8/2023 21:00,MYX:FCPO1!,3822,3860,3814,3846,20036,3692
16/8/2023 21:00,MYX:FCPO1!,3853,3936,3828,3923,24931,3771
17/8/2023 21:00,MYX:FCPO1!,3915,3966,3866,3871,27139,3767
21/8/2023 21:00,MYX:FCPO1!,3938,3944,3855,3866,23565,3708
22/8/2023 21:00,MYX:FCPO1!,3862,3898,3804,3830,26222,3715
23/8/2023 21:00,MYX:FCPO1!,3840,3938,3833,3881,30031,3607
24/8/2023 21:00,MYX:FCPO1!,3873,3964,3855,3962,26875,3600
28/8/2023 21:00,MYX:FCPO1!,3910,3965,3908,3930,23186,3565
29/8/2023 21:00,MYX:FCPO1!,3932,4020,3919,4010,28527,3551
31/8/2023 21:00,MYX:FCPO1!,4010,4068,3990,4040,22658,3638
4/9/2023 21:00,MYX:FCPO1!,3988,3988,3898,3901,23811,3737
5/9/2023 21:00,MYX:FCPO1!,3918,3941,3862,3881,28211,3784
6/9/2023 21:00,MYX:FCPO1!,3891,3904,3817,3832,20639,3810
7/9/2023 21:00,MYX:FCPO1!,3841,3841,3781,3830,30816,3758
11/9/2023 21:00,MYX:FCPO1!,3715,3772,3667,3683,32952,3771
12/9/2023 21:00,MYX:FCPO1!,3695,3730,3671,3726,28628,3667
13/9/2023 21:00,MYX:FCPO1!,3721,3776,3698,3761,21504,3679
14/9/2023 21:00,MYX:FCPO1!,3761,3812,3755,3785,17407,3762
18/9/2023 21:00,MYX:FCPO1!,3746,3763,3690,3749,33175,3775
19/9/2023 21:00,MYX:FCPO1!,3747,3757,3706,3720,23248,3679
20/9/2023 21:00,MYX:FCPO1!,3725,3728,3637,3678,29493,3688
21/9/2023 21:00,MYX:FCPO1!,3682,3702,3644,3681,27773,3784
25/9/2023 21:00,MYX:FCPO1!,3703,3721,3675,3692,31695,3768
26/9/2023 21:00,MYX:FCPO1!,3684,3806,3676,3771,36240,3720
28/9/2023 21:00,MYX:FCPO1!,3752,3844,3750,3767,28412,3768
2/10/2023 21:00,MYX:FCPO1!,3718,3762,3693,3708,23578,3743
3/10/2023 21:00,MYX:FCPO1!,3700,3739,3688,3715,22095,3802
4/10/2023 21:00,MYX:FCPO1!,3701,3710,3603,3607,33969,3904
5/10/2023 21:00,MYX:FCPO1!,3610,3632,3563,3600,29808,3978
9/10/2023 21:00,MYX:FCPO1!,3608,3636,3520,3565,28844,3998
10/10/2023 21:00,MYX:FCPO1!,3575,3611,3547,3551,34732,3931
11/10/2023 21:00,MYX:FCPO1!,3539,3649,3539,3638,31679,3953
12/10/2023 21:00,MYX:FCPO1!,3639,3740,3613,3737,25763,3988
16/10/2023 21:00,MYX:FCPO1!,3792,3808,3758,3784,33314,3951
17/10/2023 21:00,MYX:FCPO1!,3779,3835,3771,3810,29841,3890
18/10/2023 21:00,MYX:FCPO1!,3819,3842,3740,3758,30060,3897
19/10/2023 21:00,MYX:FCPO1!,3770,3780,3711,3771,29051,3872
23/10/2023 21:00,MYX:FCPO1!,3754,3756,3651,3667,32118,3895
24/10/2023 21:00,MYX:FCPO1!,3683,3692,3623,3679,31395,3874
25/10/2023 21:00,MYX:FCPO1!,3669,3794,3661,3762,34585,3781
26/10/2023 21:00,MYX:FCPO1!,3758,3790,3711,3775,23081,3719
30/10/2023 21:00,MYX:FCPO1!,3740,3755,3660,3679,26519,3702
31/10/2023 21:00,MYX:FCPO1!,3689,3729,3658,3688,23310,3740
1/11/2023 21:00,MYX:FCPO1!,3697,3800,3682,3784,33246,3735
2/11/2023 21:00,MYX:FCPO1!,3783,3808,3761,3768,22532,3670
6/11/2023 21:00,MYX:FCPO1!,3760,3805,3710,3720,27908,3688
7/11/2023 21:00,MYX:FCPO1!,3720,3789,3720,3768,24289,3692
8/11/2023 21:00,MYX:FCPO1!,3755,3787,3727,3743,22152,3755
9/11/2023 21:00,MYX:FCPO1!,3750,3815,3740,3802,28858,3778
13/11/2023 21:00,MYX:FCPO1!,3826,3910,3826,3904,27559,3741
14/11/2023 21:00,MYX:FCPO1!,3908,3996,3904,3978,27014,3738
15/11/2023 21:00,MYX:FCPO1!,4020,4043,3979,3998,28387,3763
16/11/2023 21:00,MYX:FCPO1!,3997,4004,3912,3931,27140,3770
20/11/2023 21:00,MYX:FCPO1!,3939,4008,3938,3953,24852,3739
21/11/2023 21:00,MYX:FCPO1!,3954,4029,3942,3988,32306,3721
22/11/2023 21:00,MYX:FCPO1!,3991,3994,3943,3951,21690,3660
23/11/2023 21:00,MYX:FCPO1!,3955,3955,3886,3890,23538,3621
27/11/2023 21:00,MYX:FCPO1!,3892,3931,3864,3897,27168,3657
28/11/2023 21:00,MYX:FCPO1!,3900,3913,3842,3872,26346,3682
29/11/2023 21:00,MYX:FCPO1!,3869,3912,3861,3895,18798,3732
30/11/2023 21:00,MYX:FCPO1!,3897,3920,3825,3874,29459,3757
4/12/2023 21:00,MYX:FCPO1!,3824,3840,3758,3781,30374,3794
5/12/2023 21:00,MYX:FCPO1!,3777,3779,3675,3719,38960,3856
6/12/2023 21:00,MYX:FCPO1!,3712,3726,3641,3702,29968,3862
7/12/2023 21:00,MYX:FCPO1!,3716,3778,3716,3740,18965,3815
11/12/2023 21:00,MYX:FCPO1!,3756,3786,3711,3735,26345,3895
12/12/2023 21:00,MYX:FCPO1!,3729,3740,3667,3670,28158,3939
13/12/2023 21:00,MYX:FCPO1!,3677,3704,3656,3688,23323,3948
14/12/2023 21:00,MYX:FCPO1!,3697,3728,3664,3692,20013,3994
18/12/2023 21:00,MYX:FCPO1!,3770,3793,3751,3755,25951,4017
19/12/2023 21:00,MYX:FCPO1!,3758,3804,3758,3778,22715,3842
20/12/2023 21:00,MYX:FCPO1!,3790,3819,3725,3741,22128,3798
21/12/2023 21:00,MYX:FCPO1!,3742,3743,3684,3738,19455,3764
25/12/2023 21:00,MYX:FCPO1!,3750,3768,3730,3763,12648,3843
26/12/2023 21:00,MYX:FCPO1!,3771,3794,3755,3770,20361,3877
27/12/2023 21:00,MYX:FCPO1!,3751,3767,3736,3739,20479,3874
28/12/2023 21:00,MYX:FCPO1!,3744,3754,3676,3721,22534,3884
1/1/2024 21:00,MYX:FCPO1!,3682,3703,3653,3660,22625,3901
2/1/2024 21:00,MYX:FCPO1!,3668,3676,3607,3621,36348,3948
3/1/2024 21:00,MYX:FCPO1!,3637,3670,3628,3657,21581,3875
4/1/2024 21:00,MYX:FCPO1!,3654,3688,3645,3682,25717,3809
8/1/2024 21:00,MYX:FCPO1!,3682,3745,3632,3732,33495,3860
9/1/2024 21:00,MYX:FCPO1!,3736,3813,3721,3757,36257,3863
10/1/2024 21:00,MYX:FCPO1!,3770,3815,3768,3794,34811,3839
11/1/2024 21:00,MYX:FCPO1!,3791,3873,3781,3856,31472,3853
15/1/2024 21:00,MYX:FCPO1!,3803,3887,3803,3862,35651,3922
16/1/2024 21:00,MYX:FCPO1!,3870,3886,3805,3815,32619,3907
17/1/2024 21:00,MYX:FCPO1!,3819,3908,3800,3895,30070,3970
18/1/2024 21:00,MYX:FCPO1!,3899,3950,3878,3939,31055,3966
22/1/2024 21:00,MYX:FCPO1!,3897,3980,3897,3948,29226,3986
23/1/2024 21:00,MYX:FCPO1!,3945,3998,3937,3994,27629,4081
25/1/2024 21:00,MYX:FCPO1!,3961,4036,3949,4017,33356,4071
29/1/2024 21:00,MYX:FCPO1!,3946,3957,3832,3842,38858,4094
30/1/2024 21:00,MYX:FCPO1!,3833,3860,3795,3798,32237,4129
1/2/2024 21:00,MYX:FCPO1!,3780,3791,3754,3764,28249,4195
5/2/2024 21:00,MYX:FCPO1!,3797,3853,3782,3843,22866,4295
6/2/2024 21:00,MYX:FCPO1!,3855,3890,3815,3877,28806,4287
7/2/2024 21:00,MYX:FCPO1!,3875,3920,3845,3874,28977,4201
8/2/2024 21:00,MYX:FCPO1!,3871,3945,3871,3884,25058,4272
12/2/2024 21:00,MYX:FCPO1!,3882,3914,3840,3901,29105,4249
13/2/2024 21:00,MYX:FCPO1!,3897,3958,3897,3948,23932,4188
14/2/2024 21:00,MYX:FCPO1!,3948,3965,3868,3875,20281,4236
15/2/2024 21:00,MYX:FCPO1!,3826,3848,3802,3809,26914,4136
19/2/2024 21:00,MYX:FCPO1!,3864,3895,3851,3860,23938,4194
20/2/2024 21:00,MYX:FCPO1!,3862,3914,3824,3863,41274,4312
21/2/2024 21:00,MYX:FCPO1!,3865,3890,3831,3839,34783,4407
22/2/2024 21:00,MYX:FCPO1!,3845,3865,3811,3853,24320,4400
26/2/2024 21:00,MYX:FCPO1!,3863,3933,3863,3922,31990,4343
27/2/2024 21:00,MYX:FCPO1!,3915,3944,3891,3907,26527,4318
28/2/2024 21:00,MYX:FCPO1!,3916,3981,3911,3970,29081,4282
29/2/2024 21:00,MYX:FCPO1!,3961,3997,3940,3966,25180,4074
4/3/2024 21:00,MYX:FCPO1!,3942,3996,3916,3986,26223,4012
5/3/2024 21:00,MYX:FCPO1!,3979,4083,3979,4081,25238,3984
6/3/2024 21:00,MYX:FCPO1!,4076,4090,4044,4071,29432,3926
7/3/2024 21:00,MYX:FCPO1!,4100,4143,4073,4094,36114,3971
11/3/2024 21:00,MYX:FCPO1!,4122,4175,4115,4129,31641,3942
12/3/2024 21:00,MYX:FCPO1!,4138,4198,4130,4195,37276,3874
13/3/2024 21:00,MYX:FCPO1!,4191,4316,4190,4295,43278,3896
14/3/2024 21:00,MYX:FCPO1!,4275,4327,4264,4287,29317,3818
18/3/2024 21:00,MYX:FCPO1!,4236,4271,4196,4201,43669,3846
19/3/2024 21:00,MYX:FCPO1!,4201,4300,4198,4272,43856,3844
20/3/2024 21:00,MYX:FCPO1!,4278,4314,4233,4249,30828,3930
21/3/2024 21:00,MYX:FCPO1!,4248,4284,4176,4188,33979,3869
25/3/2024 21:00,MYX:FCPO1!,4254,4280,4217,4236,25094,3831
26/3/2024 21:00,MYX:FCPO1!,4238,4238,4128,4136,36400,3809
28/3/2024 21:00,MYX:FCPO1!,4161,4200,4151,4194,15776,3815
1/4/2024 21:00,MYX:FCPO1!,4260,4324,4224,4312,30714,3861
2/4/2024 21:00,MYX:FCPO1!,4306,4443,4292,4407,55338,3804
3/4/2024 21:00,MYX:FCPO1!,4405,4431,4370,4400,32810,3892
4/4/2024 21:00,MYX:FCPO1!,4384,4386,4321,4343,37584,3868
8/4/2024 21:00,MYX:FCPO1!,4291,4333,4261,4318,27014,3894
11/4/2024 21:00,MYX:FCPO1!,4275,4286,4230,4282,28977,3885
15/4/2024 21:00,MYX:FCPO1!,4145,4167,4072,4074,34557,3960
16/4/2024 21:00,MYX:FCPO1!,4077,4093,3974,4012,48227,4034
17/4/2024 21:00,MYX:FCPO1!,4010,4028,3980,3984,34165,3993
18/4/2024 21:00,MYX:FCPO1!,3979,4040,3886,3926,45007,4076
22/4/2024 21:00,MYX:FCPO1!,3936,4023,3923,3971,33114,3921
23/4/2024 21:00,MYX:FCPO1!,3949,4022,3925,3942,30144,3906
24/4/2024 21:00,MYX:FCPO1!,3942,3965,3817,3874,49041,3960
25/4/2024 21:00,MYX:FCPO1!,3873,3920,3836,3896,30111,3975
29/4/2024 21:00,MYX:FCPO1!,3907,3930,3814,3818,38878,3931
1/5/2024 21:00,MYX:FCPO1!,3805,3850,3801,3846,25087,3963
2/5/2024 21:00,MYX:FCPO1!,3843,3851,3809,3844,20438,3936
6/5/2024 21:00,MYX:FCPO1!,3862,3935,3860,3930,31055,3946
7/5/2024 21:00,MYX:FCPO1!,3930,3956,3867,3869,36543,3883
8/5/2024 21:00,MYX:FCPO1!,3868,3889,3820,3831,25888,3920
9/5/2024 21:00,MYX:FCPO1!,3825,3848,3767,3809,34274,3959
13/5/2024 21:00,MYX:FCPO1!,3874,3904,3809,3815,33767,3900
14/5/2024 21:00,MYX:FCPO1!,3805,3880,3780,3861,29448,3859
15/5/2024 21:00,MYX:FCPO1!,3843,3870,3790,3804,22529,3879
16/5/2024 21:00,MYX:FCPO1!,3811,3908,3805,3892,29159,3890
20/5/2024 21:00,MYX:FCPO1!,3917,3964,3862,3868,34515,3916
22/5/2024 21:00,MYX:FCPO1!,3879,3913,3873,3894,29692,4089
23/5/2024 21:00,MYX:FCPO1!,3906,3932,3876,3885,25500,4082
27/5/2024 21:00,MYX:FCPO1!,3873,3968,3873,3960,31712,4067
28/5/2024 21:00,MYX:FCPO1!,3961,4043,3942,4034,34913,4042
29/5/2024 21:00,MYX:FCPO1!,4022,4029,3965,3993,37303,3959
30/5/2024 21:00,MYX:FCPO1!,3990,4087,3968,4076,36336,3918
3/6/2024 21:00,MYX:FCPO1!,3946,3951,3898,3921,42636,3935
4/6/2024 21:00,MYX:FCPO1!,3920,3950,3892,3906,31356,3915
5/6/2024 21:00,MYX:FCPO1!,3912,3978,3890,3960,29003,3925
6/6/2024 21:00,MYX:FCPO1!,3974,4026,3966,3975,30637,3932
10/6/2024 21:00,MYX:FCPO1!,3936,3962,3883,3931,34863,3937
11/6/2024 21:00,MYX:FCPO1!,3918,3988,3915,3963,26930,3961
12/6/2024 21:00,MYX:FCPO1!,3972,3999,3932,3936,24793,3969
13/6/2024 21:00,MYX:FCPO1!,3936,3983,3910,3946,31952,3925
17/6/2024 21:00,MYX:FCPO1!,3927,3929,3868,3883,32478,3918
18/6/2024 21:00,MYX:FCPO1!,3880,3940,3880,3920,25313,3942
19/6/2024 21:00,MYX:FCPO1!,3926,3966,3901,3959,26883,3915
20/6/2024 21:00,MYX:FCPO1!,3951,3962,3892,3900,30043,3908
24/6/2024 21:00,MYX:FCPO1!,3891,3900,3846,3859,32571,3870
25/6/2024 21:00,MYX:FCPO1!,3864,3894,3830,3879,30286,3917
26/6/2024 21:00,MYX:FCPO1!,3877,3908,3858,3890,30059,3705
27/6/2024 21:00,MYX:FCPO1!,3895,3932,3893,3916,30025,3697
1/7/2024 21:00,MYX:FCPO1!,3985,4096,3985,4089,32231,3704
2/7/2024 21:00,MYX:FCPO1!,4096,4104,4020,4082,33849,3747
3/7/2024 21:00,MYX:FCPO1!,4089,4122,4052,4067,28163,3690
4/7/2024 21:00,MYX:FCPO1!,4069,4090,4034,4042,27919,3723
8/7/2024 21:00,MYX:FCPO1!,4004,4008,3933,3959,37924,3754
9/7/2024 21:00,MYX:FCPO1!,3959,3963,3850,3918,46731,3681
10/7/2024 21:00,MYX:FCPO1!,3924,3940,3890,3935,23786,3715
11/7/2024 21:00,MYX:FCPO1!,3939,3991,3909,3915,29917,3754
15/7/2024 21:00,MYX:FCPO1!,3859,3938,3853,3925,19455,3826
16/7/2024 21:00,MYX:FCPO1!,3912,3977,3906,3932,26198,3867
17/7/2024 21:00,MYX:FCPO1!,3948,3961,3900,3937,26501,3923
18/7/2024 21:00,MYX:FCPO1!,3933,3963,3914,3961,17859,3920
22/7/2024 21:00,MYX:FCPO1!,3984,4017,3954,3969,26465,3940
23/7/2024 21:00,MYX:FCPO1!,3974,3991,3906,3925,35099,3977
24/7/2024 21:00,MYX:FCPO1!,3926,3930,3878,3918,31917,3931
25/7/2024 21:00,MYX:FCPO1!,3928,3970,3909,3942,25274,3886
29/7/2024 21:00,MYX:FCPO1!,3903,3952,3881,3915,36466,3917
30/7/2024 21:00,MYX:FCPO1!,3901,3918,3881,3908,31112,3898
31/7/2024 21:00,MYX:FCPO1!,3921,3941,3843,3870,41794,3885
1/8/2024 21:00,MYX:FCPO1!,3863,3933,3858,3917,35650,3901
5/8/2024 21:00,MYX:FCPO1!,3792,3799,3700,3705,48405,3852
6/8/2024 21:00,MYX:FCPO1!,3702,3749,3679,3697,37936,3814
7/8/2024 21:00,MYX:FCPO1!,3730,3752,3670,3704,34504,3736
8/8/2024 21:00,MYX:FCPO1!,3711,3767,3709,3747,29244,3845
12/8/2024 21:00,MYX:FCPO1!,3719,3732,3674,3690,28073,3876
13/8/2024 21:00,MYX:FCPO1!,3700,3730,3638,3723,32314,3947
14/8/2024 21:00,MYX:FCPO1!,3719,3761,3714,3754,25253,3988
15/8/2024 21:00,MYX:FCPO1!,3688,3734,3672,3681,25981,4043
19/8/2024 21:00,MYX:FCPO1!,3711,3741,3698,3715,28367,4152
20/8/2024 21:00,MYX:FCPO1!,3714,3776,3714,3754,29895,4051
21/8/2024 21:00,MYX:FCPO1!,3762,3828,3741,3826,42636,4006
22/8/2024 21:00,MYX:FCPO1!,3822,3880,3794,3867,32854,4196
26/8/2024 21:00,MYX:FCPO1!,3935,3979,3918,3923,43382,4182
27/8/2024 21:00,MYX:FCPO1!,3930,3942,3903,3920,34130,4300
28/8/2024 21:00,MYX:FCPO1!,3907,3950,3872,3940,31696,4271
29/8/2024 21:00,MYX:FCPO1!,3944,4003,3932,3977,30590,4252
2/9/2024 21:00,MYX:FCPO1!,3929,3990,3910,3931,34512,4233
3/9/2024 21:00,MYX:FCPO1!,3941,3955,3866,3886,34834,4350
4/9/2024 21:00,MYX:FCPO1!,3881,3925,3849,3917,28128,4272
5/9/2024 21:00,MYX:FCPO1!,3914,3950,3884,3898,30631,4311
9/9/2024 21:00,MYX:FCPO1!,3898,3914,3868,3885,32782,4278
10/9/2024 21:00,MYX:FCPO1!,3894,3951,3858,3901,39520,4255
11/9/2024 21:00,MYX:FCPO1!,3899,3899,3830,3852,43543,4386
12/9/2024 21:00,MYX:FCPO1!,3857,3904,3806,3814,51875,4486
16/9/2024 21:00,MYX:FCPO1!,3719,3760,3702,3736,28510,4603
17/9/2024 21:00,MYX:FCPO1!,3741,3856,3738,3845,29091,4536
18/9/2024 21:00,MYX:FCPO1!,3844,3967,3819,3876,60543,4637
19/9/2024 21:00,MYX:FCPO1!,3899,3950,3879,3947,30067,4696
23/9/2024 21:00,MYX:FCPO1!,3984,4022,3952,3988,34582,4868
24/9/2024 21:00,MYX:FCPO1!,4003,4069,3990,4043,41907,4806
25/9/2024 21:00,MYX:FCPO1!,4037,4155,4029,4152,43642,4917
26/9/2024 21:00,MYX:FCPO1!,4158,4199,4030,4051,54467,4952
30/9/2024 21:00,MYX:FCPO1!,4017,4046,3994,4006,29207,5101
1/10/2024 21:00,MYX:FCPO1!,4000,4198,4000,4196,55833,5026
2/10/2024 21:00,MYX:FCPO1!,4177,4229,4121,4182,51237,4987
3/10/2024 21:00,MYX:FCPO1!,4190,4350,4175,4300,45627,4964
7/10/2024 21:00,MYX:FCPO1!,4337,4408,4241,4271,52841,5088
8/10/2024 21:00,MYX:FCPO1!,4276,4302,4194,4252,42191,4924
9/10/2024 21:00,MYX:FCPO1!,4236,4285,4187,4233,43678,4815
10/10/2024 21:00,MYX:FCPO1!,4240,4352,4239,4350,47486,4772
14/10/2024 21:00,MYX:FCPO1!,4300,4321,4236,4272,38576,4642
15/10/2024 21:00,MYX:FCPO1!,4233,4333,4226,4311,48470,4735
16/10/2024 21:00,MYX:FCPO1!,4319,4335,4258,4278,47752,4798
17/10/2024 21:00,MYX:FCPO1!,4283,4378,4230,4255,50737,4885
21/10/2024 21:00,MYX:FCPO1!,4301,4389,4290,4386,39786,5020
22/10/2024 21:00,MYX:FCPO1!,4397,4514,4384,4486,48325,5075
23/10/2024 21:00,MYX:FCPO1!,4478,4610,4451,4603,44183,5032
24/10/2024 21:00,MYX:FCPO1!,4590,4660,4518,4536,49408,5135
28/10/2024 21:00,MYX:FCPO1!,4529,4659,4523,4637,43817,5128
29/10/2024 21:00,MYX:FCPO1!,4628,4702,4592,4696,45211,4951
31/10/2024 21:00,MYX:FCPO1!,4764,4879,4745,4868,38331,4856
4/11/2024 21:00,MYX:FCPO1!,4878,4889,4784,4806,39369,4921
5/11/2024 21:00,MYX:FCPO1!,4809,4924,4780,4917,42740,4906
6/11/2024 21:00,MYX:FCPO1!,4898,5014,4867,4952,50229,4725
7/11/2024 21:00,MYX:FCPO1!,4970,5104,4965,5101,55255,4529
11/11/2024 21:00,MYX:FCPO1!,5172,5195,5020,5026,58721,4508
12/11/2024 21:00,MYX:FCPO1!,5052,5095,4845,4987,74439,4433
13/11/2024 21:00,MYX:FCPO1!,4970,5018,4826,4964,61095,4558
14/11/2024 21:00,MYX:FCPO1!,4950,5092,4915,5088,46770,4543
18/11/2024 21:00,MYX:FCPO1!,4907,5007,4804,4924,49592,4624
19/11/2024 21:00,MYX:FCPO1!,4928,4972,4811,4815,44223,4448
20/11/2024 21:00,MYX:FCPO1!,4812,4825,4626,4772,66087,4368
21/11/2024 21:00,MYX:FCPO1!,4746,4764,4638,4642,45437,4365
25/11/2024 21:00,MYX:FCPO1!,4691,4764,4660,4735,38735,4354
26/11/2024 21:00,MYX:FCPO1!,4741,4820,4700,4798,37084,4296
27/11/2024 21:00,MYX:FCPO1!,4790,4891,4752,4885,41291,4391
28/11/2024 21:00,MYX:FCPO1!,4874,5039,4857,5020,45798,4437
2/12/2024 21:00,MYX:FCPO1!,4960,5087,4946,5075,39884,4367
3/12/2024 21:00,MYX:FCPO1!,5085,5160,5010,5032,51440,4186
4/12/2024 21:00,MYX:FCPO1!,5053,5158,4988,5135,40814,4190
5/12/2024 21:00,MYX:FCPO1!,5130,5179,5080,5128,43242,4260
9/12/2024 21:00,MYX:FCPO1!,5126,5158,4925,4951,52236,4208
10/12/2024 21:00,MYX:FCPO1!,4951,4982,4817,4856,48613,4190
11/12/2024 21:00,MYX:FCPO1!,4858,4938,4762,4921,50529,4216
12/12/2024 21:00,MYX:FCPO1!,4908,4938,4856,4906,45590,4279
16/12/2024 21:00,MYX:FCPO1!,4758,4779,4687,4725,44644,4289
17/12/2024 21:00,MYX:FCPO1!,4715,4724,4505,4529,58347,4308
18/12/2024 21:00,MYX:FCPO1!,4537,4574,4367,4508,72855,4334
19/12/2024 21:00,MYX:FCPO1!,4493,4546,4347,4433,57294,4403
23/12/2024 21:00,MYX:FCPO1!,4542,4566,4506,4558,23034,4504
25/12/2024 21:00,MYX:FCPO1!,4501,4576,4469,4543,22020,4593
26/12/2024 21:00,MYX:FCPO1!,4544,4634,4530,4624,26590,4554
30/12/2024 21:00,MYX:FCPO1!,4562,4577,4418,4448,35763,4592
2/1/2025 21:00,MYX:FCPO1!,4343,4403,4280,4368,45127,4504
6/1/2025 21:00,MYX:FCPO1!,4361,4425,4286,4365,47331,4672
7/1/2025 21:00,MYX:FCPO1!,4380,4408,4313,4354,37733,4642
8/1/2025 21:00,MYX:FCPO1!,4353,4354,4225,4296,43753,4664
9/1/2025 21:00,MYX:FCPO1!,4297,4409,4273,4391,37060,4565
13/1/2025 21:00,MYX:FCPO1!,4496,4510,4433,4437,33511,4611
14/1/2025 21:00,MYX:FCPO1!,4444,4453,4323,4367,32985,4511
15/1/2025 21:00,MYX:FCPO1!,4251,4284,4166,4186,35336,4554
16/1/2025 21:00,MYX:FCPO1!,4170,4215,4106,4190,36550,4349
20/1/2025 21:00,MYX:FCPO1!,4205,4272,4183,4260,34126,4417
21/1/2025 21:00,MYX:FCPO1!,4258,4278,4169,4208,28189,4480
22/1/2025 21:00,MYX:FCPO1!,4194,4201,4127,4190,32587,4625
23/1/2025 21:00,MYX:FCPO1!,4182,4245,4152,4216,41098,4488
27/1/2025 21:00,MYX:FCPO1!,4205,4290,4187,4279,26534,4487
31/1/2025 10:00,MYX:FCPO1!,4300,4320,4251,4289,25737,4539
3/2/2025 21:00,MYX:FCPO1!,4372,4390,4270,4308,31739,4576
4/2/2025 21:00,MYX:FCPO1!,4297,4372,4287,4334,32931,4366
5/2/2025 21:00,MYX:FCPO1!,4326,4424,4316,4403,32974,4413
6/2/2025 21:00,MYX:FCPO1!,4403,4543,4395,4504,37464,4375
10/2/2025 10:00,MYX:FCPO1!,4514,4617,4487,4593,36531,4245
12/2/2025 21:00,MYX:FCPO1!,4627,4663,4542,4554,34548,4259
13/2/2025 21:00,MYX:FCPO1!,4546,4632,4532,4592,38629,4312
17/2/2025 21:00,MYX:FCPO1!,4531,4548,4487,4504,39748,4419
18/2/2025 21:00,MYX:FCPO1!,4510,4695,4501,4672,49054,4489
19/2/2025 21:00,MYX:FCPO1!,4645,4685,4613,4642,33500,4328
20/2/2025 21:00,MYX:FCPO1!,4658,4720,4652,4664,42208,4188
24/2/2025 21:00,MYX:FCPO1!,4555,4633,4525,4565,34540,4148
25/2/2025 21:00,MYX:FCPO1!,4553,4622,4545,4611,32016,4200
26/2/2025 21:00,MYX:FCPO1!,4596,4607,4477,4511,44115,4212
27/2/2025 21:00,MYX:FCPO1!,4523,4567,4487,4554,32690,4108
3/3/2025 21:00,MYX:FCPO1!,4493,4507,4332,4349,42687,4015
4/3/2025 21:00,MYX:FCPO1!,4351,4428,4327,4417,43750,4011
5/3/2025 21:00,MYX:FCPO1!,4404,4493,4370,4480,47062,3975
6/3/2025 21:00,MYX:FCPO1!,4479,4638,4462,4625,49522,3966
10/3/2025 21:00,MYX:FCPO1!,4510,4525,4431,4488,48169,4037
11/3/2025 21:00,MYX:FCPO1!,4500,4544,4454,4487,37439,4036
12/3/2025 21:00,MYX:FCPO1!,4490,4557,4486,4539,39513,4057
13/3/2025 21:00,MYX:FCPO1!,4548,4586,4500,4576,37453,3943
17/3/2025 10:00,MYX:FCPO1!,4480,4498,4359,4366,30855,3911
19/3/2025 21:00,MYX:FCPO1!,4383,4463,4363,4413,39373,3881
20/3/2025 21:00,MYX:FCPO1!,4410,4428,4365,4375,31448,3792
24/3/2025 21:00,MYX:FCPO1!,4309,4357,4232,4245,43786,3728
25/3/2025 21:00,MYX:FCPO1!,4252,4289,4230,4259,33518,3801
26/3/2025 21:00,MYX:FCPO1!,4276,4329,4261,4312,34542,3814
27/3/2025 21:00,MYX:FCPO1!,4350,4435,4340,4419,33644,3923
2/4/2025 21:00,MYX:FCPO1!,4523,4532,4447,4489,28130,3868
3/4/2025 21:00,MYX:FCPO1!,4460,4460,4324,4328,39320,3815
7/4/2025 21:00,MYX:FCPO1!,4212,4280,4171,4188,46131,3908
8/4/2025 21:00,MYX:FCPO1!,4197,4244,4085,4148,45389,3894
9/4/2025 21:00,MYX:FCPO1!,4102,4260,4096,4200,34352,3820
10/4/2025 21:00,MYX:FCPO1!,4194,4226,4163,4212,34099,3827
14/4/2025 21:00,MYX:FCPO1!,4161,4170,4072,4108,30754,3868
15/4/2025 21:00,MYX:FCPO1!,4036,4063,4000,4015,35510,3899
16/4/2025 21:00,MYX:FCPO1!,4029,4078,4005,4011,34047,3932
17/4/2025 21:00,MYX:FCPO1!,4025,4059,3968,3975,27121,3878
21/4/2025 21:00,MYX:FCPO1!,3911,3969,3863,3966,36882,3948
22/4/2025 21:00,MYX:FCPO1!,3964,4056,3935,4037,36788,3903
23/4/2025 21:00,MYX:FCPO1!,4023,4054,4005,4036,27165,3917
24/4/2025 21:00,MYX:FCPO1!,4049,4150,4032,4057,38757,3864
28/4/2025 21:00,MYX:FCPO1!,3981,3997,3928,3943,27891,3839
29/4/2025 21:00,MYX:FCPO1!,3940,3945,3882,3911,30744,3839
2/5/2025 10:00,MYX:FCPO1!,3949,3970,3829,3881,29956,3927
5/5/2025 21:00,MYX:FCPO1!,3822,3844,3772,3792,30354,4064
6/5/2025 21:00,MYX:FCPO1!,3785,3796,3717,3728,37108,4100
7/5/2025 21:00,MYX:FCPO1!,3725,3808,3696,3801,44679,4104
8/5/2025 21:00,MYX:FCPO1!,3801,3857,3745,3814,44418,4118
13/5/2025 21:00,MYX:FCPO1!,3909,3998,3894,3923,46006,3983
14/5/2025 21:00,MYX:FCPO1!,3939,3973,3843,3868,33668,3965
15/5/2025 21:00,MYX:FCPO1!,3845,3870,3793,3815,30230,4011
19/5/2025 21:00,MYX:FCPO1!,3876,3940,3861,3908,32570,3968
20/5/2025 21:00,MYX:FCPO1!,3912,3935,3875,3894,33189,4062
21/5/2025 21:00,MYX:FCPO1!,3901,3910,3802,3820,29791,4091
22/5/2025 21:00,MYX:FCPO1!,3836,3864,3813,3827,26560,4062
26/5/2025 21:00,MYX:FCPO1!,3820,3873,3797,3868,23625,4148
27/5/2025 21:00,MYX:FCPO1!,3870,3912,3851,3899,26860,4157
28/5/2025 21:00,MYX:FCPO1!,3897,3966,3882,3932,30071,4146
29/5/2025 21:00,MYX:FCPO1!,3923,3932,3848,3878,30587,4174
3/6/2025 21:00,MYX:FCPO1!,3951,3969,3907,3948,28453,4146
4/6/2025 21:00,MYX:FCPO1!,3947,3956,3889,3903,27788,4224
5/6/2025 21:00,MYX:FCPO1!,3917,3939,3884,3917,28785,4210
9/6/2025 21:00,MYX:FCPO1!,3942,3947,3861,3864,33741,4315
10/6/2025 21:00,MYX:FCPO1!,3874,3877,3810,3839,27927,4264
11/6/2025 21:00,MYX:FCPO1!,3839,3889,3820,3839,24673,4315
12/6/2025 21:00,MYX:FCPO1!,3860,3942,3846,3927,40834,4330
16/6/2025 21:00,MYX:FCPO1!,4114,4122,4056,4064,49766,4273
17/6/2025 21:00,MYX:FCPO1!,4078,4115,4065,4100,34097,4254
18/6/2025 21:00,MYX:FCPO1!,4108,4129,4085,4104,24084,4278
19/6/2025 21:00,MYX:FCPO1!,4107,4144,4081,4118,31259,4230
23/6/2025 21:00,MYX:FCPO1!,4112,4120,3964,3983,41102,4245
24/6/2025 21:00,MYX:FCPO1!,3983,4012,3954,3965,30608,4290
25/6/2025 21:00,MYX:FCPO1!,3970,4020,3958,4011,29932,4267
30/6/2025 21:00,MYX:FCPO1!,3987,3993,3947,3968,25127,4240
1/7/2025 21:00,MYX:FCPO1!,3980,4085,3963,4062,33335,4255
2/7/2025 21:00,MYX:FCPO1!,4064,4107,4055,4091,27469,4402
3/7/2025 21:00,MYX:FCPO1!,4085,4108,4056,4062,20179,4435
7/7/2025 21:00,MYX:FCPO1!,4067,4175,4058,4148,36362,4403
8/7/2025 21:00,MYX:FCPO1!,4151,4194,4140,4157,36042,4472
9/7/2025 21:00,MYX:FCPO1!,4159,4190,4130,4146,36369,4521
10/7/2025 21:00,MYX:FCPO1!,4137,4235,4125,4174,35912,4498
14/7/2025 21:00,MYX:FCPO1!,4227,4240,4129,4146,42295,4460
15/7/2025 21:00,MYX:FCPO1!,4182,4229,4163,4224,33673,4529
16/7/2025 21:00,MYX:FCPO1!,4210,4247,4191,4210,42903,4470
17/7/2025 21:00,MYX:FCPO1!,4218,4353,4200,4315,49708,4488
21/7/2025 21:00,MYX:FCPO1!,4234,4278,4219,4264,35563,4449
22/7/2025 21:00,MYX:FCPO1!,4252,4334,4235,4315,34454,4380
23/7/2025 21:00,MYX:FCPO1!,4315,4374,4292,4330,33238,4442
24/7/2025 21:00,MYX:FCPO1!,4320,4327,4235,4273,35762,4448
28/7/2025 21:00,MYX:FCPO1!,4250,4278,4195,4254,30421,4479
29/7/2025 21:00,MYX:FCPO1!,4265,4298,4260,4278,29261,4413
30/7/2025 21:00,MYX:FCPO1!,4270,4274,4222,4230,25371,4454
